2026-06-08T12:23:23: ◇ injected env (12) from .env // tip: ⌁ auth for agents [www.vestauth.com]
2026-06-08T12:23:24: ◇ injected env (0) from .env // tip: ⌁ auth for agents [www.vestauth.com]
2026-06-08T12:23:24: Generating fresh VAPID Keys for Push Notifications...
2026-06-08T12:23:24: VAPID Keys generated and saved to backend/.env
2026-06-08T12:23:25: MySQL Connected (127.0.0.1:3306)
2026-06-08T12:23:25: Using database achme
2026-06-08T12:23:25: Database initialized successfully
2026-06-08T12:23:25: ✅ lead_reminders.reminder_time exists
2026-06-08T12:23:25: ✅ lead_reminders.missed_count exists
2026-06-08T12:23:25: ✅ lead_reminders.notification_sent exists
2026-06-08T12:23:25: ✅ lead_reminders.employee_id exists
2026-06-08T12:23:25: ✅ lead_escalations.missed_count exists
2026-06-08T12:23:25: ✅ users.status exists
2026-06-08T12:23:25: ✅ users.emp_id exists
2026-06-08T12:23:25: ✅ admin_notifications.related_id exists
2026-06-08T12:23:25: ✅ admin_notifications.related_type exists
2026-06-08T12:23:25: ✅ admin_notifications.created_by exists
2026-06-08T12:23:25: ✅ admin_notifications.priority exists
2026-06-08T12:23:25: ✅ admin_notifications.is_archived exists
2026-06-08T12:23:25: ✅ notifications.user_id exists
2026-06-08T12:23:25: ✅ notifications.type exists
2026-06-08T12:23:25: ✅ notifications.is_archived exists
2026-06-08T12:23:25: ✅ task_assignments.status exists
2026-06-08T12:23:25: ✅ teammember.mobile_number exists
2026-06-08T12:23:25: ✅ teammember.emp_id exists
2026-06-08T12:23:25: ✅ teammember.user_id exists
2026-06-08T12:23:25: ✅ teammember.emp_address exists
2026-06-08T12:23:25: ✅ telecalls.created_by exists
2026-06-08T12:23:25: ✅ telecalls.email exists
2026-06-08T12:23:25: ✅ walkins.assigned_to exists
2026-06-08T12:23:25: ✅ walkins.created_by exists
2026-06-08T12:23:25: ✅ walkins.email exists
2026-06-08T12:23:25: ✅ fields.assigned_to exists
2026-06-08T12:23:25: ✅ fields.created_by exists
2026-06-08T12:23:25: ✅ fields.email exists
2026-06-08T12:23:25: ✅ quotations.lead_id exists
2026-06-08T12:23:25: ✅ quotations.lead_type exists
2026-06-08T12:23:25: ✅ contracts.contract_type exists
2026-06-08T12:23:25: ✅ contracts.quotation_id exists
2026-06-08T12:23:25: ✅ contracts.mobile_number exists
2026-06-08T12:23:25: ✅ contracts.location_city exists
2026-06-08T12:23:25: ✅ amc_alc_services.labour_charges exists
2026-06-08T12:23:25: ✅ amc_alc_services.contract_title exists
2026-06-08T12:23:25: ✅ amc_alc_services.start_time exists
2026-06-08T12:23:25: ✅ amc_alc_services.end_time exists
2026-06-08T12:23:25: ✅ amc_alc_services.km exists
2026-06-08T12:23:25: ✅ amc_alc_services.technician exists
2026-06-08T12:23:25: ✅ amc_alc_services.sales_person exists
2026-06-08T12:23:25: ✅ amc_alc_services.remarks exists
2026-06-08T12:23:25: ✅ amc_alc_services.email exists
2026-06-08T12:23:25: ✅ amc_alc_services.next_service_date exists
2026-06-08T12:23:25: ✅ amc_alc_services.service_type exists
2026-06-08T12:23:25: ✅ task_targets.user_id exists
2026-06-08T12:23:25: ✅ task_targets.created_by_admin exists
2026-06-08T12:23:25: ✅ task_achievements.achieved_amount exists
2026-06-08T12:23:25: ✅ task_updates.amount exists
2026-06-08T12:23:25: ✅ call_reports.start_time exists
2026-06-08T12:23:25: ✅ call_reports.end_time exists
2026-06-08T12:23:25: ✅ call_reports.km exists
2026-06-08T12:23:25: ✅ call_reports.remarks exists
2026-06-08T12:23:25: ✅ call_reports.technician exists
2026-06-08T12:23:25: ✅ call_reports.sales_person exists
2026-06-08T12:23:25: ✅ tasks.assigned_teammember_id exists
2026-06-08T12:23:25: ✅ task_targets.teammember_id exists
2026-06-08T12:23:25: ✅ quotations.reference_no exists
2026-06-08T12:23:25: ✅ task_targets.carry_forward exists
2026-06-08T12:23:25: ✅ task_targets.effective_target exists
2026-06-08T12:23:25: ✅ task_targets.user_id exists
2026-06-08T12:23:25: ✅ task_targets.created_by_admin exists
2026-06-08T12:23:25: ✅ task_achievements.achieved_amount exists
2026-06-08T12:23:25: ✅ clients.created_by exists
2026-06-08T12:23:25: ✅ tasks.created_by exists
2026-06-08T12:23:25: ✅ tasks.task_description exists
2026-06-08T12:23:25: ✅ tasks.assigned_to exists
2026-06-08T12:23:25: ✅ quotations.created_by exists
2026-06-08T12:23:25: ✅ contracts.created_by exists
2026-06-08T12:23:25: ✅ contracts.client_company exists
2026-06-08T12:23:25: ✅ contracts.amount_value exists
2026-06-08T12:23:25: ✅ contracts.remaining exists
2026-06-08T12:23:25: ✅ contracts.email exists
2026-06-08T12:23:25: ✅ clientinvoices.created_by exists
2026-06-08T12:23:25: ✅ performainvoices.created_by exists
2026-06-08T12:23:25: ✅ services.created_by exists
2026-06-08T12:23:25: ✅ call_reports.created_by exists
2026-06-08T12:23:25: ✅ lead_activity.employee_id exists
2026-06-08T12:23:25: ✅ lead_escalations.missed_threshold_reached exists
2026-06-08T12:23:25: ✅ lead_escalations.employee_id exists
2026-06-08T12:23:25: ✅ performainvoices.is_latest exists
2026-06-08T12:23:25: ✅ performainvoices.version exists
2026-06-08T12:23:25: ✅ performainvoices.parent_id exists
2026-06-08T12:23:25: ✅ performa_invoice_items.uom exists
2026-06-08T12:23:25: ✅ performainvoice_items.uom exists
2026-06-08T12:23:25: ✅ task_assignments.response_notes exists
2026-06-08T12:23:25: ✅ call_reports.amount_collected exists
2026-06-08T12:23:25: ✅ call_reports.payment_mode exists
2026-06-08T12:23:25: ✅ call_reports.duration_limit exists
2026-06-08T12:23:25: ✅ call_reports.actual_duration exists
2026-06-08T12:23:25: ✅ call_reports.is_exceeded exists
2026-06-08T12:23:25: ✅ call_reports.assigned_time exists
2026-06-08T12:23:25: ✅ call_reports.call_id exists
2026-06-08T12:23:25: ✅ call_reports.session_id exists
2026-06-08T12:23:25: ✅ call_reports.client_name exists
2026-06-08T12:23:25: ✅ call_reports.staff_name exists
2026-06-08T12:23:25: ✅ call_reports.executive_name exists
2026-06-08T12:23:25: ✅ call_reports.phone exists
2026-06-08T12:23:25: ✅ call_reports.location exists
2026-06-08T12:23:25: ✅ call_reports.call_sequence exists
2026-06-08T12:23:25: ✅ call_reports.report_date exists
2026-06-08T12:23:25: ✅ call_reports.complaint exists
2026-06-08T12:23:25: ✅ call_reports.priority exists
2026-06-08T12:23:25: ✅ call_reports.call_type exists
2026-06-08T12:23:25: ✅ call_reports.payment_type exists
2026-06-08T12:23:25: ✅ call_reports.invoice_value exists
2026-06-08T12:23:25: ✅ call_reports.payment_status exists
2026-06-08T12:23:25: ✅ call_reports.petrol_charges exists
2026-06-08T12:23:25: ✅ call_reports.spare_parts_price exists
2026-06-08T12:23:25: ✅ call_reports.labour_charges exists
2026-06-08T12:23:25: ✅ call_reports.total_expenses exists
2026-06-08T12:23:25: ✅ call_reports.customer_name exists
2026-06-08T12:23:25: ✅ call_reports.mobile_number exists
2026-06-08T12:23:25: ✅ call_reports.location_city exists
2026-06-08T12:23:25: ✅ call_reports.contract_title exists
2026-06-08T12:23:25: ✅ call_reports.service_type exists
2026-06-08T12:23:25: ✅ call_reports.description exists
2026-06-08T12:23:25: ✅ call_reports.service_person exists
2026-06-08T12:23:25: ✅ call_reports.contract_id exists
2026-06-08T12:23:25: ✅ call_reports.call_referrer exists
2026-06-08T12:23:25: ✅ call_reports.step2_completed exists
2026-06-08T12:23:25: ✅ call_reports.email exists
2026-06-08T12:23:25: ✅ call_reports.status exists
2026-06-08T12:23:25: ✅ call_reports.gst_number exists
2026-06-08T12:23:25: ✅ call_reports.company_name exists
2026-06-08T12:23:25: ✅ amc_alc_services.amount_collected exists
2026-06-08T12:23:25: ✅ amc_alc_services.payment_mode exists
2026-06-08T12:23:25: ✅ amc_alc_services.call_number exists
2026-06-08T12:23:25: ✅ amc_alc_services.breakpoints exists
2026-06-08T12:23:25: ✅ amc_alc_services.duration_limit exists
2026-06-08T12:23:25: ✅ clients.gst_number exists
2026-06-08T12:23:25: ✅ clients.company_name exists
2026-06-08T12:23:25: ✅ clients.service exists
2026-06-08T12:23:25: ✅ clients.alternate_phone exists
2026-06-08T12:23:25: ✅ clients.city exists
2026-06-08T12:23:25: ✅ clients.state exists
2026-06-08T12:23:25: ✅ clients.pincode exists
2026-06-08T12:23:25: ✅ clients.notes exists
2026-06-08T12:23:25: ✅ clients.client_status exists
2026-06-08T12:23:25: ✅ clients.original_lead_id exists
2026-06-08T12:23:25: ✅ clients.original_lead_type exists
2026-06-08T12:23:25: ✅ clients.converted_at exists
2026-06-08T12:23:25: ✅ clients.lead_email exists
2026-06-08T12:23:25: ✅ clients.lead_city exists
2026-06-08T12:23:25: ✅ clients.lead_reference exists
2026-06-08T12:23:25: ✅ clients.lead_purpose exists
2026-06-08T12:23:25: ✅ clients.client_status exists
2026-06-08T12:23:25: ✅ clients.lead_staff_name exists
2026-06-08T12:23:25: ✅ clients.lead_id_display exists
2026-06-08T12:23:25: ✅ clients.assigned_teammember_id exists
2026-06-08T12:23:25: ✅ clients.state exists
2026-06-08T12:23:25: ✅ clients.pincode exists
2026-06-08T12:23:25: ✅ users.emp_id exists
2026-06-08T12:23:25: ✅ quotations.reference_no exists
2026-06-08T12:23:25: ✅ quotations.from_address_id exists
2026-06-08T12:23:25: ✅ quotations.from_address_custom exists
2026-06-08T12:23:25: ✅ quotations.client_company exists
2026-06-08T12:23:25: ✅ quotations.client_address1 exists
2026-06-08T12:23:25: ✅ quotations.client_address2 exists
2026-06-08T12:23:25: ✅ quotations.client_city exists
2026-06-08T12:23:25: ✅ quotations.client_state exists
2026-06-08T12:23:25: ✅ quotations.client_pincode exists
2026-06-08T12:23:25: ✅ quotations.client_country exists
2026-06-08T12:23:25: ✅ quotations.tax_type exists
2026-06-08T12:23:25: ✅ quotations.custom_tax exists
2026-06-08T12:23:25: ✅ quotations.exec_name exists
2026-06-08T12:23:25: ✅ quotations.exec_phone exists
2026-06-08T12:23:25: ✅ quotations.exec_email exists
2026-06-08T12:23:25: ✅ quotations.terms_general exists
2026-06-08T12:23:25: ✅ quotations.terms_tax exists
2026-06-08T12:23:25: ✅ quotations.terms_project_period exists
2026-06-08T12:23:25: ✅ quotations.terms_validity exists
2026-06-08T12:23:25: ✅ quotations.terms_separate_orders exists
2026-06-08T12:23:25: ✅ quotations.terms_payment exists
2026-06-08T12:23:25: ✅ quotations.terms_payment_custom exists
2026-06-08T12:23:25: ✅ quotations.terms_warranty exists
2026-06-08T12:23:25: ✅ quotations.hsn_sac_code exists
2026-06-08T12:23:25: ✅ quotations.supplier_branch exists
2026-06-08T12:23:25: ✅ quotations.bank_details_id exists
2026-06-08T12:23:25: ✅ quotations.bank_company exists
2026-06-08T12:23:25: ✅ quotations.bank_name exists
2026-06-08T12:23:25: ✅ quotations.bank_account exists
2026-06-08T12:23:25: ✅ quotations.bank_ifsc exists
2026-06-08T12:23:25: ✅ quotations.bank_branch exists
2026-06-08T12:23:25: ✅ quotations.custom_terms exists
2026-06-08T12:23:25: ✅ quotations.is_latest exists
2026-06-08T12:23:25: ✅ quotations.parent_id exists
2026-06-08T12:23:25: ✅ quotations.version exists
2026-06-08T12:23:25: ✅ performainvoices.reference_no exists
2026-06-08T12:23:25: ✅ performainvoices.from_address_id exists
2026-06-08T12:23:25: ✅ performainvoices.from_address_custom exists
2026-06-08T12:23:25: ✅ performainvoices.client_company exists
2026-06-08T12:23:25: ✅ performainvoices.client_address1 exists
2026-06-08T12:23:25: ✅ performainvoices.client_address2 exists
2026-06-08T12:23:25: ✅ performainvoices.client_city exists
2026-06-08T12:23:25: ✅ performainvoices.client_state exists
2026-06-08T12:23:25: ✅ performainvoices.client_pincode exists
2026-06-08T12:23:25: ✅ performainvoices.client_country exists
2026-06-08T12:23:25: ✅ performainvoices.tax_type exists
2026-06-08T12:23:25: ✅ performainvoices.custom_tax exists
2026-06-08T12:23:25: ✅ performainvoices.exec_name exists
2026-06-08T12:23:25: ✅ performainvoices.exec_phone exists
2026-06-08T12:23:25: ✅ performainvoices.exec_email exists
2026-06-08T12:23:25: ✅ performainvoices.terms_general exists
2026-06-08T12:23:25: ✅ performainvoices.terms_tax exists
2026-06-08T12:23:25: ✅ performainvoices.terms_project_period exists
2026-06-08T12:23:25: ✅ performainvoices.terms_validity exists
2026-06-08T12:23:25: ✅ performainvoices.terms_separate_orders exists
2026-06-08T12:23:25: ✅ performainvoices.terms_payment exists
2026-06-08T12:23:25: ✅ performainvoices.terms_payment_custom exists
2026-06-08T12:23:25: ✅ performainvoices.terms_warranty exists
2026-06-08T12:23:25: ✅ performainvoices.hsn_sac_code exists
2026-06-08T12:23:25: ✅ performainvoices.supplier_branch exists
2026-06-08T12:23:25: ✅ performainvoices.bank_details_id exists
2026-06-08T12:23:25: ✅ performainvoices.bank_company exists
2026-06-08T12:23:25: ✅ performainvoices.bank_name exists
2026-06-08T12:23:25: ✅ performainvoices.bank_account exists
2026-06-08T12:23:25: ✅ performainvoices.bank_ifsc exists
2026-06-08T12:23:25: ✅ performainvoices.bank_branch exists
2026-06-08T12:23:25: ✅ performainvoices.custom_terms exists
2026-06-08T12:23:25: ✅ services.reference_no exists
2026-06-08T12:23:25: ✅ services.from_address_id exists
2026-06-08T12:23:25: ✅ services.from_address_custom exists
2026-06-08T12:23:25: ✅ services.client_company exists
2026-06-08T12:23:25: ✅ services.client_address1 exists
2026-06-08T12:23:25: ✅ services.client_address2 exists
2026-06-08T12:23:25: ✅ services.client_city exists
2026-06-08T12:23:25: ✅ services.client_state exists
2026-06-08T12:23:25: ✅ services.client_pincode exists
2026-06-08T12:23:25: ✅ services.client_country exists
2026-06-08T12:23:25: ✅ services.tax_type exists
2026-06-08T12:23:25: ✅ services.custom_tax exists
2026-06-08T12:23:25: ✅ services.exec_name exists
2026-06-08T12:23:25: ✅ services.exec_phone exists
2026-06-08T12:23:25: ✅ services.exec_email exists
2026-06-08T12:23:25: ✅ services.terms_general exists
2026-06-08T12:23:25: ✅ services.terms_tax exists
2026-06-08T12:23:25: ✅ services.terms_project_period exists
2026-06-08T12:23:25: ✅ services.terms_validity exists
2026-06-08T12:23:25: ✅ services.terms_separate_orders exists
2026-06-08T12:23:25: ✅ services.terms_payment exists
2026-06-08T12:23:25: ✅ services.terms_payment_custom exists
2026-06-08T12:23:25: ✅ services.terms_warranty exists
2026-06-08T12:23:25: ✅ services.hsn_sac_code exists
2026-06-08T12:23:25: ✅ services.supplier_branch exists
2026-06-08T12:23:25: ✅ services.bank_details_id exists
2026-06-08T12:23:26: ✅ services.bank_company exists
2026-06-08T12:23:26: ✅ services.bank_name exists
2026-06-08T12:23:26: ✅ services.bank_account exists
2026-06-08T12:23:26: ✅ services.bank_ifsc exists
2026-06-08T12:23:26: ✅ services.bank_branch exists
2026-06-08T12:23:26: ✅ services.custom_terms exists
2026-06-08T12:23:26: ✅ estimatenew.client_company exists
2026-06-08T12:23:26: ✅ estimatenew.client_address exists
2026-06-08T12:23:26: ✅ estimatenew.client_city exists
2026-06-08T12:23:26: ✅ estimatenew.client_state exists
2026-06-08T12:23:26: ✅ estimatenew.client_gst exists
2026-06-08T12:23:26: ✅ estimatenew.client_phone exists
2026-06-08T12:23:26: ✅ estimatenew.subtotal exists
2026-06-08T12:23:26: ✅ estimatenew.total_tax exists
2026-06-08T12:23:26: ✅ estimatenew.total_discount exists
2026-06-08T12:23:26: ✅ estimatenew.grand_total exists
2026-06-08T12:23:26: ✅ estimateclient.subtotal exists
2026-06-08T12:23:26: ✅ estimateclient.total_tax exists
2026-06-08T12:23:26: ✅ estimateclient.total_discount exists
2026-06-08T12:23:26: ✅ estimateclient.grand_total exists
2026-06-08T12:23:26: ✅ quotation_items.uom exists
2026-06-08T12:23:26: ✅ quotation_items.hsn_sac exists
2026-06-08T12:23:26: ✅ quotation_items.brand_model exists
2026-06-08T12:23:26: ✅ customers.gst_number exists
2026-06-08T12:23:26: ✅ customers.created_by exists
2026-06-08T12:23:26: ✅ users.last_name exists
2026-06-08T12:23:26: ✅ user_email_configs.smtp_secure exists
2026-06-08T12:23:26: ✅ user_email_configs.from_email_address exists
2026-06-08T12:23:26: ✅ user_email_configs.sender_name exists
2026-06-08T12:23:26: ✅ user_email_configs.provider exists
2026-06-08T12:23:26: ✅ user_email_configs.is_enabled exists
2026-06-08T12:23:26: ✅ users.two_factor_enabled exists
2026-06-08T12:23:26: ✅ Create table pi_from_addresses
2026-06-08T12:23:26: ✅ Create table email_otp
2026-06-08T12:23:26: ✅ Create table payments
2026-06-08T12:23:26: ✅ Create table clientinvoices
2026-06-08T12:23:26: ✅ Create table messages
2026-06-08T12:23:26: ✅ Create table service_items
2026-06-08T12:23:26: ✅ Create table service_estimations
2026-06-08T12:23:26: ✅ Create table service_estimation_items
2026-06-08T12:23:26: ✅ Create table estimate_invoices
2026-06-08T12:23:26: ✅ Create table estimate_invoice_items
2026-06-08T12:23:26: ✅ Create table estimate_items
2026-06-08T12:23:26: ✅ Create table performainvoice_items
2026-06-08T12:23:26: ✅ Create table performainvoices
2026-06-08T12:23:26: ✅ Create table services
2026-06-08T12:23:26: ✅ Create table customers
2026-06-08T12:23:26: ✅ Create table quotations
2026-06-08T12:23:26: ✅ Create table quotation_items
2026-06-08T12:23:26: ✅ Create table lead_reminders
2026-06-08T12:23:26: ✅ Create table lead_activity
2026-06-08T12:23:26: ✅ Create table lead_escalations
2026-06-08T12:23:26: ✅ Create table admin_notifications
2026-06-08T12:23:26: ✅ Create table profile_change_requests
2026-06-08T12:23:26: ✅ Create table amc_alc_services
2026-06-08T12:23:26: ✅ Create table service_activity
2026-06-08T12:23:26: ✅ Create table task_targets
2026-06-08T12:23:26: ✅ Create table task_achievements
2026-06-08T12:23:26: ✅ Create table task_updates
2026-06-08T12:23:26: ✅ Create table call_reports
2026-06-08T12:23:26: ✅ Create table task_activity
2026-06-08T12:23:26: ✅ Create table notifications
2026-06-08T12:23:26: ✅ Create table task_assignments
2026-06-08T12:23:26: ✅ Create table clients
2026-06-08T12:23:26: ✅ Create table user_email_configs
2026-06-08T12:23:26: ✅ lead_reminders.reminder_time exists
2026-06-08T12:23:26: ✅ lead_reminders.missed_count exists
2026-06-08T12:23:26: ✅ lead_reminders.notification_sent exists
2026-06-08T12:23:26: ✅ lead_reminders.employee_id exists
2026-06-08T12:23:26: ✅ lead_escalations.missed_count exists
2026-06-08T12:23:26: ✅ users.status exists
2026-06-08T12:23:26: ✅ users.emp_id exists
2026-06-08T12:23:26: ✅ admin_notifications.related_id exists
2026-06-08T12:23:26: ✅ admin_notifications.related_type exists
2026-06-08T12:23:26: ✅ admin_notifications.created_by exists
2026-06-08T12:23:26: ✅ admin_notifications.priority exists
2026-06-08T12:23:26: ✅ admin_notifications.is_archived exists
2026-06-08T12:23:26: ✅ notifications.user_id exists
2026-06-08T12:23:26: ✅ notifications.type exists
2026-06-08T12:23:26: ✅ notifications.is_archived exists
2026-06-08T12:23:26: ✅ task_assignments.status exists
2026-06-08T12:23:26: ✅ teammember.mobile_number exists
2026-06-08T12:23:26: ✅ teammember.emp_id exists
2026-06-08T12:23:26: ✅ teammember.user_id exists
2026-06-08T12:23:26: ✅ teammember.emp_address exists
2026-06-08T12:23:26: ✅ telecalls.created_by exists
2026-06-08T12:23:26: ✅ telecalls.email exists
2026-06-08T12:23:26: ✅ walkins.assigned_to exists
2026-06-08T12:23:26: ✅ walkins.created_by exists
2026-06-08T12:23:26: ✅ walkins.email exists
2026-06-08T12:23:26: ✅ fields.assigned_to exists
2026-06-08T12:23:26: ✅ fields.created_by exists
2026-06-08T12:23:26: ✅ fields.email exists
2026-06-08T12:23:26: ✅ quotations.lead_id exists
2026-06-08T12:23:26: ✅ quotations.lead_type exists
2026-06-08T12:23:26: ✅ contracts.contract_type exists
2026-06-08T12:23:26: ✅ contracts.quotation_id exists
2026-06-08T12:23:26: ✅ contracts.mobile_number exists
2026-06-08T12:23:26: ✅ contracts.location_city exists
2026-06-08T12:23:26: ✅ amc_alc_services.labour_charges exists
2026-06-08T12:23:26: ✅ amc_alc_services.contract_title exists
2026-06-08T12:23:26: ✅ amc_alc_services.start_time exists
2026-06-08T12:23:26: ✅ amc_alc_services.end_time exists
2026-06-08T12:23:26: ✅ amc_alc_services.km exists
2026-06-08T12:23:26: ✅ amc_alc_services.technician exists
2026-06-08T12:23:26: ✅ amc_alc_services.sales_person exists
2026-06-08T12:23:26: ✅ amc_alc_services.remarks exists
2026-06-08T12:23:26: ✅ amc_alc_services.email exists
2026-06-08T12:23:26: ✅ amc_alc_services.next_service_date exists
2026-06-08T12:23:26: ✅ amc_alc_services.service_type exists
2026-06-08T12:23:26: ✅ task_targets.user_id exists
2026-06-08T12:23:26: ✅ task_targets.created_by_admin exists
2026-06-08T12:23:26: ✅ task_achievements.achieved_amount exists
2026-06-08T12:23:26: ✅ task_updates.amount exists
2026-06-08T12:23:26: ✅ call_reports.start_time exists
2026-06-08T12:23:26: ✅ call_reports.end_time exists
2026-06-08T12:23:26: ✅ call_reports.km exists
2026-06-08T12:23:26: ✅ call_reports.remarks exists
2026-06-08T12:23:26: ✅ call_reports.technician exists
2026-06-08T12:23:26: ✅ call_reports.sales_person exists
2026-06-08T12:23:26: ✅ tasks.assigned_teammember_id exists
2026-06-08T12:23:26: ✅ task_targets.teammember_id exists
2026-06-08T12:23:26: ✅ quotations.reference_no exists
2026-06-08T12:23:26: ✅ task_targets.carry_forward exists
2026-06-08T12:23:26: ✅ task_targets.effective_target exists
2026-06-08T12:23:26: ✅ task_targets.user_id exists
2026-06-08T12:23:26: ✅ task_targets.created_by_admin exists
2026-06-08T12:23:26: ✅ task_achievements.achieved_amount exists
2026-06-08T12:23:26: ✅ clients.created_by exists
2026-06-08T12:23:26: ✅ tasks.created_by exists
2026-06-08T12:23:26: ✅ tasks.task_description exists
2026-06-08T12:23:26: ✅ tasks.assigned_to exists
2026-06-08T12:23:26: ✅ quotations.created_by exists
2026-06-08T12:23:26: ✅ contracts.created_by exists
2026-06-08T12:23:26: ✅ contracts.client_company exists
2026-06-08T12:23:26: ✅ contracts.amount_value exists
2026-06-08T12:23:26: ✅ contracts.remaining exists
2026-06-08T12:23:26: ✅ contracts.email exists
2026-06-08T12:23:26: ✅ clientinvoices.created_by exists
2026-06-08T12:23:26: ✅ performainvoices.created_by exists
2026-06-08T12:23:26: ✅ services.created_by exists
2026-06-08T12:23:26: ✅ call_reports.created_by exists
2026-06-08T12:23:26: ✅ lead_activity.employee_id exists
2026-06-08T12:23:26: ✅ lead_escalations.missed_threshold_reached exists
2026-06-08T12:23:26: ✅ lead_escalations.employee_id exists
2026-06-08T12:23:26: ✅ performainvoices.is_latest exists
2026-06-08T12:23:26: ✅ performainvoices.version exists
2026-06-08T12:23:26: ✅ performainvoices.parent_id exists
2026-06-08T12:23:26: ✅ performa_invoice_items.uom exists
2026-06-08T12:23:26: ✅ performainvoice_items.uom exists
2026-06-08T12:23:26: ✅ task_assignments.response_notes exists
2026-06-08T12:23:26: ✅ call_reports.amount_collected exists
2026-06-08T12:23:26: ✅ call_reports.payment_mode exists
2026-06-08T12:23:26: ✅ call_reports.duration_limit exists
2026-06-08T12:23:26: ✅ call_reports.actual_duration exists
2026-06-08T12:23:26: ✅ call_reports.is_exceeded exists
2026-06-08T12:23:26: ✅ call_reports.assigned_time exists
2026-06-08T12:23:26: ✅ call_reports.call_id exists
2026-06-08T12:23:26: ✅ call_reports.session_id exists
2026-06-08T12:23:26: ✅ call_reports.client_name exists
2026-06-08T12:23:26: ✅ call_reports.staff_name exists
2026-06-08T12:23:26: ✅ call_reports.executive_name exists
2026-06-08T12:23:26: ✅ call_reports.phone exists
2026-06-08T12:23:26: ✅ call_reports.location exists
2026-06-08T12:23:26: ✅ call_reports.call_sequence exists
2026-06-08T12:23:26: ✅ call_reports.report_date exists
2026-06-08T12:23:26: ✅ call_reports.complaint exists
2026-06-08T12:23:26: ✅ call_reports.priority exists
2026-06-08T12:23:26: ✅ call_reports.call_type exists
2026-06-08T12:23:26: ✅ call_reports.payment_type exists
2026-06-08T12:23:26: ✅ call_reports.invoice_value exists
2026-06-08T12:23:26: ✅ call_reports.payment_status exists
2026-06-08T12:23:26: ✅ call_reports.petrol_charges exists
2026-06-08T12:23:26: ✅ call_reports.spare_parts_price exists
2026-06-08T12:23:26: ✅ call_reports.labour_charges exists
2026-06-08T12:23:26: ✅ call_reports.total_expenses exists
2026-06-08T12:23:26: ✅ call_reports.customer_name exists
2026-06-08T12:23:26: ✅ call_reports.mobile_number exists
2026-06-08T12:23:26: ✅ call_reports.location_city exists
2026-06-08T12:23:26: ✅ call_reports.contract_title exists
2026-06-08T12:23:26: ✅ call_reports.service_type exists
2026-06-08T12:23:26: ✅ call_reports.description exists
2026-06-08T12:23:26: ✅ call_reports.service_person exists
2026-06-08T12:23:26: ✅ call_reports.contract_id exists
2026-06-08T12:23:26: ✅ call_reports.call_referrer exists
2026-06-08T12:23:26: ✅ call_reports.step2_completed exists
2026-06-08T12:23:26: ✅ call_reports.email exists
2026-06-08T12:23:26: ✅ call_reports.status exists
2026-06-08T12:23:26: ✅ call_reports.gst_number exists
2026-06-08T12:23:26: ✅ call_reports.company_name exists
2026-06-08T12:23:26: ✅ amc_alc_services.amount_collected exists
2026-06-08T12:23:26: ✅ amc_alc_services.payment_mode exists
2026-06-08T12:23:26: ✅ amc_alc_services.call_number exists
2026-06-08T12:23:26: ✅ amc_alc_services.breakpoints exists
2026-06-08T12:23:26: ✅ amc_alc_services.duration_limit exists
2026-06-08T12:23:26: ✅ clients.gst_number exists
2026-06-08T12:23:26: ✅ clients.company_name exists
2026-06-08T12:23:26: ✅ clients.service exists
2026-06-08T12:23:26: ✅ clients.alternate_phone exists
2026-06-08T12:23:26: ✅ clients.city exists
2026-06-08T12:23:26: ✅ clients.state exists
2026-06-08T12:23:26: ✅ clients.pincode exists
2026-06-08T12:23:26: ✅ clients.notes exists
2026-06-08T12:23:26: ✅ clients.client_status exists
2026-06-08T12:23:26: ✅ clients.original_lead_id exists
2026-06-08T12:23:26: ✅ clients.original_lead_type exists
2026-06-08T12:23:26: ✅ clients.converted_at exists
2026-06-08T12:23:26: ✅ clients.lead_email exists
2026-06-08T12:23:26: ✅ clients.lead_city exists
2026-06-08T12:23:26: ✅ clients.lead_reference exists
2026-06-08T12:23:26: ✅ clients.lead_purpose exists
2026-06-08T12:23:26: ✅ clients.client_status exists
2026-06-08T12:23:26: ✅ clients.lead_staff_name exists
2026-06-08T12:23:26: ✅ clients.lead_id_display exists
2026-06-08T12:23:26: ✅ clients.assigned_teammember_id exists
2026-06-08T12:23:26: ✅ clients.state exists
2026-06-08T12:23:26: ✅ clients.pincode exists
2026-06-08T12:23:26: ✅ users.emp_id exists
2026-06-08T12:23:26: ✅ quotations.reference_no exists
2026-06-08T12:23:26: ✅ quotations.from_address_id exists
2026-06-08T12:23:26: ✅ quotations.from_address_custom exists
2026-06-08T12:23:26: ✅ quotations.client_company exists
2026-06-08T12:23:26: ✅ quotations.client_address1 exists
2026-06-08T12:23:26: ✅ quotations.client_address2 exists
2026-06-08T12:23:26: ✅ quotations.client_city exists
2026-06-08T12:23:26: ✅ quotations.client_state exists
2026-06-08T12:23:26: ✅ quotations.client_pincode exists
2026-06-08T12:23:26: ✅ quotations.client_country exists
2026-06-08T12:23:26: ✅ quotations.tax_type exists
2026-06-08T12:23:26: ✅ quotations.custom_tax exists
2026-06-08T12:23:26: ✅ quotations.exec_name exists
2026-06-08T12:23:26: ✅ quotations.exec_phone exists
2026-06-08T12:23:26: ✅ quotations.exec_email exists
2026-06-08T12:23:26: ✅ quotations.terms_general exists
2026-06-08T12:23:26: ✅ quotations.terms_tax exists
2026-06-08T12:23:26: ✅ quotations.terms_project_period exists
2026-06-08T12:23:26: ✅ quotations.terms_validity exists
2026-06-08T12:23:26: ✅ quotations.terms_separate_orders exists
2026-06-08T12:23:26: ✅ quotations.terms_payment exists
2026-06-08T12:23:26: ✅ quotations.terms_payment_custom exists
2026-06-08T12:23:26: ✅ quotations.terms_warranty exists
2026-06-08T12:23:26: ✅ quotations.hsn_sac_code exists
2026-06-08T12:23:26: ✅ quotations.supplier_branch exists
2026-06-08T12:23:26: ✅ quotations.bank_details_id exists
2026-06-08T12:23:26: ✅ quotations.bank_company exists
2026-06-08T12:23:26: ✅ quotations.bank_name exists
2026-06-08T12:23:26: ✅ quotations.bank_account exists
2026-06-08T12:23:26: ✅ quotations.bank_ifsc exists
2026-06-08T12:23:26: ✅ quotations.bank_branch exists
2026-06-08T12:23:26: ✅ quotations.custom_terms exists
2026-06-08T12:23:26: ✅ quotations.is_latest exists
2026-06-08T12:23:26: ✅ quotations.parent_id exists
2026-06-08T12:23:26: ✅ quotations.version exists
2026-06-08T12:23:26: ✅ performainvoices.reference_no exists
2026-06-08T12:23:26: ✅ performainvoices.from_address_id exists
2026-06-08T12:23:26: ✅ performainvoices.from_address_custom exists
2026-06-08T12:23:26: ✅ performainvoices.client_company exists
2026-06-08T12:23:26: ✅ performainvoices.client_address1 exists
2026-06-08T12:23:26: ✅ performainvoices.client_address2 exists
2026-06-08T12:23:26: ✅ performainvoices.client_city exists
2026-06-08T12:23:26: ✅ performainvoices.client_state exists
2026-06-08T12:23:26: ✅ performainvoices.client_pincode exists
2026-06-08T12:23:26: ✅ performainvoices.client_country exists
2026-06-08T12:23:26: ✅ performainvoices.tax_type exists
2026-06-08T12:23:26: ✅ performainvoices.custom_tax exists
2026-06-08T12:23:26: ✅ performainvoices.exec_name exists
2026-06-08T12:23:26: ✅ performainvoices.exec_phone exists
2026-06-08T12:23:26: ✅ performainvoices.exec_email exists
2026-06-08T12:23:26: ✅ performainvoices.terms_general exists
2026-06-08T12:23:26: ✅ performainvoices.terms_tax exists
2026-06-08T12:23:26: ✅ performainvoices.terms_project_period exists
2026-06-08T12:23:26: OTP email transporter is ready
2026-06-08T12:23:26: ✅ performainvoices.terms_validity exists
2026-06-08T12:23:26: ✅ performainvoices.terms_separate_orders exists
2026-06-08T12:23:26: ✅ performainvoices.terms_payment exists
2026-06-08T12:23:26: ✅ performainvoices.terms_payment_custom exists
2026-06-08T12:23:26: ✅ performainvoices.terms_warranty exists
2026-06-08T12:23:26: ✅ performainvoices.hsn_sac_code exists
2026-06-08T12:23:26: ✅ performainvoices.supplier_branch exists
2026-06-08T12:23:26: ✅ performainvoices.bank_details_id exists
2026-06-08T12:23:26: ✅ performainvoices.bank_company exists
2026-06-08T12:23:26: ✅ performainvoices.bank_name exists
2026-06-08T12:23:26: ✅ performainvoices.bank_account exists
2026-06-08T12:23:26: ✅ performainvoices.bank_ifsc exists
2026-06-08T12:23:26: ✅ performainvoices.bank_branch exists
2026-06-08T12:23:26: ✅ performainvoices.custom_terms exists
2026-06-08T12:23:26: ✅ services.reference_no exists
2026-06-08T12:23:26: ✅ services.from_address_id exists
2026-06-08T12:23:26: ✅ services.from_address_custom exists
2026-06-08T12:23:26: ✅ services.client_company exists
2026-06-08T12:23:26: ✅ services.client_address1 exists
2026-06-08T12:23:26: ✅ services.client_address2 exists
2026-06-08T12:23:26: ✅ services.client_city exists
2026-06-08T12:23:26: ✅ services.client_state exists
2026-06-08T12:23:26: ✅ services.client_pincode exists
2026-06-08T12:23:26: ✅ services.client_country exists
2026-06-08T12:23:26: ✅ services.tax_type exists
2026-06-08T12:23:26: ✅ services.custom_tax exists
2026-06-08T12:23:26: ✅ services.exec_name exists
2026-06-08T12:23:26: ✅ services.exec_phone exists
2026-06-08T12:23:26: ✅ services.exec_email exists
2026-06-08T12:23:26: ✅ services.terms_general exists
2026-06-08T12:23:26: ✅ services.terms_tax exists
2026-06-08T12:23:26: ✅ services.terms_project_period exists
2026-06-08T12:23:26: ✅ services.terms_validity exists
2026-06-08T12:23:26: ✅ services.terms_separate_orders exists
2026-06-08T12:23:26: ✅ services.terms_payment exists
2026-06-08T12:23:26: ✅ services.terms_payment_custom exists
2026-06-08T12:23:26: ✅ services.terms_warranty exists
2026-06-08T12:23:26: ✅ services.hsn_sac_code exists
2026-06-08T12:23:26: ✅ services.supplier_branch exists
2026-06-08T12:23:26: ✅ services.bank_details_id exists
2026-06-08T12:23:26: ✅ services.bank_company exists
2026-06-08T12:23:26: ✅ services.bank_name exists
2026-06-08T12:23:26: ✅ services.bank_account exists
2026-06-08T12:23:26: ✅ services.bank_ifsc exists
2026-06-08T12:23:26: ✅ services.bank_branch exists
2026-06-08T12:23:26: ✅ services.custom_terms exists
2026-06-08T12:23:26: ✅ estimatenew.client_company exists
2026-06-08T12:23:26: ✅ estimatenew.client_address exists
2026-06-08T12:23:26: ✅ estimatenew.client_city exists
2026-06-08T12:23:26: ✅ estimatenew.client_state exists
2026-06-08T12:23:26: ✅ estimatenew.client_gst exists
2026-06-08T12:23:26: ✅ estimatenew.client_phone exists
2026-06-08T12:23:26: ✅ estimatenew.subtotal exists
2026-06-08T12:23:26: ✅ estimatenew.total_tax exists
2026-06-08T12:23:26: ✅ estimatenew.total_discount exists
2026-06-08T12:23:26: ✅ estimatenew.grand_total exists
2026-06-08T12:23:26: ✅ estimateclient.subtotal exists
2026-06-08T12:23:26: ✅ estimateclient.total_tax exists
2026-06-08T12:23:26: ✅ estimateclient.total_discount exists
2026-06-08T12:23:26: ✅ estimateclient.grand_total exists
2026-06-08T12:23:26: ✅ quotation_items.uom exists
2026-06-08T12:23:26: ✅ quotation_items.hsn_sac exists
2026-06-08T12:23:26: ✅ quotation_items.brand_model exists
2026-06-08T12:23:26: ✅ customers.gst_number exists
2026-06-08T12:23:26: ✅ customers.created_by exists
2026-06-08T12:23:26: ✅ users.last_name exists
2026-06-08T12:23:26: ✅ user_email_configs.smtp_secure exists
2026-06-08T12:23:26: ✅ user_email_configs.from_email_address exists
2026-06-08T12:23:26: ✅ user_email_configs.sender_name exists
2026-06-08T12:23:26: ✅ user_email_configs.provider exists
2026-06-08T12:23:26: ✅ user_email_configs.is_enabled exists
2026-06-08T12:23:26: ✅ users.two_factor_enabled exists
2026-06-08T12:23:26: Users role column updated
2026-06-08T12:23:26: Teammember emp_role updated
2026-06-08T12:23:27: Default employees seeded successfully.
2026-06-08T12:23:27: [Scheduler] Reminder escalation scheduler started (every 15 min)
2026-06-08T12:23:27: [Scheduler] End-of-day task scheduler started (daily at 6 PM)
2026-06-08T12:23:27: ✅ Server running: http://0.0.0.0:5000 [production]
2026-06-08T12:23:37: [Scheduler] Running initial task check...
2026-06-08T12:23:37: [Scheduler] End-of-day task check complete. Evaluated 1 incomplete tasks.
2026-06-08T12:23:37: [Scheduler] End-of-day summary notification dispatched: 1 incomplete tasks
2026-06-08T12:23:37: [Web Push] No active admin push subscriptions found.
2026-06-08T12:23:44: User 708 joined notifications channel
2026-06-08T12:23:44: Admin joined notifications channel
2026-06-08T12:23:44: User 708 joined notifications channel
2026-06-08T12:23:44: Admin joined notifications channel
2026-06-08T12:23:45: Client disconnected from notifications
2026-06-08T12:23:46: Client disconnected from notifications
2026-06-08T12:23:48: Client disconnected from notifications
2026-06-08T12:25:06: User 708 joined notifications channel
2026-06-08T12:25:06: Admin joined notifications channel
2026-06-08T12:25:14: Client disconnected from notifications
2026-06-08T12:28:12: Client disconnected from notifications
2026-06-08T12:28:12: User 708 joined notifications channel
2026-06-08T12:28:12: Admin joined notifications channel
2026-06-08T15:55:38: ◇ injected env (12) from .env // tip: ◈ encrypted .env [www.dotenvx.com]
2026-06-08T15:55:38: ◇ injected env (0) from .env // tip: ⌘ enable debugging { debug: true }
2026-06-08T15:55:38: Generating fresh VAPID Keys for Push Notifications...
2026-06-08T15:55:38: VAPID Keys generated and saved to backend/.env
2026-06-08T15:55:38: MySQL Connected (127.0.0.1:3306)
2026-06-08T15:55:38: Using database achme
2026-06-08T15:55:39: Database initialized successfully
2026-06-08T15:55:39: ✅ lead_reminders.reminder_time exists
2026-06-08T15:55:39: ✅ lead_reminders.missed_count exists
2026-06-08T15:55:39: ✅ lead_reminders.notification_sent exists
2026-06-08T15:55:39: ✅ lead_reminders.employee_id exists
2026-06-08T15:55:39: ✅ lead_escalations.missed_count exists
2026-06-08T15:55:39: ✅ users.status exists
2026-06-08T15:55:39: ✅ users.emp_id exists
2026-06-08T15:55:39: ✅ admin_notifications.related_id exists
2026-06-08T15:55:39: ✅ admin_notifications.related_type exists
2026-06-08T15:55:39: ✅ admin_notifications.created_by exists
2026-06-08T15:55:39: ✅ admin_notifications.priority exists
2026-06-08T15:55:39: ✅ admin_notifications.is_archived exists
2026-06-08T15:55:39: ✅ notifications.user_id exists
2026-06-08T15:55:39: ✅ notifications.type exists
2026-06-08T15:55:39: ✅ notifications.is_archived exists
2026-06-08T15:55:39: ✅ task_assignments.status exists
2026-06-08T15:55:39: ✅ teammember.mobile_number exists
2026-06-08T15:55:39: ✅ teammember.emp_id exists
2026-06-08T15:55:39: ✅ teammember.user_id exists
2026-06-08T15:55:39: ✅ teammember.emp_address exists
2026-06-08T15:55:39: ✅ telecalls.created_by exists
2026-06-08T15:55:39: ✅ telecalls.email exists
2026-06-08T15:55:39: ✅ walkins.assigned_to exists
2026-06-08T15:55:39: ✅ walkins.created_by exists
2026-06-08T15:55:39: ✅ walkins.email exists
2026-06-08T15:55:39: ✅ fields.assigned_to exists
2026-06-08T15:55:39: ✅ fields.created_by exists
2026-06-08T15:55:39: ✅ fields.email exists
2026-06-08T15:55:39: ✅ quotations.lead_id exists
2026-06-08T15:55:39: ✅ quotations.lead_type exists
2026-06-08T15:55:39: ✅ contracts.contract_type exists
2026-06-08T15:55:39: ✅ contracts.quotation_id exists
2026-06-08T15:55:39: ✅ contracts.mobile_number exists
2026-06-08T15:55:39: ✅ contracts.location_city exists
2026-06-08T15:55:39: ✅ amc_alc_services.labour_charges exists
2026-06-08T15:55:39: ✅ amc_alc_services.contract_title exists
2026-06-08T15:55:39: ✅ amc_alc_services.start_time exists
2026-06-08T15:55:39: ✅ amc_alc_services.end_time exists
2026-06-08T15:55:39: ✅ amc_alc_services.km exists
2026-06-08T15:55:39: ✅ amc_alc_services.technician exists
2026-06-08T15:55:39: ✅ amc_alc_services.sales_person exists
2026-06-08T15:55:39: ✅ amc_alc_services.remarks exists
2026-06-08T15:55:39: ✅ amc_alc_services.email exists
2026-06-08T15:55:39: ✅ amc_alc_services.next_service_date exists
2026-06-08T15:55:39: ✅ amc_alc_services.service_type exists
2026-06-08T15:55:39: ✅ task_targets.user_id exists
2026-06-08T15:55:39: ✅ task_targets.created_by_admin exists
2026-06-08T15:55:39: ✅ task_achievements.achieved_amount exists
2026-06-08T15:55:39: ✅ task_updates.amount exists
2026-06-08T15:55:39: ✅ call_reports.start_time exists
2026-06-08T15:55:39: ✅ call_reports.end_time exists
2026-06-08T15:55:39: ✅ call_reports.km exists
2026-06-08T15:55:39: ✅ call_reports.remarks exists
2026-06-08T15:55:39: ✅ call_reports.technician exists
2026-06-08T15:55:39: ✅ call_reports.sales_person exists
2026-06-08T15:55:39: ✅ tasks.assigned_teammember_id exists
2026-06-08T15:55:39: ✅ task_targets.teammember_id exists
2026-06-08T15:55:39: ✅ quotations.reference_no exists
2026-06-08T15:55:39: ✅ task_targets.carry_forward exists
2026-06-08T15:55:39: ✅ task_targets.effective_target exists
2026-06-08T15:55:39: ✅ task_targets.user_id exists
2026-06-08T15:55:39: ✅ task_targets.created_by_admin exists
2026-06-08T15:55:39: ✅ task_achievements.achieved_amount exists
2026-06-08T15:55:39: ✅ clients.created_by exists
2026-06-08T15:55:39: ✅ tasks.created_by exists
2026-06-08T15:55:39: ✅ tasks.task_description exists
2026-06-08T15:55:39: ✅ tasks.assigned_to exists
2026-06-08T15:55:39: ✅ quotations.created_by exists
2026-06-08T15:55:39: ✅ contracts.created_by exists
2026-06-08T15:55:39: ✅ contracts.client_company exists
2026-06-08T15:55:39: ✅ contracts.amount_value exists
2026-06-08T15:55:39: ✅ contracts.remaining exists
2026-06-08T15:55:39: ✅ contracts.email exists
2026-06-08T15:55:39: ✅ clientinvoices.created_by exists
2026-06-08T15:55:39: ✅ performainvoices.created_by exists
2026-06-08T15:55:39: ✅ services.created_by exists
2026-06-08T15:55:39: ✅ call_reports.created_by exists
2026-06-08T15:55:39: ✅ lead_activity.employee_id exists
2026-06-08T15:55:39: ✅ lead_escalations.missed_threshold_reached exists
2026-06-08T15:55:39: ✅ lead_escalations.employee_id exists
2026-06-08T15:55:39: ✅ performainvoices.is_latest exists
2026-06-08T15:55:39: ✅ performainvoices.version exists
2026-06-08T15:55:39: ✅ performainvoices.parent_id exists
2026-06-08T15:55:39: ✅ performa_invoice_items.uom exists
2026-06-08T15:55:39: ✅ performainvoice_items.uom exists
2026-06-08T15:55:39: ✅ task_assignments.response_notes exists
2026-06-08T15:55:39: ✅ call_reports.amount_collected exists
2026-06-08T15:55:39: ✅ call_reports.payment_mode exists
2026-06-08T15:55:39: ✅ call_reports.duration_limit exists
2026-06-08T15:55:39: ✅ call_reports.actual_duration exists
2026-06-08T15:55:39: ✅ call_reports.is_exceeded exists
2026-06-08T15:55:39: ✅ call_reports.assigned_time exists
2026-06-08T15:55:39: ✅ call_reports.call_id exists
2026-06-08T15:55:39: ✅ call_reports.session_id exists
2026-06-08T15:55:39: ✅ call_reports.client_name exists
2026-06-08T15:55:39: ✅ call_reports.staff_name exists
2026-06-08T15:55:39: ✅ call_reports.executive_name exists
2026-06-08T15:55:39: ✅ call_reports.phone exists
2026-06-08T15:55:39: ✅ call_reports.location exists
2026-06-08T15:55:39: ✅ call_reports.call_sequence exists
2026-06-08T15:55:39: ✅ call_reports.report_date exists
2026-06-08T15:55:39: ✅ call_reports.complaint exists
2026-06-08T15:55:39: ✅ call_reports.priority exists
2026-06-08T15:55:39: ✅ call_reports.call_type exists
2026-06-08T15:55:39: ✅ call_reports.payment_type exists
2026-06-08T15:55:39: ✅ call_reports.invoice_value exists
2026-06-08T15:55:39: ✅ call_reports.payment_status exists
2026-06-08T15:55:39: ✅ call_reports.petrol_charges exists
2026-06-08T15:55:39: ✅ call_reports.spare_parts_price exists
2026-06-08T15:55:39: ✅ call_reports.labour_charges exists
2026-06-08T15:55:39: ✅ call_reports.total_expenses exists
2026-06-08T15:55:39: ✅ call_reports.customer_name exists
2026-06-08T15:55:39: ✅ call_reports.mobile_number exists
2026-06-08T15:55:39: ✅ call_reports.location_city exists
2026-06-08T15:55:39: ✅ call_reports.contract_title exists
2026-06-08T15:55:39: ✅ call_reports.service_type exists
2026-06-08T15:55:39: ✅ call_reports.description exists
2026-06-08T15:55:39: ✅ call_reports.service_person exists
2026-06-08T15:55:39: ✅ call_reports.contract_id exists
2026-06-08T15:55:39: ✅ call_reports.call_referrer exists
2026-06-08T15:55:39: ✅ call_reports.step2_completed exists
2026-06-08T15:55:39: ✅ call_reports.email exists
2026-06-08T15:55:39: ✅ call_reports.status exists
2026-06-08T15:55:39: ✅ call_reports.gst_number exists
2026-06-08T15:55:39: ✅ call_reports.company_name exists
2026-06-08T15:55:39: ✅ amc_alc_services.amount_collected exists
2026-06-08T15:55:39: ✅ amc_alc_services.payment_mode exists
2026-06-08T15:55:39: ✅ amc_alc_services.call_number exists
2026-06-08T15:55:39: ✅ amc_alc_services.breakpoints exists
2026-06-08T15:55:39: ✅ amc_alc_services.duration_limit exists
2026-06-08T15:55:39: ✅ clients.gst_number exists
2026-06-08T15:55:39: ✅ clients.company_name exists
2026-06-08T15:55:39: ✅ clients.service exists
2026-06-08T15:55:39: ✅ clients.alternate_phone exists
2026-06-08T15:55:39: ✅ clients.city exists
2026-06-08T15:55:39: ✅ clients.state exists
2026-06-08T15:55:39: ✅ clients.pincode exists
2026-06-08T15:55:39: ✅ clients.notes exists
2026-06-08T15:55:39: ✅ clients.client_status exists
2026-06-08T15:55:39: ✅ clients.original_lead_id exists
2026-06-08T15:55:39: ✅ clients.original_lead_type exists
2026-06-08T15:55:39: ✅ clients.converted_at exists
2026-06-08T15:55:39: ✅ clients.lead_email exists
2026-06-08T15:55:39: ✅ clients.lead_city exists
2026-06-08T15:55:39: ✅ clients.lead_reference exists
2026-06-08T15:55:39: ✅ clients.lead_purpose exists
2026-06-08T15:55:39: ✅ clients.client_status exists
2026-06-08T15:55:39: ✅ clients.lead_staff_name exists
2026-06-08T15:55:39: ✅ clients.lead_id_display exists
2026-06-08T15:55:39: ✅ clients.assigned_teammember_id exists
2026-06-08T15:55:39: ✅ clients.state exists
2026-06-08T15:55:39: ✅ clients.pincode exists
2026-06-08T15:55:39: ✅ users.emp_id exists
2026-06-08T15:55:39: ✅ quotations.reference_no exists
2026-06-08T15:55:39: ✅ quotations.from_address_id exists
2026-06-08T15:55:39: ✅ quotations.from_address_custom exists
2026-06-08T15:55:39: ✅ quotations.client_company exists
2026-06-08T15:55:39: ✅ quotations.client_address1 exists
2026-06-08T15:55:39: ✅ quotations.client_address2 exists
2026-06-08T15:55:39: ✅ quotations.client_city exists
2026-06-08T15:55:39: ✅ quotations.client_state exists
2026-06-08T15:55:39: ✅ quotations.client_pincode exists
2026-06-08T15:55:39: ✅ quotations.client_country exists
2026-06-08T15:55:39: ✅ quotations.tax_type exists
2026-06-08T15:55:39: ✅ quotations.custom_tax exists
2026-06-08T15:55:39: ✅ quotations.exec_name exists
2026-06-08T15:55:39: ✅ quotations.exec_phone exists
2026-06-08T15:55:39: ✅ quotations.exec_email exists
2026-06-08T15:55:39: ✅ quotations.terms_general exists
2026-06-08T15:55:39: ✅ quotations.terms_tax exists
2026-06-08T15:55:39: ✅ quotations.terms_project_period exists
2026-06-08T15:55:39: ✅ quotations.terms_validity exists
2026-06-08T15:55:39: ✅ quotations.terms_separate_orders exists
2026-06-08T15:55:39: ✅ quotations.terms_payment exists
2026-06-08T15:55:39: ✅ quotations.terms_payment_custom exists
2026-06-08T15:55:39: ✅ quotations.terms_warranty exists
2026-06-08T15:55:39: ✅ quotations.hsn_sac_code exists
2026-06-08T15:55:39: ✅ quotations.supplier_branch exists
2026-06-08T15:55:39: ✅ quotations.bank_details_id exists
2026-06-08T15:55:39: ✅ quotations.bank_company exists
2026-06-08T15:55:39: ✅ quotations.bank_name exists
2026-06-08T15:55:39: ✅ quotations.bank_account exists
2026-06-08T15:55:39: ✅ quotations.bank_ifsc exists
2026-06-08T15:55:39: ✅ quotations.bank_branch exists
2026-06-08T15:55:39: ✅ quotations.custom_terms exists
2026-06-08T15:55:39: ✅ quotations.is_latest exists
2026-06-08T15:55:39: ✅ quotations.parent_id exists
2026-06-08T15:55:39: ✅ quotations.version exists
2026-06-08T15:55:39: ✅ performainvoices.reference_no exists
2026-06-08T15:55:39: ✅ performainvoices.from_address_id exists
2026-06-08T15:55:39: ✅ performainvoices.from_address_custom exists
2026-06-08T15:55:39: ✅ performainvoices.client_company exists
2026-06-08T15:55:39: ✅ performainvoices.client_address1 exists
2026-06-08T15:55:39: ✅ performainvoices.client_address2 exists
2026-06-08T15:55:39: ✅ performainvoices.client_city exists
2026-06-08T15:55:39: ✅ performainvoices.client_state exists
2026-06-08T15:55:39: ✅ performainvoices.client_pincode exists
2026-06-08T15:55:39: ✅ performainvoices.client_country exists
2026-06-08T15:55:39: ✅ performainvoices.tax_type exists
2026-06-08T15:55:39: ✅ performainvoices.custom_tax exists
2026-06-08T15:55:39: ✅ performainvoices.exec_name exists
2026-06-08T15:55:39: ✅ performainvoices.exec_phone exists
2026-06-08T15:55:39: ✅ performainvoices.exec_email exists
2026-06-08T15:55:39: ✅ performainvoices.terms_general exists
2026-06-08T15:55:39: ✅ performainvoices.terms_tax exists
2026-06-08T15:55:39: ✅ performainvoices.terms_project_period exists
2026-06-08T15:55:39: ✅ performainvoices.terms_validity exists
2026-06-08T15:55:39: ✅ performainvoices.terms_separate_orders exists
2026-06-08T15:55:39: ✅ performainvoices.terms_payment exists
2026-06-08T15:55:39: ✅ performainvoices.terms_payment_custom exists
2026-06-08T15:55:39: ✅ performainvoices.terms_warranty exists
2026-06-08T15:55:39: ✅ performainvoices.hsn_sac_code exists
2026-06-08T15:55:39: ✅ performainvoices.supplier_branch exists
2026-06-08T15:55:39: ✅ performainvoices.bank_details_id exists
2026-06-08T15:55:39: ✅ performainvoices.bank_company exists
2026-06-08T15:55:39: ✅ performainvoices.bank_name exists
2026-06-08T15:55:39: ✅ performainvoices.bank_account exists
2026-06-08T15:55:39: ✅ performainvoices.bank_ifsc exists
2026-06-08T15:55:39: ✅ performainvoices.bank_branch exists
2026-06-08T15:55:39: ✅ performainvoices.custom_terms exists
2026-06-08T15:55:39: ✅ services.reference_no exists
2026-06-08T15:55:39: ✅ services.from_address_id exists
2026-06-08T15:55:39: ✅ services.from_address_custom exists
2026-06-08T15:55:39: ✅ services.client_company exists
2026-06-08T15:55:39: ✅ services.client_address1 exists
2026-06-08T15:55:39: ✅ services.client_address2 exists
2026-06-08T15:55:39: ✅ services.client_city exists
2026-06-08T15:55:39: ✅ services.client_state exists
2026-06-08T15:55:39: ✅ services.client_pincode exists
2026-06-08T15:55:39: ✅ services.client_country exists
2026-06-08T15:55:39: ✅ services.tax_type exists
2026-06-08T15:55:39: ✅ services.custom_tax exists
2026-06-08T15:55:39: ✅ services.exec_name exists
2026-06-08T15:55:39: ✅ services.exec_phone exists
2026-06-08T15:55:39: ✅ services.exec_email exists
2026-06-08T15:55:39: ✅ services.terms_general exists
2026-06-08T15:55:39: ✅ services.terms_tax exists
2026-06-08T15:55:39: ✅ services.terms_project_period exists
2026-06-08T15:55:39: ✅ services.terms_validity exists
2026-06-08T15:55:39: ✅ services.terms_separate_orders exists
2026-06-08T15:55:39: ✅ services.terms_payment exists
2026-06-08T15:55:39: ✅ services.terms_payment_custom exists
2026-06-08T15:55:39: ✅ services.terms_warranty exists
2026-06-08T15:55:39: ✅ services.hsn_sac_code exists
2026-06-08T15:55:39: ✅ services.supplier_branch exists
2026-06-08T15:55:39: ✅ services.bank_details_id exists
2026-06-08T15:55:39: ✅ services.bank_company exists
2026-06-08T15:55:39: ✅ services.bank_name exists
2026-06-08T15:55:39: ✅ services.bank_account exists
2026-06-08T15:55:39: ✅ services.bank_ifsc exists
2026-06-08T15:55:39: ✅ services.bank_branch exists
2026-06-08T15:55:39: ✅ services.custom_terms exists
2026-06-08T15:55:39: ✅ estimatenew.client_company exists
2026-06-08T15:55:39: ✅ estimatenew.client_address exists
2026-06-08T15:55:39: ✅ estimatenew.client_city exists
2026-06-08T15:55:39: ✅ estimatenew.client_state exists
2026-06-08T15:55:39: ✅ estimatenew.client_gst exists
2026-06-08T15:55:39: ✅ estimatenew.client_phone exists
2026-06-08T15:55:39: ✅ estimatenew.subtotal exists
2026-06-08T15:55:39: ✅ estimatenew.total_tax exists
2026-06-08T15:55:39: ✅ estimatenew.total_discount exists
2026-06-08T15:55:39: ✅ estimatenew.grand_total exists
2026-06-08T15:55:39: ✅ estimateclient.subtotal exists
2026-06-08T15:55:39: ✅ estimateclient.total_tax exists
2026-06-08T15:55:39: ✅ estimateclient.total_discount exists
2026-06-08T15:55:39: ✅ estimateclient.grand_total exists
2026-06-08T15:55:39: ✅ quotation_items.uom exists
2026-06-08T15:55:39: ✅ quotation_items.hsn_sac exists
2026-06-08T15:55:39: ✅ quotation_items.brand_model exists
2026-06-08T15:55:39: ✅ customers.gst_number exists
2026-06-08T15:55:39: ✅ customers.created_by exists
2026-06-08T15:55:39: ✅ users.last_name exists
2026-06-08T15:55:39: ✅ user_email_configs.smtp_secure exists
2026-06-08T15:55:39: ✅ user_email_configs.from_email_address exists
2026-06-08T15:55:39: ✅ user_email_configs.sender_name exists
2026-06-08T15:55:39: ✅ user_email_configs.provider exists
2026-06-08T15:55:39: ✅ user_email_configs.is_enabled exists
2026-06-08T15:55:39: ✅ users.two_factor_enabled exists
2026-06-08T15:55:39: ✅ quotations.gst_mode exists
2026-06-08T15:55:39: ✅ performainvoices.gst_mode exists
2026-06-08T15:55:39: ✅ estimate_invoices.gst_mode exists
2026-06-08T15:55:39: ✅ service_estimations.gst_mode exists
2026-06-08T15:55:39: ✅ services.gst_mode exists
2026-06-08T15:55:39: ✅ estimatenew.gst_mode exists
2026-06-08T15:55:39: ✅ Create table pi_from_addresses
2026-06-08T15:55:39: ✅ Create table email_otp
2026-06-08T15:55:39: ✅ Create table payments
2026-06-08T15:55:39: ✅ Create table clientinvoices
2026-06-08T15:55:39: ✅ Create table messages
2026-06-08T15:55:39: ✅ Create table service_items
2026-06-08T15:55:39: ✅ Create table service_estimations
2026-06-08T15:55:39: ✅ Create table service_estimation_items
2026-06-08T15:55:39: ✅ Create table estimate_invoices
2026-06-08T15:55:39: ✅ Create table estimate_invoice_items
2026-06-08T15:55:39: ✅ Create table estimate_items
2026-06-08T15:55:39: ✅ Create table performainvoice_items
2026-06-08T15:55:39: ✅ Create table performainvoices
2026-06-08T15:55:39: ✅ Create table services
2026-06-08T15:55:39: ✅ Create table customers
2026-06-08T15:55:39: ✅ Create table quotations
2026-06-08T15:55:39: ✅ Create table quotation_items
2026-06-08T15:55:39: ✅ Create table lead_reminders
2026-06-08T15:55:39: ✅ Create table lead_activity
2026-06-08T15:55:39: ✅ Create table lead_escalations
2026-06-08T15:55:39: ✅ Create table admin_notifications
2026-06-08T15:55:39: ✅ Create table profile_change_requests
2026-06-08T15:55:39: ✅ Create table amc_alc_services
2026-06-08T15:55:39: ✅ Create table service_activity
2026-06-08T15:55:39: ✅ Create table task_targets
2026-06-08T15:55:39: ✅ Create table task_achievements
2026-06-08T15:55:39: ✅ Create table task_updates
2026-06-08T15:55:39: ✅ Create table call_reports
2026-06-08T15:55:39: ✅ Create table task_activity
2026-06-08T15:55:39: ✅ Create table notifications
2026-06-08T15:55:39: ✅ Create table task_assignments
2026-06-08T15:55:39: ✅ Create table clients
2026-06-08T15:55:39: ✅ Create table user_email_configs
2026-06-08T15:55:39: ✅ lead_reminders.reminder_time exists
2026-06-08T15:55:39: ✅ lead_reminders.missed_count exists
2026-06-08T15:55:39: ✅ lead_reminders.notification_sent exists
2026-06-08T15:55:39: ✅ lead_reminders.employee_id exists
2026-06-08T15:55:39: ✅ lead_escalations.missed_count exists
2026-06-08T15:55:39: ✅ users.status exists
2026-06-08T15:55:39: ✅ users.emp_id exists
2026-06-08T15:55:39: ✅ admin_notifications.related_id exists
2026-06-08T15:55:39: ✅ admin_notifications.related_type exists
2026-06-08T15:55:39: ✅ admin_notifications.created_by exists
2026-06-08T15:55:39: ✅ admin_notifications.priority exists
2026-06-08T15:55:39: ✅ admin_notifications.is_archived exists
2026-06-08T15:55:39: ✅ notifications.user_id exists
2026-06-08T15:55:39: ✅ notifications.type exists
2026-06-08T15:55:39: ✅ notifications.is_archived exists
2026-06-08T15:55:39: ✅ task_assignments.status exists
2026-06-08T15:55:39: ✅ teammember.mobile_number exists
2026-06-08T15:55:39: ✅ teammember.emp_id exists
2026-06-08T15:55:39: ✅ teammember.user_id exists
2026-06-08T15:55:39: ✅ teammember.emp_address exists
2026-06-08T15:55:39: ✅ telecalls.created_by exists
2026-06-08T15:55:39: ✅ telecalls.email exists
2026-06-08T15:55:39: ✅ walkins.assigned_to exists
2026-06-08T15:55:39: ✅ walkins.created_by exists
2026-06-08T15:55:39: ✅ walkins.email exists
2026-06-08T15:55:39: ✅ fields.assigned_to exists
2026-06-08T15:55:39: ✅ fields.created_by exists
2026-06-08T15:55:39: ✅ fields.email exists
2026-06-08T15:55:39: ✅ quotations.lead_id exists
2026-06-08T15:55:39: ✅ quotations.lead_type exists
2026-06-08T15:55:39: ✅ contracts.contract_type exists
2026-06-08T15:55:39: ✅ contracts.quotation_id exists
2026-06-08T15:55:39: ✅ contracts.mobile_number exists
2026-06-08T15:55:39: ✅ contracts.location_city exists
2026-06-08T15:55:39: ✅ amc_alc_services.labour_charges exists
2026-06-08T15:55:39: ✅ amc_alc_services.contract_title exists
2026-06-08T15:55:39: ✅ amc_alc_services.start_time exists
2026-06-08T15:55:39: ✅ amc_alc_services.end_time exists
2026-06-08T15:55:39: ✅ amc_alc_services.km exists
2026-06-08T15:55:39: ✅ amc_alc_services.technician exists
2026-06-08T15:55:39: ✅ amc_alc_services.sales_person exists
2026-06-08T15:55:39: ✅ amc_alc_services.remarks exists
2026-06-08T15:55:39: ✅ amc_alc_services.email exists
2026-06-08T15:55:39: ✅ amc_alc_services.next_service_date exists
2026-06-08T15:55:39: ✅ amc_alc_services.service_type exists
2026-06-08T15:55:39: ✅ task_targets.user_id exists
2026-06-08T15:55:39: ✅ task_targets.created_by_admin exists
2026-06-08T15:55:39: ✅ task_achievements.achieved_amount exists
2026-06-08T15:55:39: ✅ task_updates.amount exists
2026-06-08T15:55:39: ✅ call_reports.start_time exists
2026-06-08T15:55:39: ✅ call_reports.end_time exists
2026-06-08T15:55:39: ✅ call_reports.km exists
2026-06-08T15:55:39: ✅ call_reports.remarks exists
2026-06-08T15:55:39: ✅ call_reports.technician exists
2026-06-08T15:55:39: ✅ call_reports.sales_person exists
2026-06-08T15:55:39: ✅ tasks.assigned_teammember_id exists
2026-06-08T15:55:39: ✅ task_targets.teammember_id exists
2026-06-08T15:55:39: ✅ quotations.reference_no exists
2026-06-08T15:55:39: ✅ task_targets.carry_forward exists
2026-06-08T15:55:39: ✅ task_targets.effective_target exists
2026-06-08T15:55:39: ✅ task_targets.user_id exists
2026-06-08T15:55:39: ✅ task_targets.created_by_admin exists
2026-06-08T15:55:40: ✅ task_achievements.achieved_amount exists
2026-06-08T15:55:40: ✅ clients.created_by exists
2026-06-08T15:55:40: ✅ tasks.created_by exists
2026-06-08T15:55:40: ✅ tasks.task_description exists
2026-06-08T15:55:40: ✅ tasks.assigned_to exists
2026-06-08T15:55:40: ✅ quotations.created_by exists
2026-06-08T15:55:40: ✅ contracts.created_by exists
2026-06-08T15:55:40: ✅ contracts.client_company exists
2026-06-08T15:55:40: ✅ contracts.amount_value exists
2026-06-08T15:55:40: ✅ contracts.remaining exists
2026-06-08T15:55:40: ✅ contracts.email exists
2026-06-08T15:55:40: ✅ clientinvoices.created_by exists
2026-06-08T15:55:40: ✅ performainvoices.created_by exists
2026-06-08T15:55:40: ✅ services.created_by exists
2026-06-08T15:55:40: ✅ call_reports.created_by exists
2026-06-08T15:55:40: ✅ lead_activity.employee_id exists
2026-06-08T15:55:40: ✅ lead_escalations.missed_threshold_reached exists
2026-06-08T15:55:40: ✅ lead_escalations.employee_id exists
2026-06-08T15:55:40: ✅ performainvoices.is_latest exists
2026-06-08T15:55:40: ✅ performainvoices.version exists
2026-06-08T15:55:40: ✅ performainvoices.parent_id exists
2026-06-08T15:55:40: ✅ performa_invoice_items.uom exists
2026-06-08T15:55:40: ✅ performainvoice_items.uom exists
2026-06-08T15:55:40: ✅ task_assignments.response_notes exists
2026-06-08T15:55:40: ✅ call_reports.amount_collected exists
2026-06-08T15:55:40: ✅ call_reports.payment_mode exists
2026-06-08T15:55:40: ✅ call_reports.duration_limit exists
2026-06-08T15:55:40: ✅ call_reports.actual_duration exists
2026-06-08T15:55:40: ✅ call_reports.is_exceeded exists
2026-06-08T15:55:40: ✅ call_reports.assigned_time exists
2026-06-08T15:55:40: ✅ call_reports.call_id exists
2026-06-08T15:55:40: ✅ call_reports.session_id exists
2026-06-08T15:55:40: ✅ call_reports.client_name exists
2026-06-08T15:55:40: ✅ call_reports.staff_name exists
2026-06-08T15:55:40: ✅ call_reports.executive_name exists
2026-06-08T15:55:40: ✅ call_reports.phone exists
2026-06-08T15:55:40: ✅ call_reports.location exists
2026-06-08T15:55:40: ✅ call_reports.call_sequence exists
2026-06-08T15:55:40: ✅ call_reports.report_date exists
2026-06-08T15:55:40: ✅ call_reports.complaint exists
2026-06-08T15:55:40: ✅ call_reports.priority exists
2026-06-08T15:55:40: ✅ call_reports.call_type exists
2026-06-08T15:55:40: ✅ call_reports.payment_type exists
2026-06-08T15:55:40: ✅ call_reports.invoice_value exists
2026-06-08T15:55:40: ✅ call_reports.payment_status exists
2026-06-08T15:55:40: ✅ call_reports.petrol_charges exists
2026-06-08T15:55:40: ✅ call_reports.spare_parts_price exists
2026-06-08T15:55:40: ✅ call_reports.labour_charges exists
2026-06-08T15:55:40: ✅ call_reports.total_expenses exists
2026-06-08T15:55:40: ✅ call_reports.customer_name exists
2026-06-08T15:55:40: ✅ call_reports.mobile_number exists
2026-06-08T15:55:40: ✅ call_reports.location_city exists
2026-06-08T15:55:40: ✅ call_reports.contract_title exists
2026-06-08T15:55:40: ✅ call_reports.service_type exists
2026-06-08T15:55:40: ✅ call_reports.description exists
2026-06-08T15:55:40: ✅ call_reports.service_person exists
2026-06-08T15:55:40: ✅ call_reports.contract_id exists
2026-06-08T15:55:40: ✅ call_reports.call_referrer exists
2026-06-08T15:55:40: ✅ call_reports.step2_completed exists
2026-06-08T15:55:40: ✅ call_reports.email exists
2026-06-08T15:55:40: ✅ call_reports.status exists
2026-06-08T15:55:40: ✅ call_reports.gst_number exists
2026-06-08T15:55:40: ✅ call_reports.company_name exists
2026-06-08T15:55:40: ✅ amc_alc_services.amount_collected exists
2026-06-08T15:55:40: ✅ amc_alc_services.payment_mode exists
2026-06-08T15:55:40: ✅ amc_alc_services.call_number exists
2026-06-08T15:55:40: ✅ amc_alc_services.breakpoints exists
2026-06-08T15:55:40: ✅ amc_alc_services.duration_limit exists
2026-06-08T15:55:40: ✅ clients.gst_number exists
2026-06-08T15:55:40: ✅ clients.company_name exists
2026-06-08T15:55:40: ✅ clients.service exists
2026-06-08T15:55:40: ✅ clients.alternate_phone exists
2026-06-08T15:55:40: ✅ clients.city exists
2026-06-08T15:55:40: ✅ clients.state exists
2026-06-08T15:55:40: ✅ clients.pincode exists
2026-06-08T15:55:40: ✅ clients.notes exists
2026-06-08T15:55:40: ✅ clients.client_status exists
2026-06-08T15:55:40: ✅ clients.original_lead_id exists
2026-06-08T15:55:40: ✅ clients.original_lead_type exists
2026-06-08T15:55:40: ✅ clients.converted_at exists
2026-06-08T15:55:40: ✅ clients.lead_email exists
2026-06-08T15:55:40: ✅ clients.lead_city exists
2026-06-08T15:55:40: ✅ clients.lead_reference exists
2026-06-08T15:55:40: ✅ clients.lead_purpose exists
2026-06-08T15:55:40: ✅ clients.client_status exists
2026-06-08T15:55:40: ✅ clients.lead_staff_name exists
2026-06-08T15:55:40: ✅ clients.lead_id_display exists
2026-06-08T15:55:40: ✅ clients.assigned_teammember_id exists
2026-06-08T15:55:40: ✅ clients.state exists
2026-06-08T15:55:40: ✅ clients.pincode exists
2026-06-08T15:55:40: ✅ users.emp_id exists
2026-06-08T15:55:40: ✅ quotations.reference_no exists
2026-06-08T15:55:40: ✅ quotations.from_address_id exists
2026-06-08T15:55:40: ✅ quotations.from_address_custom exists
2026-06-08T15:55:40: ✅ quotations.client_company exists
2026-06-08T15:55:40: ✅ quotations.client_address1 exists
2026-06-08T15:55:40: ✅ quotations.client_address2 exists
2026-06-08T15:55:40: ✅ quotations.client_city exists
2026-06-08T15:55:40: ✅ quotations.client_state exists
2026-06-08T15:55:40: ✅ quotations.client_pincode exists
2026-06-08T15:55:40: ✅ quotations.client_country exists
2026-06-08T15:55:40: ✅ quotations.tax_type exists
2026-06-08T15:55:40: ✅ quotations.custom_tax exists
2026-06-08T15:55:40: ✅ quotations.exec_name exists
2026-06-08T15:55:40: ✅ quotations.exec_phone exists
2026-06-08T15:55:40: ✅ quotations.exec_email exists
2026-06-08T15:55:40: ✅ quotations.terms_general exists
2026-06-08T15:55:40: ✅ quotations.terms_tax exists
2026-06-08T15:55:40: ✅ quotations.terms_project_period exists
2026-06-08T15:55:40: ✅ quotations.terms_validity exists
2026-06-08T15:55:40: ✅ quotations.terms_separate_orders exists
2026-06-08T15:55:40: ✅ quotations.terms_payment exists
2026-06-08T15:55:40: ✅ quotations.terms_payment_custom exists
2026-06-08T15:55:40: ✅ quotations.terms_warranty exists
2026-06-08T15:55:40: ✅ quotations.hsn_sac_code exists
2026-06-08T15:55:40: ✅ quotations.supplier_branch exists
2026-06-08T15:55:40: ✅ quotations.bank_details_id exists
2026-06-08T15:55:40: ✅ quotations.bank_company exists
2026-06-08T15:55:40: ✅ quotations.bank_name exists
2026-06-08T15:55:40: ✅ quotations.bank_account exists
2026-06-08T15:55:40: ✅ quotations.bank_ifsc exists
2026-06-08T15:55:40: ✅ quotations.bank_branch exists
2026-06-08T15:55:40: ✅ quotations.custom_terms exists
2026-06-08T15:55:40: ✅ quotations.is_latest exists
2026-06-08T15:55:40: ✅ quotations.parent_id exists
2026-06-08T15:55:40: ✅ quotations.version exists
2026-06-08T15:55:40: ✅ performainvoices.reference_no exists
2026-06-08T15:55:40: ✅ performainvoices.from_address_id exists
2026-06-08T15:55:40: ✅ performainvoices.from_address_custom exists
2026-06-08T15:55:40: ✅ performainvoices.client_company exists
2026-06-08T15:55:40: ✅ performainvoices.client_address1 exists
2026-06-08T15:55:40: ✅ performainvoices.client_address2 exists
2026-06-08T15:55:40: ✅ performainvoices.client_city exists
2026-06-08T15:55:40: ✅ performainvoices.client_state exists
2026-06-08T15:55:40: ✅ performainvoices.client_pincode exists
2026-06-08T15:55:40: ✅ performainvoices.client_country exists
2026-06-08T15:55:40: ✅ performainvoices.tax_type exists
2026-06-08T15:55:40: ✅ performainvoices.custom_tax exists
2026-06-08T15:55:40: ✅ performainvoices.exec_name exists
2026-06-08T15:55:40: ✅ performainvoices.exec_phone exists
2026-06-08T15:55:40: ✅ performainvoices.exec_email exists
2026-06-08T15:55:40: ✅ performainvoices.terms_general exists
2026-06-08T15:55:40: ✅ performainvoices.terms_tax exists
2026-06-08T15:55:40: ✅ performainvoices.terms_project_period exists
2026-06-08T15:55:40: ✅ performainvoices.terms_validity exists
2026-06-08T15:55:40: ✅ performainvoices.terms_separate_orders exists
2026-06-08T15:55:40: ✅ performainvoices.terms_payment exists
2026-06-08T15:55:40: ✅ performainvoices.terms_payment_custom exists
2026-06-08T15:55:40: ✅ performainvoices.terms_warranty exists
2026-06-08T15:55:40: ✅ performainvoices.hsn_sac_code exists
2026-06-08T15:55:40: ✅ performainvoices.supplier_branch exists
2026-06-08T15:55:40: ✅ performainvoices.bank_details_id exists
2026-06-08T15:55:40: ✅ performainvoices.bank_company exists
2026-06-08T15:55:40: ✅ performainvoices.bank_name exists
2026-06-08T15:55:40: ✅ performainvoices.bank_account exists
2026-06-08T15:55:40: ✅ performainvoices.bank_ifsc exists
2026-06-08T15:55:40: ✅ performainvoices.bank_branch exists
2026-06-08T15:55:40: ✅ performainvoices.custom_terms exists
2026-06-08T15:55:40: ✅ services.reference_no exists
2026-06-08T15:55:40: ✅ services.from_address_id exists
2026-06-08T15:55:40: ✅ services.from_address_custom exists
2026-06-08T15:55:40: ✅ services.client_company exists
2026-06-08T15:55:40: ✅ services.client_address1 exists
2026-06-08T15:55:40: ✅ services.client_address2 exists
2026-06-08T15:55:40: ✅ services.client_city exists
2026-06-08T15:55:40: ✅ services.client_state exists
2026-06-08T15:55:40: ✅ services.client_pincode exists
2026-06-08T15:55:40: ✅ services.client_country exists
2026-06-08T15:55:40: ✅ services.tax_type exists
2026-06-08T15:55:40: ✅ services.custom_tax exists
2026-06-08T15:55:40: ✅ services.exec_name exists
2026-06-08T15:55:40: ✅ services.exec_phone exists
2026-06-08T15:55:40: ✅ services.exec_email exists
2026-06-08T15:55:40: ✅ services.terms_general exists
2026-06-08T15:55:40: ✅ services.terms_tax exists
2026-06-08T15:55:40: ✅ services.terms_project_period exists
2026-06-08T15:55:40: ✅ services.terms_validity exists
2026-06-08T15:55:40: ✅ services.terms_separate_orders exists
2026-06-08T15:55:40: ✅ services.terms_payment exists
2026-06-08T15:55:40: ✅ services.terms_payment_custom exists
2026-06-08T15:55:40: ✅ services.terms_warranty exists
2026-06-08T15:55:40: ✅ services.hsn_sac_code exists
2026-06-08T15:55:40: ✅ services.supplier_branch exists
2026-06-08T15:55:40: ✅ services.bank_details_id exists
2026-06-08T15:55:40: ✅ services.bank_company exists
2026-06-08T15:55:40: ✅ services.bank_name exists
2026-06-08T15:55:40: ✅ services.bank_account exists
2026-06-08T15:55:40: ✅ services.bank_ifsc exists
2026-06-08T15:55:40: ✅ services.bank_branch exists
2026-06-08T15:55:40: ✅ services.custom_terms exists
2026-06-08T15:55:40: ✅ estimatenew.client_company exists
2026-06-08T15:55:40: ✅ estimatenew.client_address exists
2026-06-08T15:55:40: ✅ estimatenew.client_city exists
2026-06-08T15:55:40: ✅ estimatenew.client_state exists
2026-06-08T15:55:40: ✅ estimatenew.client_gst exists
2026-06-08T15:55:40: ✅ estimatenew.client_phone exists
2026-06-08T15:55:40: ✅ estimatenew.subtotal exists
2026-06-08T15:55:40: ✅ estimatenew.total_tax exists
2026-06-08T15:55:40: ✅ estimatenew.total_discount exists
2026-06-08T15:55:40: ✅ estimatenew.grand_total exists
2026-06-08T15:55:40: ✅ estimateclient.subtotal exists
2026-06-08T15:55:40: ✅ estimateclient.total_tax exists
2026-06-08T15:55:40: ✅ estimateclient.total_discount exists
2026-06-08T15:55:40: ✅ estimateclient.grand_total exists
2026-06-08T15:55:40: ✅ quotation_items.uom exists
2026-06-08T15:55:40: ✅ quotation_items.hsn_sac exists
2026-06-08T15:55:40: ✅ quotation_items.brand_model exists
2026-06-08T15:55:40: ✅ customers.gst_number exists
2026-06-08T15:55:40: ✅ customers.created_by exists
2026-06-08T15:55:40: ✅ users.last_name exists
2026-06-08T15:55:40: ✅ user_email_configs.smtp_secure exists
2026-06-08T15:55:40: ✅ user_email_configs.from_email_address exists
2026-06-08T15:55:40: ✅ user_email_configs.sender_name exists
2026-06-08T15:55:40: ✅ user_email_configs.provider exists
2026-06-08T15:55:40: ✅ user_email_configs.is_enabled exists
2026-06-08T15:55:40: ✅ users.two_factor_enabled exists
2026-06-08T15:55:40: ✅ quotations.gst_mode exists
2026-06-08T15:55:40: ✅ performainvoices.gst_mode exists
2026-06-08T15:55:40: ✅ estimate_invoices.gst_mode exists
2026-06-08T15:55:40: ✅ service_estimations.gst_mode exists
2026-06-08T15:55:40: ✅ services.gst_mode exists
2026-06-08T15:55:40: ✅ estimatenew.gst_mode exists
2026-06-08T15:55:40: Users role column updated
2026-06-08T15:55:40: Teammember emp_role updated
2026-06-08T15:55:40: OTP email transporter is ready
2026-06-08T15:55:41: Default employees seeded successfully.
2026-06-08T15:55:41: [Scheduler] Reminder escalation scheduler started (every 15 min)
2026-06-08T15:55:41: [Scheduler] End-of-day task scheduler started (daily at 6 PM)
2026-06-08T15:55:41: ✅ Server running: http://0.0.0.0:5000 [production]
2026-06-08T15:55:51: [Scheduler] Running initial task check...
2026-06-08T15:55:51: [Scheduler] End-of-day task check complete. Evaluated 1 incomplete tasks.
2026-06-08T15:55:51: [Scheduler] Daily summary notification already dispatched for today
2026-06-08T15:55:59: User 708 joined notifications channel
2026-06-08T15:55:59: Admin joined notifications channel
2026-06-08T15:56:00: User 708 joined notifications channel
2026-06-08T15:56:00: Admin joined notifications channel
2026-06-08T16:06:17: Client disconnected from notifications
2026-06-08T16:06:18: Client disconnected from notifications
2026-06-08T16:06:20: User 708 joined notifications channel
2026-06-08T16:06:20: Admin joined notifications channel
2026-06-08T16:07:05: Client disconnected from notifications
2026-06-08T16:07:05: Client disconnected from notifications
2026-06-08T16:13:07: Client disconnected from notifications
2026-06-08T16:13:08: User 708 joined notifications channel
2026-06-08T16:13:08: Admin joined notifications channel
2026-06-08T16:31:28: Client disconnected from notifications
2026-06-08T16:39:12: Client disconnected from notifications
2026-06-08T16:39:12: User 708 joined notifications channel
2026-06-08T16:39:12: Admin joined notifications channel
2026-06-08T16:40:04: Client disconnected from notifications
2026-06-08T16:40:05: User 708 joined notifications channel
2026-06-08T16:40:05: Admin joined notifications channel
2026-06-08T16:43:23: Client disconnected from notifications
2026-06-08T16:44:53: Client disconnected from notifications
2026-06-08T16:44:53: User 708 joined notifications channel
2026-06-08T16:44:53: Admin joined notifications channel
2026-06-08T16:45:13: Client disconnected from notifications
2026-06-08T16:45:14: User 708 joined notifications channel
2026-06-08T16:45:14: Admin joined notifications channel
2026-06-08T16:45:19: Client disconnected from notifications
2026-06-08T16:45:26: User 708 joined notifications channel
2026-06-08T16:45:26: Admin joined notifications channel
2026-06-08T16:45:41: Client disconnected from notifications
2026-06-08T16:45:49: Client disconnected from notifications
2026-06-08T17:00:40: ◇ injected env (12) from .env // tip: ⌘ enable debugging { debug: true }
2026-06-08T17:00:40: ◇ injected env (0) from .env // tip: ⌘ multiple files { path: ['.env.local', '.env'] }
2026-06-08T17:00:40: Generating fresh VAPID Keys for Push Notifications...
2026-06-08T17:00:40: VAPID Keys generated and saved to backend/.env
2026-06-08T17:00:40: MySQL Connected (127.0.0.1:3306)
2026-06-08T17:00:40: Using database achme
2026-06-08T17:00:41: Database initialized successfully
2026-06-08T17:00:41: ✅ lead_reminders.reminder_time exists
2026-06-08T17:00:41: ✅ lead_reminders.missed_count exists
2026-06-08T17:00:41: ✅ lead_reminders.notification_sent exists
2026-06-08T17:00:41: ✅ lead_reminders.employee_id exists
2026-06-08T17:00:41: ✅ lead_escalations.missed_count exists
2026-06-08T17:00:41: ✅ users.status exists
2026-06-08T17:00:41: ✅ users.emp_id exists
2026-06-08T17:00:41: ✅ admin_notifications.related_id exists
2026-06-08T17:00:41: ✅ admin_notifications.related_type exists
2026-06-08T17:00:41: ✅ admin_notifications.created_by exists
2026-06-08T17:00:41: ✅ admin_notifications.priority exists
2026-06-08T17:00:41: ✅ admin_notifications.is_archived exists
2026-06-08T17:00:41: ✅ notifications.user_id exists
2026-06-08T17:00:41: ✅ notifications.type exists
2026-06-08T17:00:41: ✅ notifications.is_archived exists
2026-06-08T17:00:41: ✅ task_assignments.status exists
2026-06-08T17:00:41: ✅ teammember.mobile_number exists
2026-06-08T17:00:41: ✅ teammember.emp_id exists
2026-06-08T17:00:41: ✅ teammember.user_id exists
2026-06-08T17:00:41: ✅ teammember.emp_address exists
2026-06-08T17:00:41: ✅ telecalls.created_by exists
2026-06-08T17:00:41: ✅ telecalls.email exists
2026-06-08T17:00:41: ✅ walkins.assigned_to exists
2026-06-08T17:00:41: ✅ walkins.created_by exists
2026-06-08T17:00:41: ✅ walkins.email exists
2026-06-08T17:00:41: ✅ fields.assigned_to exists
2026-06-08T17:00:41: ✅ fields.created_by exists
2026-06-08T17:00:41: ✅ fields.email exists
2026-06-08T17:00:41: ✅ quotations.lead_id exists
2026-06-08T17:00:41: ✅ quotations.lead_type exists
2026-06-08T17:00:41: ✅ contracts.contract_type exists
2026-06-08T17:00:41: ✅ contracts.quotation_id exists
2026-06-08T17:00:41: ✅ contracts.mobile_number exists
2026-06-08T17:00:41: ✅ contracts.location_city exists
2026-06-08T17:00:41: ✅ amc_alc_services.labour_charges exists
2026-06-08T17:00:41: ✅ amc_alc_services.contract_title exists
2026-06-08T17:00:41: ✅ amc_alc_services.start_time exists
2026-06-08T17:00:41: ✅ amc_alc_services.end_time exists
2026-06-08T17:00:41: ✅ amc_alc_services.km exists
2026-06-08T17:00:41: ✅ amc_alc_services.technician exists
2026-06-08T17:00:41: ✅ amc_alc_services.sales_person exists
2026-06-08T17:00:41: ✅ amc_alc_services.remarks exists
2026-06-08T17:00:41: ✅ amc_alc_services.email exists
2026-06-08T17:00:41: ✅ amc_alc_services.next_service_date exists
2026-06-08T17:00:41: ✅ amc_alc_services.service_type exists
2026-06-08T17:00:41: ✅ task_targets.user_id exists
2026-06-08T17:00:41: ✅ task_targets.created_by_admin exists
2026-06-08T17:00:41: ✅ task_achievements.achieved_amount exists
2026-06-08T17:00:41: ✅ task_updates.amount exists
2026-06-08T17:00:41: ✅ call_reports.start_time exists
2026-06-08T17:00:41: ✅ call_reports.end_time exists
2026-06-08T17:00:41: ✅ call_reports.km exists
2026-06-08T17:00:41: ✅ call_reports.remarks exists
2026-06-08T17:00:41: ✅ call_reports.technician exists
2026-06-08T17:00:41: ✅ call_reports.sales_person exists
2026-06-08T17:00:41: ✅ tasks.assigned_teammember_id exists
2026-06-08T17:00:41: ✅ task_targets.teammember_id exists
2026-06-08T17:00:41: ✅ quotations.reference_no exists
2026-06-08T17:00:41: ✅ task_targets.carry_forward exists
2026-06-08T17:00:41: ✅ task_targets.effective_target exists
2026-06-08T17:00:41: ✅ task_targets.user_id exists
2026-06-08T17:00:41: ✅ task_targets.created_by_admin exists
2026-06-08T17:00:41: ✅ task_achievements.achieved_amount exists
2026-06-08T17:00:41: ✅ clients.created_by exists
2026-06-08T17:00:41: ✅ tasks.created_by exists
2026-06-08T17:00:41: ✅ tasks.task_description exists
2026-06-08T17:00:41: ✅ tasks.assigned_to exists
2026-06-08T17:00:41: ✅ quotations.created_by exists
2026-06-08T17:00:41: ✅ contracts.created_by exists
2026-06-08T17:00:41: ✅ contracts.client_company exists
2026-06-08T17:00:41: ✅ contracts.amount_value exists
2026-06-08T17:00:41: ✅ contracts.remaining exists
2026-06-08T17:00:41: ✅ contracts.email exists
2026-06-08T17:00:41: ✅ clientinvoices.created_by exists
2026-06-08T17:00:41: ✅ performainvoices.created_by exists
2026-06-08T17:00:41: ✅ services.created_by exists
2026-06-08T17:00:41: ✅ call_reports.created_by exists
2026-06-08T17:00:41: ✅ lead_activity.employee_id exists
2026-06-08T17:00:41: ✅ lead_escalations.missed_threshold_reached exists
2026-06-08T17:00:41: ✅ lead_escalations.employee_id exists
2026-06-08T17:00:41: ✅ performainvoices.is_latest exists
2026-06-08T17:00:41: ✅ performainvoices.version exists
2026-06-08T17:00:41: ✅ performainvoices.parent_id exists
2026-06-08T17:00:41: ✅ performa_invoice_items.uom exists
2026-06-08T17:00:41: ✅ performainvoice_items.uom exists
2026-06-08T17:00:41: ✅ task_assignments.response_notes exists
2026-06-08T17:00:41: ✅ call_reports.amount_collected exists
2026-06-08T17:00:41: ✅ call_reports.payment_mode exists
2026-06-08T17:00:41: ✅ call_reports.duration_limit exists
2026-06-08T17:00:41: ✅ call_reports.actual_duration exists
2026-06-08T17:00:41: ✅ call_reports.is_exceeded exists
2026-06-08T17:00:41: ✅ call_reports.assigned_time exists
2026-06-08T17:00:41: ✅ call_reports.call_id exists
2026-06-08T17:00:41: ✅ call_reports.session_id exists
2026-06-08T17:00:41: ✅ call_reports.client_name exists
2026-06-08T17:00:41: ✅ call_reports.staff_name exists
2026-06-08T17:00:41: ✅ call_reports.executive_name exists
2026-06-08T17:00:41: ✅ call_reports.phone exists
2026-06-08T17:00:41: ✅ call_reports.location exists
2026-06-08T17:00:41: ✅ call_reports.call_sequence exists
2026-06-08T17:00:41: ✅ call_reports.report_date exists
2026-06-08T17:00:41: ✅ call_reports.complaint exists
2026-06-08T17:00:41: ✅ call_reports.priority exists
2026-06-08T17:00:41: ✅ call_reports.call_type exists
2026-06-08T17:00:41: ✅ call_reports.payment_type exists
2026-06-08T17:00:41: ✅ call_reports.invoice_value exists
2026-06-08T17:00:41: ✅ call_reports.payment_status exists
2026-06-08T17:00:41: ✅ call_reports.petrol_charges exists
2026-06-08T17:00:41: ✅ call_reports.spare_parts_price exists
2026-06-08T17:00:41: ✅ call_reports.labour_charges exists
2026-06-08T17:00:41: ✅ call_reports.total_expenses exists
2026-06-08T17:00:41: ✅ call_reports.customer_name exists
2026-06-08T17:00:41: ✅ call_reports.mobile_number exists
2026-06-08T17:00:41: ✅ call_reports.location_city exists
2026-06-08T17:00:41: ✅ call_reports.contract_title exists
2026-06-08T17:00:41: ✅ call_reports.service_type exists
2026-06-08T17:00:41: ✅ call_reports.description exists
2026-06-08T17:00:41: ✅ call_reports.service_person exists
2026-06-08T17:00:41: ✅ call_reports.contract_id exists
2026-06-08T17:00:41: ✅ call_reports.call_referrer exists
2026-06-08T17:00:41: ✅ call_reports.step2_completed exists
2026-06-08T17:00:41: ✅ call_reports.email exists
2026-06-08T17:00:41: ✅ call_reports.status exists
2026-06-08T17:00:41: ✅ call_reports.gst_number exists
2026-06-08T17:00:41: ✅ call_reports.company_name exists
2026-06-08T17:00:41: ✅ call_reports.completed_at exists
2026-06-08T17:00:41: ✅ call_reports.carry_forward_date exists
2026-06-08T17:00:41: ✅ amc_alc_services.amount_collected exists
2026-06-08T17:00:41: ✅ amc_alc_services.payment_mode exists
2026-06-08T17:00:41: ✅ amc_alc_services.call_number exists
2026-06-08T17:00:41: ✅ amc_alc_services.breakpoints exists
2026-06-08T17:00:41: ✅ amc_alc_services.duration_limit exists
2026-06-08T17:00:41: ✅ clients.gst_number exists
2026-06-08T17:00:41: ✅ clients.company_name exists
2026-06-08T17:00:41: ✅ clients.service exists
2026-06-08T17:00:41: ✅ clients.alternate_phone exists
2026-06-08T17:00:41: ✅ clients.city exists
2026-06-08T17:00:41: ✅ clients.state exists
2026-06-08T17:00:41: ✅ clients.pincode exists
2026-06-08T17:00:41: ✅ clients.notes exists
2026-06-08T17:00:41: ✅ clients.client_status exists
2026-06-08T17:00:41: ✅ clients.original_lead_id exists
2026-06-08T17:00:41: ✅ clients.original_lead_type exists
2026-06-08T17:00:41: ✅ clients.converted_at exists
2026-06-08T17:00:41: ✅ clients.lead_email exists
2026-06-08T17:00:41: ✅ clients.lead_city exists
2026-06-08T17:00:41: ✅ clients.lead_reference exists
2026-06-08T17:00:41: ✅ clients.lead_purpose exists
2026-06-08T17:00:41: ✅ clients.client_status exists
2026-06-08T17:00:41: ✅ clients.lead_staff_name exists
2026-06-08T17:00:41: ✅ clients.lead_id_display exists
2026-06-08T17:00:41: ✅ clients.assigned_teammember_id exists
2026-06-08T17:00:41: ✅ clients.state exists
2026-06-08T17:00:41: ✅ clients.pincode exists
2026-06-08T17:00:41: ✅ users.emp_id exists
2026-06-08T17:00:41: ✅ quotations.reference_no exists
2026-06-08T17:00:41: ✅ quotations.from_address_id exists
2026-06-08T17:00:41: ✅ quotations.from_address_custom exists
2026-06-08T17:00:41: ✅ quotations.client_company exists
2026-06-08T17:00:41: ✅ quotations.client_address1 exists
2026-06-08T17:00:41: ✅ quotations.client_address2 exists
2026-06-08T17:00:41: ✅ quotations.client_city exists
2026-06-08T17:00:41: ✅ quotations.client_state exists
2026-06-08T17:00:41: ✅ quotations.client_pincode exists
2026-06-08T17:00:41: ✅ quotations.client_country exists
2026-06-08T17:00:41: ✅ quotations.tax_type exists
2026-06-08T17:00:41: ✅ quotations.custom_tax exists
2026-06-08T17:00:41: ✅ quotations.exec_name exists
2026-06-08T17:00:41: ✅ quotations.exec_phone exists
2026-06-08T17:00:41: ✅ quotations.exec_email exists
2026-06-08T17:00:41: ✅ quotations.terms_general exists
2026-06-08T17:00:41: ✅ quotations.terms_tax exists
2026-06-08T17:00:41: ✅ quotations.terms_project_period exists
2026-06-08T17:00:41: ✅ quotations.terms_validity exists
2026-06-08T17:00:41: ✅ quotations.terms_separate_orders exists
2026-06-08T17:00:41: ✅ quotations.terms_payment exists
2026-06-08T17:00:41: ✅ quotations.terms_payment_custom exists
2026-06-08T17:00:41: ✅ quotations.terms_warranty exists
2026-06-08T17:00:41: ✅ quotations.hsn_sac_code exists
2026-06-08T17:00:41: ✅ quotations.supplier_branch exists
2026-06-08T17:00:41: ✅ quotations.bank_details_id exists
2026-06-08T17:00:41: ✅ quotations.bank_company exists
2026-06-08T17:00:41: ✅ quotations.bank_name exists
2026-06-08T17:00:41: ✅ quotations.bank_account exists
2026-06-08T17:00:41: ✅ quotations.bank_ifsc exists
2026-06-08T17:00:41: ✅ quotations.bank_branch exists
2026-06-08T17:00:41: ✅ quotations.custom_terms exists
2026-06-08T17:00:41: ✅ quotations.is_latest exists
2026-06-08T17:00:41: ✅ quotations.parent_id exists
2026-06-08T17:00:41: ✅ quotations.version exists
2026-06-08T17:00:41: ✅ performainvoices.reference_no exists
2026-06-08T17:00:41: ✅ performainvoices.from_address_id exists
2026-06-08T17:00:41: ✅ performainvoices.from_address_custom exists
2026-06-08T17:00:41: ✅ performainvoices.client_company exists
2026-06-08T17:00:41: ✅ performainvoices.client_address1 exists
2026-06-08T17:00:41: ✅ performainvoices.client_address2 exists
2026-06-08T17:00:41: ✅ performainvoices.client_city exists
2026-06-08T17:00:41: ✅ performainvoices.client_state exists
2026-06-08T17:00:41: ✅ performainvoices.client_pincode exists
2026-06-08T17:00:41: ✅ performainvoices.client_country exists
2026-06-08T17:00:41: ✅ performainvoices.tax_type exists
2026-06-08T17:00:41: ✅ performainvoices.custom_tax exists
2026-06-08T17:00:41: ✅ performainvoices.exec_name exists
2026-06-08T17:00:41: ✅ performainvoices.exec_phone exists
2026-06-08T17:00:41: ✅ performainvoices.exec_email exists
2026-06-08T17:00:41: ✅ performainvoices.terms_general exists
2026-06-08T17:00:41: ✅ performainvoices.terms_tax exists
2026-06-08T17:00:41: ✅ performainvoices.terms_project_period exists
2026-06-08T17:00:41: ✅ performainvoices.terms_validity exists
2026-06-08T17:00:41: ✅ performainvoices.terms_separate_orders exists
2026-06-08T17:00:41: ✅ performainvoices.terms_payment exists
2026-06-08T17:00:41: ✅ performainvoices.terms_payment_custom exists
2026-06-08T17:00:41: ✅ performainvoices.terms_warranty exists
2026-06-08T17:00:41: ✅ performainvoices.hsn_sac_code exists
2026-06-08T17:00:41: ✅ performainvoices.supplier_branch exists
2026-06-08T17:00:41: ✅ performainvoices.bank_details_id exists
2026-06-08T17:00:41: ✅ performainvoices.bank_company exists
2026-06-08T17:00:41: ✅ performainvoices.bank_name exists
2026-06-08T17:00:41: ✅ performainvoices.bank_account exists
2026-06-08T17:00:41: ✅ performainvoices.bank_ifsc exists
2026-06-08T17:00:41: ✅ performainvoices.bank_branch exists
2026-06-08T17:00:41: ✅ performainvoices.custom_terms exists
2026-06-08T17:00:41: ✅ services.reference_no exists
2026-06-08T17:00:41: ✅ services.from_address_id exists
2026-06-08T17:00:41: ✅ services.from_address_custom exists
2026-06-08T17:00:41: ✅ services.client_company exists
2026-06-08T17:00:41: ✅ services.client_address1 exists
2026-06-08T17:00:41: ✅ services.client_address2 exists
2026-06-08T17:00:41: ✅ services.client_city exists
2026-06-08T17:00:41: ✅ services.client_state exists
2026-06-08T17:00:41: ✅ services.client_pincode exists
2026-06-08T17:00:41: ✅ services.client_country exists
2026-06-08T17:00:41: ✅ services.tax_type exists
2026-06-08T17:00:41: ✅ services.custom_tax exists
2026-06-08T17:00:41: ✅ services.exec_name exists
2026-06-08T17:00:41: ✅ services.exec_phone exists
2026-06-08T17:00:41: ✅ services.exec_email exists
2026-06-08T17:00:41: ✅ services.terms_general exists
2026-06-08T17:00:41: ✅ services.terms_tax exists
2026-06-08T17:00:41: ✅ services.terms_project_period exists
2026-06-08T17:00:41: ✅ services.terms_validity exists
2026-06-08T17:00:41: ✅ services.terms_separate_orders exists
2026-06-08T17:00:41: ✅ services.terms_payment exists
2026-06-08T17:00:41: ✅ services.terms_payment_custom exists
2026-06-08T17:00:41: ✅ services.terms_warranty exists
2026-06-08T17:00:41: ✅ services.hsn_sac_code exists
2026-06-08T17:00:41: ✅ services.supplier_branch exists
2026-06-08T17:00:41: ✅ services.bank_details_id exists
2026-06-08T17:00:41: ✅ services.bank_company exists
2026-06-08T17:00:41: ✅ services.bank_name exists
2026-06-08T17:00:41: ✅ services.bank_account exists
2026-06-08T17:00:41: ✅ services.bank_ifsc exists
2026-06-08T17:00:41: ✅ services.bank_branch exists
2026-06-08T17:00:41: ✅ services.custom_terms exists
2026-06-08T17:00:41: ✅ estimatenew.client_company exists
2026-06-08T17:00:41: ✅ estimatenew.client_address exists
2026-06-08T17:00:41: ✅ estimatenew.client_city exists
2026-06-08T17:00:41: ✅ estimatenew.client_state exists
2026-06-08T17:00:41: ✅ estimatenew.client_gst exists
2026-06-08T17:00:41: ✅ estimatenew.client_phone exists
2026-06-08T17:00:41: ✅ estimatenew.subtotal exists
2026-06-08T17:00:41: ✅ estimatenew.total_tax exists
2026-06-08T17:00:41: ✅ estimatenew.total_discount exists
2026-06-08T17:00:41: ✅ estimatenew.grand_total exists
2026-06-08T17:00:41: ✅ estimateclient.subtotal exists
2026-06-08T17:00:41: ✅ estimateclient.total_tax exists
2026-06-08T17:00:41: ✅ estimateclient.total_discount exists
2026-06-08T17:00:41: ✅ estimateclient.grand_total exists
2026-06-08T17:00:41: ✅ quotation_items.uom exists
2026-06-08T17:00:41: ✅ quotation_items.hsn_sac exists
2026-06-08T17:00:41: ✅ quotation_items.brand_model exists
2026-06-08T17:00:41: ✅ customers.gst_number exists
2026-06-08T17:00:41: ✅ customers.created_by exists
2026-06-08T17:00:41: ✅ users.last_name exists
2026-06-08T17:00:41: ✅ user_email_configs.smtp_secure exists
2026-06-08T17:00:41: ✅ user_email_configs.from_email_address exists
2026-06-08T17:00:41: ✅ user_email_configs.sender_name exists
2026-06-08T17:00:41: ✅ user_email_configs.provider exists
2026-06-08T17:00:41: ✅ user_email_configs.is_enabled exists
2026-06-08T17:00:41: ✅ users.two_factor_enabled exists
2026-06-08T17:00:41: ✅ quotations.gst_mode exists
2026-06-08T17:00:41: ✅ quotations.status exists
2026-06-08T17:00:41: ✅ performainvoices.gst_mode exists
2026-06-08T17:00:41: ✅ estimate_invoices.gst_mode exists
2026-06-08T17:00:41: ✅ service_estimations.gst_mode exists
2026-06-08T17:00:41: ✅ services.gst_mode exists
2026-06-08T17:00:41: ✅ estimatenew.gst_mode exists
2026-06-08T17:00:41: ✅ Create table pi_from_addresses
2026-06-08T17:00:41: ✅ Create table email_otp
2026-06-08T17:00:41: ✅ Create table payments
2026-06-08T17:00:41: ✅ Create table clientinvoices
2026-06-08T17:00:41: ✅ Create table messages
2026-06-08T17:00:41: ✅ Create table service_items
2026-06-08T17:00:41: ✅ Create table service_estimations
2026-06-08T17:00:41: ✅ Create table service_estimation_items
2026-06-08T17:00:41: ✅ Create table estimate_invoices
2026-06-08T17:00:41: ✅ Create table estimate_invoice_items
2026-06-08T17:00:41: ✅ Create table estimate_items
2026-06-08T17:00:41: ✅ Create table performainvoice_items
2026-06-08T17:00:41: ✅ Create table performainvoices
2026-06-08T17:00:41: ✅ Create table services
2026-06-08T17:00:41: ✅ Create table customers
2026-06-08T17:00:41: ✅ Create table quotations
2026-06-08T17:00:41: ✅ Create table quotation_items
2026-06-08T17:00:41: ✅ Create table lead_reminders
2026-06-08T17:00:41: ✅ Create table lead_activity
2026-06-08T17:00:41: ✅ Create table lead_escalations
2026-06-08T17:00:41: ✅ Create table admin_notifications
2026-06-08T17:00:41: ✅ Create table profile_change_requests
2026-06-08T17:00:41: ✅ Create table amc_alc_services
2026-06-08T17:00:41: ✅ Create table service_activity
2026-06-08T17:00:41: ✅ Create table task_targets
2026-06-08T17:00:41: ✅ Create table task_achievements
2026-06-08T17:00:41: ✅ Create table task_updates
2026-06-08T17:00:41: ✅ Create table call_reports
2026-06-08T17:00:41: ✅ Create table task_activity
2026-06-08T17:00:41: ✅ Create table notifications
2026-06-08T17:00:41: ✅ Create table task_assignments
2026-06-08T17:00:41: ✅ Create table clients
2026-06-08T17:00:41: ✅ Create table user_email_configs
2026-06-08T17:00:41: ✅ lead_reminders.reminder_time exists
2026-06-08T17:00:41: ✅ lead_reminders.missed_count exists
2026-06-08T17:00:41: ✅ lead_reminders.notification_sent exists
2026-06-08T17:00:41: ✅ lead_reminders.employee_id exists
2026-06-08T17:00:41: ✅ lead_escalations.missed_count exists
2026-06-08T17:00:41: ✅ users.status exists
2026-06-08T17:00:41: ✅ users.emp_id exists
2026-06-08T17:00:41: ✅ admin_notifications.related_id exists
2026-06-08T17:00:41: ✅ admin_notifications.related_type exists
2026-06-08T17:00:41: ✅ admin_notifications.created_by exists
2026-06-08T17:00:41: ✅ admin_notifications.priority exists
2026-06-08T17:00:41: ✅ admin_notifications.is_archived exists
2026-06-08T17:00:41: ✅ notifications.user_id exists
2026-06-08T17:00:41: ✅ notifications.type exists
2026-06-08T17:00:41: ✅ notifications.is_archived exists
2026-06-08T17:00:41: ✅ task_assignments.status exists
2026-06-08T17:00:41: ✅ teammember.mobile_number exists
2026-06-08T17:00:41: ✅ teammember.emp_id exists
2026-06-08T17:00:41: ✅ teammember.user_id exists
2026-06-08T17:00:41: ✅ teammember.emp_address exists
2026-06-08T17:00:41: ✅ telecalls.created_by exists
2026-06-08T17:00:41: ✅ telecalls.email exists
2026-06-08T17:00:41: ✅ walkins.assigned_to exists
2026-06-08T17:00:41: ✅ walkins.created_by exists
2026-06-08T17:00:41: ✅ walkins.email exists
2026-06-08T17:00:41: ✅ fields.assigned_to exists
2026-06-08T17:00:41: ✅ fields.created_by exists
2026-06-08T17:00:41: ✅ fields.email exists
2026-06-08T17:00:41: ✅ quotations.lead_id exists
2026-06-08T17:00:41: ✅ quotations.lead_type exists
2026-06-08T17:00:41: ✅ contracts.contract_type exists
2026-06-08T17:00:41: ✅ contracts.quotation_id exists
2026-06-08T17:00:41: ✅ contracts.mobile_number exists
2026-06-08T17:00:41: ✅ contracts.location_city exists
2026-06-08T17:00:41: ✅ amc_alc_services.labour_charges exists
2026-06-08T17:00:41: ✅ amc_alc_services.contract_title exists
2026-06-08T17:00:41: ✅ amc_alc_services.start_time exists
2026-06-08T17:00:41: ✅ amc_alc_services.end_time exists
2026-06-08T17:00:41: ✅ amc_alc_services.km exists
2026-06-08T17:00:41: ✅ amc_alc_services.technician exists
2026-06-08T17:00:41: ✅ amc_alc_services.sales_person exists
2026-06-08T17:00:41: ✅ amc_alc_services.remarks exists
2026-06-08T17:00:41: ✅ amc_alc_services.email exists
2026-06-08T17:00:41: ✅ amc_alc_services.next_service_date exists
2026-06-08T17:00:41: ✅ amc_alc_services.service_type exists
2026-06-08T17:00:41: ✅ task_targets.user_id exists
2026-06-08T17:00:41: ✅ task_targets.created_by_admin exists
2026-06-08T17:00:41: ✅ task_achievements.achieved_amount exists
2026-06-08T17:00:41: ✅ task_updates.amount exists
2026-06-08T17:00:41: ✅ call_reports.start_time exists
2026-06-08T17:00:41: ✅ call_reports.end_time exists
2026-06-08T17:00:41: ✅ call_reports.km exists
2026-06-08T17:00:41: ✅ call_reports.remarks exists
2026-06-08T17:00:41: ✅ call_reports.technician exists
2026-06-08T17:00:41: ✅ call_reports.sales_person exists
2026-06-08T17:00:41: ✅ tasks.assigned_teammember_id exists
2026-06-08T17:00:41: ✅ task_targets.teammember_id exists
2026-06-08T17:00:41: ✅ quotations.reference_no exists
2026-06-08T17:00:41: ✅ task_targets.carry_forward exists
2026-06-08T17:00:41: ✅ task_targets.effective_target exists
2026-06-08T17:00:41: ✅ task_targets.user_id exists
2026-06-08T17:00:41: ✅ task_targets.created_by_admin exists
2026-06-08T17:00:41: ✅ task_achievements.achieved_amount exists
2026-06-08T17:00:41: ✅ clients.created_by exists
2026-06-08T17:00:41: ✅ tasks.created_by exists
2026-06-08T17:00:41: ✅ tasks.task_description exists
2026-06-08T17:00:41: ✅ tasks.assigned_to exists
2026-06-08T17:00:41: ✅ quotations.created_by exists
2026-06-08T17:00:41: ✅ contracts.created_by exists
2026-06-08T17:00:41: ✅ contracts.client_company exists
2026-06-08T17:00:41: ✅ contracts.amount_value exists
2026-06-08T17:00:41: ✅ contracts.remaining exists
2026-06-08T17:00:41: ✅ contracts.email exists
2026-06-08T17:00:41: ✅ clientinvoices.created_by exists
2026-06-08T17:00:41: ✅ performainvoices.created_by exists
2026-06-08T17:00:41: ✅ services.created_by exists
2026-06-08T17:00:42: ✅ call_reports.created_by exists
2026-06-08T17:00:42: ✅ lead_activity.employee_id exists
2026-06-08T17:00:42: ✅ lead_escalations.missed_threshold_reached exists
2026-06-08T17:00:42: ✅ lead_escalations.employee_id exists
2026-06-08T17:00:42: ✅ performainvoices.is_latest exists
2026-06-08T17:00:42: ✅ performainvoices.version exists
2026-06-08T17:00:42: ✅ performainvoices.parent_id exists
2026-06-08T17:00:42: ✅ performa_invoice_items.uom exists
2026-06-08T17:00:42: ✅ performainvoice_items.uom exists
2026-06-08T17:00:42: ✅ task_assignments.response_notes exists
2026-06-08T17:00:42: ✅ call_reports.amount_collected exists
2026-06-08T17:00:42: ✅ call_reports.payment_mode exists
2026-06-08T17:00:42: ✅ call_reports.duration_limit exists
2026-06-08T17:00:42: ✅ call_reports.actual_duration exists
2026-06-08T17:00:42: ✅ call_reports.is_exceeded exists
2026-06-08T17:00:42: ✅ call_reports.assigned_time exists
2026-06-08T17:00:42: ✅ call_reports.call_id exists
2026-06-08T17:00:42: ✅ call_reports.session_id exists
2026-06-08T17:00:42: ✅ call_reports.client_name exists
2026-06-08T17:00:42: ✅ call_reports.staff_name exists
2026-06-08T17:00:42: ✅ call_reports.executive_name exists
2026-06-08T17:00:42: ✅ call_reports.phone exists
2026-06-08T17:00:42: ✅ call_reports.location exists
2026-06-08T17:00:42: ✅ call_reports.call_sequence exists
2026-06-08T17:00:42: ✅ call_reports.report_date exists
2026-06-08T17:00:42: ✅ call_reports.complaint exists
2026-06-08T17:00:42: ✅ call_reports.priority exists
2026-06-08T17:00:42: ✅ call_reports.call_type exists
2026-06-08T17:00:42: ✅ call_reports.payment_type exists
2026-06-08T17:00:42: ✅ call_reports.invoice_value exists
2026-06-08T17:00:42: ✅ call_reports.payment_status exists
2026-06-08T17:00:42: ✅ call_reports.petrol_charges exists
2026-06-08T17:00:42: ✅ call_reports.spare_parts_price exists
2026-06-08T17:00:42: ✅ call_reports.labour_charges exists
2026-06-08T17:00:42: ✅ call_reports.total_expenses exists
2026-06-08T17:00:42: ✅ call_reports.customer_name exists
2026-06-08T17:00:42: ✅ call_reports.mobile_number exists
2026-06-08T17:00:42: ✅ call_reports.location_city exists
2026-06-08T17:00:42: ✅ call_reports.contract_title exists
2026-06-08T17:00:42: ✅ call_reports.service_type exists
2026-06-08T17:00:42: ✅ call_reports.description exists
2026-06-08T17:00:42: ✅ call_reports.service_person exists
2026-06-08T17:00:42: ✅ call_reports.contract_id exists
2026-06-08T17:00:42: ✅ call_reports.call_referrer exists
2026-06-08T17:00:42: ✅ call_reports.step2_completed exists
2026-06-08T17:00:42: ✅ call_reports.email exists
2026-06-08T17:00:42: ✅ call_reports.status exists
2026-06-08T17:00:42: ✅ call_reports.gst_number exists
2026-06-08T17:00:42: ✅ call_reports.company_name exists
2026-06-08T17:00:42: ✅ call_reports.completed_at exists
2026-06-08T17:00:42: ✅ call_reports.carry_forward_date exists
2026-06-08T17:00:42: ✅ amc_alc_services.amount_collected exists
2026-06-08T17:00:42: ✅ amc_alc_services.payment_mode exists
2026-06-08T17:00:42: ✅ amc_alc_services.call_number exists
2026-06-08T17:00:42: ✅ amc_alc_services.breakpoints exists
2026-06-08T17:00:42: ✅ amc_alc_services.duration_limit exists
2026-06-08T17:00:42: ✅ clients.gst_number exists
2026-06-08T17:00:42: ✅ clients.company_name exists
2026-06-08T17:00:42: ✅ clients.service exists
2026-06-08T17:00:42: ✅ clients.alternate_phone exists
2026-06-08T17:00:42: ✅ clients.city exists
2026-06-08T17:00:42: ✅ clients.state exists
2026-06-08T17:00:42: ✅ clients.pincode exists
2026-06-08T17:00:42: ✅ clients.notes exists
2026-06-08T17:00:42: ✅ clients.client_status exists
2026-06-08T17:00:42: ✅ clients.original_lead_id exists
2026-06-08T17:00:42: ✅ clients.original_lead_type exists
2026-06-08T17:00:42: ✅ clients.converted_at exists
2026-06-08T17:00:42: ✅ clients.lead_email exists
2026-06-08T17:00:42: ✅ clients.lead_city exists
2026-06-08T17:00:42: ✅ clients.lead_reference exists
2026-06-08T17:00:42: ✅ clients.lead_purpose exists
2026-06-08T17:00:42: ✅ clients.client_status exists
2026-06-08T17:00:42: ✅ clients.lead_staff_name exists
2026-06-08T17:00:42: ✅ clients.lead_id_display exists
2026-06-08T17:00:42: ✅ clients.assigned_teammember_id exists
2026-06-08T17:00:42: ✅ clients.state exists
2026-06-08T17:00:42: ✅ clients.pincode exists
2026-06-08T17:00:42: ✅ users.emp_id exists
2026-06-08T17:00:42: ✅ quotations.reference_no exists
2026-06-08T17:00:42: ✅ quotations.from_address_id exists
2026-06-08T17:00:42: ✅ quotations.from_address_custom exists
2026-06-08T17:00:42: ✅ quotations.client_company exists
2026-06-08T17:00:42: ✅ quotations.client_address1 exists
2026-06-08T17:00:42: ✅ quotations.client_address2 exists
2026-06-08T17:00:42: ✅ quotations.client_city exists
2026-06-08T17:00:42: ✅ quotations.client_state exists
2026-06-08T17:00:42: ✅ quotations.client_pincode exists
2026-06-08T17:00:42: ✅ quotations.client_country exists
2026-06-08T17:00:42: ✅ quotations.tax_type exists
2026-06-08T17:00:42: ✅ quotations.custom_tax exists
2026-06-08T17:00:42: ✅ quotations.exec_name exists
2026-06-08T17:00:42: ✅ quotations.exec_phone exists
2026-06-08T17:00:42: ✅ quotations.exec_email exists
2026-06-08T17:00:42: ✅ quotations.terms_general exists
2026-06-08T17:00:42: ✅ quotations.terms_tax exists
2026-06-08T17:00:42: ✅ quotations.terms_project_period exists
2026-06-08T17:00:42: ✅ quotations.terms_validity exists
2026-06-08T17:00:42: ✅ quotations.terms_separate_orders exists
2026-06-08T17:00:42: ✅ quotations.terms_payment exists
2026-06-08T17:00:42: ✅ quotations.terms_payment_custom exists
2026-06-08T17:00:42: ✅ quotations.terms_warranty exists
2026-06-08T17:00:42: ✅ quotations.hsn_sac_code exists
2026-06-08T17:00:42: ✅ quotations.supplier_branch exists
2026-06-08T17:00:42: ✅ quotations.bank_details_id exists
2026-06-08T17:00:42: ✅ quotations.bank_company exists
2026-06-08T17:00:42: ✅ quotations.bank_name exists
2026-06-08T17:00:42: ✅ quotations.bank_account exists
2026-06-08T17:00:42: ✅ quotations.bank_ifsc exists
2026-06-08T17:00:42: ✅ quotations.bank_branch exists
2026-06-08T17:00:42: ✅ quotations.custom_terms exists
2026-06-08T17:00:42: ✅ quotations.is_latest exists
2026-06-08T17:00:42: ✅ quotations.parent_id exists
2026-06-08T17:00:42: ✅ quotations.version exists
2026-06-08T17:00:42: ✅ performainvoices.reference_no exists
2026-06-08T17:00:42: ✅ performainvoices.from_address_id exists
2026-06-08T17:00:42: ✅ performainvoices.from_address_custom exists
2026-06-08T17:00:42: ✅ performainvoices.client_company exists
2026-06-08T17:00:42: ✅ performainvoices.client_address1 exists
2026-06-08T17:00:42: ✅ performainvoices.client_address2 exists
2026-06-08T17:00:42: ✅ performainvoices.client_city exists
2026-06-08T17:00:42: ✅ performainvoices.client_state exists
2026-06-08T17:00:42: ✅ performainvoices.client_pincode exists
2026-06-08T17:00:42: ✅ performainvoices.client_country exists
2026-06-08T17:00:42: ✅ performainvoices.tax_type exists
2026-06-08T17:00:42: ✅ performainvoices.custom_tax exists
2026-06-08T17:00:42: ✅ performainvoices.exec_name exists
2026-06-08T17:00:42: ✅ performainvoices.exec_phone exists
2026-06-08T17:00:42: ✅ performainvoices.exec_email exists
2026-06-08T17:00:42: ✅ performainvoices.terms_general exists
2026-06-08T17:00:42: ✅ performainvoices.terms_tax exists
2026-06-08T17:00:42: ✅ performainvoices.terms_project_period exists
2026-06-08T17:00:42: ✅ performainvoices.terms_validity exists
2026-06-08T17:00:42: ✅ performainvoices.terms_separate_orders exists
2026-06-08T17:00:42: ✅ performainvoices.terms_payment exists
2026-06-08T17:00:42: ✅ performainvoices.terms_payment_custom exists
2026-06-08T17:00:42: ✅ performainvoices.terms_warranty exists
2026-06-08T17:00:42: ✅ performainvoices.hsn_sac_code exists
2026-06-08T17:00:42: ✅ performainvoices.supplier_branch exists
2026-06-08T17:00:42: ✅ performainvoices.bank_details_id exists
2026-06-08T17:00:42: ✅ performainvoices.bank_company exists
2026-06-08T17:00:42: ✅ performainvoices.bank_name exists
2026-06-08T17:00:42: ✅ performainvoices.bank_account exists
2026-06-08T17:00:42: ✅ performainvoices.bank_ifsc exists
2026-06-08T17:00:42: ✅ performainvoices.bank_branch exists
2026-06-08T17:00:42: ✅ performainvoices.custom_terms exists
2026-06-08T17:00:42: ✅ services.reference_no exists
2026-06-08T17:00:42: ✅ services.from_address_id exists
2026-06-08T17:00:42: ✅ services.from_address_custom exists
2026-06-08T17:00:42: ✅ services.client_company exists
2026-06-08T17:00:42: ✅ services.client_address1 exists
2026-06-08T17:00:42: ✅ services.client_address2 exists
2026-06-08T17:00:42: ✅ services.client_city exists
2026-06-08T17:00:42: ✅ services.client_state exists
2026-06-08T17:00:42: ✅ services.client_pincode exists
2026-06-08T17:00:42: ✅ services.client_country exists
2026-06-08T17:00:42: ✅ services.tax_type exists
2026-06-08T17:00:42: ✅ services.custom_tax exists
2026-06-08T17:00:42: ✅ services.exec_name exists
2026-06-08T17:00:42: ✅ services.exec_phone exists
2026-06-08T17:00:42: ✅ services.exec_email exists
2026-06-08T17:00:42: ✅ services.terms_general exists
2026-06-08T17:00:42: ✅ services.terms_tax exists
2026-06-08T17:00:42: ✅ services.terms_project_period exists
2026-06-08T17:00:42: ✅ services.terms_validity exists
2026-06-08T17:00:42: ✅ services.terms_separate_orders exists
2026-06-08T17:00:42: ✅ services.terms_payment exists
2026-06-08T17:00:42: ✅ services.terms_payment_custom exists
2026-06-08T17:00:42: ✅ services.terms_warranty exists
2026-06-08T17:00:42: ✅ services.hsn_sac_code exists
2026-06-08T17:00:42: ✅ services.supplier_branch exists
2026-06-08T17:00:42: ✅ services.bank_details_id exists
2026-06-08T17:00:42: ✅ services.bank_company exists
2026-06-08T17:00:42: ✅ services.bank_name exists
2026-06-08T17:00:42: ✅ services.bank_account exists
2026-06-08T17:00:42: ✅ services.bank_ifsc exists
2026-06-08T17:00:42: ✅ services.bank_branch exists
2026-06-08T17:00:42: ✅ services.custom_terms exists
2026-06-08T17:00:42: ✅ estimatenew.client_company exists
2026-06-08T17:00:42: ✅ estimatenew.client_address exists
2026-06-08T17:00:42: ✅ estimatenew.client_city exists
2026-06-08T17:00:42: ✅ estimatenew.client_state exists
2026-06-08T17:00:42: ✅ estimatenew.client_gst exists
2026-06-08T17:00:42: ✅ estimatenew.client_phone exists
2026-06-08T17:00:42: ✅ estimatenew.subtotal exists
2026-06-08T17:00:42: ✅ estimatenew.total_tax exists
2026-06-08T17:00:42: ✅ estimatenew.total_discount exists
2026-06-08T17:00:42: ✅ estimatenew.grand_total exists
2026-06-08T17:00:42: ✅ estimateclient.subtotal exists
2026-06-08T17:00:42: ✅ estimateclient.total_tax exists
2026-06-08T17:00:42: ✅ estimateclient.total_discount exists
2026-06-08T17:00:42: ✅ estimateclient.grand_total exists
2026-06-08T17:00:42: ✅ quotation_items.uom exists
2026-06-08T17:00:42: ✅ quotation_items.hsn_sac exists
2026-06-08T17:00:42: ✅ quotation_items.brand_model exists
2026-06-08T17:00:42: ✅ customers.gst_number exists
2026-06-08T17:00:42: ✅ customers.created_by exists
2026-06-08T17:00:42: ✅ users.last_name exists
2026-06-08T17:00:42: ✅ user_email_configs.smtp_secure exists
2026-06-08T17:00:42: ✅ user_email_configs.from_email_address exists
2026-06-08T17:00:42: ✅ user_email_configs.sender_name exists
2026-06-08T17:00:42: ✅ user_email_configs.provider exists
2026-06-08T17:00:42: ✅ user_email_configs.is_enabled exists
2026-06-08T17:00:42: ✅ users.two_factor_enabled exists
2026-06-08T17:00:42: ✅ quotations.gst_mode exists
2026-06-08T17:00:42: ✅ quotations.status exists
2026-06-08T17:00:42: ✅ performainvoices.gst_mode exists
2026-06-08T17:00:42: ✅ estimate_invoices.gst_mode exists
2026-06-08T17:00:42: ✅ service_estimations.gst_mode exists
2026-06-08T17:00:42: ✅ services.gst_mode exists
2026-06-08T17:00:42: ✅ estimatenew.gst_mode exists
2026-06-08T17:00:42: Users role column updated
2026-06-08T17:00:42: Teammember emp_role updated
2026-06-08T17:00:42: OTP email transporter is ready
2026-06-08T17:00:43: Default employees seeded successfully.
2026-06-08T17:00:43: [Scheduler] Reminder escalation scheduler started (every 15 min)
2026-06-08T17:00:43: [Scheduler] End-of-day task scheduler started (daily at 6 PM)
2026-06-08T17:00:43: ✅ Server running: http://0.0.0.0:5000 [production]
2026-06-08T17:00:43: User 708 joined notifications channel
2026-06-08T17:00:43: Admin joined notifications channel
2026-06-08T17:00:53: [Scheduler] Running initial task check...
2026-06-08T17:00:53: [Scheduler] End-of-day task check complete. Evaluated 1 incomplete tasks.
2026-06-08T17:00:53: [Scheduler] Daily summary notification already dispatched for today
2026-06-08T17:01:00: User 708 joined notifications channel
2026-06-08T17:01:00: Admin joined notifications channel
2026-06-08T17:01:00: User 708 joined notifications channel
2026-06-08T17:01:00: Admin joined notifications channel
2026-06-08T17:01:33: Client disconnected from notifications
2026-06-08T17:09:40: Client disconnected from notifications
2026-06-08T17:20:59: Client disconnected from notifications
2026-06-08T17:25:34: User 708 joined notifications channel
2026-06-08T17:25:34: Admin joined notifications channel
2026-06-09T11:09:39: ◇ injected env (12) from .env // tip: ⌘ custom filepath { path: '/custom/path/.env' }
2026-06-09T11:09:40: ◇ injected env (0) from .env // tip: ⌘ suppress logs { quiet: true }
2026-06-09T11:09:40: Generating fresh VAPID Keys for Push Notifications...
2026-06-09T11:09:40: VAPID Keys generated and saved to backend/.env
2026-06-09T11:09:40: MySQL Connected (127.0.0.1:3306)
2026-06-09T11:09:40: Using database achme
2026-06-09T11:09:40: Database initialized successfully
2026-06-09T11:09:40: ✅ lead_reminders.reminder_time exists
2026-06-09T11:09:40: ✅ lead_reminders.missed_count exists
2026-06-09T11:09:40: ✅ lead_reminders.notification_sent exists
2026-06-09T11:09:40: ✅ lead_reminders.employee_id exists
2026-06-09T11:09:40: ✅ lead_escalations.missed_count exists
2026-06-09T11:09:40: ✅ users.status exists
2026-06-09T11:09:40: ✅ users.emp_id exists
2026-06-09T11:09:40: ✅ admin_notifications.related_id exists
2026-06-09T11:09:40: ✅ admin_notifications.related_type exists
2026-06-09T11:09:40: ✅ admin_notifications.created_by exists
2026-06-09T11:09:40: ✅ admin_notifications.priority exists
2026-06-09T11:09:40: ✅ admin_notifications.is_archived exists
2026-06-09T11:09:40: ✅ notifications.user_id exists
2026-06-09T11:09:40: ✅ notifications.type exists
2026-06-09T11:09:40: ✅ notifications.is_archived exists
2026-06-09T11:09:40: ✅ task_assignments.status exists
2026-06-09T11:09:40: ✅ teammember.mobile_number exists
2026-06-09T11:09:40: ✅ teammember.emp_id exists
2026-06-09T11:09:40: ✅ teammember.user_id exists
2026-06-09T11:09:40: ✅ teammember.emp_address exists
2026-06-09T11:09:40: ✅ telecalls.created_by exists
2026-06-09T11:09:40: ✅ telecalls.email exists
2026-06-09T11:09:40: ✅ walkins.assigned_to exists
2026-06-09T11:09:40: ✅ walkins.created_by exists
2026-06-09T11:09:40: ✅ walkins.email exists
2026-06-09T11:09:40: ✅ fields.assigned_to exists
2026-06-09T11:09:40: ✅ fields.created_by exists
2026-06-09T11:09:40: ✅ fields.email exists
2026-06-09T11:09:40: ✅ quotations.lead_id exists
2026-06-09T11:09:40: ✅ quotations.lead_type exists
2026-06-09T11:09:40: ✅ contracts.contract_type exists
2026-06-09T11:09:40: ✅ contracts.quotation_id exists
2026-06-09T11:09:40: ✅ contracts.mobile_number exists
2026-06-09T11:09:40: ✅ contracts.location_city exists
2026-06-09T11:09:40: ✅ amc_alc_services.labour_charges exists
2026-06-09T11:09:40: ✅ amc_alc_services.contract_title exists
2026-06-09T11:09:40: ✅ amc_alc_services.start_time exists
2026-06-09T11:09:40: ✅ amc_alc_services.end_time exists
2026-06-09T11:09:40: ✅ amc_alc_services.km exists
2026-06-09T11:09:40: ✅ amc_alc_services.technician exists
2026-06-09T11:09:40: ✅ amc_alc_services.sales_person exists
2026-06-09T11:09:40: ✅ amc_alc_services.remarks exists
2026-06-09T11:09:40: ✅ amc_alc_services.email exists
2026-06-09T11:09:40: ✅ amc_alc_services.next_service_date exists
2026-06-09T11:09:40: ✅ amc_alc_services.service_type exists
2026-06-09T11:09:40: ✅ task_targets.user_id exists
2026-06-09T11:09:40: ✅ task_targets.created_by_admin exists
2026-06-09T11:09:40: ✅ task_achievements.achieved_amount exists
2026-06-09T11:09:40: ✅ task_updates.amount exists
2026-06-09T11:09:40: ✅ call_reports.start_time exists
2026-06-09T11:09:40: ✅ call_reports.end_time exists
2026-06-09T11:09:40: ✅ call_reports.km exists
2026-06-09T11:09:40: ✅ call_reports.remarks exists
2026-06-09T11:09:40: ✅ call_reports.technician exists
2026-06-09T11:09:40: ✅ call_reports.sales_person exists
2026-06-09T11:09:40: ✅ tasks.assigned_teammember_id exists
2026-06-09T11:09:40: ✅ task_targets.teammember_id exists
2026-06-09T11:09:40: ✅ quotations.reference_no exists
2026-06-09T11:09:40: ✅ task_targets.carry_forward exists
2026-06-09T11:09:40: ✅ task_targets.effective_target exists
2026-06-09T11:09:40: ✅ task_targets.user_id exists
2026-06-09T11:09:40: ✅ task_targets.created_by_admin exists
2026-06-09T11:09:40: ✅ task_achievements.achieved_amount exists
2026-06-09T11:09:40: ✅ clients.created_by exists
2026-06-09T11:09:40: ✅ tasks.created_by exists
2026-06-09T11:09:40: ✅ tasks.task_description exists
2026-06-09T11:09:40: ✅ tasks.assigned_to exists
2026-06-09T11:09:40: ✅ quotations.created_by exists
2026-06-09T11:09:40: ✅ contracts.created_by exists
2026-06-09T11:09:40: ✅ contracts.client_company exists
2026-06-09T11:09:40: ✅ contracts.amount_value exists
2026-06-09T11:09:40: ✅ contracts.remaining exists
2026-06-09T11:09:40: ✅ contracts.email exists
2026-06-09T11:09:40: ✅ clientinvoices.created_by exists
2026-06-09T11:09:40: ✅ performainvoices.created_by exists
2026-06-09T11:09:40: ✅ services.created_by exists
2026-06-09T11:09:40: ✅ call_reports.created_by exists
2026-06-09T11:09:40: ✅ lead_activity.employee_id exists
2026-06-09T11:09:40: ✅ lead_escalations.missed_threshold_reached exists
2026-06-09T11:09:40: ✅ lead_escalations.employee_id exists
2026-06-09T11:09:40: ✅ performainvoices.is_latest exists
2026-06-09T11:09:40: ✅ performainvoices.version exists
2026-06-09T11:09:40: ✅ performainvoices.parent_id exists
2026-06-09T11:09:40: ✅ performa_invoice_items.uom exists
2026-06-09T11:09:40: ✅ performainvoice_items.uom exists
2026-06-09T11:09:41: ✅ task_assignments.response_notes exists
2026-06-09T11:09:41: ✅ call_reports.amount_collected exists
2026-06-09T11:09:41: ✅ call_reports.payment_mode exists
2026-06-09T11:09:41: ✅ call_reports.duration_limit exists
2026-06-09T11:09:41: ✅ call_reports.actual_duration exists
2026-06-09T11:09:41: ✅ call_reports.is_exceeded exists
2026-06-09T11:09:41: ✅ call_reports.assigned_time exists
2026-06-09T11:09:41: ✅ call_reports.call_id exists
2026-06-09T11:09:41: ✅ call_reports.session_id exists
2026-06-09T11:09:41: ✅ call_reports.client_name exists
2026-06-09T11:09:41: ✅ call_reports.staff_name exists
2026-06-09T11:09:41: ✅ call_reports.executive_name exists
2026-06-09T11:09:41: ✅ call_reports.phone exists
2026-06-09T11:09:41: ✅ call_reports.location exists
2026-06-09T11:09:41: ✅ call_reports.call_sequence exists
2026-06-09T11:09:41: ✅ call_reports.report_date exists
2026-06-09T11:09:41: ✅ call_reports.complaint exists
2026-06-09T11:09:41: ✅ call_reports.priority exists
2026-06-09T11:09:41: ✅ call_reports.call_type exists
2026-06-09T11:09:41: ✅ call_reports.payment_type exists
2026-06-09T11:09:41: ✅ call_reports.invoice_value exists
2026-06-09T11:09:41: ✅ call_reports.payment_status exists
2026-06-09T11:09:41: ✅ call_reports.petrol_charges exists
2026-06-09T11:09:41: ✅ call_reports.spare_parts_price exists
2026-06-09T11:09:41: ✅ call_reports.labour_charges exists
2026-06-09T11:09:41: ✅ call_reports.total_expenses exists
2026-06-09T11:09:41: ✅ call_reports.customer_name exists
2026-06-09T11:09:41: ✅ call_reports.mobile_number exists
2026-06-09T11:09:41: ✅ call_reports.location_city exists
2026-06-09T11:09:41: ✅ call_reports.contract_title exists
2026-06-09T11:09:41: ✅ call_reports.service_type exists
2026-06-09T11:09:41: ✅ call_reports.description exists
2026-06-09T11:09:41: ✅ call_reports.service_person exists
2026-06-09T11:09:41: ✅ call_reports.contract_id exists
2026-06-09T11:09:41: ✅ call_reports.call_referrer exists
2026-06-09T11:09:41: ✅ call_reports.step2_completed exists
2026-06-09T11:09:41: ✅ call_reports.email exists
2026-06-09T11:09:41: ✅ call_reports.status exists
2026-06-09T11:09:41: ✅ call_reports.gst_number exists
2026-06-09T11:09:41: ✅ call_reports.company_name exists
2026-06-09T11:09:41: ✅ call_reports.completed_at exists
2026-06-09T11:09:41: ✅ call_reports.carry_forward_date exists
2026-06-09T11:09:41: ✅ amc_alc_services.amount_collected exists
2026-06-09T11:09:41: ✅ amc_alc_services.payment_mode exists
2026-06-09T11:09:41: ✅ amc_alc_services.call_number exists
2026-06-09T11:09:41: ✅ amc_alc_services.breakpoints exists
2026-06-09T11:09:41: ✅ amc_alc_services.duration_limit exists
2026-06-09T11:09:41: ✅ clients.gst_number exists
2026-06-09T11:09:41: ✅ clients.company_name exists
2026-06-09T11:09:41: ✅ clients.service exists
2026-06-09T11:09:41: ✅ clients.alternate_phone exists
2026-06-09T11:09:41: ✅ clients.city exists
2026-06-09T11:09:41: ✅ clients.state exists
2026-06-09T11:09:41: ✅ clients.pincode exists
2026-06-09T11:09:41: ✅ clients.notes exists
2026-06-09T11:09:41: ✅ clients.client_status exists
2026-06-09T11:09:41: ✅ clients.original_lead_id exists
2026-06-09T11:09:41: ✅ clients.original_lead_type exists
2026-06-09T11:09:41: ✅ clients.converted_at exists
2026-06-09T11:09:41: ✅ clients.lead_email exists
2026-06-09T11:09:41: ✅ clients.lead_city exists
2026-06-09T11:09:41: ✅ clients.lead_reference exists
2026-06-09T11:09:41: ✅ clients.lead_purpose exists
2026-06-09T11:09:41: ✅ clients.client_status exists
2026-06-09T11:09:41: ✅ clients.lead_staff_name exists
2026-06-09T11:09:41: ✅ clients.lead_id_display exists
2026-06-09T11:09:41: ✅ clients.assigned_teammember_id exists
2026-06-09T11:09:41: ✅ clients.state exists
2026-06-09T11:09:41: ✅ clients.pincode exists
2026-06-09T11:09:41: ✅ users.emp_id exists
2026-06-09T11:09:41: ✅ quotations.reference_no exists
2026-06-09T11:09:41: ✅ quotations.from_address_id exists
2026-06-09T11:09:41: ✅ quotations.from_address_custom exists
2026-06-09T11:09:41: ✅ quotations.client_company exists
2026-06-09T11:09:41: ✅ quotations.client_address1 exists
2026-06-09T11:09:41: ✅ quotations.client_address2 exists
2026-06-09T11:09:41: ✅ quotations.client_city exists
2026-06-09T11:09:41: ✅ quotations.client_state exists
2026-06-09T11:09:41: ✅ quotations.client_pincode exists
2026-06-09T11:09:41: ✅ quotations.client_country exists
2026-06-09T11:09:41: ✅ quotations.tax_type exists
2026-06-09T11:09:41: ✅ quotations.custom_tax exists
2026-06-09T11:09:41: ✅ quotations.exec_name exists
2026-06-09T11:09:41: ✅ quotations.exec_phone exists
2026-06-09T11:09:41: ✅ quotations.exec_email exists
2026-06-09T11:09:41: ✅ quotations.terms_general exists
2026-06-09T11:09:41: ✅ quotations.terms_tax exists
2026-06-09T11:09:41: ✅ quotations.terms_project_period exists
2026-06-09T11:09:41: ✅ quotations.terms_validity exists
2026-06-09T11:09:41: ✅ quotations.terms_separate_orders exists
2026-06-09T11:09:41: ✅ quotations.terms_payment exists
2026-06-09T11:09:41: ✅ quotations.terms_payment_custom exists
2026-06-09T11:09:41: ✅ quotations.terms_warranty exists
2026-06-09T11:09:41: ✅ quotations.hsn_sac_code exists
2026-06-09T11:09:41: ✅ quotations.supplier_branch exists
2026-06-09T11:09:41: ✅ quotations.bank_details_id exists
2026-06-09T11:09:41: ✅ quotations.bank_company exists
2026-06-09T11:09:41: ✅ quotations.bank_name exists
2026-06-09T11:09:41: ✅ quotations.bank_account exists
2026-06-09T11:09:41: ✅ quotations.bank_ifsc exists
2026-06-09T11:09:41: ✅ quotations.bank_branch exists
2026-06-09T11:09:41: ✅ quotations.custom_terms exists
2026-06-09T11:09:41: ✅ quotations.is_latest exists
2026-06-09T11:09:41: ✅ quotations.parent_id exists
2026-06-09T11:09:41: ✅ quotations.version exists
2026-06-09T11:09:41: ✅ performainvoices.reference_no exists
2026-06-09T11:09:41: ✅ performainvoices.from_address_id exists
2026-06-09T11:09:41: ✅ performainvoices.from_address_custom exists
2026-06-09T11:09:41: ✅ performainvoices.client_company exists
2026-06-09T11:09:41: ✅ performainvoices.client_address1 exists
2026-06-09T11:09:41: ✅ performainvoices.client_address2 exists
2026-06-09T11:09:41: ✅ performainvoices.client_city exists
2026-06-09T11:09:41: ✅ performainvoices.client_state exists
2026-06-09T11:09:41: ✅ performainvoices.client_pincode exists
2026-06-09T11:09:41: ✅ performainvoices.client_country exists
2026-06-09T11:09:41: ✅ performainvoices.tax_type exists
2026-06-09T11:09:41: ✅ performainvoices.custom_tax exists
2026-06-09T11:09:41: ✅ performainvoices.exec_name exists
2026-06-09T11:09:41: ✅ performainvoices.exec_phone exists
2026-06-09T11:09:41: ✅ performainvoices.exec_email exists
2026-06-09T11:09:41: ✅ performainvoices.terms_general exists
2026-06-09T11:09:41: ✅ performainvoices.terms_tax exists
2026-06-09T11:09:41: ✅ performainvoices.terms_project_period exists
2026-06-09T11:09:41: ✅ performainvoices.terms_validity exists
2026-06-09T11:09:41: ✅ performainvoices.terms_separate_orders exists
2026-06-09T11:09:41: ✅ performainvoices.terms_payment exists
2026-06-09T11:09:41: ✅ performainvoices.terms_payment_custom exists
2026-06-09T11:09:41: ✅ performainvoices.terms_warranty exists
2026-06-09T11:09:41: ✅ performainvoices.hsn_sac_code exists
2026-06-09T11:09:41: ✅ performainvoices.supplier_branch exists
2026-06-09T11:09:41: ✅ performainvoices.bank_details_id exists
2026-06-09T11:09:41: ✅ performainvoices.bank_company exists
2026-06-09T11:09:41: ✅ performainvoices.bank_name exists
2026-06-09T11:09:41: ✅ performainvoices.bank_account exists
2026-06-09T11:09:41: ✅ performainvoices.bank_ifsc exists
2026-06-09T11:09:41: ✅ performainvoices.bank_branch exists
2026-06-09T11:09:41: ✅ performainvoices.custom_terms exists
2026-06-09T11:09:41: ✅ services.reference_no exists
2026-06-09T11:09:41: ✅ services.from_address_id exists
2026-06-09T11:09:41: ✅ services.from_address_custom exists
2026-06-09T11:09:41: ✅ services.client_company exists
2026-06-09T11:09:41: ✅ services.client_address1 exists
2026-06-09T11:09:41: ✅ services.client_address2 exists
2026-06-09T11:09:41: ✅ services.client_city exists
2026-06-09T11:09:41: ✅ services.client_state exists
2026-06-09T11:09:41: ✅ services.client_pincode exists
2026-06-09T11:09:41: ✅ services.client_country exists
2026-06-09T11:09:41: ✅ services.tax_type exists
2026-06-09T11:09:41: ✅ services.custom_tax exists
2026-06-09T11:09:41: ✅ services.exec_name exists
2026-06-09T11:09:41: ✅ services.exec_phone exists
2026-06-09T11:09:41: ✅ services.exec_email exists
2026-06-09T11:09:41: ✅ services.terms_general exists
2026-06-09T11:09:41: ✅ services.terms_tax exists
2026-06-09T11:09:41: ✅ services.terms_project_period exists
2026-06-09T11:09:41: ✅ services.terms_validity exists
2026-06-09T11:09:41: ✅ services.terms_separate_orders exists
2026-06-09T11:09:41: ✅ services.terms_payment exists
2026-06-09T11:09:41: ✅ services.terms_payment_custom exists
2026-06-09T11:09:41: ✅ services.terms_warranty exists
2026-06-09T11:09:41: ✅ services.hsn_sac_code exists
2026-06-09T11:09:41: ✅ services.supplier_branch exists
2026-06-09T11:09:41: ✅ services.bank_details_id exists
2026-06-09T11:09:41: ✅ services.bank_company exists
2026-06-09T11:09:41: ✅ services.bank_name exists
2026-06-09T11:09:41: ✅ services.bank_account exists
2026-06-09T11:09:41: ✅ services.bank_ifsc exists
2026-06-09T11:09:41: ✅ services.bank_branch exists
2026-06-09T11:09:41: ✅ services.custom_terms exists
2026-06-09T11:09:41: ✅ estimatenew.client_company exists
2026-06-09T11:09:41: ✅ estimatenew.client_address exists
2026-06-09T11:09:41: ✅ estimatenew.client_city exists
2026-06-09T11:09:41: ✅ estimatenew.client_state exists
2026-06-09T11:09:41: ✅ estimatenew.client_gst exists
2026-06-09T11:09:41: ✅ estimatenew.client_phone exists
2026-06-09T11:09:41: ✅ estimatenew.subtotal exists
2026-06-09T11:09:41: ✅ estimatenew.total_tax exists
2026-06-09T11:09:41: ✅ estimatenew.total_discount exists
2026-06-09T11:09:41: ✅ estimatenew.grand_total exists
2026-06-09T11:09:41: ✅ estimateclient.subtotal exists
2026-06-09T11:09:41: ✅ estimateclient.total_tax exists
2026-06-09T11:09:41: ✅ estimateclient.total_discount exists
2026-06-09T11:09:41: ✅ estimateclient.grand_total exists
2026-06-09T11:09:41: ✅ quotation_items.uom exists
2026-06-09T11:09:41: ✅ quotation_items.hsn_sac exists
2026-06-09T11:09:41: ✅ quotation_items.brand_model exists
2026-06-09T11:09:41: ✅ customers.gst_number exists
2026-06-09T11:09:41: ✅ customers.created_by exists
2026-06-09T11:09:41: ✅ users.last_name exists
2026-06-09T11:09:41: ✅ user_email_configs.smtp_secure exists
2026-06-09T11:09:41: ✅ user_email_configs.from_email_address exists
2026-06-09T11:09:41: ✅ user_email_configs.sender_name exists
2026-06-09T11:09:41: ✅ user_email_configs.provider exists
2026-06-09T11:09:41: ✅ user_email_configs.is_enabled exists
2026-06-09T11:09:41: ✅ users.two_factor_enabled exists
2026-06-09T11:09:41: ✅ quotations.gst_mode exists
2026-06-09T11:09:41: ✅ quotations.status exists
2026-06-09T11:09:41: ✅ performainvoices.gst_mode exists
2026-06-09T11:09:41: ✅ performainvoices.status exists
2026-06-09T11:09:41: ✅ estimate_invoices.gst_mode exists
2026-06-09T11:09:41: ✅ estimate_invoices.status exists
2026-06-09T11:09:41: ✅ service_estimations.gst_mode exists
2026-06-09T11:09:41: ✅ service_estimations.status exists
2026-06-09T11:09:41: ✅ services.gst_mode exists
2026-06-09T11:09:41: ✅ estimatenew.gst_mode exists
2026-06-09T11:09:41: ✅ Create table pi_from_addresses
2026-06-09T11:09:41: ✅ Create table email_otp
2026-06-09T11:09:41: ✅ Create table payments
2026-06-09T11:09:41: ✅ Create table clientinvoices
2026-06-09T11:09:41: ✅ Create table messages
2026-06-09T11:09:41: ✅ Create table service_items
2026-06-09T11:09:41: ✅ Create table service_estimations
2026-06-09T11:09:41: ✅ Create table service_estimation_items
2026-06-09T11:09:41: ✅ Create table estimate_invoices
2026-06-09T11:09:41: ✅ Create table estimate_invoice_items
2026-06-09T11:09:41: ✅ Create table estimate_items
2026-06-09T11:09:41: ✅ Create table performainvoice_items
2026-06-09T11:09:41: ✅ Create table performainvoices
2026-06-09T11:09:41: ✅ Create table services
2026-06-09T11:09:41: ✅ Create table customers
2026-06-09T11:09:41: ✅ Create table quotations
2026-06-09T11:09:41: ✅ Create table quotation_items
2026-06-09T11:09:41: ✅ Create table lead_reminders
2026-06-09T11:09:41: ✅ Create table lead_activity
2026-06-09T11:09:41: ✅ Create table lead_escalations
2026-06-09T11:09:41: ✅ Create table admin_notifications
2026-06-09T11:09:41: ✅ Create table profile_change_requests
2026-06-09T11:09:41: ✅ Create table amc_alc_services
2026-06-09T11:09:41: ✅ Create table service_activity
2026-06-09T11:09:41: ✅ Create table task_targets
2026-06-09T11:09:41: ✅ Create table task_achievements
2026-06-09T11:09:41: ✅ Create table task_updates
2026-06-09T11:09:41: ✅ Create table call_reports
2026-06-09T11:09:41: ✅ Create table task_activity
2026-06-09T11:09:41: ✅ Create table notifications
2026-06-09T11:09:41: ✅ Create table task_assignments
2026-06-09T11:09:41: ✅ Create table clients
2026-06-09T11:09:41: ✅ Create table user_email_configs
2026-06-09T11:09:41: ✅ lead_reminders.reminder_time exists
2026-06-09T11:09:41: ✅ lead_reminders.missed_count exists
2026-06-09T11:09:41: ✅ lead_reminders.notification_sent exists
2026-06-09T11:09:41: ✅ lead_reminders.employee_id exists
2026-06-09T11:09:41: ✅ lead_escalations.missed_count exists
2026-06-09T11:09:41: ✅ users.status exists
2026-06-09T11:09:41: ✅ users.emp_id exists
2026-06-09T11:09:41: ✅ admin_notifications.related_id exists
2026-06-09T11:09:41: ✅ admin_notifications.related_type exists
2026-06-09T11:09:41: ✅ admin_notifications.created_by exists
2026-06-09T11:09:41: ✅ admin_notifications.priority exists
2026-06-09T11:09:41: ✅ admin_notifications.is_archived exists
2026-06-09T11:09:41: ✅ notifications.user_id exists
2026-06-09T11:09:41: ✅ notifications.type exists
2026-06-09T11:09:41: ✅ notifications.is_archived exists
2026-06-09T11:09:41: ✅ task_assignments.status exists
2026-06-09T11:09:41: ✅ teammember.mobile_number exists
2026-06-09T11:09:41: ✅ teammember.emp_id exists
2026-06-09T11:09:41: ✅ teammember.user_id exists
2026-06-09T11:09:41: ✅ teammember.emp_address exists
2026-06-09T11:09:41: ✅ telecalls.created_by exists
2026-06-09T11:09:41: ✅ telecalls.email exists
2026-06-09T11:09:41: ✅ walkins.assigned_to exists
2026-06-09T11:09:41: ✅ walkins.created_by exists
2026-06-09T11:09:41: ✅ walkins.email exists
2026-06-09T11:09:41: ✅ fields.assigned_to exists
2026-06-09T11:09:41: ✅ fields.created_by exists
2026-06-09T11:09:41: ✅ fields.email exists
2026-06-09T11:09:41: ✅ quotations.lead_id exists
2026-06-09T11:09:41: ✅ quotations.lead_type exists
2026-06-09T11:09:41: ✅ contracts.contract_type exists
2026-06-09T11:09:41: ✅ contracts.quotation_id exists
2026-06-09T11:09:41: ✅ contracts.mobile_number exists
2026-06-09T11:09:41: ✅ contracts.location_city exists
2026-06-09T11:09:41: ✅ amc_alc_services.labour_charges exists
2026-06-09T11:09:41: ✅ amc_alc_services.contract_title exists
2026-06-09T11:09:41: ✅ amc_alc_services.start_time exists
2026-06-09T11:09:41: ✅ amc_alc_services.end_time exists
2026-06-09T11:09:41: ✅ amc_alc_services.km exists
2026-06-09T11:09:41: ✅ amc_alc_services.technician exists
2026-06-09T11:09:41: ✅ amc_alc_services.sales_person exists
2026-06-09T11:09:41: ✅ amc_alc_services.remarks exists
2026-06-09T11:09:41: ✅ amc_alc_services.email exists
2026-06-09T11:09:41: ✅ amc_alc_services.next_service_date exists
2026-06-09T11:09:41: ✅ amc_alc_services.service_type exists
2026-06-09T11:09:41: ✅ task_targets.user_id exists
2026-06-09T11:09:41: ✅ task_targets.created_by_admin exists
2026-06-09T11:09:41: ✅ task_achievements.achieved_amount exists
2026-06-09T11:09:41: ✅ task_updates.amount exists
2026-06-09T11:09:41: ✅ call_reports.start_time exists
2026-06-09T11:09:41: ✅ call_reports.end_time exists
2026-06-09T11:09:41: ✅ call_reports.km exists
2026-06-09T11:09:41: ✅ call_reports.remarks exists
2026-06-09T11:09:41: ✅ call_reports.technician exists
2026-06-09T11:09:41: ✅ call_reports.sales_person exists
2026-06-09T11:09:41: ✅ tasks.assigned_teammember_id exists
2026-06-09T11:09:41: ✅ task_targets.teammember_id exists
2026-06-09T11:09:41: ✅ quotations.reference_no exists
2026-06-09T11:09:41: ✅ task_targets.carry_forward exists
2026-06-09T11:09:41: ✅ task_targets.effective_target exists
2026-06-09T11:09:41: ✅ task_targets.user_id exists
2026-06-09T11:09:41: ✅ task_targets.created_by_admin exists
2026-06-09T11:09:41: ✅ task_achievements.achieved_amount exists
2026-06-09T11:09:41: ✅ clients.created_by exists
2026-06-09T11:09:41: ✅ tasks.created_by exists
2026-06-09T11:09:41: ✅ tasks.task_description exists
2026-06-09T11:09:41: ✅ tasks.assigned_to exists
2026-06-09T11:09:41: ✅ quotations.created_by exists
2026-06-09T11:09:41: ✅ contracts.created_by exists
2026-06-09T11:09:41: ✅ contracts.client_company exists
2026-06-09T11:09:41: ✅ contracts.amount_value exists
2026-06-09T11:09:41: ✅ contracts.remaining exists
2026-06-09T11:09:41: ✅ contracts.email exists
2026-06-09T11:09:41: ✅ clientinvoices.created_by exists
2026-06-09T11:09:41: ✅ performainvoices.created_by exists
2026-06-09T11:09:41: ✅ services.created_by exists
2026-06-09T11:09:41: ✅ call_reports.created_by exists
2026-06-09T11:09:41: ✅ lead_activity.employee_id exists
2026-06-09T11:09:41: ✅ lead_escalations.missed_threshold_reached exists
2026-06-09T11:09:41: ✅ lead_escalations.employee_id exists
2026-06-09T11:09:41: ✅ performainvoices.is_latest exists
2026-06-09T11:09:41: ✅ performainvoices.version exists
2026-06-09T11:09:41: ✅ performainvoices.parent_id exists
2026-06-09T11:09:41: ✅ performa_invoice_items.uom exists
2026-06-09T11:09:41: ✅ performainvoice_items.uom exists
2026-06-09T11:09:41: ✅ task_assignments.response_notes exists
2026-06-09T11:09:41: ✅ call_reports.amount_collected exists
2026-06-09T11:09:41: ✅ call_reports.payment_mode exists
2026-06-09T11:09:41: ✅ call_reports.duration_limit exists
2026-06-09T11:09:41: ✅ call_reports.actual_duration exists
2026-06-09T11:09:41: ✅ call_reports.is_exceeded exists
2026-06-09T11:09:41: ✅ call_reports.assigned_time exists
2026-06-09T11:09:41: ✅ call_reports.call_id exists
2026-06-09T11:09:41: ✅ call_reports.session_id exists
2026-06-09T11:09:41: ✅ call_reports.client_name exists
2026-06-09T11:09:41: ✅ call_reports.staff_name exists
2026-06-09T11:09:41: ✅ call_reports.executive_name exists
2026-06-09T11:09:41: ✅ call_reports.phone exists
2026-06-09T11:09:41: ✅ call_reports.location exists
2026-06-09T11:09:41: ✅ call_reports.call_sequence exists
2026-06-09T11:09:41: ✅ call_reports.report_date exists
2026-06-09T11:09:41: ✅ call_reports.complaint exists
2026-06-09T11:09:41: ✅ call_reports.priority exists
2026-06-09T11:09:41: ✅ call_reports.call_type exists
2026-06-09T11:09:41: ✅ call_reports.payment_type exists
2026-06-09T11:09:41: ✅ call_reports.invoice_value exists
2026-06-09T11:09:41: ✅ call_reports.payment_status exists
2026-06-09T11:09:41: ✅ call_reports.petrol_charges exists
2026-06-09T11:09:41: ✅ call_reports.spare_parts_price exists
2026-06-09T11:09:41: ✅ call_reports.labour_charges exists
2026-06-09T11:09:41: ✅ call_reports.total_expenses exists
2026-06-09T11:09:41: ✅ call_reports.customer_name exists
2026-06-09T11:09:41: ✅ call_reports.mobile_number exists
2026-06-09T11:09:41: ✅ call_reports.location_city exists
2026-06-09T11:09:41: ✅ call_reports.contract_title exists
2026-06-09T11:09:41: ✅ call_reports.service_type exists
2026-06-09T11:09:41: ✅ call_reports.description exists
2026-06-09T11:09:41: ✅ call_reports.service_person exists
2026-06-09T11:09:41: ✅ call_reports.contract_id exists
2026-06-09T11:09:41: ✅ call_reports.call_referrer exists
2026-06-09T11:09:41: ✅ call_reports.step2_completed exists
2026-06-09T11:09:41: ✅ call_reports.email exists
2026-06-09T11:09:41: ✅ call_reports.status exists
2026-06-09T11:09:41: ✅ call_reports.gst_number exists
2026-06-09T11:09:41: ✅ call_reports.company_name exists
2026-06-09T11:09:41: ✅ call_reports.completed_at exists
2026-06-09T11:09:41: ✅ call_reports.carry_forward_date exists
2026-06-09T11:09:41: ✅ amc_alc_services.amount_collected exists
2026-06-09T11:09:41: ✅ amc_alc_services.payment_mode exists
2026-06-09T11:09:41: ✅ amc_alc_services.call_number exists
2026-06-09T11:09:41: ✅ amc_alc_services.breakpoints exists
2026-06-09T11:09:41: ✅ amc_alc_services.duration_limit exists
2026-06-09T11:09:41: ✅ clients.gst_number exists
2026-06-09T11:09:41: ✅ clients.company_name exists
2026-06-09T11:09:41: ✅ clients.service exists
2026-06-09T11:09:41: ✅ clients.alternate_phone exists
2026-06-09T11:09:41: ✅ clients.city exists
2026-06-09T11:09:41: ✅ clients.state exists
2026-06-09T11:09:41: ✅ clients.pincode exists
2026-06-09T11:09:41: ✅ clients.notes exists
2026-06-09T11:09:41: ✅ clients.client_status exists
2026-06-09T11:09:41: ✅ clients.original_lead_id exists
2026-06-09T11:09:41: ✅ clients.original_lead_type exists
2026-06-09T11:09:41: ✅ clients.converted_at exists
2026-06-09T11:09:41: ✅ clients.lead_email exists
2026-06-09T11:09:41: ✅ clients.lead_city exists
2026-06-09T11:09:41: ✅ clients.lead_reference exists
2026-06-09T11:09:41: ✅ clients.lead_purpose exists
2026-06-09T11:09:41: ✅ clients.client_status exists
2026-06-09T11:09:41: ✅ clients.lead_staff_name exists
2026-06-09T11:09:41: ✅ clients.lead_id_display exists
2026-06-09T11:09:41: ✅ clients.assigned_teammember_id exists
2026-06-09T11:09:41: ✅ clients.state exists
2026-06-09T11:09:41: ✅ clients.pincode exists
2026-06-09T11:09:41: ✅ users.emp_id exists
2026-06-09T11:09:41: ✅ quotations.reference_no exists
2026-06-09T11:09:41: ✅ quotations.from_address_id exists
2026-06-09T11:09:41: ✅ quotations.from_address_custom exists
2026-06-09T11:09:41: ✅ quotations.client_company exists
2026-06-09T11:09:41: ✅ quotations.client_address1 exists
2026-06-09T11:09:41: ✅ quotations.client_address2 exists
2026-06-09T11:09:41: ✅ quotations.client_city exists
2026-06-09T11:09:41: ✅ quotations.client_state exists
2026-06-09T11:09:41: ✅ quotations.client_pincode exists
2026-06-09T11:09:41: ✅ quotations.client_country exists
2026-06-09T11:09:41: ✅ quotations.tax_type exists
2026-06-09T11:09:41: ✅ quotations.custom_tax exists
2026-06-09T11:09:41: ✅ quotations.exec_name exists
2026-06-09T11:09:41: ✅ quotations.exec_phone exists
2026-06-09T11:09:41: ✅ quotations.exec_email exists
2026-06-09T11:09:41: ✅ quotations.terms_general exists
2026-06-09T11:09:41: ✅ quotations.terms_tax exists
2026-06-09T11:09:41: ✅ quotations.terms_project_period exists
2026-06-09T11:09:41: ✅ quotations.terms_validity exists
2026-06-09T11:09:41: ✅ quotations.terms_separate_orders exists
2026-06-09T11:09:41: ✅ quotations.terms_payment exists
2026-06-09T11:09:41: ✅ quotations.terms_payment_custom exists
2026-06-09T11:09:41: ✅ quotations.terms_warranty exists
2026-06-09T11:09:41: ✅ quotations.hsn_sac_code exists
2026-06-09T11:09:41: ✅ quotations.supplier_branch exists
2026-06-09T11:09:41: ✅ quotations.bank_details_id exists
2026-06-09T11:09:41: ✅ quotations.bank_company exists
2026-06-09T11:09:41: ✅ quotations.bank_name exists
2026-06-09T11:09:41: ✅ quotations.bank_account exists
2026-06-09T11:09:41: ✅ quotations.bank_ifsc exists
2026-06-09T11:09:41: ✅ quotations.bank_branch exists
2026-06-09T11:09:41: ✅ quotations.custom_terms exists
2026-06-09T11:09:41: ✅ quotations.is_latest exists
2026-06-09T11:09:41: ✅ quotations.parent_id exists
2026-06-09T11:09:41: ✅ quotations.version exists
2026-06-09T11:09:41: ✅ performainvoices.reference_no exists
2026-06-09T11:09:41: ✅ performainvoices.from_address_id exists
2026-06-09T11:09:41: ✅ performainvoices.from_address_custom exists
2026-06-09T11:09:41: ✅ performainvoices.client_company exists
2026-06-09T11:09:41: ✅ performainvoices.client_address1 exists
2026-06-09T11:09:41: ✅ performainvoices.client_address2 exists
2026-06-09T11:09:41: ✅ performainvoices.client_city exists
2026-06-09T11:09:41: ✅ performainvoices.client_state exists
2026-06-09T11:09:41: ✅ performainvoices.client_pincode exists
2026-06-09T11:09:41: ✅ performainvoices.client_country exists
2026-06-09T11:09:41: ✅ performainvoices.tax_type exists
2026-06-09T11:09:41: ✅ performainvoices.custom_tax exists
2026-06-09T11:09:41: ✅ performainvoices.exec_name exists
2026-06-09T11:09:41: ✅ performainvoices.exec_phone exists
2026-06-09T11:09:41: ✅ performainvoices.exec_email exists
2026-06-09T11:09:41: ✅ performainvoices.terms_general exists
2026-06-09T11:09:41: ✅ performainvoices.terms_tax exists
2026-06-09T11:09:41: ✅ performainvoices.terms_project_period exists
2026-06-09T11:09:41: ✅ performainvoices.terms_validity exists
2026-06-09T11:09:41: ✅ performainvoices.terms_separate_orders exists
2026-06-09T11:09:41: ✅ performainvoices.terms_payment exists
2026-06-09T11:09:41: ✅ performainvoices.terms_payment_custom exists
2026-06-09T11:09:41: ✅ performainvoices.terms_warranty exists
2026-06-09T11:09:41: ✅ performainvoices.hsn_sac_code exists
2026-06-09T11:09:41: ✅ performainvoices.supplier_branch exists
2026-06-09T11:09:41: ✅ performainvoices.bank_details_id exists
2026-06-09T11:09:41: ✅ performainvoices.bank_company exists
2026-06-09T11:09:41: ✅ performainvoices.bank_name exists
2026-06-09T11:09:41: ✅ performainvoices.bank_account exists
2026-06-09T11:09:41: ✅ performainvoices.bank_ifsc exists
2026-06-09T11:09:41: ✅ performainvoices.bank_branch exists
2026-06-09T11:09:41: ✅ performainvoices.custom_terms exists
2026-06-09T11:09:41: ✅ services.reference_no exists
2026-06-09T11:09:41: ✅ services.from_address_id exists
2026-06-09T11:09:41: ✅ services.from_address_custom exists
2026-06-09T11:09:41: ✅ services.client_company exists
2026-06-09T11:09:41: ✅ services.client_address1 exists
2026-06-09T11:09:41: ✅ services.client_address2 exists
2026-06-09T11:09:41: ✅ services.client_city exists
2026-06-09T11:09:41: ✅ services.client_state exists
2026-06-09T11:09:41: ✅ services.client_pincode exists
2026-06-09T11:09:41: ✅ services.client_country exists
2026-06-09T11:09:41: ✅ services.tax_type exists
2026-06-09T11:09:41: ✅ services.custom_tax exists
2026-06-09T11:09:41: ✅ services.exec_name exists
2026-06-09T11:09:41: ✅ services.exec_phone exists
2026-06-09T11:09:41: ✅ services.exec_email exists
2026-06-09T11:09:41: ✅ services.terms_general exists
2026-06-09T11:09:41: ✅ services.terms_tax exists
2026-06-09T11:09:41: ✅ services.terms_project_period exists
2026-06-09T11:09:41: ✅ services.terms_validity exists
2026-06-09T11:09:41: ✅ services.terms_separate_orders exists
2026-06-09T11:09:41: ✅ services.terms_payment exists
2026-06-09T11:09:41: ✅ services.terms_payment_custom exists
2026-06-09T11:09:41: ✅ services.terms_warranty exists
2026-06-09T11:09:41: ✅ services.hsn_sac_code exists
2026-06-09T11:09:41: ✅ services.supplier_branch exists
2026-06-09T11:09:42: ✅ services.bank_details_id exists
2026-06-09T11:09:42: ✅ services.bank_company exists
2026-06-09T11:09:42: ✅ services.bank_name exists
2026-06-09T11:09:42: ✅ services.bank_account exists
2026-06-09T11:09:42: ✅ services.bank_ifsc exists
2026-06-09T11:09:42: ✅ services.bank_branch exists
2026-06-09T11:09:42: ✅ services.custom_terms exists
2026-06-09T11:09:42: ✅ estimatenew.client_company exists
2026-06-09T11:09:42: ✅ estimatenew.client_address exists
2026-06-09T11:09:42: ✅ estimatenew.client_city exists
2026-06-09T11:09:42: ✅ estimatenew.client_state exists
2026-06-09T11:09:42: ✅ estimatenew.client_gst exists
2026-06-09T11:09:42: ✅ estimatenew.client_phone exists
2026-06-09T11:09:42: ✅ estimatenew.subtotal exists
2026-06-09T11:09:42: ✅ estimatenew.total_tax exists
2026-06-09T11:09:42: ✅ estimatenew.total_discount exists
2026-06-09T11:09:42: ✅ estimatenew.grand_total exists
2026-06-09T11:09:42: ✅ estimateclient.subtotal exists
2026-06-09T11:09:42: ✅ estimateclient.total_tax exists
2026-06-09T11:09:42: ✅ estimateclient.total_discount exists
2026-06-09T11:09:42: ✅ estimateclient.grand_total exists
2026-06-09T11:09:42: ✅ quotation_items.uom exists
2026-06-09T11:09:42: ✅ quotation_items.hsn_sac exists
2026-06-09T11:09:42: ✅ quotation_items.brand_model exists
2026-06-09T11:09:42: ✅ customers.gst_number exists
2026-06-09T11:09:42: ✅ customers.created_by exists
2026-06-09T11:09:42: ✅ users.last_name exists
2026-06-09T11:09:42: ✅ user_email_configs.smtp_secure exists
2026-06-09T11:09:42: ✅ user_email_configs.from_email_address exists
2026-06-09T11:09:42: ✅ user_email_configs.sender_name exists
2026-06-09T11:09:42: ✅ user_email_configs.provider exists
2026-06-09T11:09:42: ✅ user_email_configs.is_enabled exists
2026-06-09T11:09:42: ✅ users.two_factor_enabled exists
2026-06-09T11:09:42: ✅ quotations.gst_mode exists
2026-06-09T11:09:42: ✅ quotations.status exists
2026-06-09T11:09:42: ✅ performainvoices.gst_mode exists
2026-06-09T11:09:42: ✅ performainvoices.status exists
2026-06-09T11:09:42: ✅ estimate_invoices.gst_mode exists
2026-06-09T11:09:42: ✅ estimate_invoices.status exists
2026-06-09T11:09:42: ✅ service_estimations.gst_mode exists
2026-06-09T11:09:42: ✅ service_estimations.status exists
2026-06-09T11:09:42: ✅ services.gst_mode exists
2026-06-09T11:09:42: ✅ estimatenew.gst_mode exists
2026-06-09T11:09:42: Users role column updated
2026-06-09T11:09:42: Teammember emp_role updated
2026-06-09T11:09:42: OTP email transporter is ready
2026-06-09T11:09:42: Default employees seeded successfully.
2026-06-09T11:09:42: [Scheduler] Reminder escalation scheduler started (every 15 min)
2026-06-09T11:09:42: [Scheduler] End-of-day task scheduler started (daily at 6 PM)
2026-06-09T11:09:42: ✅ Server running: http://0.0.0.0:5000 [production]
2026-06-09T11:09:52: [Scheduler] Running initial task check...
2026-06-09T11:09:52: [Scheduler] End-of-day task check complete. Evaluated 1 incomplete tasks.
2026-06-09T11:09:52: [Scheduler] End-of-day summary notification dispatched: 1 incomplete tasks
2026-06-09T11:09:53: [Web Push] No active admin push subscriptions found.
2026-06-09T11:10:01: User 708 joined notifications channel
2026-06-09T11:10:01: Admin joined notifications channel
2026-06-09T11:10:01: User 708 joined notifications channel
2026-06-09T11:10:01: Admin joined notifications channel
2026-06-09T11:20:46: Client disconnected from notifications
2026-06-09T11:20:46: Client disconnected from notifications
2026-06-09T12:00:07: Client disconnected from notifications
2026-06-09T12:00:08: User 708 joined notifications channel
2026-06-09T12:00:08: Admin joined notifications channel
2026-06-09T12:09:17: Client disconnected from notifications
2026-06-09T12:25:17: ◇ injected env (12) from .env // tip: ⌘ enable debugging { debug: true }
2026-06-09T12:25:18: ◇ injected env (0) from .env // tip: ⌁ auth for agents [www.vestauth.com]
2026-06-09T12:25:18: Generating fresh VAPID Keys for Push Notifications...
2026-06-09T12:25:18: VAPID Keys generated and saved to backend/.env
2026-06-09T12:25:18: MySQL Connected (127.0.0.1:3306)
2026-06-09T12:25:18: Using database achme
2026-06-09T12:25:19: Database initialized successfully
2026-06-09T12:25:19: ✅ lead_reminders.reminder_time exists
2026-06-09T12:25:19: ✅ lead_reminders.missed_count exists
2026-06-09T12:25:19: ✅ lead_reminders.notification_sent exists
2026-06-09T12:25:19: ✅ lead_reminders.employee_id exists
2026-06-09T12:25:19: ✅ lead_escalations.missed_count exists
2026-06-09T12:25:19: ✅ users.status exists
2026-06-09T12:25:19: ✅ users.emp_id exists
2026-06-09T12:25:19: ✅ admin_notifications.related_id exists
2026-06-09T12:25:19: ✅ admin_notifications.related_type exists
2026-06-09T12:25:19: ✅ admin_notifications.created_by exists
2026-06-09T12:25:19: ✅ admin_notifications.priority exists
2026-06-09T12:25:19: ✅ admin_notifications.is_archived exists
2026-06-09T12:25:19: ✅ notifications.user_id exists
2026-06-09T12:25:19: ✅ notifications.type exists
2026-06-09T12:25:19: ✅ notifications.is_archived exists
2026-06-09T12:25:19: ✅ task_assignments.status exists
2026-06-09T12:25:19: ✅ teammember.mobile_number exists
2026-06-09T12:25:19: ✅ teammember.emp_id exists
2026-06-09T12:25:19: ✅ teammember.user_id exists
2026-06-09T12:25:19: ✅ teammember.emp_address exists
2026-06-09T12:25:19: ✅ telecalls.created_by exists
2026-06-09T12:25:19: ✅ telecalls.email exists
2026-06-09T12:25:19: ✅ walkins.assigned_to exists
2026-06-09T12:25:19: ✅ walkins.created_by exists
2026-06-09T12:25:19: ✅ walkins.email exists
2026-06-09T12:25:19: ✅ fields.assigned_to exists
2026-06-09T12:25:19: ✅ fields.created_by exists
2026-06-09T12:25:19: ✅ fields.email exists
2026-06-09T12:25:19: ✅ quotations.lead_id exists
2026-06-09T12:25:19: ✅ quotations.lead_type exists
2026-06-09T12:25:19: ✅ contracts.contract_type exists
2026-06-09T12:25:19: ✅ contracts.quotation_id exists
2026-06-09T12:25:19: ✅ contracts.mobile_number exists
2026-06-09T12:25:19: ✅ contracts.location_city exists
2026-06-09T12:25:19: ✅ amc_alc_services.labour_charges exists
2026-06-09T12:25:19: ✅ amc_alc_services.contract_title exists
2026-06-09T12:25:19: ✅ amc_alc_services.start_time exists
2026-06-09T12:25:19: ✅ amc_alc_services.end_time exists
2026-06-09T12:25:19: ✅ amc_alc_services.km exists
2026-06-09T12:25:19: ✅ amc_alc_services.technician exists
2026-06-09T12:25:19: ✅ amc_alc_services.sales_person exists
2026-06-09T12:25:19: ✅ amc_alc_services.remarks exists
2026-06-09T12:25:19: ✅ amc_alc_services.email exists
2026-06-09T12:25:19: ✅ amc_alc_services.next_service_date exists
2026-06-09T12:25:19: ✅ amc_alc_services.service_type exists
2026-06-09T12:25:19: ✅ task_targets.user_id exists
2026-06-09T12:25:19: ✅ task_targets.created_by_admin exists
2026-06-09T12:25:19: ✅ task_achievements.achieved_amount exists
2026-06-09T12:25:19: ✅ task_updates.amount exists
2026-06-09T12:25:19: ✅ call_reports.start_time exists
2026-06-09T12:25:19: ✅ call_reports.end_time exists
2026-06-09T12:25:19: ✅ call_reports.km exists
2026-06-09T12:25:19: ✅ call_reports.remarks exists
2026-06-09T12:25:19: ✅ call_reports.technician exists
2026-06-09T12:25:19: ✅ call_reports.sales_person exists
2026-06-09T12:25:19: ✅ tasks.assigned_teammember_id exists
2026-06-09T12:25:19: ✅ task_targets.teammember_id exists
2026-06-09T12:25:19: ✅ quotations.reference_no exists
2026-06-09T12:25:19: ✅ task_targets.carry_forward exists
2026-06-09T12:25:19: ✅ task_targets.effective_target exists
2026-06-09T12:25:19: ✅ task_targets.user_id exists
2026-06-09T12:25:19: ✅ task_targets.created_by_admin exists
2026-06-09T12:25:19: ✅ task_achievements.achieved_amount exists
2026-06-09T12:25:19: ✅ clients.created_by exists
2026-06-09T12:25:19: ✅ tasks.created_by exists
2026-06-09T12:25:19: ✅ tasks.task_description exists
2026-06-09T12:25:19: ✅ tasks.assigned_to exists
2026-06-09T12:25:19: ✅ quotations.created_by exists
2026-06-09T12:25:19: ✅ contracts.created_by exists
2026-06-09T12:25:19: ✅ contracts.client_company exists
2026-06-09T12:25:19: ✅ contracts.amount_value exists
2026-06-09T12:25:19: ✅ contracts.remaining exists
2026-06-09T12:25:19: ✅ contracts.email exists
2026-06-09T12:25:19: ✅ clientinvoices.created_by exists
2026-06-09T12:25:19: ✅ performainvoices.created_by exists
2026-06-09T12:25:19: ✅ services.created_by exists
2026-06-09T12:25:19: ✅ call_reports.created_by exists
2026-06-09T12:25:19: ✅ lead_activity.employee_id exists
2026-06-09T12:25:19: ✅ lead_escalations.missed_threshold_reached exists
2026-06-09T12:25:19: ✅ lead_escalations.employee_id exists
2026-06-09T12:25:19: ✅ performainvoices.is_latest exists
2026-06-09T12:25:19: ✅ performainvoices.version exists
2026-06-09T12:25:19: ✅ performainvoices.parent_id exists
2026-06-09T12:25:19: ✅ performa_invoice_items.uom exists
2026-06-09T12:25:19: ✅ performainvoice_items.uom exists
2026-06-09T12:25:19: ✅ task_assignments.response_notes exists
2026-06-09T12:25:19: ✅ call_reports.amount_collected exists
2026-06-09T12:25:19: ✅ call_reports.payment_mode exists
2026-06-09T12:25:19: ✅ call_reports.duration_limit exists
2026-06-09T12:25:19: ✅ call_reports.actual_duration exists
2026-06-09T12:25:19: ✅ call_reports.is_exceeded exists
2026-06-09T12:25:19: ✅ call_reports.assigned_time exists
2026-06-09T12:25:19: ✅ call_reports.call_id exists
2026-06-09T12:25:19: ✅ call_reports.session_id exists
2026-06-09T12:25:19: ✅ call_reports.client_name exists
2026-06-09T12:25:19: ✅ call_reports.staff_name exists
2026-06-09T12:25:19: ✅ call_reports.executive_name exists
2026-06-09T12:25:19: ✅ call_reports.phone exists
2026-06-09T12:25:19: ✅ call_reports.location exists
2026-06-09T12:25:19: ✅ call_reports.call_sequence exists
2026-06-09T12:25:19: ✅ call_reports.report_date exists
2026-06-09T12:25:19: ✅ call_reports.complaint exists
2026-06-09T12:25:19: ✅ call_reports.priority exists
2026-06-09T12:25:19: ✅ call_reports.call_type exists
2026-06-09T12:25:19: ✅ call_reports.payment_type exists
2026-06-09T12:25:19: ✅ call_reports.invoice_value exists
2026-06-09T12:25:19: ✅ call_reports.payment_status exists
2026-06-09T12:25:19: ✅ call_reports.petrol_charges exists
2026-06-09T12:25:19: ✅ call_reports.spare_parts_price exists
2026-06-09T12:25:19: ✅ call_reports.labour_charges exists
2026-06-09T12:25:19: ✅ call_reports.total_expenses exists
2026-06-09T12:25:19: ✅ call_reports.customer_name exists
2026-06-09T12:25:19: ✅ call_reports.mobile_number exists
2026-06-09T12:25:19: ✅ call_reports.location_city exists
2026-06-09T12:25:19: ✅ call_reports.contract_title exists
2026-06-09T12:25:19: ✅ call_reports.service_type exists
2026-06-09T12:25:19: ✅ call_reports.description exists
2026-06-09T12:25:19: ✅ call_reports.service_person exists
2026-06-09T12:25:19: ✅ call_reports.contract_id exists
2026-06-09T12:25:19: ✅ call_reports.call_referrer exists
2026-06-09T12:25:19: ✅ call_reports.step2_completed exists
2026-06-09T12:25:19: ✅ call_reports.email exists
2026-06-09T12:25:19: ✅ call_reports.status exists
2026-06-09T12:25:19: ✅ call_reports.gst_number exists
2026-06-09T12:25:19: ✅ call_reports.company_name exists
2026-06-09T12:25:19: ✅ call_reports.completed_at exists
2026-06-09T12:25:19: ✅ call_reports.carry_forward_date exists
2026-06-09T12:25:19: ✅ amc_alc_services.amount_collected exists
2026-06-09T12:25:19: ✅ amc_alc_services.payment_mode exists
2026-06-09T12:25:19: ✅ amc_alc_services.call_number exists
2026-06-09T12:25:19: ✅ amc_alc_services.breakpoints exists
2026-06-09T12:25:19: ✅ amc_alc_services.duration_limit exists
2026-06-09T12:25:19: ✅ clients.gst_number exists
2026-06-09T12:25:19: ✅ clients.company_name exists
2026-06-09T12:25:19: ✅ clients.service exists
2026-06-09T12:25:19: ✅ clients.alternate_phone exists
2026-06-09T12:25:19: ✅ clients.city exists
2026-06-09T12:25:19: ✅ clients.state exists
2026-06-09T12:25:19: ✅ clients.pincode exists
2026-06-09T12:25:19: ✅ clients.notes exists
2026-06-09T12:25:19: ✅ clients.client_status exists
2026-06-09T12:25:19: ✅ clients.original_lead_id exists
2026-06-09T12:25:19: ✅ clients.original_lead_type exists
2026-06-09T12:25:19: ✅ clients.converted_at exists
2026-06-09T12:25:19: ✅ clients.lead_email exists
2026-06-09T12:25:19: ✅ clients.lead_city exists
2026-06-09T12:25:19: ✅ clients.lead_reference exists
2026-06-09T12:25:19: ✅ clients.lead_purpose exists
2026-06-09T12:25:19: ✅ clients.client_status exists
2026-06-09T12:25:19: ✅ clients.lead_staff_name exists
2026-06-09T12:25:19: ✅ clients.lead_id_display exists
2026-06-09T12:25:19: ✅ clients.assigned_teammember_id exists
2026-06-09T12:25:19: ✅ clients.state exists
2026-06-09T12:25:19: ✅ clients.pincode exists
2026-06-09T12:25:19: ✅ users.emp_id exists
2026-06-09T12:25:19: ✅ quotations.reference_no exists
2026-06-09T12:25:19: ✅ quotations.from_address_id exists
2026-06-09T12:25:19: ✅ quotations.from_address_custom exists
2026-06-09T12:25:19: ✅ quotations.client_company exists
2026-06-09T12:25:19: ✅ quotations.client_address1 exists
2026-06-09T12:25:19: ✅ quotations.client_address2 exists
2026-06-09T12:25:19: ✅ quotations.client_city exists
2026-06-09T12:25:19: ✅ quotations.client_state exists
2026-06-09T12:25:19: ✅ quotations.client_pincode exists
2026-06-09T12:25:19: ✅ quotations.client_country exists
2026-06-09T12:25:19: ✅ quotations.tax_type exists
2026-06-09T12:25:19: ✅ quotations.custom_tax exists
2026-06-09T12:25:19: ✅ quotations.exec_name exists
2026-06-09T12:25:19: ✅ quotations.exec_phone exists
2026-06-09T12:25:19: ✅ quotations.exec_email exists
2026-06-09T12:25:19: ✅ quotations.terms_general exists
2026-06-09T12:25:19: ✅ quotations.terms_tax exists
2026-06-09T12:25:19: ✅ quotations.terms_project_period exists
2026-06-09T12:25:19: ✅ quotations.terms_validity exists
2026-06-09T12:25:19: ✅ quotations.terms_separate_orders exists
2026-06-09T12:25:19: ✅ quotations.terms_payment exists
2026-06-09T12:25:19: ✅ quotations.terms_payment_custom exists
2026-06-09T12:25:19: ✅ quotations.terms_warranty exists
2026-06-09T12:25:19: ✅ quotations.hsn_sac_code exists
2026-06-09T12:25:19: ✅ quotations.supplier_branch exists
2026-06-09T12:25:19: ✅ quotations.bank_details_id exists
2026-06-09T12:25:19: ✅ quotations.bank_company exists
2026-06-09T12:25:19: ✅ quotations.bank_name exists
2026-06-09T12:25:19: ✅ quotations.bank_account exists
2026-06-09T12:25:19: ✅ quotations.bank_ifsc exists
2026-06-09T12:25:19: ✅ quotations.bank_branch exists
2026-06-09T12:25:19: ✅ quotations.custom_terms exists
2026-06-09T12:25:19: ✅ quotations.is_latest exists
2026-06-09T12:25:19: ✅ quotations.parent_id exists
2026-06-09T12:25:19: ✅ quotations.version exists
2026-06-09T12:25:19: ✅ performainvoices.reference_no exists
2026-06-09T12:25:19: ✅ performainvoices.from_address_id exists
2026-06-09T12:25:19: ✅ performainvoices.from_address_custom exists
2026-06-09T12:25:19: ✅ performainvoices.client_company exists
2026-06-09T12:25:19: ✅ performainvoices.client_address1 exists
2026-06-09T12:25:19: ✅ performainvoices.client_address2 exists
2026-06-09T12:25:19: ✅ performainvoices.client_city exists
2026-06-09T12:25:19: ✅ performainvoices.client_state exists
2026-06-09T12:25:19: ✅ performainvoices.client_pincode exists
2026-06-09T12:25:19: ✅ performainvoices.client_country exists
2026-06-09T12:25:19: ✅ performainvoices.tax_type exists
2026-06-09T12:25:19: ✅ performainvoices.custom_tax exists
2026-06-09T12:25:19: ✅ performainvoices.exec_name exists
2026-06-09T12:25:19: ✅ performainvoices.exec_phone exists
2026-06-09T12:25:19: ✅ performainvoices.exec_email exists
2026-06-09T12:25:19: ✅ performainvoices.terms_general exists
2026-06-09T12:25:19: ✅ performainvoices.terms_tax exists
2026-06-09T12:25:19: ✅ performainvoices.terms_project_period exists
2026-06-09T12:25:19: ✅ performainvoices.terms_validity exists
2026-06-09T12:25:19: ✅ performainvoices.terms_separate_orders exists
2026-06-09T12:25:19: ✅ performainvoices.terms_payment exists
2026-06-09T12:25:19: ✅ performainvoices.terms_payment_custom exists
2026-06-09T12:25:19: ✅ performainvoices.terms_warranty exists
2026-06-09T12:25:19: ✅ performainvoices.hsn_sac_code exists
2026-06-09T12:25:19: ✅ performainvoices.supplier_branch exists
2026-06-09T12:25:19: ✅ performainvoices.bank_details_id exists
2026-06-09T12:25:19: ✅ performainvoices.bank_company exists
2026-06-09T12:25:19: ✅ performainvoices.bank_name exists
2026-06-09T12:25:19: ✅ performainvoices.bank_account exists
2026-06-09T12:25:19: ✅ performainvoices.bank_ifsc exists
2026-06-09T12:25:19: ✅ performainvoices.bank_branch exists
2026-06-09T12:25:19: ✅ performainvoices.custom_terms exists
2026-06-09T12:25:19: ✅ services.reference_no exists
2026-06-09T12:25:19: ✅ services.from_address_id exists
2026-06-09T12:25:19: ✅ services.from_address_custom exists
2026-06-09T12:25:19: ✅ services.client_company exists
2026-06-09T12:25:19: ✅ services.client_address1 exists
2026-06-09T12:25:19: ✅ services.client_address2 exists
2026-06-09T12:25:19: ✅ services.client_city exists
2026-06-09T12:25:19: ✅ services.client_state exists
2026-06-09T12:25:19: ✅ services.client_pincode exists
2026-06-09T12:25:19: ✅ services.client_country exists
2026-06-09T12:25:19: ✅ services.tax_type exists
2026-06-09T12:25:19: ✅ services.custom_tax exists
2026-06-09T12:25:19: ✅ services.exec_name exists
2026-06-09T12:25:19: ✅ services.exec_phone exists
2026-06-09T12:25:19: ✅ services.exec_email exists
2026-06-09T12:25:19: ✅ services.terms_general exists
2026-06-09T12:25:19: ✅ services.terms_tax exists
2026-06-09T12:25:19: ✅ services.terms_project_period exists
2026-06-09T12:25:19: ✅ services.terms_validity exists
2026-06-09T12:25:19: ✅ services.terms_separate_orders exists
2026-06-09T12:25:19: ✅ services.terms_payment exists
2026-06-09T12:25:19: ✅ services.terms_payment_custom exists
2026-06-09T12:25:19: ✅ services.terms_warranty exists
2026-06-09T12:25:19: ✅ services.hsn_sac_code exists
2026-06-09T12:25:19: ✅ services.supplier_branch exists
2026-06-09T12:25:19: ✅ services.bank_details_id exists
2026-06-09T12:25:19: ✅ services.bank_company exists
2026-06-09T12:25:19: ✅ services.bank_name exists
2026-06-09T12:25:19: ✅ services.bank_account exists
2026-06-09T12:25:19: ✅ services.bank_ifsc exists
2026-06-09T12:25:19: ✅ services.bank_branch exists
2026-06-09T12:25:19: ✅ services.custom_terms exists
2026-06-09T12:25:19: ✅ estimatenew.client_company exists
2026-06-09T12:25:19: ✅ estimatenew.client_address exists
2026-06-09T12:25:19: ✅ estimatenew.client_city exists
2026-06-09T12:25:19: ✅ estimatenew.client_state exists
2026-06-09T12:25:19: ✅ estimatenew.client_gst exists
2026-06-09T12:25:19: ✅ estimatenew.client_phone exists
2026-06-09T12:25:19: ✅ estimatenew.subtotal exists
2026-06-09T12:25:19: ✅ estimatenew.total_tax exists
2026-06-09T12:25:19: ✅ estimatenew.total_discount exists
2026-06-09T12:25:19: ✅ estimatenew.grand_total exists
2026-06-09T12:25:19: ✅ estimateclient.subtotal exists
2026-06-09T12:25:19: ✅ estimateclient.total_tax exists
2026-06-09T12:25:19: ✅ estimateclient.total_discount exists
2026-06-09T12:25:19: ✅ estimateclient.grand_total exists
2026-06-09T12:25:19: ✅ quotation_items.uom exists
2026-06-09T12:25:19: ✅ quotation_items.hsn_sac exists
2026-06-09T12:25:19: ✅ quotation_items.brand_model exists
2026-06-09T12:25:19: ✅ customers.gst_number exists
2026-06-09T12:25:19: ✅ customers.created_by exists
2026-06-09T12:25:19: ✅ users.last_name exists
2026-06-09T12:25:19: ✅ user_email_configs.smtp_secure exists
2026-06-09T12:25:19: ✅ user_email_configs.from_email_address exists
2026-06-09T12:25:19: ✅ user_email_configs.sender_name exists
2026-06-09T12:25:19: ✅ user_email_configs.provider exists
2026-06-09T12:25:19: ✅ user_email_configs.is_enabled exists
2026-06-09T12:25:19: ✅ users.two_factor_enabled exists
2026-06-09T12:25:19: ✅ quotations.gst_mode exists
2026-06-09T12:25:19: ✅ quotations.status exists
2026-06-09T12:25:19: ✅ performainvoices.gst_mode exists
2026-06-09T12:25:19: ✅ performainvoices.status exists
2026-06-09T12:25:19: ✅ estimate_invoices.gst_mode exists
2026-06-09T12:25:19: ✅ estimate_invoices.status exists
2026-06-09T12:25:19: ✅ service_estimations.gst_mode exists
2026-06-09T12:25:19: ✅ service_estimations.status exists
2026-06-09T12:25:19: ✅ services.gst_mode exists
2026-06-09T12:25:19: ✅ estimatenew.gst_mode exists
2026-06-09T12:25:19: ✅ Create table pi_from_addresses
2026-06-09T12:25:19: ✅ Create table email_otp
2026-06-09T12:25:19: ✅ Create table payments
2026-06-09T12:25:19: ✅ Create table clientinvoices
2026-06-09T12:25:19: ✅ Create table messages
2026-06-09T12:25:19: ✅ Create table service_items
2026-06-09T12:25:19: ✅ Create table service_estimations
2026-06-09T12:25:19: ✅ Create table service_estimation_items
2026-06-09T12:25:19: ✅ Create table estimate_invoices
2026-06-09T12:25:19: ✅ Create table estimate_invoice_items
2026-06-09T12:25:19: ✅ Create table estimate_items
2026-06-09T12:25:19: ✅ Create table performainvoice_items
2026-06-09T12:25:19: ✅ Create table performainvoices
2026-06-09T12:25:19: ✅ Create table services
2026-06-09T12:25:19: ✅ Create table customers
2026-06-09T12:25:19: ✅ Create table quotations
2026-06-09T12:25:19: ✅ Create table quotation_items
2026-06-09T12:25:19: ✅ Create table lead_reminders
2026-06-09T12:25:19: ✅ Create table lead_activity
2026-06-09T12:25:19: ✅ Create table lead_escalations
2026-06-09T12:25:19: ✅ Create table admin_notifications
2026-06-09T12:25:19: ✅ Create table profile_change_requests
2026-06-09T12:25:19: ✅ Create table amc_alc_services
2026-06-09T12:25:19: ✅ Create table service_activity
2026-06-09T12:25:19: ✅ Create table task_targets
2026-06-09T12:25:19: ✅ Create table task_achievements
2026-06-09T12:25:19: ✅ Create table task_updates
2026-06-09T12:25:19: ✅ Create table call_reports
2026-06-09T12:25:19: ✅ Create table task_activity
2026-06-09T12:25:19: ✅ Create table notifications
2026-06-09T12:25:19: ✅ Create table task_assignments
2026-06-09T12:25:19: ✅ Create table clients
2026-06-09T12:25:19: ✅ Create table user_email_configs
2026-06-09T12:25:19: ✅ lead_reminders.reminder_time exists
2026-06-09T12:25:19: ✅ lead_reminders.missed_count exists
2026-06-09T12:25:19: ✅ lead_reminders.notification_sent exists
2026-06-09T12:25:19: ✅ lead_reminders.employee_id exists
2026-06-09T12:25:19: ✅ lead_escalations.missed_count exists
2026-06-09T12:25:19: ✅ users.status exists
2026-06-09T12:25:19: ✅ users.emp_id exists
2026-06-09T12:25:19: ✅ admin_notifications.related_id exists
2026-06-09T12:25:19: ✅ admin_notifications.related_type exists
2026-06-09T12:25:19: ✅ admin_notifications.created_by exists
2026-06-09T12:25:19: ✅ admin_notifications.priority exists
2026-06-09T12:25:19: ✅ admin_notifications.is_archived exists
2026-06-09T12:25:19: ✅ notifications.user_id exists
2026-06-09T12:25:19: ✅ notifications.type exists
2026-06-09T12:25:19: ✅ notifications.is_archived exists
2026-06-09T12:25:19: ✅ task_assignments.status exists
2026-06-09T12:25:19: ✅ teammember.mobile_number exists
2026-06-09T12:25:19: ✅ teammember.emp_id exists
2026-06-09T12:25:19: ✅ teammember.user_id exists
2026-06-09T12:25:19: ✅ teammember.emp_address exists
2026-06-09T12:25:19: ✅ telecalls.created_by exists
2026-06-09T12:25:19: ✅ telecalls.email exists
2026-06-09T12:25:19: ✅ walkins.assigned_to exists
2026-06-09T12:25:19: ✅ walkins.created_by exists
2026-06-09T12:25:19: ✅ walkins.email exists
2026-06-09T12:25:19: ✅ fields.assigned_to exists
2026-06-09T12:25:19: ✅ fields.created_by exists
2026-06-09T12:25:19: ✅ fields.email exists
2026-06-09T12:25:19: ✅ quotations.lead_id exists
2026-06-09T12:25:19: ✅ quotations.lead_type exists
2026-06-09T12:25:19: ✅ contracts.contract_type exists
2026-06-09T12:25:19: ✅ contracts.quotation_id exists
2026-06-09T12:25:19: ✅ contracts.mobile_number exists
2026-06-09T12:25:19: ✅ contracts.location_city exists
2026-06-09T12:25:19: ✅ amc_alc_services.labour_charges exists
2026-06-09T12:25:19: ✅ amc_alc_services.contract_title exists
2026-06-09T12:25:19: ✅ amc_alc_services.start_time exists
2026-06-09T12:25:19: ✅ amc_alc_services.end_time exists
2026-06-09T12:25:19: ✅ amc_alc_services.km exists
2026-06-09T12:25:19: ✅ amc_alc_services.technician exists
2026-06-09T12:25:19: ✅ amc_alc_services.sales_person exists
2026-06-09T12:25:19: ✅ amc_alc_services.remarks exists
2026-06-09T12:25:19: ✅ amc_alc_services.email exists
2026-06-09T12:25:19: ✅ amc_alc_services.next_service_date exists
2026-06-09T12:25:19: ✅ amc_alc_services.service_type exists
2026-06-09T12:25:19: ✅ task_targets.user_id exists
2026-06-09T12:25:19: ✅ task_targets.created_by_admin exists
2026-06-09T12:25:19: ✅ task_achievements.achieved_amount exists
2026-06-09T12:25:19: ✅ task_updates.amount exists
2026-06-09T12:25:19: ✅ call_reports.start_time exists
2026-06-09T12:25:19: ✅ call_reports.end_time exists
2026-06-09T12:25:19: ✅ call_reports.km exists
2026-06-09T12:25:19: ✅ call_reports.remarks exists
2026-06-09T12:25:19: ✅ call_reports.technician exists
2026-06-09T12:25:19: ✅ call_reports.sales_person exists
2026-06-09T12:25:19: ✅ tasks.assigned_teammember_id exists
2026-06-09T12:25:19: ✅ task_targets.teammember_id exists
2026-06-09T12:25:19: ✅ quotations.reference_no exists
2026-06-09T12:25:19: ✅ task_targets.carry_forward exists
2026-06-09T12:25:19: ✅ task_targets.effective_target exists
2026-06-09T12:25:19: ✅ task_targets.user_id exists
2026-06-09T12:25:19: ✅ task_targets.created_by_admin exists
2026-06-09T12:25:19: ✅ task_achievements.achieved_amount exists
2026-06-09T12:25:19: ✅ clients.created_by exists
2026-06-09T12:25:19: ✅ tasks.created_by exists
2026-06-09T12:25:19: ✅ tasks.task_description exists
2026-06-09T12:25:19: ✅ tasks.assigned_to exists
2026-06-09T12:25:19: ✅ quotations.created_by exists
2026-06-09T12:25:19: ✅ contracts.created_by exists
2026-06-09T12:25:19: ✅ contracts.client_company exists
2026-06-09T12:25:19: ✅ contracts.amount_value exists
2026-06-09T12:25:19: ✅ contracts.remaining exists
2026-06-09T12:25:19: ✅ contracts.email exists
2026-06-09T12:25:20: ✅ clientinvoices.created_by exists
2026-06-09T12:25:20: ✅ performainvoices.created_by exists
2026-06-09T12:25:20: ✅ services.created_by exists
2026-06-09T12:25:20: ✅ call_reports.created_by exists
2026-06-09T12:25:20: ✅ lead_activity.employee_id exists
2026-06-09T12:25:20: ✅ lead_escalations.missed_threshold_reached exists
2026-06-09T12:25:20: ✅ lead_escalations.employee_id exists
2026-06-09T12:25:20: ✅ performainvoices.is_latest exists
2026-06-09T12:25:20: ✅ performainvoices.version exists
2026-06-09T12:25:20: ✅ performainvoices.parent_id exists
2026-06-09T12:25:20: ✅ performa_invoice_items.uom exists
2026-06-09T12:25:20: ✅ performainvoice_items.uom exists
2026-06-09T12:25:20: ✅ task_assignments.response_notes exists
2026-06-09T12:25:20: ✅ call_reports.amount_collected exists
2026-06-09T12:25:20: ✅ call_reports.payment_mode exists
2026-06-09T12:25:20: ✅ call_reports.duration_limit exists
2026-06-09T12:25:20: ✅ call_reports.actual_duration exists
2026-06-09T12:25:20: ✅ call_reports.is_exceeded exists
2026-06-09T12:25:20: ✅ call_reports.assigned_time exists
2026-06-09T12:25:20: ✅ call_reports.call_id exists
2026-06-09T12:25:20: ✅ call_reports.session_id exists
2026-06-09T12:25:20: ✅ call_reports.client_name exists
2026-06-09T12:25:20: ✅ call_reports.staff_name exists
2026-06-09T12:25:20: ✅ call_reports.executive_name exists
2026-06-09T12:25:20: ✅ call_reports.phone exists
2026-06-09T12:25:20: ✅ call_reports.location exists
2026-06-09T12:25:20: ✅ call_reports.call_sequence exists
2026-06-09T12:25:20: ✅ call_reports.report_date exists
2026-06-09T12:25:20: ✅ call_reports.complaint exists
2026-06-09T12:25:20: ✅ call_reports.priority exists
2026-06-09T12:25:20: ✅ call_reports.call_type exists
2026-06-09T12:25:20: ✅ call_reports.payment_type exists
2026-06-09T12:25:20: ✅ call_reports.invoice_value exists
2026-06-09T12:25:20: ✅ call_reports.payment_status exists
2026-06-09T12:25:20: ✅ call_reports.petrol_charges exists
2026-06-09T12:25:20: ✅ call_reports.spare_parts_price exists
2026-06-09T12:25:20: ✅ call_reports.labour_charges exists
2026-06-09T12:25:20: ✅ call_reports.total_expenses exists
2026-06-09T12:25:20: ✅ call_reports.customer_name exists
2026-06-09T12:25:20: ✅ call_reports.mobile_number exists
2026-06-09T12:25:20: ✅ call_reports.location_city exists
2026-06-09T12:25:20: ✅ call_reports.contract_title exists
2026-06-09T12:25:20: ✅ call_reports.service_type exists
2026-06-09T12:25:20: ✅ call_reports.description exists
2026-06-09T12:25:20: ✅ call_reports.service_person exists
2026-06-09T12:25:20: ✅ call_reports.contract_id exists
2026-06-09T12:25:20: ✅ call_reports.call_referrer exists
2026-06-09T12:25:20: ✅ call_reports.step2_completed exists
2026-06-09T12:25:20: ✅ call_reports.email exists
2026-06-09T12:25:20: ✅ call_reports.status exists
2026-06-09T12:25:20: ✅ call_reports.gst_number exists
2026-06-09T12:25:20: ✅ call_reports.company_name exists
2026-06-09T12:25:20: ✅ call_reports.completed_at exists
2026-06-09T12:25:20: ✅ call_reports.carry_forward_date exists
2026-06-09T12:25:20: ✅ amc_alc_services.amount_collected exists
2026-06-09T12:25:20: ✅ amc_alc_services.payment_mode exists
2026-06-09T12:25:20: ✅ amc_alc_services.call_number exists
2026-06-09T12:25:20: ✅ amc_alc_services.breakpoints exists
2026-06-09T12:25:20: ✅ amc_alc_services.duration_limit exists
2026-06-09T12:25:20: ✅ clients.gst_number exists
2026-06-09T12:25:20: ✅ clients.company_name exists
2026-06-09T12:25:20: ✅ clients.service exists
2026-06-09T12:25:20: ✅ clients.alternate_phone exists
2026-06-09T12:25:20: ✅ clients.city exists
2026-06-09T12:25:20: ✅ clients.state exists
2026-06-09T12:25:20: ✅ clients.pincode exists
2026-06-09T12:25:20: ✅ clients.notes exists
2026-06-09T12:25:20: ✅ clients.client_status exists
2026-06-09T12:25:20: ✅ clients.original_lead_id exists
2026-06-09T12:25:20: ✅ clients.original_lead_type exists
2026-06-09T12:25:20: ✅ clients.converted_at exists
2026-06-09T12:25:20: ✅ clients.lead_email exists
2026-06-09T12:25:20: ✅ clients.lead_city exists
2026-06-09T12:25:20: ✅ clients.lead_reference exists
2026-06-09T12:25:20: ✅ clients.lead_purpose exists
2026-06-09T12:25:20: ✅ clients.client_status exists
2026-06-09T12:25:20: ✅ clients.lead_staff_name exists
2026-06-09T12:25:20: ✅ clients.lead_id_display exists
2026-06-09T12:25:20: ✅ clients.assigned_teammember_id exists
2026-06-09T12:25:20: ✅ clients.state exists
2026-06-09T12:25:20: ✅ clients.pincode exists
2026-06-09T12:25:20: ✅ users.emp_id exists
2026-06-09T12:25:20: ✅ quotations.reference_no exists
2026-06-09T12:25:20: ✅ quotations.from_address_id exists
2026-06-09T12:25:20: ✅ quotations.from_address_custom exists
2026-06-09T12:25:20: ✅ quotations.client_company exists
2026-06-09T12:25:20: ✅ quotations.client_address1 exists
2026-06-09T12:25:20: ✅ quotations.client_address2 exists
2026-06-09T12:25:20: ✅ quotations.client_city exists
2026-06-09T12:25:20: ✅ quotations.client_state exists
2026-06-09T12:25:20: ✅ quotations.client_pincode exists
2026-06-09T12:25:20: ✅ quotations.client_country exists
2026-06-09T12:25:20: ✅ quotations.tax_type exists
2026-06-09T12:25:20: ✅ quotations.custom_tax exists
2026-06-09T12:25:20: ✅ quotations.exec_name exists
2026-06-09T12:25:20: ✅ quotations.exec_phone exists
2026-06-09T12:25:20: ✅ quotations.exec_email exists
2026-06-09T12:25:20: ✅ quotations.terms_general exists
2026-06-09T12:25:20: ✅ quotations.terms_tax exists
2026-06-09T12:25:20: ✅ quotations.terms_project_period exists
2026-06-09T12:25:20: ✅ quotations.terms_validity exists
2026-06-09T12:25:20: ✅ quotations.terms_separate_orders exists
2026-06-09T12:25:20: ✅ quotations.terms_payment exists
2026-06-09T12:25:20: ✅ quotations.terms_payment_custom exists
2026-06-09T12:25:20: ✅ quotations.terms_warranty exists
2026-06-09T12:25:20: ✅ quotations.hsn_sac_code exists
2026-06-09T12:25:20: ✅ quotations.supplier_branch exists
2026-06-09T12:25:20: ✅ quotations.bank_details_id exists
2026-06-09T12:25:20: ✅ quotations.bank_company exists
2026-06-09T12:25:20: ✅ quotations.bank_name exists
2026-06-09T12:25:20: ✅ quotations.bank_account exists
2026-06-09T12:25:20: ✅ quotations.bank_ifsc exists
2026-06-09T12:25:20: ✅ quotations.bank_branch exists
2026-06-09T12:25:20: ✅ quotations.custom_terms exists
2026-06-09T12:25:20: ✅ quotations.is_latest exists
2026-06-09T12:25:20: ✅ quotations.parent_id exists
2026-06-09T12:25:20: ✅ quotations.version exists
2026-06-09T12:25:20: ✅ performainvoices.reference_no exists
2026-06-09T12:25:20: ✅ performainvoices.from_address_id exists
2026-06-09T12:25:20: ✅ performainvoices.from_address_custom exists
2026-06-09T12:25:20: ✅ performainvoices.client_company exists
2026-06-09T12:25:20: ✅ performainvoices.client_address1 exists
2026-06-09T12:25:20: ✅ performainvoices.client_address2 exists
2026-06-09T12:25:20: ✅ performainvoices.client_city exists
2026-06-09T12:25:20: ✅ performainvoices.client_state exists
2026-06-09T12:25:20: ✅ performainvoices.client_pincode exists
2026-06-09T12:25:20: ✅ performainvoices.client_country exists
2026-06-09T12:25:20: ✅ performainvoices.tax_type exists
2026-06-09T12:25:20: ✅ performainvoices.custom_tax exists
2026-06-09T12:25:20: ✅ performainvoices.exec_name exists
2026-06-09T12:25:20: ✅ performainvoices.exec_phone exists
2026-06-09T12:25:20: ✅ performainvoices.exec_email exists
2026-06-09T12:25:20: ✅ performainvoices.terms_general exists
2026-06-09T12:25:20: ✅ performainvoices.terms_tax exists
2026-06-09T12:25:20: ✅ performainvoices.terms_project_period exists
2026-06-09T12:25:20: ✅ performainvoices.terms_validity exists
2026-06-09T12:25:20: ✅ performainvoices.terms_separate_orders exists
2026-06-09T12:25:20: ✅ performainvoices.terms_payment exists
2026-06-09T12:25:20: ✅ performainvoices.terms_payment_custom exists
2026-06-09T12:25:20: ✅ performainvoices.terms_warranty exists
2026-06-09T12:25:20: ✅ performainvoices.hsn_sac_code exists
2026-06-09T12:25:20: ✅ performainvoices.supplier_branch exists
2026-06-09T12:25:20: ✅ performainvoices.bank_details_id exists
2026-06-09T12:25:20: ✅ performainvoices.bank_company exists
2026-06-09T12:25:20: ✅ performainvoices.bank_name exists
2026-06-09T12:25:20: ✅ performainvoices.bank_account exists
2026-06-09T12:25:20: ✅ performainvoices.bank_ifsc exists
2026-06-09T12:25:20: ✅ performainvoices.bank_branch exists
2026-06-09T12:25:20: ✅ performainvoices.custom_terms exists
2026-06-09T12:25:20: ✅ services.reference_no exists
2026-06-09T12:25:20: ✅ services.from_address_id exists
2026-06-09T12:25:20: ✅ services.from_address_custom exists
2026-06-09T12:25:20: ✅ services.client_company exists
2026-06-09T12:25:20: ✅ services.client_address1 exists
2026-06-09T12:25:20: ✅ services.client_address2 exists
2026-06-09T12:25:20: ✅ services.client_city exists
2026-06-09T12:25:20: ✅ services.client_state exists
2026-06-09T12:25:20: ✅ services.client_pincode exists
2026-06-09T12:25:20: ✅ services.client_country exists
2026-06-09T12:25:20: ✅ services.tax_type exists
2026-06-09T12:25:20: ✅ services.custom_tax exists
2026-06-09T12:25:20: ✅ services.exec_name exists
2026-06-09T12:25:20: ✅ services.exec_phone exists
2026-06-09T12:25:20: ✅ services.exec_email exists
2026-06-09T12:25:20: ✅ services.terms_general exists
2026-06-09T12:25:20: ✅ services.terms_tax exists
2026-06-09T12:25:20: ✅ services.terms_project_period exists
2026-06-09T12:25:20: ✅ services.terms_validity exists
2026-06-09T12:25:20: ✅ services.terms_separate_orders exists
2026-06-09T12:25:20: ✅ services.terms_payment exists
2026-06-09T12:25:20: ✅ services.terms_payment_custom exists
2026-06-09T12:25:20: ✅ services.terms_warranty exists
2026-06-09T12:25:20: ✅ services.hsn_sac_code exists
2026-06-09T12:25:20: ✅ services.supplier_branch exists
2026-06-09T12:25:20: ✅ services.bank_details_id exists
2026-06-09T12:25:20: ✅ services.bank_company exists
2026-06-09T12:25:20: ✅ services.bank_name exists
2026-06-09T12:25:20: ✅ services.bank_account exists
2026-06-09T12:25:20: ✅ services.bank_ifsc exists
2026-06-09T12:25:20: ✅ services.bank_branch exists
2026-06-09T12:25:20: ✅ services.custom_terms exists
2026-06-09T12:25:20: ✅ estimatenew.client_company exists
2026-06-09T12:25:20: ✅ estimatenew.client_address exists
2026-06-09T12:25:20: ✅ estimatenew.client_city exists
2026-06-09T12:25:20: ✅ estimatenew.client_state exists
2026-06-09T12:25:20: ✅ estimatenew.client_gst exists
2026-06-09T12:25:20: ✅ estimatenew.client_phone exists
2026-06-09T12:25:20: ✅ estimatenew.subtotal exists
2026-06-09T12:25:20: ✅ estimatenew.total_tax exists
2026-06-09T12:25:20: ✅ estimatenew.total_discount exists
2026-06-09T12:25:20: ✅ estimatenew.grand_total exists
2026-06-09T12:25:20: ✅ estimateclient.subtotal exists
2026-06-09T12:25:20: ✅ estimateclient.total_tax exists
2026-06-09T12:25:20: ✅ estimateclient.total_discount exists
2026-06-09T12:25:20: ✅ estimateclient.grand_total exists
2026-06-09T12:25:20: ✅ quotation_items.uom exists
2026-06-09T12:25:20: ✅ quotation_items.hsn_sac exists
2026-06-09T12:25:20: ✅ quotation_items.brand_model exists
2026-06-09T12:25:20: ✅ customers.gst_number exists
2026-06-09T12:25:20: ✅ customers.created_by exists
2026-06-09T12:25:20: ✅ users.last_name exists
2026-06-09T12:25:20: ✅ user_email_configs.smtp_secure exists
2026-06-09T12:25:20: ✅ user_email_configs.from_email_address exists
2026-06-09T12:25:20: ✅ user_email_configs.sender_name exists
2026-06-09T12:25:20: ✅ user_email_configs.provider exists
2026-06-09T12:25:20: ✅ user_email_configs.is_enabled exists
2026-06-09T12:25:20: ✅ users.two_factor_enabled exists
2026-06-09T12:25:20: ✅ quotations.gst_mode exists
2026-06-09T12:25:20: ✅ quotations.status exists
2026-06-09T12:25:20: ✅ performainvoices.gst_mode exists
2026-06-09T12:25:20: ✅ performainvoices.status exists
2026-06-09T12:25:20: ✅ estimate_invoices.gst_mode exists
2026-06-09T12:25:20: ✅ estimate_invoices.status exists
2026-06-09T12:25:20: ✅ service_estimations.gst_mode exists
2026-06-09T12:25:20: ✅ service_estimations.status exists
2026-06-09T12:25:20: ✅ services.gst_mode exists
2026-06-09T12:25:20: ✅ estimatenew.gst_mode exists
2026-06-09T12:25:20: Users role column updated
2026-06-09T12:25:20: Teammember emp_role updated
2026-06-09T12:25:20: OTP email transporter is ready
2026-06-09T12:25:21: Default employees seeded successfully.
2026-06-09T12:25:21: [Scheduler] Reminder escalation scheduler started (every 15 min)
2026-06-09T12:25:21: [Scheduler] End-of-day task scheduler started (daily at 6 PM)
2026-06-09T12:25:21: ✅ Server running: http://0.0.0.0:5000 [production]
2026-06-09T12:25:31: [Scheduler] Running initial task check...
2026-06-09T12:25:31: [Scheduler] End-of-day task check complete. Evaluated 1 incomplete tasks.
2026-06-09T12:25:31: [Scheduler] Daily summary notification already dispatched for today
2026-06-09T12:25:38: User 708 joined notifications channel
2026-06-09T12:25:38: Admin joined notifications channel
2026-06-09T12:25:38: User 708 joined notifications channel
2026-06-09T12:25:38: Admin joined notifications channel
2026-06-09T12:32:38: Client disconnected from notifications
2026-06-09T12:32:38: Client disconnected from notifications
2026-06-09T12:47:28: User 708 joined notifications channel
2026-06-09T12:47:28: Admin joined notifications channel
2026-06-09T12:49:39: Client disconnected from notifications
2026-06-09T12:51:11: Client disconnected from notifications
2026-06-09T12:51:13: Client disconnected from notifications
2026-06-09T13:02:54: Client disconnected from notifications
2026-06-10T13:44:03: ◇ injected env (12) from .env // tip: ◈ secrets for agents [www.dotenvx.com]
2026-06-10T13:44:03: ◇ injected env (0) from .env // tip: ⌘ suppress logs { quiet: true }
2026-06-10T13:44:03: Generating fresh VAPID Keys for Push Notifications...
2026-06-10T13:44:03: VAPID Keys generated and saved to backend/.env
2026-06-10T13:44:03: MySQL Connected (127.0.0.1:3306)
2026-06-10T13:44:04: Using database achme
2026-06-10T13:44:04: Database initialized successfully
2026-06-10T13:44:04: ✅ lead_reminders.reminder_time exists
2026-06-10T13:44:04: ✅ lead_reminders.missed_count exists
2026-06-10T13:44:04: ✅ lead_reminders.notification_sent exists
2026-06-10T13:44:04: ✅ lead_reminders.employee_id exists
2026-06-10T13:44:04: ✅ lead_escalations.missed_count exists
2026-06-10T13:44:04: ✅ users.status exists
2026-06-10T13:44:04: ✅ users.emp_id exists
2026-06-10T13:44:04: ✅ admin_notifications.related_id exists
2026-06-10T13:44:04: ✅ admin_notifications.related_type exists
2026-06-10T13:44:04: ✅ admin_notifications.created_by exists
2026-06-10T13:44:04: ✅ admin_notifications.priority exists
2026-06-10T13:44:04: ✅ admin_notifications.is_archived exists
2026-06-10T13:44:04: ✅ notifications.user_id exists
2026-06-10T13:44:04: ✅ notifications.type exists
2026-06-10T13:44:04: ✅ notifications.is_archived exists
2026-06-10T13:44:04: ✅ task_assignments.status exists
2026-06-10T13:44:04: ✅ teammember.mobile_number exists
2026-06-10T13:44:04: ✅ teammember.emp_id exists
2026-06-10T13:44:04: ✅ teammember.user_id exists
2026-06-10T13:44:04: ✅ teammember.emp_address exists
2026-06-10T13:44:04: ✅ telecalls.created_by exists
2026-06-10T13:44:04: ✅ telecalls.email exists
2026-06-10T13:44:04: ✅ walkins.assigned_to exists
2026-06-10T13:44:04: ✅ walkins.created_by exists
2026-06-10T13:44:04: ✅ walkins.email exists
2026-06-10T13:44:04: ✅ fields.assigned_to exists
2026-06-10T13:44:04: ✅ fields.created_by exists
2026-06-10T13:44:04: ✅ fields.email exists
2026-06-10T13:44:04: ✅ quotations.lead_id exists
2026-06-10T13:44:04: ✅ quotations.lead_type exists
2026-06-10T13:44:04: ✅ contracts.contract_type exists
2026-06-10T13:44:04: ✅ contracts.quotation_id exists
2026-06-10T13:44:04: ✅ contracts.mobile_number exists
2026-06-10T13:44:04: ✅ contracts.location_city exists
2026-06-10T13:44:04: ✅ amc_alc_services.labour_charges exists
2026-06-10T13:44:04: ✅ amc_alc_services.contract_title exists
2026-06-10T13:44:04: ✅ amc_alc_services.start_time exists
2026-06-10T13:44:04: ✅ amc_alc_services.end_time exists
2026-06-10T13:44:04: ✅ amc_alc_services.km exists
2026-06-10T13:44:04: ✅ amc_alc_services.technician exists
2026-06-10T13:44:04: ✅ amc_alc_services.sales_person exists
2026-06-10T13:44:04: ✅ amc_alc_services.remarks exists
2026-06-10T13:44:04: ✅ amc_alc_services.email exists
2026-06-10T13:44:04: ✅ amc_alc_services.next_service_date exists
2026-06-10T13:44:04: ✅ amc_alc_services.service_type exists
2026-06-10T13:44:04: ✅ task_targets.user_id exists
2026-06-10T13:44:04: ✅ task_targets.created_by_admin exists
2026-06-10T13:44:04: ✅ task_achievements.achieved_amount exists
2026-06-10T13:44:04: ✅ task_updates.amount exists
2026-06-10T13:44:04: ✅ call_reports.start_time exists
2026-06-10T13:44:04: ✅ call_reports.end_time exists
2026-06-10T13:44:04: ✅ call_reports.km exists
2026-06-10T13:44:04: ✅ call_reports.remarks exists
2026-06-10T13:44:04: ✅ call_reports.technician exists
2026-06-10T13:44:04: ✅ call_reports.sales_person exists
2026-06-10T13:44:04: ✅ tasks.assigned_teammember_id exists
2026-06-10T13:44:04: ✅ task_targets.teammember_id exists
2026-06-10T13:44:04: ✅ quotations.reference_no exists
2026-06-10T13:44:04: ✅ task_targets.carry_forward exists
2026-06-10T13:44:04: ✅ task_targets.effective_target exists
2026-06-10T13:44:04: ✅ task_targets.user_id exists
2026-06-10T13:44:04: ✅ task_targets.created_by_admin exists
2026-06-10T13:44:04: ✅ task_achievements.achieved_amount exists
2026-06-10T13:44:04: ✅ clients.created_by exists
2026-06-10T13:44:04: ✅ tasks.created_by exists
2026-06-10T13:44:04: ✅ tasks.task_description exists
2026-06-10T13:44:04: ✅ tasks.assigned_to exists
2026-06-10T13:44:04: ✅ quotations.created_by exists
2026-06-10T13:44:04: ✅ contracts.created_by exists
2026-06-10T13:44:04: ✅ contracts.client_company exists
2026-06-10T13:44:04: ✅ contracts.amount_value exists
2026-06-10T13:44:04: ✅ contracts.remaining exists
2026-06-10T13:44:04: ✅ contracts.email exists
2026-06-10T13:44:04: ✅ clientinvoices.created_by exists
2026-06-10T13:44:04: ✅ performainvoices.created_by exists
2026-06-10T13:44:04: ✅ services.created_by exists
2026-06-10T13:44:04: ✅ call_reports.created_by exists
2026-06-10T13:44:04: ✅ lead_activity.employee_id exists
2026-06-10T13:44:04: ✅ lead_escalations.missed_threshold_reached exists
2026-06-10T13:44:04: ✅ lead_escalations.employee_id exists
2026-06-10T13:44:04: ✅ performainvoices.is_latest exists
2026-06-10T13:44:04: ✅ performainvoices.version exists
2026-06-10T13:44:04: ✅ performainvoices.parent_id exists
2026-06-10T13:44:04: ✅ performa_invoice_items.uom exists
2026-06-10T13:44:04: ✅ performainvoice_items.uom exists
2026-06-10T13:44:04: ✅ task_assignments.response_notes exists
2026-06-10T13:44:04: ✅ call_reports.amount_collected exists
2026-06-10T13:44:04: ✅ call_reports.payment_mode exists
2026-06-10T13:44:04: ✅ call_reports.duration_limit exists
2026-06-10T13:44:04: ✅ call_reports.actual_duration exists
2026-06-10T13:44:04: ✅ call_reports.is_exceeded exists
2026-06-10T13:44:04: ✅ call_reports.assigned_time exists
2026-06-10T13:44:04: ✅ call_reports.call_id exists
2026-06-10T13:44:04: ✅ call_reports.session_id exists
2026-06-10T13:44:04: ✅ call_reports.client_name exists
2026-06-10T13:44:04: ✅ call_reports.staff_name exists
2026-06-10T13:44:04: ✅ call_reports.executive_name exists
2026-06-10T13:44:04: ✅ call_reports.phone exists
2026-06-10T13:44:04: ✅ call_reports.location exists
2026-06-10T13:44:04: ✅ call_reports.call_sequence exists
2026-06-10T13:44:04: ✅ call_reports.report_date exists
2026-06-10T13:44:04: ✅ call_reports.complaint exists
2026-06-10T13:44:04: ✅ call_reports.priority exists
2026-06-10T13:44:04: ✅ call_reports.call_type exists
2026-06-10T13:44:04: ✅ call_reports.payment_type exists
2026-06-10T13:44:04: ✅ call_reports.invoice_value exists
2026-06-10T13:44:04: ✅ call_reports.payment_status exists
2026-06-10T13:44:04: ✅ call_reports.petrol_charges exists
2026-06-10T13:44:04: ✅ call_reports.spare_parts_price exists
2026-06-10T13:44:04: ✅ call_reports.labour_charges exists
2026-06-10T13:44:04: ✅ call_reports.total_expenses exists
2026-06-10T13:44:04: ✅ call_reports.customer_name exists
2026-06-10T13:44:04: ✅ call_reports.mobile_number exists
2026-06-10T13:44:04: ✅ call_reports.location_city exists
2026-06-10T13:44:04: ✅ call_reports.contract_title exists
2026-06-10T13:44:04: ✅ call_reports.service_type exists
2026-06-10T13:44:04: ✅ call_reports.description exists
2026-06-10T13:44:04: ✅ call_reports.service_person exists
2026-06-10T13:44:04: ✅ call_reports.contract_id exists
2026-06-10T13:44:04: ✅ call_reports.call_referrer exists
2026-06-10T13:44:04: ✅ call_reports.step2_completed exists
2026-06-10T13:44:04: ✅ call_reports.email exists
2026-06-10T13:44:04: ✅ call_reports.status exists
2026-06-10T13:44:04: ✅ call_reports.gst_number exists
2026-06-10T13:44:04: ✅ call_reports.company_name exists
2026-06-10T13:44:04: ✅ call_reports.completed_at exists
2026-06-10T13:44:04: ✅ call_reports.carry_forward_date exists
2026-06-10T13:44:04: ✅ amc_alc_services.amount_collected exists
2026-06-10T13:44:04: ✅ amc_alc_services.payment_mode exists
2026-06-10T13:44:04: ✅ amc_alc_services.call_number exists
2026-06-10T13:44:04: ✅ amc_alc_services.breakpoints exists
2026-06-10T13:44:04: ✅ amc_alc_services.duration_limit exists
2026-06-10T13:44:04: ✅ clients.gst_number exists
2026-06-10T13:44:04: ✅ clients.company_name exists
2026-06-10T13:44:04: ✅ clients.service exists
2026-06-10T13:44:04: ✅ clients.alternate_phone exists
2026-06-10T13:44:04: ✅ clients.city exists
2026-06-10T13:44:04: ✅ clients.state exists
2026-06-10T13:44:04: ✅ clients.pincode exists
2026-06-10T13:44:04: ✅ clients.notes exists
2026-06-10T13:44:04: ✅ clients.client_status exists
2026-06-10T13:44:04: ✅ clients.original_lead_id exists
2026-06-10T13:44:04: ✅ clients.original_lead_type exists
2026-06-10T13:44:04: ✅ clients.converted_at exists
2026-06-10T13:44:04: ✅ clients.lead_email exists
2026-06-10T13:44:04: ✅ clients.lead_city exists
2026-06-10T13:44:04: ✅ clients.lead_reference exists
2026-06-10T13:44:04: ✅ clients.lead_purpose exists
2026-06-10T13:44:04: ✅ clients.client_status exists
2026-06-10T13:44:04: ✅ clients.lead_staff_name exists
2026-06-10T13:44:04: ✅ clients.lead_id_display exists
2026-06-10T13:44:04: ✅ clients.assigned_teammember_id exists
2026-06-10T13:44:04: ✅ clients.state exists
2026-06-10T13:44:04: ✅ clients.pincode exists
2026-06-10T13:44:04: ✅ users.emp_id exists
2026-06-10T13:44:04: ✅ quotations.reference_no exists
2026-06-10T13:44:04: ✅ quotations.from_address_id exists
2026-06-10T13:44:04: ✅ quotations.from_address_custom exists
2026-06-10T13:44:04: ✅ quotations.client_company exists
2026-06-10T13:44:04: ✅ quotations.client_address1 exists
2026-06-10T13:44:04: ✅ quotations.client_address2 exists
2026-06-10T13:44:04: ✅ quotations.client_city exists
2026-06-10T13:44:04: ✅ quotations.client_state exists
2026-06-10T13:44:04: ✅ quotations.client_pincode exists
2026-06-10T13:44:04: ✅ quotations.client_country exists
2026-06-10T13:44:04: ✅ quotations.tax_type exists
2026-06-10T13:44:04: ✅ quotations.custom_tax exists
2026-06-10T13:44:04: ✅ quotations.exec_name exists
2026-06-10T13:44:04: ✅ quotations.exec_phone exists
2026-06-10T13:44:04: ✅ quotations.exec_email exists
2026-06-10T13:44:04: ✅ quotations.terms_general exists
2026-06-10T13:44:04: ✅ quotations.terms_tax exists
2026-06-10T13:44:04: ✅ quotations.terms_project_period exists
2026-06-10T13:44:04: ✅ quotations.terms_validity exists
2026-06-10T13:44:04: ✅ quotations.terms_separate_orders exists
2026-06-10T13:44:04: ✅ quotations.terms_payment exists
2026-06-10T13:44:04: ✅ quotations.terms_payment_custom exists
2026-06-10T13:44:04: ✅ quotations.terms_warranty exists
2026-06-10T13:44:04: ✅ quotations.hsn_sac_code exists
2026-06-10T13:44:04: ✅ quotations.supplier_branch exists
2026-06-10T13:44:04: ✅ quotations.bank_details_id exists
2026-06-10T13:44:04: ✅ quotations.bank_company exists
2026-06-10T13:44:04: ✅ quotations.bank_name exists
2026-06-10T13:44:04: ✅ quotations.bank_account exists
2026-06-10T13:44:04: ✅ quotations.bank_ifsc exists
2026-06-10T13:44:04: ✅ quotations.bank_branch exists
2026-06-10T13:44:04: ✅ quotations.custom_terms exists
2026-06-10T13:44:04: ✅ quotations.is_latest exists
2026-06-10T13:44:04: ✅ quotations.parent_id exists
2026-06-10T13:44:04: ✅ quotations.version exists
2026-06-10T13:44:04: ✅ performainvoices.reference_no exists
2026-06-10T13:44:04: ✅ performainvoices.from_address_id exists
2026-06-10T13:44:04: ✅ performainvoices.from_address_custom exists
2026-06-10T13:44:04: ✅ performainvoices.client_company exists
2026-06-10T13:44:04: ✅ performainvoices.client_address1 exists
2026-06-10T13:44:04: ✅ performainvoices.client_address2 exists
2026-06-10T13:44:04: ✅ performainvoices.client_city exists
2026-06-10T13:44:04: ✅ performainvoices.client_state exists
2026-06-10T13:44:04: ✅ performainvoices.client_pincode exists
2026-06-10T13:44:04: ✅ performainvoices.client_country exists
2026-06-10T13:44:04: ✅ performainvoices.tax_type exists
2026-06-10T13:44:04: ✅ performainvoices.custom_tax exists
2026-06-10T13:44:04: ✅ performainvoices.exec_name exists
2026-06-10T13:44:04: ✅ performainvoices.exec_phone exists
2026-06-10T13:44:04: ✅ performainvoices.exec_email exists
2026-06-10T13:44:04: ✅ performainvoices.terms_general exists
2026-06-10T13:44:04: ✅ performainvoices.terms_tax exists
2026-06-10T13:44:04: ✅ performainvoices.terms_project_period exists
2026-06-10T13:44:04: ✅ performainvoices.terms_validity exists
2026-06-10T13:44:04: ✅ performainvoices.terms_separate_orders exists
2026-06-10T13:44:04: ✅ performainvoices.terms_payment exists
2026-06-10T13:44:04: ✅ performainvoices.terms_payment_custom exists
2026-06-10T13:44:04: ✅ performainvoices.terms_warranty exists
2026-06-10T13:44:04: ✅ performainvoices.hsn_sac_code exists
2026-06-10T13:44:04: ✅ performainvoices.supplier_branch exists
2026-06-10T13:44:04: ✅ performainvoices.bank_details_id exists
2026-06-10T13:44:04: ✅ performainvoices.bank_company exists
2026-06-10T13:44:04: ✅ performainvoices.bank_name exists
2026-06-10T13:44:04: ✅ performainvoices.bank_account exists
2026-06-10T13:44:04: ✅ performainvoices.bank_ifsc exists
2026-06-10T13:44:04: ✅ performainvoices.bank_branch exists
2026-06-10T13:44:04: ✅ performainvoices.custom_terms exists
2026-06-10T13:44:04: ✅ services.reference_no exists
2026-06-10T13:44:04: ✅ services.from_address_id exists
2026-06-10T13:44:04: ✅ services.from_address_custom exists
2026-06-10T13:44:04: ✅ services.client_company exists
2026-06-10T13:44:04: ✅ services.client_address1 exists
2026-06-10T13:44:04: ✅ services.client_address2 exists
2026-06-10T13:44:04: ✅ services.client_city exists
2026-06-10T13:44:04: ✅ services.client_state exists
2026-06-10T13:44:04: ✅ services.client_pincode exists
2026-06-10T13:44:04: ✅ services.client_country exists
2026-06-10T13:44:04: ✅ services.tax_type exists
2026-06-10T13:44:04: ✅ services.custom_tax exists
2026-06-10T13:44:04: ✅ services.exec_name exists
2026-06-10T13:44:04: ✅ services.exec_phone exists
2026-06-10T13:44:04: ✅ services.exec_email exists
2026-06-10T13:44:04: ✅ services.terms_general exists
2026-06-10T13:44:04: ✅ services.terms_tax exists
2026-06-10T13:44:04: ✅ services.terms_project_period exists
2026-06-10T13:44:04: ✅ services.terms_validity exists
2026-06-10T13:44:04: ✅ services.terms_separate_orders exists
2026-06-10T13:44:04: ✅ services.terms_payment exists
2026-06-10T13:44:04: ✅ services.terms_payment_custom exists
2026-06-10T13:44:04: ✅ services.terms_warranty exists
2026-06-10T13:44:04: ✅ services.hsn_sac_code exists
2026-06-10T13:44:04: ✅ services.supplier_branch exists
2026-06-10T13:44:04: ✅ services.bank_details_id exists
2026-06-10T13:44:04: ✅ services.bank_company exists
2026-06-10T13:44:04: ✅ services.bank_name exists
2026-06-10T13:44:04: ✅ services.bank_account exists
2026-06-10T13:44:04: ✅ services.bank_ifsc exists
2026-06-10T13:44:04: ✅ services.bank_branch exists
2026-06-10T13:44:04: ✅ services.custom_terms exists
2026-06-10T13:44:04: ✅ estimatenew.client_company exists
2026-06-10T13:44:04: ✅ estimatenew.client_address exists
2026-06-10T13:44:04: ✅ estimatenew.client_city exists
2026-06-10T13:44:04: ✅ estimatenew.client_state exists
2026-06-10T13:44:04: ✅ estimatenew.client_gst exists
2026-06-10T13:44:04: ✅ estimatenew.client_phone exists
2026-06-10T13:44:04: ✅ estimatenew.subtotal exists
2026-06-10T13:44:04: ✅ estimatenew.total_tax exists
2026-06-10T13:44:04: ✅ estimatenew.total_discount exists
2026-06-10T13:44:04: ✅ estimatenew.grand_total exists
2026-06-10T13:44:04: ✅ estimateclient.subtotal exists
2026-06-10T13:44:04: ✅ estimateclient.total_tax exists
2026-06-10T13:44:04: ✅ estimateclient.total_discount exists
2026-06-10T13:44:04: ✅ estimateclient.grand_total exists
2026-06-10T13:44:04: ✅ quotation_items.uom exists
2026-06-10T13:44:04: ✅ quotation_items.hsn_sac exists
2026-06-10T13:44:04: ✅ quotation_items.brand_model exists
2026-06-10T13:44:04: ✅ customers.gst_number exists
2026-06-10T13:44:04: ✅ customers.created_by exists
2026-06-10T13:44:04: ✅ users.last_name exists
2026-06-10T13:44:04: ✅ user_email_configs.smtp_secure exists
2026-06-10T13:44:04: ✅ user_email_configs.from_email_address exists
2026-06-10T13:44:04: ✅ user_email_configs.sender_name exists
2026-06-10T13:44:04: ✅ user_email_configs.provider exists
2026-06-10T13:44:04: ✅ user_email_configs.is_enabled exists
2026-06-10T13:44:04: ✅ users.two_factor_enabled exists
2026-06-10T13:44:04: ✅ quotations.gst_mode exists
2026-06-10T13:44:04: ✅ quotations.status exists
2026-06-10T13:44:04: ✅ performainvoices.gst_mode exists
2026-06-10T13:44:04: ✅ performainvoices.status exists
2026-06-10T13:44:04: ✅ estimate_invoices.gst_mode exists
2026-06-10T13:44:04: ✅ estimate_invoices.status exists
2026-06-10T13:44:04: ✅ service_estimations.gst_mode exists
2026-06-10T13:44:04: ✅ service_estimations.status exists
2026-06-10T13:44:04: ✅ services.gst_mode exists
2026-06-10T13:44:04: ✅ estimatenew.gst_mode exists
2026-06-10T13:44:04: ✅ Create table pi_from_addresses
2026-06-10T13:44:04: ✅ Create table email_otp
2026-06-10T13:44:04: ✅ Create table payments
2026-06-10T13:44:04: ✅ Create table clientinvoices
2026-06-10T13:44:04: ✅ Create table messages
2026-06-10T13:44:04: ✅ Create table service_items
2026-06-10T13:44:04: ✅ Create table service_estimations
2026-06-10T13:44:04: ✅ Create table service_estimation_items
2026-06-10T13:44:04: ✅ Create table estimate_invoices
2026-06-10T13:44:04: ✅ Create table estimate_invoice_items
2026-06-10T13:44:04: ✅ Create table estimate_items
2026-06-10T13:44:04: ✅ Create table performainvoice_items
2026-06-10T13:44:04: ✅ Create table performainvoices
2026-06-10T13:44:04: ✅ Create table services
2026-06-10T13:44:04: ✅ Create table customers
2026-06-10T13:44:04: ✅ Create table quotations
2026-06-10T13:44:04: ✅ Create table quotation_items
2026-06-10T13:44:04: ✅ Create table lead_reminders
2026-06-10T13:44:04: ✅ Create table lead_activity
2026-06-10T13:44:04: ✅ Create table lead_escalations
2026-06-10T13:44:04: ✅ Create table admin_notifications
2026-06-10T13:44:04: ✅ Create table profile_change_requests
2026-06-10T13:44:04: ✅ Create table amc_alc_services
2026-06-10T13:44:04: ✅ Create table service_activity
2026-06-10T13:44:04: ✅ Create table task_targets
2026-06-10T13:44:04: ✅ Create table task_achievements
2026-06-10T13:44:04: ✅ Create table task_updates
2026-06-10T13:44:04: ✅ Create table call_reports
2026-06-10T13:44:04: ✅ Create table task_activity
2026-06-10T13:44:04: ✅ Create table notifications
2026-06-10T13:44:04: ✅ Create table task_assignments
2026-06-10T13:44:04: ✅ Create table clients
2026-06-10T13:44:05: ✅ Create table user_email_configs
2026-06-10T13:44:05: ✅ lead_reminders.reminder_time exists
2026-06-10T13:44:05: ✅ lead_reminders.missed_count exists
2026-06-10T13:44:05: ✅ lead_reminders.notification_sent exists
2026-06-10T13:44:05: ✅ lead_reminders.employee_id exists
2026-06-10T13:44:05: ✅ lead_escalations.missed_count exists
2026-06-10T13:44:05: ✅ users.status exists
2026-06-10T13:44:05: ✅ users.emp_id exists
2026-06-10T13:44:05: ✅ admin_notifications.related_id exists
2026-06-10T13:44:05: ✅ admin_notifications.related_type exists
2026-06-10T13:44:05: ✅ admin_notifications.created_by exists
2026-06-10T13:44:05: ✅ admin_notifications.priority exists
2026-06-10T13:44:05: ✅ admin_notifications.is_archived exists
2026-06-10T13:44:05: ✅ notifications.user_id exists
2026-06-10T13:44:05: ✅ notifications.type exists
2026-06-10T13:44:05: ✅ notifications.is_archived exists
2026-06-10T13:44:05: ✅ task_assignments.status exists
2026-06-10T13:44:05: ✅ teammember.mobile_number exists
2026-06-10T13:44:05: ✅ teammember.emp_id exists
2026-06-10T13:44:05: ✅ teammember.user_id exists
2026-06-10T13:44:05: ✅ teammember.emp_address exists
2026-06-10T13:44:05: ✅ telecalls.created_by exists
2026-06-10T13:44:05: ✅ telecalls.email exists
2026-06-10T13:44:05: ✅ walkins.assigned_to exists
2026-06-10T13:44:05: ✅ walkins.created_by exists
2026-06-10T13:44:05: ✅ walkins.email exists
2026-06-10T13:44:05: ✅ fields.assigned_to exists
2026-06-10T13:44:05: ✅ fields.created_by exists
2026-06-10T13:44:05: ✅ fields.email exists
2026-06-10T13:44:05: ✅ quotations.lead_id exists
2026-06-10T13:44:05: ✅ quotations.lead_type exists
2026-06-10T13:44:05: ✅ contracts.contract_type exists
2026-06-10T13:44:05: ✅ contracts.quotation_id exists
2026-06-10T13:44:05: ✅ contracts.mobile_number exists
2026-06-10T13:44:05: ✅ contracts.location_city exists
2026-06-10T13:44:05: ✅ amc_alc_services.labour_charges exists
2026-06-10T13:44:05: ✅ amc_alc_services.contract_title exists
2026-06-10T13:44:05: ✅ amc_alc_services.start_time exists
2026-06-10T13:44:05: ✅ amc_alc_services.end_time exists
2026-06-10T13:44:05: ✅ amc_alc_services.km exists
2026-06-10T13:44:05: ✅ amc_alc_services.technician exists
2026-06-10T13:44:05: ✅ amc_alc_services.sales_person exists
2026-06-10T13:44:05: ✅ amc_alc_services.remarks exists
2026-06-10T13:44:05: ✅ amc_alc_services.email exists
2026-06-10T13:44:05: ✅ amc_alc_services.next_service_date exists
2026-06-10T13:44:05: ✅ amc_alc_services.service_type exists
2026-06-10T13:44:05: ✅ task_targets.user_id exists
2026-06-10T13:44:05: ✅ task_targets.created_by_admin exists
2026-06-10T13:44:05: ✅ task_achievements.achieved_amount exists
2026-06-10T13:44:05: ✅ task_updates.amount exists
2026-06-10T13:44:05: ✅ call_reports.start_time exists
2026-06-10T13:44:05: ✅ call_reports.end_time exists
2026-06-10T13:44:05: ✅ call_reports.km exists
2026-06-10T13:44:05: ✅ call_reports.remarks exists
2026-06-10T13:44:05: ✅ call_reports.technician exists
2026-06-10T13:44:05: ✅ call_reports.sales_person exists
2026-06-10T13:44:05: ✅ tasks.assigned_teammember_id exists
2026-06-10T13:44:05: ✅ task_targets.teammember_id exists
2026-06-10T13:44:05: ✅ quotations.reference_no exists
2026-06-10T13:44:05: ✅ task_targets.carry_forward exists
2026-06-10T13:44:05: ✅ task_targets.effective_target exists
2026-06-10T13:44:05: ✅ task_targets.user_id exists
2026-06-10T13:44:05: ✅ task_targets.created_by_admin exists
2026-06-10T13:44:05: ✅ task_achievements.achieved_amount exists
2026-06-10T13:44:05: ✅ clients.created_by exists
2026-06-10T13:44:05: ✅ tasks.created_by exists
2026-06-10T13:44:05: ✅ tasks.task_description exists
2026-06-10T13:44:05: ✅ tasks.assigned_to exists
2026-06-10T13:44:05: ✅ quotations.created_by exists
2026-06-10T13:44:05: ✅ contracts.created_by exists
2026-06-10T13:44:05: ✅ contracts.client_company exists
2026-06-10T13:44:05: ✅ contracts.amount_value exists
2026-06-10T13:44:05: ✅ contracts.remaining exists
2026-06-10T13:44:05: ✅ contracts.email exists
2026-06-10T13:44:05: ✅ clientinvoices.created_by exists
2026-06-10T13:44:05: ✅ performainvoices.created_by exists
2026-06-10T13:44:05: ✅ services.created_by exists
2026-06-10T13:44:05: ✅ call_reports.created_by exists
2026-06-10T13:44:05: ✅ lead_activity.employee_id exists
2026-06-10T13:44:05: ✅ lead_escalations.missed_threshold_reached exists
2026-06-10T13:44:05: ✅ lead_escalations.employee_id exists
2026-06-10T13:44:05: ✅ performainvoices.is_latest exists
2026-06-10T13:44:05: ✅ performainvoices.version exists
2026-06-10T13:44:05: ✅ performainvoices.parent_id exists
2026-06-10T13:44:05: ✅ performa_invoice_items.uom exists
2026-06-10T13:44:05: ✅ performainvoice_items.uom exists
2026-06-10T13:44:05: ✅ task_assignments.response_notes exists
2026-06-10T13:44:05: ✅ call_reports.amount_collected exists
2026-06-10T13:44:05: ✅ call_reports.payment_mode exists
2026-06-10T13:44:05: ✅ call_reports.duration_limit exists
2026-06-10T13:44:05: ✅ call_reports.actual_duration exists
2026-06-10T13:44:05: ✅ call_reports.is_exceeded exists
2026-06-10T13:44:05: ✅ call_reports.assigned_time exists
2026-06-10T13:44:05: ✅ call_reports.call_id exists
2026-06-10T13:44:05: ✅ call_reports.session_id exists
2026-06-10T13:44:05: ✅ call_reports.client_name exists
2026-06-10T13:44:05: ✅ call_reports.staff_name exists
2026-06-10T13:44:05: ✅ call_reports.executive_name exists
2026-06-10T13:44:05: ✅ call_reports.phone exists
2026-06-10T13:44:05: ✅ call_reports.location exists
2026-06-10T13:44:05: ✅ call_reports.call_sequence exists
2026-06-10T13:44:05: ✅ call_reports.report_date exists
2026-06-10T13:44:05: ✅ call_reports.complaint exists
2026-06-10T13:44:05: ✅ call_reports.priority exists
2026-06-10T13:44:05: ✅ call_reports.call_type exists
2026-06-10T13:44:05: ✅ call_reports.payment_type exists
2026-06-10T13:44:05: ✅ call_reports.invoice_value exists
2026-06-10T13:44:05: ✅ call_reports.payment_status exists
2026-06-10T13:44:05: ✅ call_reports.petrol_charges exists
2026-06-10T13:44:05: ✅ call_reports.spare_parts_price exists
2026-06-10T13:44:05: ✅ call_reports.labour_charges exists
2026-06-10T13:44:05: ✅ call_reports.total_expenses exists
2026-06-10T13:44:05: ✅ call_reports.customer_name exists
2026-06-10T13:44:05: ✅ call_reports.mobile_number exists
2026-06-10T13:44:05: ✅ call_reports.location_city exists
2026-06-10T13:44:05: ✅ call_reports.contract_title exists
2026-06-10T13:44:05: ✅ call_reports.service_type exists
2026-06-10T13:44:05: ✅ call_reports.description exists
2026-06-10T13:44:05: ✅ call_reports.service_person exists
2026-06-10T13:44:05: ✅ call_reports.contract_id exists
2026-06-10T13:44:05: ✅ call_reports.call_referrer exists
2026-06-10T13:44:05: ✅ call_reports.step2_completed exists
2026-06-10T13:44:05: ✅ call_reports.email exists
2026-06-10T13:44:05: ✅ call_reports.status exists
2026-06-10T13:44:05: ✅ call_reports.gst_number exists
2026-06-10T13:44:05: ✅ call_reports.company_name exists
2026-06-10T13:44:05: ✅ call_reports.completed_at exists
2026-06-10T13:44:05: ✅ call_reports.carry_forward_date exists
2026-06-10T13:44:05: ✅ amc_alc_services.amount_collected exists
2026-06-10T13:44:05: ✅ amc_alc_services.payment_mode exists
2026-06-10T13:44:05: ✅ amc_alc_services.call_number exists
2026-06-10T13:44:05: ✅ amc_alc_services.breakpoints exists
2026-06-10T13:44:05: ✅ amc_alc_services.duration_limit exists
2026-06-10T13:44:05: ✅ clients.gst_number exists
2026-06-10T13:44:05: ✅ clients.company_name exists
2026-06-10T13:44:05: ✅ clients.service exists
2026-06-10T13:44:05: ✅ clients.alternate_phone exists
2026-06-10T13:44:05: ✅ clients.city exists
2026-06-10T13:44:05: ✅ clients.state exists
2026-06-10T13:44:05: ✅ clients.pincode exists
2026-06-10T13:44:05: ✅ clients.notes exists
2026-06-10T13:44:05: ✅ clients.client_status exists
2026-06-10T13:44:05: ✅ clients.original_lead_id exists
2026-06-10T13:44:05: ✅ clients.original_lead_type exists
2026-06-10T13:44:05: ✅ clients.converted_at exists
2026-06-10T13:44:05: ✅ clients.lead_email exists
2026-06-10T13:44:05: ✅ clients.lead_city exists
2026-06-10T13:44:05: ✅ clients.lead_reference exists
2026-06-10T13:44:05: ✅ clients.lead_purpose exists
2026-06-10T13:44:05: ✅ clients.client_status exists
2026-06-10T13:44:05: ✅ clients.lead_staff_name exists
2026-06-10T13:44:05: ✅ clients.lead_id_display exists
2026-06-10T13:44:05: ✅ clients.assigned_teammember_id exists
2026-06-10T13:44:05: ✅ clients.state exists
2026-06-10T13:44:05: ✅ clients.pincode exists
2026-06-10T13:44:05: ✅ users.emp_id exists
2026-06-10T13:44:05: ✅ quotations.reference_no exists
2026-06-10T13:44:05: ✅ quotations.from_address_id exists
2026-06-10T13:44:05: ✅ quotations.from_address_custom exists
2026-06-10T13:44:05: ✅ quotations.client_company exists
2026-06-10T13:44:05: ✅ quotations.client_address1 exists
2026-06-10T13:44:05: ✅ quotations.client_address2 exists
2026-06-10T13:44:05: ✅ quotations.client_city exists
2026-06-10T13:44:05: ✅ quotations.client_state exists
2026-06-10T13:44:05: ✅ quotations.client_pincode exists
2026-06-10T13:44:05: ✅ quotations.client_country exists
2026-06-10T13:44:05: ✅ quotations.tax_type exists
2026-06-10T13:44:05: ✅ quotations.custom_tax exists
2026-06-10T13:44:05: ✅ quotations.exec_name exists
2026-06-10T13:44:05: ✅ quotations.exec_phone exists
2026-06-10T13:44:05: ✅ quotations.exec_email exists
2026-06-10T13:44:05: ✅ quotations.terms_general exists
2026-06-10T13:44:05: ✅ quotations.terms_tax exists
2026-06-10T13:44:05: ✅ quotations.terms_project_period exists
2026-06-10T13:44:05: ✅ quotations.terms_validity exists
2026-06-10T13:44:05: ✅ quotations.terms_separate_orders exists
2026-06-10T13:44:05: ✅ quotations.terms_payment exists
2026-06-10T13:44:05: ✅ quotations.terms_payment_custom exists
2026-06-10T13:44:05: ✅ quotations.terms_warranty exists
2026-06-10T13:44:05: ✅ quotations.hsn_sac_code exists
2026-06-10T13:44:05: ✅ quotations.supplier_branch exists
2026-06-10T13:44:05: ✅ quotations.bank_details_id exists
2026-06-10T13:44:05: ✅ quotations.bank_company exists
2026-06-10T13:44:05: ✅ quotations.bank_name exists
2026-06-10T13:44:05: ✅ quotations.bank_account exists
2026-06-10T13:44:05: ✅ quotations.bank_ifsc exists
2026-06-10T13:44:05: ✅ quotations.bank_branch exists
2026-06-10T13:44:05: ✅ quotations.custom_terms exists
2026-06-10T13:44:05: ✅ quotations.is_latest exists
2026-06-10T13:44:05: ✅ quotations.parent_id exists
2026-06-10T13:44:05: ✅ quotations.version exists
2026-06-10T13:44:05: ✅ performainvoices.reference_no exists
2026-06-10T13:44:05: ✅ performainvoices.from_address_id exists
2026-06-10T13:44:05: ✅ performainvoices.from_address_custom exists
2026-06-10T13:44:05: ✅ performainvoices.client_company exists
2026-06-10T13:44:05: ✅ performainvoices.client_address1 exists
2026-06-10T13:44:05: ✅ performainvoices.client_address2 exists
2026-06-10T13:44:05: ✅ performainvoices.client_city exists
2026-06-10T13:44:05: ✅ performainvoices.client_state exists
2026-06-10T13:44:05: ✅ performainvoices.client_pincode exists
2026-06-10T13:44:05: ✅ performainvoices.client_country exists
2026-06-10T13:44:05: ✅ performainvoices.tax_type exists
2026-06-10T13:44:05: ✅ performainvoices.custom_tax exists
2026-06-10T13:44:05: ✅ performainvoices.exec_name exists
2026-06-10T13:44:05: ✅ performainvoices.exec_phone exists
2026-06-10T13:44:05: ✅ performainvoices.exec_email exists
2026-06-10T13:44:05: ✅ performainvoices.terms_general exists
2026-06-10T13:44:05: ✅ performainvoices.terms_tax exists
2026-06-10T13:44:05: ✅ performainvoices.terms_project_period exists
2026-06-10T13:44:05: ✅ performainvoices.terms_validity exists
2026-06-10T13:44:05: ✅ performainvoices.terms_separate_orders exists
2026-06-10T13:44:05: ✅ performainvoices.terms_payment exists
2026-06-10T13:44:05: ✅ performainvoices.terms_payment_custom exists
2026-06-10T13:44:05: ✅ performainvoices.terms_warranty exists
2026-06-10T13:44:05: ✅ performainvoices.hsn_sac_code exists
2026-06-10T13:44:05: ✅ performainvoices.supplier_branch exists
2026-06-10T13:44:05: ✅ performainvoices.bank_details_id exists
2026-06-10T13:44:05: ✅ performainvoices.bank_company exists
2026-06-10T13:44:05: ✅ performainvoices.bank_name exists
2026-06-10T13:44:05: ✅ performainvoices.bank_account exists
2026-06-10T13:44:05: ✅ performainvoices.bank_ifsc exists
2026-06-10T13:44:05: ✅ performainvoices.bank_branch exists
2026-06-10T13:44:05: ✅ performainvoices.custom_terms exists
2026-06-10T13:44:05: ✅ services.reference_no exists
2026-06-10T13:44:05: ✅ services.from_address_id exists
2026-06-10T13:44:05: ✅ services.from_address_custom exists
2026-06-10T13:44:05: ✅ services.client_company exists
2026-06-10T13:44:05: ✅ services.client_address1 exists
2026-06-10T13:44:05: ✅ services.client_address2 exists
2026-06-10T13:44:05: ✅ services.client_city exists
2026-06-10T13:44:05: ✅ services.client_state exists
2026-06-10T13:44:05: ✅ services.client_pincode exists
2026-06-10T13:44:05: ✅ services.client_country exists
2026-06-10T13:44:05: ✅ services.tax_type exists
2026-06-10T13:44:05: ✅ services.custom_tax exists
2026-06-10T13:44:05: ✅ services.exec_name exists
2026-06-10T13:44:05: ✅ services.exec_phone exists
2026-06-10T13:44:05: ✅ services.exec_email exists
2026-06-10T13:44:05: ✅ services.terms_general exists
2026-06-10T13:44:05: ✅ services.terms_tax exists
2026-06-10T13:44:05: ✅ services.terms_project_period exists
2026-06-10T13:44:05: ✅ services.terms_validity exists
2026-06-10T13:44:05: ✅ services.terms_separate_orders exists
2026-06-10T13:44:05: ✅ services.terms_payment exists
2026-06-10T13:44:05: ✅ services.terms_payment_custom exists
2026-06-10T13:44:05: ✅ services.terms_warranty exists
2026-06-10T13:44:05: ✅ services.hsn_sac_code exists
2026-06-10T13:44:05: ✅ services.supplier_branch exists
2026-06-10T13:44:05: ✅ services.bank_details_id exists
2026-06-10T13:44:05: ✅ services.bank_company exists
2026-06-10T13:44:05: ✅ services.bank_name exists
2026-06-10T13:44:05: ✅ services.bank_account exists
2026-06-10T13:44:05: ✅ services.bank_ifsc exists
2026-06-10T13:44:05: ✅ services.bank_branch exists
2026-06-10T13:44:05: ✅ services.custom_terms exists
2026-06-10T13:44:05: ✅ estimatenew.client_company exists
2026-06-10T13:44:05: ✅ estimatenew.client_address exists
2026-06-10T13:44:05: ✅ estimatenew.client_city exists
2026-06-10T13:44:05: ✅ estimatenew.client_state exists
2026-06-10T13:44:05: ✅ estimatenew.client_gst exists
2026-06-10T13:44:05: ✅ estimatenew.client_phone exists
2026-06-10T13:44:05: ✅ estimatenew.subtotal exists
2026-06-10T13:44:05: ✅ estimatenew.total_tax exists
2026-06-10T13:44:05: ✅ estimatenew.total_discount exists
2026-06-10T13:44:05: ✅ estimatenew.grand_total exists
2026-06-10T13:44:05: ✅ estimateclient.subtotal exists
2026-06-10T13:44:05: ✅ estimateclient.total_tax exists
2026-06-10T13:44:05: ✅ estimateclient.total_discount exists
2026-06-10T13:44:05: ✅ estimateclient.grand_total exists
2026-06-10T13:44:05: ✅ quotation_items.uom exists
2026-06-10T13:44:05: ✅ quotation_items.hsn_sac exists
2026-06-10T13:44:05: ✅ quotation_items.brand_model exists
2026-06-10T13:44:05: ✅ customers.gst_number exists
2026-06-10T13:44:05: ✅ customers.created_by exists
2026-06-10T13:44:05: ✅ users.last_name exists
2026-06-10T13:44:05: ✅ user_email_configs.smtp_secure exists
2026-06-10T13:44:05: ✅ user_email_configs.from_email_address exists
2026-06-10T13:44:05: ✅ user_email_configs.sender_name exists
2026-06-10T13:44:05: ✅ user_email_configs.provider exists
2026-06-10T13:44:05: ✅ user_email_configs.is_enabled exists
2026-06-10T13:44:05: ✅ users.two_factor_enabled exists
2026-06-10T13:44:05: ✅ quotations.gst_mode exists
2026-06-10T13:44:05: ✅ quotations.status exists
2026-06-10T13:44:05: ✅ performainvoices.gst_mode exists
2026-06-10T13:44:05: ✅ performainvoices.status exists
2026-06-10T13:44:05: ✅ estimate_invoices.gst_mode exists
2026-06-10T13:44:05: ✅ estimate_invoices.status exists
2026-06-10T13:44:05: ✅ service_estimations.gst_mode exists
2026-06-10T13:44:05: ✅ service_estimations.status exists
2026-06-10T13:44:05: ✅ services.gst_mode exists
2026-06-10T13:44:05: ✅ estimatenew.gst_mode exists
2026-06-10T13:44:05: Users role column updated
2026-06-10T13:44:05: Teammember emp_role updated
2026-06-10T13:44:06: OTP email transporter is ready
2026-06-10T13:44:06: Default employees seeded successfully.
2026-06-10T13:44:06: [Scheduler] Reminder escalation scheduler started (every 15 min)
2026-06-10T13:44:06: [Scheduler] End-of-day task scheduler started (daily at 6 PM)
2026-06-10T13:44:06: ✅ Server running: http://0.0.0.0:5000 [production]
2026-06-10T13:44:16: [Scheduler] Running initial task check...
2026-06-10T13:44:16: [Scheduler] End-of-day task check complete. Evaluated 1 incomplete tasks.
2026-06-10T13:44:16: [Scheduler] End-of-day summary notification dispatched: 1 incomplete tasks
2026-06-10T13:44:16: [Web Push] No active admin push subscriptions found.
2026-06-10T13:44:26: User 708 joined notifications channel
2026-06-10T13:44:26: Admin joined notifications channel
2026-06-10T13:44:26: User 708 joined notifications channel
2026-06-10T13:44:26: Admin joined notifications channel
2026-06-10T13:46:31: Client disconnected from notifications
2026-06-10T13:46:32: User 701 joined notifications channel
2026-06-10T13:47:54: Client disconnected from notifications
2026-06-10T13:47:54: User 701 joined notifications channel
2026-06-10T13:48:02: Client disconnected from notifications
2026-06-10T13:55:36: Client disconnected from notifications
2026-06-10T13:59:22: ◇ injected env (12) from .env // tip: ⌘ custom filepath { path: '/custom/path/.env' }
2026-06-10T13:59:23: ◇ injected env (0) from .env // tip: ⌘ enable debugging { debug: true }
2026-06-10T13:59:23: Generating fresh VAPID Keys for Push Notifications...
2026-06-10T13:59:23: VAPID Keys generated and saved to backend/.env
2026-06-10T13:59:24: MySQL Connected (127.0.0.1:3306)
2026-06-10T13:59:24: Using database achme
2026-06-10T13:59:24: Database initialized successfully
2026-06-10T13:59:24: ✅ lead_reminders.reminder_time exists
2026-06-10T13:59:24: ✅ lead_reminders.missed_count exists
2026-06-10T13:59:24: ✅ lead_reminders.notification_sent exists
2026-06-10T13:59:24: ✅ lead_reminders.employee_id exists
2026-06-10T13:59:24: ✅ lead_escalations.missed_count exists
2026-06-10T13:59:24: ✅ users.status exists
2026-06-10T13:59:24: ✅ users.emp_id exists
2026-06-10T13:59:24: ✅ admin_notifications.related_id exists
2026-06-10T13:59:24: ✅ admin_notifications.related_type exists
2026-06-10T13:59:24: ✅ admin_notifications.created_by exists
2026-06-10T13:59:24: ✅ admin_notifications.priority exists
2026-06-10T13:59:24: ✅ admin_notifications.is_archived exists
2026-06-10T13:59:24: ✅ notifications.user_id exists
2026-06-10T13:59:24: ✅ notifications.type exists
2026-06-10T13:59:24: ✅ notifications.is_archived exists
2026-06-10T13:59:24: ✅ task_assignments.status exists
2026-06-10T13:59:24: ✅ teammember.mobile_number exists
2026-06-10T13:59:24: ✅ teammember.emp_id exists
2026-06-10T13:59:24: ✅ teammember.user_id exists
2026-06-10T13:59:24: ✅ teammember.emp_address exists
2026-06-10T13:59:24: ✅ telecalls.created_by exists
2026-06-10T13:59:24: ✅ telecalls.email exists
2026-06-10T13:59:24: ✅ walkins.assigned_to exists
2026-06-10T13:59:24: ✅ walkins.created_by exists
2026-06-10T13:59:24: ✅ walkins.email exists
2026-06-10T13:59:24: ✅ fields.assigned_to exists
2026-06-10T13:59:24: ✅ fields.created_by exists
2026-06-10T13:59:24: ✅ fields.email exists
2026-06-10T13:59:24: ✅ quotations.lead_id exists
2026-06-10T13:59:24: ✅ quotations.lead_type exists
2026-06-10T13:59:24: ✅ contracts.contract_type exists
2026-06-10T13:59:24: ✅ contracts.quotation_id exists
2026-06-10T13:59:24: ✅ contracts.mobile_number exists
2026-06-10T13:59:24: ✅ contracts.location_city exists
2026-06-10T13:59:24: ✅ amc_alc_services.labour_charges exists
2026-06-10T13:59:24: ✅ amc_alc_services.contract_title exists
2026-06-10T13:59:24: ✅ amc_alc_services.start_time exists
2026-06-10T13:59:24: ✅ amc_alc_services.end_time exists
2026-06-10T13:59:24: ✅ amc_alc_services.km exists
2026-06-10T13:59:24: ✅ amc_alc_services.technician exists
2026-06-10T13:59:24: ✅ amc_alc_services.sales_person exists
2026-06-10T13:59:24: ✅ amc_alc_services.remarks exists
2026-06-10T13:59:24: ✅ amc_alc_services.email exists
2026-06-10T13:59:24: ✅ amc_alc_services.next_service_date exists
2026-06-10T13:59:24: ✅ amc_alc_services.service_type exists
2026-06-10T13:59:24: ✅ task_targets.user_id exists
2026-06-10T13:59:24: ✅ task_targets.created_by_admin exists
2026-06-10T13:59:24: ✅ task_achievements.achieved_amount exists
2026-06-10T13:59:24: ✅ task_updates.amount exists
2026-06-10T13:59:24: ✅ call_reports.start_time exists
2026-06-10T13:59:24: ✅ call_reports.end_time exists
2026-06-10T13:59:24: ✅ call_reports.km exists
2026-06-10T13:59:24: ✅ call_reports.remarks exists
2026-06-10T13:59:24: ✅ call_reports.technician exists
2026-06-10T13:59:24: ✅ call_reports.sales_person exists
2026-06-10T13:59:24: ✅ tasks.assigned_teammember_id exists
2026-06-10T13:59:24: ✅ task_targets.teammember_id exists
2026-06-10T13:59:24: ✅ quotations.reference_no exists
2026-06-10T13:59:24: ✅ task_targets.carry_forward exists
2026-06-10T13:59:24: ✅ task_targets.effective_target exists
2026-06-10T13:59:24: ✅ task_targets.user_id exists
2026-06-10T13:59:24: ✅ task_targets.created_by_admin exists
2026-06-10T13:59:24: ✅ task_achievements.achieved_amount exists
2026-06-10T13:59:24: ✅ clients.created_by exists
2026-06-10T13:59:24: ✅ tasks.created_by exists
2026-06-10T13:59:24: ✅ tasks.task_description exists
2026-06-10T13:59:24: ✅ tasks.assigned_to exists
2026-06-10T13:59:24: ✅ quotations.created_by exists
2026-06-10T13:59:24: ✅ contracts.created_by exists
2026-06-10T13:59:24: ✅ contracts.client_company exists
2026-06-10T13:59:24: ✅ contracts.amount_value exists
2026-06-10T13:59:24: ✅ contracts.remaining exists
2026-06-10T13:59:24: ✅ contracts.email exists
2026-06-10T13:59:24: ✅ clientinvoices.created_by exists
2026-06-10T13:59:24: ✅ performainvoices.created_by exists
2026-06-10T13:59:24: ✅ services.created_by exists
2026-06-10T13:59:24: ✅ call_reports.created_by exists
2026-06-10T13:59:24: ✅ lead_activity.employee_id exists
2026-06-10T13:59:24: ✅ lead_escalations.missed_threshold_reached exists
2026-06-10T13:59:24: ✅ lead_escalations.employee_id exists
2026-06-10T13:59:24: ✅ performainvoices.is_latest exists
2026-06-10T13:59:24: ✅ performainvoices.version exists
2026-06-10T13:59:24: ✅ performainvoices.parent_id exists
2026-06-10T13:59:24: ✅ performa_invoice_items.uom exists
2026-06-10T13:59:24: ✅ performainvoice_items.uom exists
2026-06-10T13:59:24: ✅ task_assignments.response_notes exists
2026-06-10T13:59:24: ✅ call_reports.amount_collected exists
2026-06-10T13:59:24: ✅ call_reports.payment_mode exists
2026-06-10T13:59:24: ✅ call_reports.duration_limit exists
2026-06-10T13:59:24: ✅ call_reports.actual_duration exists
2026-06-10T13:59:24: ✅ call_reports.is_exceeded exists
2026-06-10T13:59:24: ✅ call_reports.assigned_time exists
2026-06-10T13:59:24: ✅ call_reports.call_id exists
2026-06-10T13:59:24: ✅ call_reports.session_id exists
2026-06-10T13:59:24: ✅ call_reports.client_name exists
2026-06-10T13:59:24: ✅ call_reports.staff_name exists
2026-06-10T13:59:24: ✅ call_reports.executive_name exists
2026-06-10T13:59:24: ✅ call_reports.phone exists
2026-06-10T13:59:24: ✅ call_reports.location exists
2026-06-10T13:59:24: ✅ call_reports.call_sequence exists
2026-06-10T13:59:24: ✅ call_reports.report_date exists
2026-06-10T13:59:24: ✅ call_reports.complaint exists
2026-06-10T13:59:24: ✅ call_reports.priority exists
2026-06-10T13:59:24: ✅ call_reports.call_type exists
2026-06-10T13:59:24: ✅ call_reports.payment_type exists
2026-06-10T13:59:24: ✅ call_reports.invoice_value exists
2026-06-10T13:59:24: ✅ call_reports.payment_status exists
2026-06-10T13:59:24: ✅ call_reports.petrol_charges exists
2026-06-10T13:59:24: ✅ call_reports.spare_parts_price exists
2026-06-10T13:59:24: ✅ call_reports.labour_charges exists
2026-06-10T13:59:24: ✅ call_reports.total_expenses exists
2026-06-10T13:59:24: ✅ call_reports.customer_name exists
2026-06-10T13:59:24: ✅ call_reports.mobile_number exists
2026-06-10T13:59:24: ✅ call_reports.location_city exists
2026-06-10T13:59:24: ✅ call_reports.contract_title exists
2026-06-10T13:59:24: ✅ call_reports.service_type exists
2026-06-10T13:59:24: ✅ call_reports.description exists
2026-06-10T13:59:24: ✅ call_reports.service_person exists
2026-06-10T13:59:24: ✅ call_reports.contract_id exists
2026-06-10T13:59:24: ✅ call_reports.call_referrer exists
2026-06-10T13:59:24: ✅ call_reports.step2_completed exists
2026-06-10T13:59:24: ✅ call_reports.email exists
2026-06-10T13:59:24: ✅ call_reports.status exists
2026-06-10T13:59:24: ✅ call_reports.gst_number exists
2026-06-10T13:59:24: ✅ call_reports.company_name exists
2026-06-10T13:59:24: ✅ call_reports.completed_at exists
2026-06-10T13:59:24: ✅ call_reports.carry_forward_date exists
2026-06-10T13:59:24: ✅ amc_alc_services.amount_collected exists
2026-06-10T13:59:24: ✅ amc_alc_services.payment_mode exists
2026-06-10T13:59:24: ✅ amc_alc_services.call_number exists
2026-06-10T13:59:24: ✅ amc_alc_services.breakpoints exists
2026-06-10T13:59:24: ✅ amc_alc_services.duration_limit exists
2026-06-10T13:59:24: ✅ clients.gst_number exists
2026-06-10T13:59:24: ✅ clients.company_name exists
2026-06-10T13:59:24: ✅ clients.service exists
2026-06-10T13:59:24: ✅ clients.alternate_phone exists
2026-06-10T13:59:24: ✅ clients.city exists
2026-06-10T13:59:24: ✅ clients.state exists
2026-06-10T13:59:24: ✅ clients.pincode exists
2026-06-10T13:59:24: ✅ clients.notes exists
2026-06-10T13:59:24: ✅ clients.client_status exists
2026-06-10T13:59:24: ✅ clients.original_lead_id exists
2026-06-10T13:59:24: ✅ clients.original_lead_type exists
2026-06-10T13:59:24: ✅ clients.converted_at exists
2026-06-10T13:59:24: ✅ clients.lead_email exists
2026-06-10T13:59:24: ✅ clients.lead_city exists
2026-06-10T13:59:24: ✅ clients.lead_reference exists
2026-06-10T13:59:24: ✅ clients.lead_purpose exists
2026-06-10T13:59:24: ✅ clients.client_status exists
2026-06-10T13:59:24: ✅ clients.lead_staff_name exists
2026-06-10T13:59:24: ✅ clients.lead_id_display exists
2026-06-10T13:59:24: ✅ clients.assigned_teammember_id exists
2026-06-10T13:59:24: ✅ clients.state exists
2026-06-10T13:59:24: ✅ clients.pincode exists
2026-06-10T13:59:24: ✅ users.emp_id exists
2026-06-10T13:59:24: ✅ quotations.reference_no exists
2026-06-10T13:59:24: ✅ quotations.from_address_id exists
2026-06-10T13:59:24: ✅ quotations.from_address_custom exists
2026-06-10T13:59:24: ✅ quotations.client_company exists
2026-06-10T13:59:24: ✅ quotations.client_address1 exists
2026-06-10T13:59:24: ✅ quotations.client_address2 exists
2026-06-10T13:59:24: ✅ quotations.client_city exists
2026-06-10T13:59:24: ✅ quotations.client_state exists
2026-06-10T13:59:24: ✅ quotations.client_pincode exists
2026-06-10T13:59:24: ✅ quotations.client_country exists
2026-06-10T13:59:24: ✅ quotations.tax_type exists
2026-06-10T13:59:24: ✅ quotations.custom_tax exists
2026-06-10T13:59:24: ✅ quotations.exec_name exists
2026-06-10T13:59:24: ✅ quotations.exec_phone exists
2026-06-10T13:59:24: ✅ quotations.exec_email exists
2026-06-10T13:59:24: ✅ quotations.terms_general exists
2026-06-10T13:59:24: ✅ quotations.terms_tax exists
2026-06-10T13:59:24: ✅ quotations.terms_project_period exists
2026-06-10T13:59:24: ✅ quotations.terms_validity exists
2026-06-10T13:59:24: ✅ quotations.terms_separate_orders exists
2026-06-10T13:59:24: ✅ quotations.terms_payment exists
2026-06-10T13:59:24: ✅ quotations.terms_payment_custom exists
2026-06-10T13:59:24: ✅ quotations.terms_warranty exists
2026-06-10T13:59:24: ✅ quotations.hsn_sac_code exists
2026-06-10T13:59:24: ✅ quotations.supplier_branch exists
2026-06-10T13:59:24: ✅ quotations.bank_details_id exists
2026-06-10T13:59:24: ✅ quotations.bank_company exists
2026-06-10T13:59:24: ✅ quotations.bank_name exists
2026-06-10T13:59:24: ✅ quotations.bank_account exists
2026-06-10T13:59:24: ✅ quotations.bank_ifsc exists
2026-06-10T13:59:24: ✅ quotations.bank_branch exists
2026-06-10T13:59:24: ✅ quotations.custom_terms exists
2026-06-10T13:59:24: ✅ quotations.is_latest exists
2026-06-10T13:59:24: ✅ quotations.parent_id exists
2026-06-10T13:59:24: ✅ quotations.version exists
2026-06-10T13:59:24: ✅ performainvoices.reference_no exists
2026-06-10T13:59:24: ✅ performainvoices.from_address_id exists
2026-06-10T13:59:24: ✅ performainvoices.from_address_custom exists
2026-06-10T13:59:24: ✅ performainvoices.client_company exists
2026-06-10T13:59:24: ✅ performainvoices.client_address1 exists
2026-06-10T13:59:24: ✅ performainvoices.client_address2 exists
2026-06-10T13:59:24: ✅ performainvoices.client_city exists
2026-06-10T13:59:24: ✅ performainvoices.client_state exists
2026-06-10T13:59:24: ✅ performainvoices.client_pincode exists
2026-06-10T13:59:24: ✅ performainvoices.client_country exists
2026-06-10T13:59:24: ✅ performainvoices.tax_type exists
2026-06-10T13:59:24: ✅ performainvoices.custom_tax exists
2026-06-10T13:59:24: ✅ performainvoices.exec_name exists
2026-06-10T13:59:24: ✅ performainvoices.exec_phone exists
2026-06-10T13:59:24: ✅ performainvoices.exec_email exists
2026-06-10T13:59:24: ✅ performainvoices.terms_general exists
2026-06-10T13:59:24: ✅ performainvoices.terms_tax exists
2026-06-10T13:59:24: ✅ performainvoices.terms_project_period exists
2026-06-10T13:59:24: ✅ performainvoices.terms_validity exists
2026-06-10T13:59:24: ✅ performainvoices.terms_separate_orders exists
2026-06-10T13:59:24: ✅ performainvoices.terms_payment exists
2026-06-10T13:59:24: ✅ performainvoices.terms_payment_custom exists
2026-06-10T13:59:24: ✅ performainvoices.terms_warranty exists
2026-06-10T13:59:24: ✅ performainvoices.hsn_sac_code exists
2026-06-10T13:59:24: ✅ performainvoices.supplier_branch exists
2026-06-10T13:59:24: ✅ performainvoices.bank_details_id exists
2026-06-10T13:59:24: ✅ performainvoices.bank_company exists
2026-06-10T13:59:24: ✅ performainvoices.bank_name exists
2026-06-10T13:59:24: ✅ performainvoices.bank_account exists
2026-06-10T13:59:24: ✅ performainvoices.bank_ifsc exists
2026-06-10T13:59:24: ✅ performainvoices.bank_branch exists
2026-06-10T13:59:24: ✅ performainvoices.custom_terms exists
2026-06-10T13:59:24: ✅ services.reference_no exists
2026-06-10T13:59:24: ✅ services.from_address_id exists
2026-06-10T13:59:24: ✅ services.from_address_custom exists
2026-06-10T13:59:24: ✅ services.client_company exists
2026-06-10T13:59:24: ✅ services.client_address1 exists
2026-06-10T13:59:24: ✅ services.client_address2 exists
2026-06-10T13:59:24: ✅ services.client_city exists
2026-06-10T13:59:24: ✅ services.client_state exists
2026-06-10T13:59:24: ✅ services.client_pincode exists
2026-06-10T13:59:24: ✅ services.client_country exists
2026-06-10T13:59:24: ✅ services.tax_type exists
2026-06-10T13:59:24: ✅ services.custom_tax exists
2026-06-10T13:59:24: ✅ services.exec_name exists
2026-06-10T13:59:24: ✅ services.exec_phone exists
2026-06-10T13:59:24: ✅ services.exec_email exists
2026-06-10T13:59:24: ✅ services.terms_general exists
2026-06-10T13:59:24: ✅ services.terms_tax exists
2026-06-10T13:59:24: ✅ services.terms_project_period exists
2026-06-10T13:59:24: ✅ services.terms_validity exists
2026-06-10T13:59:24: ✅ services.terms_separate_orders exists
2026-06-10T13:59:24: ✅ services.terms_payment exists
2026-06-10T13:59:24: ✅ services.terms_payment_custom exists
2026-06-10T13:59:24: ✅ services.terms_warranty exists
2026-06-10T13:59:24: ✅ services.hsn_sac_code exists
2026-06-10T13:59:24: ✅ services.supplier_branch exists
2026-06-10T13:59:24: ✅ services.bank_details_id exists
2026-06-10T13:59:24: ✅ services.bank_company exists
2026-06-10T13:59:24: ✅ services.bank_name exists
2026-06-10T13:59:24: ✅ services.bank_account exists
2026-06-10T13:59:24: ✅ services.bank_ifsc exists
2026-06-10T13:59:24: ✅ services.bank_branch exists
2026-06-10T13:59:24: ✅ services.custom_terms exists
2026-06-10T13:59:24: ✅ estimatenew.client_company exists
2026-06-10T13:59:24: ✅ estimatenew.client_address exists
2026-06-10T13:59:24: ✅ estimatenew.client_city exists
2026-06-10T13:59:24: ✅ estimatenew.client_state exists
2026-06-10T13:59:24: ✅ estimatenew.client_gst exists
2026-06-10T13:59:24: ✅ estimatenew.client_phone exists
2026-06-10T13:59:24: ✅ estimatenew.subtotal exists
2026-06-10T13:59:24: ✅ estimatenew.total_tax exists
2026-06-10T13:59:24: ✅ estimatenew.total_discount exists
2026-06-10T13:59:24: ✅ estimatenew.grand_total exists
2026-06-10T13:59:24: ✅ estimateclient.subtotal exists
2026-06-10T13:59:24: ✅ estimateclient.total_tax exists
2026-06-10T13:59:24: ✅ estimateclient.total_discount exists
2026-06-10T13:59:24: ✅ estimateclient.grand_total exists
2026-06-10T13:59:24: ✅ quotation_items.uom exists
2026-06-10T13:59:24: ✅ quotation_items.hsn_sac exists
2026-06-10T13:59:24: ✅ quotation_items.brand_model exists
2026-06-10T13:59:24: ✅ customers.gst_number exists
2026-06-10T13:59:24: ✅ customers.created_by exists
2026-06-10T13:59:24: ✅ users.last_name exists
2026-06-10T13:59:24: ✅ user_email_configs.smtp_secure exists
2026-06-10T13:59:24: ✅ user_email_configs.from_email_address exists
2026-06-10T13:59:24: ✅ user_email_configs.sender_name exists
2026-06-10T13:59:24: ✅ user_email_configs.provider exists
2026-06-10T13:59:24: ✅ user_email_configs.is_enabled exists
2026-06-10T13:59:24: ✅ users.two_factor_enabled exists
2026-06-10T13:59:24: ✅ quotations.gst_mode exists
2026-06-10T13:59:24: ✅ quotations.status exists
2026-06-10T13:59:24: ✅ performainvoices.gst_mode exists
2026-06-10T13:59:24: ✅ performainvoices.status exists
2026-06-10T13:59:24: ✅ estimate_invoices.gst_mode exists
2026-06-10T13:59:24: ✅ estimate_invoices.status exists
2026-06-10T13:59:24: ✅ service_estimations.gst_mode exists
2026-06-10T13:59:24: ✅ service_estimations.status exists
2026-06-10T13:59:24: ✅ services.gst_mode exists
2026-06-10T13:59:24: ✅ estimatenew.gst_mode exists
2026-06-10T13:59:24: ✅ Create table pi_from_addresses
2026-06-10T13:59:24: ✅ Create table email_otp
2026-06-10T13:59:24: ✅ Create table payments
2026-06-10T13:59:24: ✅ Create table clientinvoices
2026-06-10T13:59:24: ✅ Create table messages
2026-06-10T13:59:24: ✅ Create table service_items
2026-06-10T13:59:24: ✅ Create table service_estimations
2026-06-10T13:59:24: ✅ Create table service_estimation_items
2026-06-10T13:59:24: ✅ Create table estimate_invoices
2026-06-10T13:59:24: ✅ Create table estimate_invoice_items
2026-06-10T13:59:24: ✅ Create table estimate_items
2026-06-10T13:59:24: ✅ Create table performainvoice_items
2026-06-10T13:59:24: ✅ Create table performainvoices
2026-06-10T13:59:24: ✅ Create table services
2026-06-10T13:59:24: ✅ Create table customers
2026-06-10T13:59:24: ✅ Create table quotations
2026-06-10T13:59:24: ✅ Create table quotation_items
2026-06-10T13:59:24: ✅ Create table lead_reminders
2026-06-10T13:59:24: ✅ Create table lead_activity
2026-06-10T13:59:24: ✅ Create table lead_escalations
2026-06-10T13:59:24: ✅ Create table admin_notifications
2026-06-10T13:59:24: ✅ Create table profile_change_requests
2026-06-10T13:59:24: ✅ Create table amc_alc_services
2026-06-10T13:59:24: ✅ Create table service_activity
2026-06-10T13:59:24: ✅ Create table task_targets
2026-06-10T13:59:24: ✅ Create table task_achievements
2026-06-10T13:59:24: ✅ Create table task_updates
2026-06-10T13:59:24: ✅ Create table call_reports
2026-06-10T13:59:24: ✅ Create table task_activity
2026-06-10T13:59:24: ✅ Create table notifications
2026-06-10T13:59:24: ✅ Create table task_assignments
2026-06-10T13:59:24: ✅ Create table clients
2026-06-10T13:59:24: ✅ Create table user_email_configs
2026-06-10T13:59:24: ✅ lead_reminders.reminder_time exists
2026-06-10T13:59:24: ✅ lead_reminders.missed_count exists
2026-06-10T13:59:24: ✅ lead_reminders.notification_sent exists
2026-06-10T13:59:24: ✅ lead_reminders.employee_id exists
2026-06-10T13:59:24: ✅ lead_escalations.missed_count exists
2026-06-10T13:59:24: ✅ users.status exists
2026-06-10T13:59:24: ✅ users.emp_id exists
2026-06-10T13:59:24: ✅ admin_notifications.related_id exists
2026-06-10T13:59:24: ✅ admin_notifications.related_type exists
2026-06-10T13:59:24: ✅ admin_notifications.created_by exists
2026-06-10T13:59:24: ✅ admin_notifications.priority exists
2026-06-10T13:59:24: ✅ admin_notifications.is_archived exists
2026-06-10T13:59:24: ✅ notifications.user_id exists
2026-06-10T13:59:24: ✅ notifications.type exists
2026-06-10T13:59:24: ✅ notifications.is_archived exists
2026-06-10T13:59:24: ✅ task_assignments.status exists
2026-06-10T13:59:24: ✅ teammember.mobile_number exists
2026-06-10T13:59:24: ✅ teammember.emp_id exists
2026-06-10T13:59:24: ✅ teammember.user_id exists
2026-06-10T13:59:24: ✅ teammember.emp_address exists
2026-06-10T13:59:24: ✅ telecalls.created_by exists
2026-06-10T13:59:24: ✅ telecalls.email exists
2026-06-10T13:59:24: ✅ walkins.assigned_to exists
2026-06-10T13:59:24: ✅ walkins.created_by exists
2026-06-10T13:59:24: ✅ walkins.email exists
2026-06-10T13:59:24: ✅ fields.assigned_to exists
2026-06-10T13:59:24: ✅ fields.created_by exists
2026-06-10T13:59:24: ✅ fields.email exists
2026-06-10T13:59:24: ✅ quotations.lead_id exists
2026-06-10T13:59:24: ✅ quotations.lead_type exists
2026-06-10T13:59:24: ✅ contracts.contract_type exists
2026-06-10T13:59:24: ✅ contracts.quotation_id exists
2026-06-10T13:59:25: ✅ contracts.mobile_number exists
2026-06-10T13:59:25: ✅ contracts.location_city exists
2026-06-10T13:59:25: ✅ amc_alc_services.labour_charges exists
2026-06-10T13:59:25: ✅ amc_alc_services.contract_title exists
2026-06-10T13:59:25: ✅ amc_alc_services.start_time exists
2026-06-10T13:59:25: ✅ amc_alc_services.end_time exists
2026-06-10T13:59:25: ✅ amc_alc_services.km exists
2026-06-10T13:59:25: ✅ amc_alc_services.technician exists
2026-06-10T13:59:25: ✅ amc_alc_services.sales_person exists
2026-06-10T13:59:25: ✅ amc_alc_services.remarks exists
2026-06-10T13:59:25: ✅ amc_alc_services.email exists
2026-06-10T13:59:25: ✅ amc_alc_services.next_service_date exists
2026-06-10T13:59:25: ✅ amc_alc_services.service_type exists
2026-06-10T13:59:25: ✅ task_targets.user_id exists
2026-06-10T13:59:25: ✅ task_targets.created_by_admin exists
2026-06-10T13:59:25: ✅ task_achievements.achieved_amount exists
2026-06-10T13:59:25: ✅ task_updates.amount exists
2026-06-10T13:59:25: ✅ call_reports.start_time exists
2026-06-10T13:59:25: ✅ call_reports.end_time exists
2026-06-10T13:59:25: ✅ call_reports.km exists
2026-06-10T13:59:25: ✅ call_reports.remarks exists
2026-06-10T13:59:25: ✅ call_reports.technician exists
2026-06-10T13:59:25: ✅ call_reports.sales_person exists
2026-06-10T13:59:25: ✅ tasks.assigned_teammember_id exists
2026-06-10T13:59:25: ✅ task_targets.teammember_id exists
2026-06-10T13:59:25: ✅ quotations.reference_no exists
2026-06-10T13:59:25: ✅ task_targets.carry_forward exists
2026-06-10T13:59:25: ✅ task_targets.effective_target exists
2026-06-10T13:59:25: ✅ task_targets.user_id exists
2026-06-10T13:59:25: ✅ task_targets.created_by_admin exists
2026-06-10T13:59:25: ✅ task_achievements.achieved_amount exists
2026-06-10T13:59:25: ✅ clients.created_by exists
2026-06-10T13:59:25: ✅ tasks.created_by exists
2026-06-10T13:59:25: ✅ tasks.task_description exists
2026-06-10T13:59:25: ✅ tasks.assigned_to exists
2026-06-10T13:59:25: ✅ quotations.created_by exists
2026-06-10T13:59:25: ✅ contracts.created_by exists
2026-06-10T13:59:25: ✅ contracts.client_company exists
2026-06-10T13:59:25: ✅ contracts.amount_value exists
2026-06-10T13:59:25: ✅ contracts.remaining exists
2026-06-10T13:59:25: ✅ contracts.email exists
2026-06-10T13:59:25: ✅ clientinvoices.created_by exists
2026-06-10T13:59:25: ✅ performainvoices.created_by exists
2026-06-10T13:59:25: ✅ services.created_by exists
2026-06-10T13:59:25: ✅ call_reports.created_by exists
2026-06-10T13:59:25: ✅ lead_activity.employee_id exists
2026-06-10T13:59:25: ✅ lead_escalations.missed_threshold_reached exists
2026-06-10T13:59:25: ✅ lead_escalations.employee_id exists
2026-06-10T13:59:25: ✅ performainvoices.is_latest exists
2026-06-10T13:59:25: ✅ performainvoices.version exists
2026-06-10T13:59:25: ✅ performainvoices.parent_id exists
2026-06-10T13:59:25: ✅ performa_invoice_items.uom exists
2026-06-10T13:59:25: ✅ performainvoice_items.uom exists
2026-06-10T13:59:25: ✅ task_assignments.response_notes exists
2026-06-10T13:59:25: ✅ call_reports.amount_collected exists
2026-06-10T13:59:25: ✅ call_reports.payment_mode exists
2026-06-10T13:59:25: ✅ call_reports.duration_limit exists
2026-06-10T13:59:25: ✅ call_reports.actual_duration exists
2026-06-10T13:59:25: ✅ call_reports.is_exceeded exists
2026-06-10T13:59:25: ✅ call_reports.assigned_time exists
2026-06-10T13:59:25: ✅ call_reports.call_id exists
2026-06-10T13:59:25: ✅ call_reports.session_id exists
2026-06-10T13:59:25: ✅ call_reports.client_name exists
2026-06-10T13:59:25: ✅ call_reports.staff_name exists
2026-06-10T13:59:25: ✅ call_reports.executive_name exists
2026-06-10T13:59:25: ✅ call_reports.phone exists
2026-06-10T13:59:25: ✅ call_reports.location exists
2026-06-10T13:59:25: ✅ call_reports.call_sequence exists
2026-06-10T13:59:25: ✅ call_reports.report_date exists
2026-06-10T13:59:25: ✅ call_reports.complaint exists
2026-06-10T13:59:25: ✅ call_reports.priority exists
2026-06-10T13:59:25: ✅ call_reports.call_type exists
2026-06-10T13:59:25: ✅ call_reports.payment_type exists
2026-06-10T13:59:25: ✅ call_reports.invoice_value exists
2026-06-10T13:59:25: ✅ call_reports.payment_status exists
2026-06-10T13:59:25: ✅ call_reports.petrol_charges exists
2026-06-10T13:59:25: ✅ call_reports.spare_parts_price exists
2026-06-10T13:59:25: ✅ call_reports.labour_charges exists
2026-06-10T13:59:25: ✅ call_reports.total_expenses exists
2026-06-10T13:59:25: ✅ call_reports.customer_name exists
2026-06-10T13:59:25: ✅ call_reports.mobile_number exists
2026-06-10T13:59:25: ✅ call_reports.location_city exists
2026-06-10T13:59:25: ✅ call_reports.contract_title exists
2026-06-10T13:59:25: ✅ call_reports.service_type exists
2026-06-10T13:59:25: ✅ call_reports.description exists
2026-06-10T13:59:25: ✅ call_reports.service_person exists
2026-06-10T13:59:25: ✅ call_reports.contract_id exists
2026-06-10T13:59:25: ✅ call_reports.call_referrer exists
2026-06-10T13:59:25: ✅ call_reports.step2_completed exists
2026-06-10T13:59:25: ✅ call_reports.email exists
2026-06-10T13:59:25: ✅ call_reports.status exists
2026-06-10T13:59:25: ✅ call_reports.gst_number exists
2026-06-10T13:59:25: ✅ call_reports.company_name exists
2026-06-10T13:59:25: ✅ call_reports.completed_at exists
2026-06-10T13:59:25: ✅ call_reports.carry_forward_date exists
2026-06-10T13:59:25: ✅ amc_alc_services.amount_collected exists
2026-06-10T13:59:25: ✅ amc_alc_services.payment_mode exists
2026-06-10T13:59:25: ✅ amc_alc_services.call_number exists
2026-06-10T13:59:25: ✅ amc_alc_services.breakpoints exists
2026-06-10T13:59:25: ✅ amc_alc_services.duration_limit exists
2026-06-10T13:59:25: ✅ clients.gst_number exists
2026-06-10T13:59:25: ✅ clients.company_name exists
2026-06-10T13:59:25: ✅ clients.service exists
2026-06-10T13:59:25: ✅ clients.alternate_phone exists
2026-06-10T13:59:25: ✅ clients.city exists
2026-06-10T13:59:25: ✅ clients.state exists
2026-06-10T13:59:25: ✅ clients.pincode exists
2026-06-10T13:59:25: ✅ clients.notes exists
2026-06-10T13:59:25: ✅ clients.client_status exists
2026-06-10T13:59:25: ✅ clients.original_lead_id exists
2026-06-10T13:59:25: ✅ clients.original_lead_type exists
2026-06-10T13:59:25: ✅ clients.converted_at exists
2026-06-10T13:59:25: ✅ clients.lead_email exists
2026-06-10T13:59:25: ✅ clients.lead_city exists
2026-06-10T13:59:25: ✅ clients.lead_reference exists
2026-06-10T13:59:25: ✅ clients.lead_purpose exists
2026-06-10T13:59:25: ✅ clients.client_status exists
2026-06-10T13:59:25: ✅ clients.lead_staff_name exists
2026-06-10T13:59:25: ✅ clients.lead_id_display exists
2026-06-10T13:59:25: ✅ clients.assigned_teammember_id exists
2026-06-10T13:59:25: ✅ clients.state exists
2026-06-10T13:59:25: ✅ clients.pincode exists
2026-06-10T13:59:25: ✅ users.emp_id exists
2026-06-10T13:59:25: ✅ quotations.reference_no exists
2026-06-10T13:59:25: ✅ quotations.from_address_id exists
2026-06-10T13:59:25: ✅ quotations.from_address_custom exists
2026-06-10T13:59:25: ✅ quotations.client_company exists
2026-06-10T13:59:25: ✅ quotations.client_address1 exists
2026-06-10T13:59:25: ✅ quotations.client_address2 exists
2026-06-10T13:59:25: ✅ quotations.client_city exists
2026-06-10T13:59:25: ✅ quotations.client_state exists
2026-06-10T13:59:25: ✅ quotations.client_pincode exists
2026-06-10T13:59:25: ✅ quotations.client_country exists
2026-06-10T13:59:25: ✅ quotations.tax_type exists
2026-06-10T13:59:25: ✅ quotations.custom_tax exists
2026-06-10T13:59:25: ✅ quotations.exec_name exists
2026-06-10T13:59:25: ✅ quotations.exec_phone exists
2026-06-10T13:59:25: ✅ quotations.exec_email exists
2026-06-10T13:59:25: ✅ quotations.terms_general exists
2026-06-10T13:59:25: ✅ quotations.terms_tax exists
2026-06-10T13:59:25: ✅ quotations.terms_project_period exists
2026-06-10T13:59:25: ✅ quotations.terms_validity exists
2026-06-10T13:59:25: ✅ quotations.terms_separate_orders exists
2026-06-10T13:59:25: ✅ quotations.terms_payment exists
2026-06-10T13:59:25: ✅ quotations.terms_payment_custom exists
2026-06-10T13:59:25: ✅ quotations.terms_warranty exists
2026-06-10T13:59:25: ✅ quotations.hsn_sac_code exists
2026-06-10T13:59:25: ✅ quotations.supplier_branch exists
2026-06-10T13:59:25: ✅ quotations.bank_details_id exists
2026-06-10T13:59:25: ✅ quotations.bank_company exists
2026-06-10T13:59:25: ✅ quotations.bank_name exists
2026-06-10T13:59:25: ✅ quotations.bank_account exists
2026-06-10T13:59:25: ✅ quotations.bank_ifsc exists
2026-06-10T13:59:25: ✅ quotations.bank_branch exists
2026-06-10T13:59:25: ✅ quotations.custom_terms exists
2026-06-10T13:59:25: ✅ quotations.is_latest exists
2026-06-10T13:59:25: ✅ quotations.parent_id exists
2026-06-10T13:59:25: ✅ quotations.version exists
2026-06-10T13:59:25: ✅ performainvoices.reference_no exists
2026-06-10T13:59:25: ✅ performainvoices.from_address_id exists
2026-06-10T13:59:25: ✅ performainvoices.from_address_custom exists
2026-06-10T13:59:25: ✅ performainvoices.client_company exists
2026-06-10T13:59:25: ✅ performainvoices.client_address1 exists
2026-06-10T13:59:25: ✅ performainvoices.client_address2 exists
2026-06-10T13:59:25: ✅ performainvoices.client_city exists
2026-06-10T13:59:25: ✅ performainvoices.client_state exists
2026-06-10T13:59:25: ✅ performainvoices.client_pincode exists
2026-06-10T13:59:25: ✅ performainvoices.client_country exists
2026-06-10T13:59:25: ✅ performainvoices.tax_type exists
2026-06-10T13:59:25: ✅ performainvoices.custom_tax exists
2026-06-10T13:59:25: ✅ performainvoices.exec_name exists
2026-06-10T13:59:25: ✅ performainvoices.exec_phone exists
2026-06-10T13:59:25: ✅ performainvoices.exec_email exists
2026-06-10T13:59:25: ✅ performainvoices.terms_general exists
2026-06-10T13:59:25: ✅ performainvoices.terms_tax exists
2026-06-10T13:59:25: ✅ performainvoices.terms_project_period exists
2026-06-10T13:59:25: ✅ performainvoices.terms_validity exists
2026-06-10T13:59:25: ✅ performainvoices.terms_separate_orders exists
2026-06-10T13:59:25: ✅ performainvoices.terms_payment exists
2026-06-10T13:59:25: ✅ performainvoices.terms_payment_custom exists
2026-06-10T13:59:25: ✅ performainvoices.terms_warranty exists
2026-06-10T13:59:25: ✅ performainvoices.hsn_sac_code exists
2026-06-10T13:59:25: ✅ performainvoices.supplier_branch exists
2026-06-10T13:59:25: ✅ performainvoices.bank_details_id exists
2026-06-10T13:59:25: ✅ performainvoices.bank_company exists
2026-06-10T13:59:25: ✅ performainvoices.bank_name exists
2026-06-10T13:59:25: ✅ performainvoices.bank_account exists
2026-06-10T13:59:25: ✅ performainvoices.bank_ifsc exists
2026-06-10T13:59:25: ✅ performainvoices.bank_branch exists
2026-06-10T13:59:25: ✅ performainvoices.custom_terms exists
2026-06-10T13:59:25: ✅ services.reference_no exists
2026-06-10T13:59:25: ✅ services.from_address_id exists
2026-06-10T13:59:25: ✅ services.from_address_custom exists
2026-06-10T13:59:25: ✅ services.client_company exists
2026-06-10T13:59:25: ✅ services.client_address1 exists
2026-06-10T13:59:25: ✅ services.client_address2 exists
2026-06-10T13:59:25: ✅ services.client_city exists
2026-06-10T13:59:25: ✅ services.client_state exists
2026-06-10T13:59:25: ✅ services.client_pincode exists
2026-06-10T13:59:25: ✅ services.client_country exists
2026-06-10T13:59:25: ✅ services.tax_type exists
2026-06-10T13:59:25: ✅ services.custom_tax exists
2026-06-10T13:59:25: ✅ services.exec_name exists
2026-06-10T13:59:25: ✅ services.exec_phone exists
2026-06-10T13:59:25: ✅ services.exec_email exists
2026-06-10T13:59:25: ✅ services.terms_general exists
2026-06-10T13:59:25: ✅ services.terms_tax exists
2026-06-10T13:59:25: ✅ services.terms_project_period exists
2026-06-10T13:59:25: ✅ services.terms_validity exists
2026-06-10T13:59:25: ✅ services.terms_separate_orders exists
2026-06-10T13:59:25: ✅ services.terms_payment exists
2026-06-10T13:59:25: ✅ services.terms_payment_custom exists
2026-06-10T13:59:25: ✅ services.terms_warranty exists
2026-06-10T13:59:25: ✅ services.hsn_sac_code exists
2026-06-10T13:59:25: ✅ services.supplier_branch exists
2026-06-10T13:59:25: ✅ services.bank_details_id exists
2026-06-10T13:59:25: ✅ services.bank_company exists
2026-06-10T13:59:25: ✅ services.bank_name exists
2026-06-10T13:59:25: ✅ services.bank_account exists
2026-06-10T13:59:25: ✅ services.bank_ifsc exists
2026-06-10T13:59:25: ✅ services.bank_branch exists
2026-06-10T13:59:25: ✅ services.custom_terms exists
2026-06-10T13:59:25: ✅ estimatenew.client_company exists
2026-06-10T13:59:25: ✅ estimatenew.client_address exists
2026-06-10T13:59:25: ✅ estimatenew.client_city exists
2026-06-10T13:59:25: ✅ estimatenew.client_state exists
2026-06-10T13:59:25: ✅ estimatenew.client_gst exists
2026-06-10T13:59:25: ✅ estimatenew.client_phone exists
2026-06-10T13:59:25: ✅ estimatenew.subtotal exists
2026-06-10T13:59:25: ✅ estimatenew.total_tax exists
2026-06-10T13:59:25: ✅ estimatenew.total_discount exists
2026-06-10T13:59:25: ✅ estimatenew.grand_total exists
2026-06-10T13:59:25: ✅ estimateclient.subtotal exists
2026-06-10T13:59:25: ✅ estimateclient.total_tax exists
2026-06-10T13:59:25: ✅ estimateclient.total_discount exists
2026-06-10T13:59:25: ✅ estimateclient.grand_total exists
2026-06-10T13:59:25: ✅ quotation_items.uom exists
2026-06-10T13:59:25: ✅ quotation_items.hsn_sac exists
2026-06-10T13:59:25: ✅ quotation_items.brand_model exists
2026-06-10T13:59:25: ✅ customers.gst_number exists
2026-06-10T13:59:25: ✅ customers.created_by exists
2026-06-10T13:59:25: ✅ users.last_name exists
2026-06-10T13:59:25: ✅ user_email_configs.smtp_secure exists
2026-06-10T13:59:25: ✅ user_email_configs.from_email_address exists
2026-06-10T13:59:25: ✅ user_email_configs.sender_name exists
2026-06-10T13:59:25: ✅ user_email_configs.provider exists
2026-06-10T13:59:25: ✅ user_email_configs.is_enabled exists
2026-06-10T13:59:25: ✅ users.two_factor_enabled exists
2026-06-10T13:59:25: ✅ quotations.gst_mode exists
2026-06-10T13:59:25: ✅ quotations.status exists
2026-06-10T13:59:25: ✅ performainvoices.gst_mode exists
2026-06-10T13:59:25: ✅ performainvoices.status exists
2026-06-10T13:59:25: ✅ estimate_invoices.gst_mode exists
2026-06-10T13:59:25: ✅ estimate_invoices.status exists
2026-06-10T13:59:25: ✅ service_estimations.gst_mode exists
2026-06-10T13:59:25: ✅ service_estimations.status exists
2026-06-10T13:59:25: ✅ services.gst_mode exists
2026-06-10T13:59:25: ✅ estimatenew.gst_mode exists
2026-06-10T13:59:25: Users role column updated
2026-06-10T13:59:25: Teammember emp_role updated
2026-06-10T13:59:25: OTP email transporter is ready
2026-06-10T13:59:26: Default employees seeded successfully.
2026-06-10T13:59:26: [Scheduler] Reminder escalation scheduler started (every 15 min)
2026-06-10T13:59:26: [Scheduler] End-of-day task scheduler started (daily at 6 PM)
2026-06-10T13:59:26: ✅ Server running: http://0.0.0.0:5000 [production]
2026-06-10T13:59:31: User 701 joined notifications channel
2026-06-10T13:59:36: [Scheduler] Running initial task check...
2026-06-10T13:59:36: [Scheduler] End-of-day task check complete. Evaluated 1 incomplete tasks.
2026-06-10T13:59:36: [Scheduler] Daily summary notification already dispatched for today
2026-06-10T13:59:46: User 708 joined notifications channel
2026-06-10T13:59:46: Admin joined notifications channel
2026-06-10T13:59:47: User 701 joined notifications channel
2026-06-10T13:59:55: Client disconnected from notifications
2026-06-10T13:59:55: User 701 joined notifications channel
2026-06-10T14:00:07: Client disconnected from notifications
2026-06-10T14:00:07: User 708 joined notifications channel
2026-06-10T14:00:07: Admin joined notifications channel
2026-06-10T14:00:08: Client disconnected from notifications
2026-06-10T14:00:08: User 708 joined notifications channel
2026-06-10T14:00:08: Admin joined notifications channel
2026-06-10T14:00:08: Client disconnected from notifications
2026-06-10T14:00:08: User 708 joined notifications channel
2026-06-10T14:00:08: Admin joined notifications channel
2026-06-10T14:00:26: Client disconnected from notifications
2026-06-10T14:00:26: Client disconnected from notifications
2026-06-10T14:00:26: Client disconnected from notifications
2026-06-10T14:00:26: Client disconnected from notifications
2026-06-12T11:08:47: ◇ injected env (12) from .env // tip: ◈ encrypted .env [www.dotenvx.com]
2026-06-12T11:08:47: ◇ injected env (0) from .env // tip: ⌘ custom filepath { path: '/custom/path/.env' }
2026-06-12T11:08:47: Generating fresh VAPID Keys for Push Notifications...
2026-06-12T11:08:47: VAPID Keys generated and saved to backend/.env
2026-06-12T11:08:47: MySQL Connected (127.0.0.1:3306)
2026-06-12T11:08:48: Using database achme
2026-06-12T11:08:48: Database initialized successfully
2026-06-12T11:08:48: ✅ lead_reminders.reminder_time exists
2026-06-12T11:08:48: ✅ lead_reminders.missed_count exists
2026-06-12T11:08:48: ✅ lead_reminders.notification_sent exists
2026-06-12T11:08:48: ✅ lead_reminders.employee_id exists
2026-06-12T11:08:48: ✅ lead_escalations.missed_count exists
2026-06-12T11:08:48: ✅ users.status exists
2026-06-12T11:08:48: ✅ users.emp_id exists
2026-06-12T11:08:48: ✅ admin_notifications.related_id exists
2026-06-12T11:08:48: ✅ admin_notifications.related_type exists
2026-06-12T11:08:48: ✅ admin_notifications.created_by exists
2026-06-12T11:08:48: ✅ admin_notifications.priority exists
2026-06-12T11:08:48: ✅ admin_notifications.is_archived exists
2026-06-12T11:08:48: ✅ notifications.user_id exists
2026-06-12T11:08:48: ✅ notifications.type exists
2026-06-12T11:08:48: ✅ notifications.is_archived exists
2026-06-12T11:08:48: ✅ task_assignments.status exists
2026-06-12T11:08:48: ✅ teammember.mobile_number exists
2026-06-12T11:08:48: ✅ teammember.emp_id exists
2026-06-12T11:08:48: ✅ teammember.user_id exists
2026-06-12T11:08:48: ✅ teammember.emp_address exists
2026-06-12T11:08:48: ✅ telecalls.created_by exists
2026-06-12T11:08:48: ✅ telecalls.email exists
2026-06-12T11:08:48: ✅ walkins.assigned_to exists
2026-06-12T11:08:48: ✅ walkins.created_by exists
2026-06-12T11:08:48: ✅ walkins.email exists
2026-06-12T11:08:48: ✅ fields.assigned_to exists
2026-06-12T11:08:48: ✅ fields.created_by exists
2026-06-12T11:08:48: ✅ fields.email exists
2026-06-12T11:08:48: ✅ quotations.lead_id exists
2026-06-12T11:08:48: ✅ quotations.lead_type exists
2026-06-12T11:08:48: ✅ contracts.contract_type exists
2026-06-12T11:08:48: ✅ contracts.quotation_id exists
2026-06-12T11:08:48: ✅ contracts.mobile_number exists
2026-06-12T11:08:48: ✅ contracts.location_city exists
2026-06-12T11:08:48: ✅ amc_alc_services.labour_charges exists
2026-06-12T11:08:48: ✅ amc_alc_services.contract_title exists
2026-06-12T11:08:48: ✅ amc_alc_services.start_time exists
2026-06-12T11:08:48: ✅ amc_alc_services.end_time exists
2026-06-12T11:08:48: ✅ amc_alc_services.km exists
2026-06-12T11:08:48: ✅ amc_alc_services.technician exists
2026-06-12T11:08:48: ✅ amc_alc_services.sales_person exists
2026-06-12T11:08:48: ✅ amc_alc_services.remarks exists
2026-06-12T11:08:48: ✅ amc_alc_services.email exists
2026-06-12T11:08:48: ✅ amc_alc_services.next_service_date exists
2026-06-12T11:08:48: ✅ amc_alc_services.service_type exists
2026-06-12T11:08:48: ✅ task_targets.user_id exists
2026-06-12T11:08:48: ✅ task_targets.created_by_admin exists
2026-06-12T11:08:48: ✅ task_achievements.achieved_amount exists
2026-06-12T11:08:48: ✅ task_updates.amount exists
2026-06-12T11:08:48: ✅ call_reports.start_time exists
2026-06-12T11:08:48: ✅ call_reports.end_time exists
2026-06-12T11:08:48: ✅ call_reports.km exists
2026-06-12T11:08:48: ✅ call_reports.remarks exists
2026-06-12T11:08:48: ✅ call_reports.technician exists
2026-06-12T11:08:48: ✅ call_reports.sales_person exists
2026-06-12T11:08:48: ✅ tasks.assigned_teammember_id exists
2026-06-12T11:08:48: ✅ task_targets.teammember_id exists
2026-06-12T11:08:48: ✅ quotations.reference_no exists
2026-06-12T11:08:48: ✅ task_targets.carry_forward exists
2026-06-12T11:08:48: ✅ task_targets.effective_target exists
2026-06-12T11:08:48: ✅ task_targets.user_id exists
2026-06-12T11:08:48: ✅ task_targets.created_by_admin exists
2026-06-12T11:08:48: ✅ task_achievements.achieved_amount exists
2026-06-12T11:08:48: ✅ clients.created_by exists
2026-06-12T11:08:48: ✅ tasks.created_by exists
2026-06-12T11:08:48: ✅ tasks.task_description exists
2026-06-12T11:08:48: ✅ tasks.assigned_to exists
2026-06-12T11:08:48: ✅ quotations.created_by exists
2026-06-12T11:08:48: ✅ contracts.created_by exists
2026-06-12T11:08:48: ✅ contracts.client_company exists
2026-06-12T11:08:48: ✅ contracts.amount_value exists
2026-06-12T11:08:48: ✅ contracts.remaining exists
2026-06-12T11:08:48: ✅ contracts.email exists
2026-06-12T11:08:48: ✅ clientinvoices.created_by exists
2026-06-12T11:08:48: ✅ performainvoices.created_by exists
2026-06-12T11:08:48: ✅ services.created_by exists
2026-06-12T11:08:48: ✅ call_reports.created_by exists
2026-06-12T11:08:48: ✅ lead_activity.employee_id exists
2026-06-12T11:08:48: ✅ lead_escalations.missed_threshold_reached exists
2026-06-12T11:08:48: ✅ lead_escalations.employee_id exists
2026-06-12T11:08:48: ✅ performainvoices.is_latest exists
2026-06-12T11:08:48: ✅ performainvoices.version exists
2026-06-12T11:08:48: ✅ performainvoices.parent_id exists
2026-06-12T11:08:48: ✅ performa_invoice_items.uom exists
2026-06-12T11:08:48: ✅ performainvoice_items.uom exists
2026-06-12T11:08:48: ✅ task_assignments.response_notes exists
2026-06-12T11:08:48: ✅ call_reports.amount_collected exists
2026-06-12T11:08:48: ✅ call_reports.payment_mode exists
2026-06-12T11:08:48: ✅ call_reports.duration_limit exists
2026-06-12T11:08:48: ✅ call_reports.actual_duration exists
2026-06-12T11:08:48: ✅ call_reports.is_exceeded exists
2026-06-12T11:08:48: ✅ call_reports.assigned_time exists
2026-06-12T11:08:48: ✅ call_reports.call_id exists
2026-06-12T11:08:48: ✅ call_reports.session_id exists
2026-06-12T11:08:48: ✅ call_reports.client_name exists
2026-06-12T11:08:48: ✅ call_reports.staff_name exists
2026-06-12T11:08:48: ✅ call_reports.executive_name exists
2026-06-12T11:08:48: ✅ call_reports.phone exists
2026-06-12T11:08:48: ✅ call_reports.location exists
2026-06-12T11:08:48: ✅ call_reports.call_sequence exists
2026-06-12T11:08:48: ✅ call_reports.report_date exists
2026-06-12T11:08:48: ✅ call_reports.complaint exists
2026-06-12T11:08:48: ✅ call_reports.priority exists
2026-06-12T11:08:48: ✅ call_reports.call_type exists
2026-06-12T11:08:48: ✅ call_reports.payment_type exists
2026-06-12T11:08:48: ✅ call_reports.invoice_value exists
2026-06-12T11:08:48: ✅ call_reports.payment_status exists
2026-06-12T11:08:48: ✅ call_reports.petrol_charges exists
2026-06-12T11:08:48: ✅ call_reports.spare_parts_price exists
2026-06-12T11:08:48: ✅ call_reports.labour_charges exists
2026-06-12T11:08:48: ✅ call_reports.total_expenses exists
2026-06-12T11:08:48: ✅ call_reports.customer_name exists
2026-06-12T11:08:48: ✅ call_reports.mobile_number exists
2026-06-12T11:08:48: ✅ call_reports.location_city exists
2026-06-12T11:08:48: ✅ call_reports.contract_title exists
2026-06-12T11:08:48: ✅ call_reports.service_type exists
2026-06-12T11:08:48: ✅ call_reports.description exists
2026-06-12T11:08:48: ✅ call_reports.service_person exists
2026-06-12T11:08:48: ✅ call_reports.contract_id exists
2026-06-12T11:08:48: ✅ call_reports.call_referrer exists
2026-06-12T11:08:48: ✅ call_reports.step2_completed exists
2026-06-12T11:08:48: ✅ call_reports.email exists
2026-06-12T11:08:48: ✅ call_reports.status exists
2026-06-12T11:08:48: ✅ call_reports.gst_number exists
2026-06-12T11:08:48: ✅ call_reports.company_name exists
2026-06-12T11:08:48: ✅ call_reports.completed_at exists
2026-06-12T11:08:48: ✅ call_reports.carry_forward_date exists
2026-06-12T11:08:48: ✅ amc_alc_services.amount_collected exists
2026-06-12T11:08:48: ✅ amc_alc_services.payment_mode exists
2026-06-12T11:08:48: ✅ amc_alc_services.call_number exists
2026-06-12T11:08:48: ✅ amc_alc_services.breakpoints exists
2026-06-12T11:08:48: ✅ amc_alc_services.duration_limit exists
2026-06-12T11:08:48: ✅ clients.gst_number exists
2026-06-12T11:08:48: ✅ clients.company_name exists
2026-06-12T11:08:48: ✅ clients.service exists
2026-06-12T11:08:48: ✅ clients.alternate_phone exists
2026-06-12T11:08:48: ✅ clients.city exists
2026-06-12T11:08:48: ✅ clients.state exists
2026-06-12T11:08:48: ✅ clients.pincode exists
2026-06-12T11:08:48: ✅ clients.notes exists
2026-06-12T11:08:48: ✅ clients.client_status exists
2026-06-12T11:08:48: ✅ clients.original_lead_id exists
2026-06-12T11:08:48: ✅ clients.original_lead_type exists
2026-06-12T11:08:48: ✅ clients.converted_at exists
2026-06-12T11:08:48: ✅ clients.lead_email exists
2026-06-12T11:08:48: ✅ clients.lead_city exists
2026-06-12T11:08:48: ✅ clients.lead_reference exists
2026-06-12T11:08:48: ✅ clients.lead_purpose exists
2026-06-12T11:08:48: ✅ clients.client_status exists
2026-06-12T11:08:48: ✅ clients.lead_staff_name exists
2026-06-12T11:08:48: ✅ clients.lead_id_display exists
2026-06-12T11:08:48: ✅ clients.assigned_teammember_id exists
2026-06-12T11:08:48: ✅ clients.state exists
2026-06-12T11:08:48: ✅ clients.pincode exists
2026-06-12T11:08:48: ✅ users.emp_id exists
2026-06-12T11:08:48: ✅ quotations.reference_no exists
2026-06-12T11:08:48: ✅ quotations.from_address_id exists
2026-06-12T11:08:48: ✅ quotations.from_address_custom exists
2026-06-12T11:08:48: ✅ quotations.client_company exists
2026-06-12T11:08:48: ✅ quotations.client_address1 exists
2026-06-12T11:08:48: ✅ quotations.client_address2 exists
2026-06-12T11:08:48: ✅ quotations.client_city exists
2026-06-12T11:08:48: ✅ quotations.client_state exists
2026-06-12T11:08:48: ✅ quotations.client_pincode exists
2026-06-12T11:08:48: ✅ quotations.client_country exists
2026-06-12T11:08:48: ✅ quotations.tax_type exists
2026-06-12T11:08:48: ✅ quotations.custom_tax exists
2026-06-12T11:08:48: ✅ quotations.exec_name exists
2026-06-12T11:08:48: ✅ quotations.exec_phone exists
2026-06-12T11:08:48: ✅ quotations.exec_email exists
2026-06-12T11:08:48: ✅ quotations.terms_general exists
2026-06-12T11:08:48: ✅ quotations.terms_tax exists
2026-06-12T11:08:48: ✅ quotations.terms_project_period exists
2026-06-12T11:08:48: ✅ quotations.terms_validity exists
2026-06-12T11:08:48: ✅ quotations.terms_separate_orders exists
2026-06-12T11:08:48: ✅ quotations.terms_payment exists
2026-06-12T11:08:48: ✅ quotations.terms_payment_custom exists
2026-06-12T11:08:48: ✅ quotations.terms_warranty exists
2026-06-12T11:08:48: ✅ quotations.hsn_sac_code exists
2026-06-12T11:08:48: ✅ quotations.supplier_branch exists
2026-06-12T11:08:48: ✅ quotations.bank_details_id exists
2026-06-12T11:08:48: ✅ quotations.bank_company exists
2026-06-12T11:08:48: ✅ quotations.bank_name exists
2026-06-12T11:08:48: ✅ quotations.bank_account exists
2026-06-12T11:08:48: ✅ quotations.bank_ifsc exists
2026-06-12T11:08:48: ✅ quotations.bank_branch exists
2026-06-12T11:08:48: ✅ quotations.custom_terms exists
2026-06-12T11:08:48: ✅ quotations.is_latest exists
2026-06-12T11:08:48: ✅ quotations.parent_id exists
2026-06-12T11:08:48: ✅ quotations.version exists
2026-06-12T11:08:48: ✅ performainvoices.reference_no exists
2026-06-12T11:08:48: ✅ performainvoices.from_address_id exists
2026-06-12T11:08:48: ✅ performainvoices.from_address_custom exists
2026-06-12T11:08:48: ✅ performainvoices.client_company exists
2026-06-12T11:08:48: ✅ performainvoices.client_address1 exists
2026-06-12T11:08:48: ✅ performainvoices.client_address2 exists
2026-06-12T11:08:48: ✅ performainvoices.client_city exists
2026-06-12T11:08:48: ✅ performainvoices.client_state exists
2026-06-12T11:08:48: ✅ performainvoices.client_pincode exists
2026-06-12T11:08:48: ✅ performainvoices.client_country exists
2026-06-12T11:08:48: ✅ performainvoices.tax_type exists
2026-06-12T11:08:48: ✅ performainvoices.custom_tax exists
2026-06-12T11:08:48: ✅ performainvoices.exec_name exists
2026-06-12T11:08:48: ✅ performainvoices.exec_phone exists
2026-06-12T11:08:48: ✅ performainvoices.exec_email exists
2026-06-12T11:08:48: ✅ performainvoices.terms_general exists
2026-06-12T11:08:48: ✅ performainvoices.terms_tax exists
2026-06-12T11:08:48: ✅ performainvoices.terms_project_period exists
2026-06-12T11:08:48: ✅ performainvoices.terms_validity exists
2026-06-12T11:08:48: ✅ performainvoices.terms_separate_orders exists
2026-06-12T11:08:48: ✅ performainvoices.terms_payment exists
2026-06-12T11:08:48: ✅ performainvoices.terms_payment_custom exists
2026-06-12T11:08:48: ✅ performainvoices.terms_warranty exists
2026-06-12T11:08:48: ✅ performainvoices.hsn_sac_code exists
2026-06-12T11:08:48: ✅ performainvoices.supplier_branch exists
2026-06-12T11:08:48: ✅ performainvoices.bank_details_id exists
2026-06-12T11:08:48: ✅ performainvoices.bank_company exists
2026-06-12T11:08:48: ✅ performainvoices.bank_name exists
2026-06-12T11:08:48: ✅ performainvoices.bank_account exists
2026-06-12T11:08:48: ✅ performainvoices.bank_ifsc exists
2026-06-12T11:08:48: ✅ performainvoices.bank_branch exists
2026-06-12T11:08:48: ✅ performainvoices.custom_terms exists
2026-06-12T11:08:48: ✅ services.reference_no exists
2026-06-12T11:08:48: ✅ services.from_address_id exists
2026-06-12T11:08:48: ✅ services.from_address_custom exists
2026-06-12T11:08:48: ✅ services.client_company exists
2026-06-12T11:08:48: ✅ services.client_address1 exists
2026-06-12T11:08:48: ✅ services.client_address2 exists
2026-06-12T11:08:48: ✅ services.client_city exists
2026-06-12T11:08:48: ✅ services.client_state exists
2026-06-12T11:08:48: ✅ services.client_pincode exists
2026-06-12T11:08:48: ✅ services.client_country exists
2026-06-12T11:08:48: ✅ services.tax_type exists
2026-06-12T11:08:48: ✅ services.custom_tax exists
2026-06-12T11:08:48: ✅ services.exec_name exists
2026-06-12T11:08:48: ✅ services.exec_phone exists
2026-06-12T11:08:48: ✅ services.exec_email exists
2026-06-12T11:08:48: ✅ services.terms_general exists
2026-06-12T11:08:48: ✅ services.terms_tax exists
2026-06-12T11:08:48: ✅ services.terms_project_period exists
2026-06-12T11:08:48: ✅ services.terms_validity exists
2026-06-12T11:08:48: ✅ services.terms_separate_orders exists
2026-06-12T11:08:48: ✅ services.terms_payment exists
2026-06-12T11:08:48: ✅ services.terms_payment_custom exists
2026-06-12T11:08:48: ✅ services.terms_warranty exists
2026-06-12T11:08:48: ✅ services.hsn_sac_code exists
2026-06-12T11:08:48: ✅ services.supplier_branch exists
2026-06-12T11:08:48: ✅ services.bank_details_id exists
2026-06-12T11:08:48: ✅ services.bank_company exists
2026-06-12T11:08:48: ✅ services.bank_name exists
2026-06-12T11:08:48: ✅ services.bank_account exists
2026-06-12T11:08:48: ✅ services.bank_ifsc exists
2026-06-12T11:08:48: ✅ services.bank_branch exists
2026-06-12T11:08:48: ✅ services.custom_terms exists
2026-06-12T11:08:48: ✅ estimatenew.client_company exists
2026-06-12T11:08:48: ✅ estimatenew.client_address exists
2026-06-12T11:08:48: ✅ estimatenew.client_city exists
2026-06-12T11:08:48: ✅ estimatenew.client_state exists
2026-06-12T11:08:48: ✅ estimatenew.client_gst exists
2026-06-12T11:08:48: ✅ estimatenew.client_phone exists
2026-06-12T11:08:48: ✅ estimatenew.subtotal exists
2026-06-12T11:08:48: ✅ estimatenew.total_tax exists
2026-06-12T11:08:48: ✅ estimatenew.total_discount exists
2026-06-12T11:08:48: ✅ estimatenew.grand_total exists
2026-06-12T11:08:48: ✅ estimateclient.subtotal exists
2026-06-12T11:08:48: ✅ estimateclient.total_tax exists
2026-06-12T11:08:48: ✅ estimateclient.total_discount exists
2026-06-12T11:08:48: ✅ estimateclient.grand_total exists
2026-06-12T11:08:48: ✅ quotation_items.uom exists
2026-06-12T11:08:48: ✅ quotation_items.hsn_sac exists
2026-06-12T11:08:48: ✅ quotation_items.brand_model exists
2026-06-12T11:08:48: ✅ customers.gst_number exists
2026-06-12T11:08:48: ✅ customers.created_by exists
2026-06-12T11:08:48: ✅ users.last_name exists
2026-06-12T11:08:48: ✅ user_email_configs.smtp_secure exists
2026-06-12T11:08:48: ✅ user_email_configs.from_email_address exists
2026-06-12T11:08:48: ✅ user_email_configs.sender_name exists
2026-06-12T11:08:48: ✅ user_email_configs.provider exists
2026-06-12T11:08:48: ✅ user_email_configs.is_enabled exists
2026-06-12T11:08:48: ✅ users.two_factor_enabled exists
2026-06-12T11:08:48: ✅ quotations.gst_mode exists
2026-06-12T11:08:48: ✅ quotations.status exists
2026-06-12T11:08:48: ✅ performainvoices.gst_mode exists
2026-06-12T11:08:48: ✅ performainvoices.status exists
2026-06-12T11:08:48: ✅ estimate_invoices.gst_mode exists
2026-06-12T11:08:48: ✅ estimate_invoices.status exists
2026-06-12T11:08:48: ✅ service_estimations.gst_mode exists
2026-06-12T11:08:48: ✅ service_estimations.status exists
2026-06-12T11:08:48: ✅ services.gst_mode exists
2026-06-12T11:08:48: ✅ estimatenew.gst_mode exists
2026-06-12T11:08:48: ✅ Create table pi_from_addresses
2026-06-12T11:08:48: ✅ Create table email_otp
2026-06-12T11:08:48: ✅ Create table payments
2026-06-12T11:08:48: ✅ Create table clientinvoices
2026-06-12T11:08:48: ✅ Create table messages
2026-06-12T11:08:48: ✅ Create table service_items
2026-06-12T11:08:48: ✅ Create table service_estimations
2026-06-12T11:08:48: ✅ Create table service_estimation_items
2026-06-12T11:08:48: ✅ Create table estimate_invoices
2026-06-12T11:08:48: ✅ Create table estimate_invoice_items
2026-06-12T11:08:48: ✅ Create table estimate_items
2026-06-12T11:08:48: ✅ Create table performainvoice_items
2026-06-12T11:08:48: ✅ Create table performainvoices
2026-06-12T11:08:48: ✅ Create table services
2026-06-12T11:08:48: ✅ Create table customers
2026-06-12T11:08:48: ✅ Create table quotations
2026-06-12T11:08:48: ✅ Create table quotation_items
2026-06-12T11:08:48: ✅ Create table lead_reminders
2026-06-12T11:08:48: ✅ Create table lead_activity
2026-06-12T11:08:48: ✅ Create table lead_escalations
2026-06-12T11:08:48: ✅ Create table admin_notifications
2026-06-12T11:08:48: ✅ Create table profile_change_requests
2026-06-12T11:08:48: ✅ Create table amc_alc_services
2026-06-12T11:08:48: ✅ Create table service_activity
2026-06-12T11:08:48: ✅ Create table task_targets
2026-06-12T11:08:48: ✅ Create table task_achievements
2026-06-12T11:08:48: ✅ Create table task_updates
2026-06-12T11:08:48: ✅ Create table call_reports
2026-06-12T11:08:48: ✅ Create table task_activity
2026-06-12T11:08:48: ✅ Create table notifications
2026-06-12T11:08:48: ✅ Create table task_assignments
2026-06-12T11:08:48: ✅ Create table clients
2026-06-12T11:08:48: ✅ Create table user_email_configs
2026-06-12T11:08:48: ✅ lead_reminders.reminder_time exists
2026-06-12T11:08:48: ✅ lead_reminders.missed_count exists
2026-06-12T11:08:48: ✅ lead_reminders.notification_sent exists
2026-06-12T11:08:48: ✅ lead_reminders.employee_id exists
2026-06-12T11:08:48: ✅ lead_escalations.missed_count exists
2026-06-12T11:08:48: ✅ users.status exists
2026-06-12T11:08:48: ✅ users.emp_id exists
2026-06-12T11:08:48: ✅ admin_notifications.related_id exists
2026-06-12T11:08:48: ✅ admin_notifications.related_type exists
2026-06-12T11:08:48: ✅ admin_notifications.created_by exists
2026-06-12T11:08:48: ✅ admin_notifications.priority exists
2026-06-12T11:08:48: ✅ admin_notifications.is_archived exists
2026-06-12T11:08:48: ✅ notifications.user_id exists
2026-06-12T11:08:48: ✅ notifications.type exists
2026-06-12T11:08:48: ✅ notifications.is_archived exists
2026-06-12T11:08:48: ✅ task_assignments.status exists
2026-06-12T11:08:48: ✅ teammember.mobile_number exists
2026-06-12T11:08:48: ✅ teammember.emp_id exists
2026-06-12T11:08:48: ✅ teammember.user_id exists
2026-06-12T11:08:48: ✅ teammember.emp_address exists
2026-06-12T11:08:49: ✅ telecalls.created_by exists
2026-06-12T11:08:49: ✅ telecalls.email exists
2026-06-12T11:08:49: ✅ walkins.assigned_to exists
2026-06-12T11:08:49: ✅ walkins.created_by exists
2026-06-12T11:08:49: ✅ walkins.email exists
2026-06-12T11:08:49: ✅ fields.assigned_to exists
2026-06-12T11:08:49: ✅ fields.created_by exists
2026-06-12T11:08:49: ✅ fields.email exists
2026-06-12T11:08:49: ✅ quotations.lead_id exists
2026-06-12T11:08:49: ✅ quotations.lead_type exists
2026-06-12T11:08:49: ✅ contracts.contract_type exists
2026-06-12T11:08:49: ✅ contracts.quotation_id exists
2026-06-12T11:08:49: ✅ contracts.mobile_number exists
2026-06-12T11:08:49: ✅ contracts.location_city exists
2026-06-12T11:08:49: ✅ amc_alc_services.labour_charges exists
2026-06-12T11:08:49: ✅ amc_alc_services.contract_title exists
2026-06-12T11:08:49: ✅ amc_alc_services.start_time exists
2026-06-12T11:08:49: ✅ amc_alc_services.end_time exists
2026-06-12T11:08:49: ✅ amc_alc_services.km exists
2026-06-12T11:08:49: ✅ amc_alc_services.technician exists
2026-06-12T11:08:49: ✅ amc_alc_services.sales_person exists
2026-06-12T11:08:49: ✅ amc_alc_services.remarks exists
2026-06-12T11:08:49: ✅ amc_alc_services.email exists
2026-06-12T11:08:49: ✅ amc_alc_services.next_service_date exists
2026-06-12T11:08:49: ✅ amc_alc_services.service_type exists
2026-06-12T11:08:49: ✅ task_targets.user_id exists
2026-06-12T11:08:49: ✅ task_targets.created_by_admin exists
2026-06-12T11:08:49: ✅ task_achievements.achieved_amount exists
2026-06-12T11:08:49: ✅ task_updates.amount exists
2026-06-12T11:08:49: ✅ call_reports.start_time exists
2026-06-12T11:08:49: ✅ call_reports.end_time exists
2026-06-12T11:08:49: ✅ call_reports.km exists
2026-06-12T11:08:49: ✅ call_reports.remarks exists
2026-06-12T11:08:49: ✅ call_reports.technician exists
2026-06-12T11:08:49: ✅ call_reports.sales_person exists
2026-06-12T11:08:49: ✅ tasks.assigned_teammember_id exists
2026-06-12T11:08:49: ✅ task_targets.teammember_id exists
2026-06-12T11:08:49: ✅ quotations.reference_no exists
2026-06-12T11:08:49: ✅ task_targets.carry_forward exists
2026-06-12T11:08:49: ✅ task_targets.effective_target exists
2026-06-12T11:08:49: ✅ task_targets.user_id exists
2026-06-12T11:08:49: ✅ task_targets.created_by_admin exists
2026-06-12T11:08:49: ✅ task_achievements.achieved_amount exists
2026-06-12T11:08:49: ✅ clients.created_by exists
2026-06-12T11:08:49: ✅ tasks.created_by exists
2026-06-12T11:08:49: ✅ tasks.task_description exists
2026-06-12T11:08:49: ✅ tasks.assigned_to exists
2026-06-12T11:08:49: ✅ quotations.created_by exists
2026-06-12T11:08:49: ✅ contracts.created_by exists
2026-06-12T11:08:49: ✅ contracts.client_company exists
2026-06-12T11:08:49: ✅ contracts.amount_value exists
2026-06-12T11:08:49: ✅ contracts.remaining exists
2026-06-12T11:08:49: ✅ contracts.email exists
2026-06-12T11:08:49: ✅ clientinvoices.created_by exists
2026-06-12T11:08:49: ✅ performainvoices.created_by exists
2026-06-12T11:08:49: ✅ services.created_by exists
2026-06-12T11:08:49: ✅ call_reports.created_by exists
2026-06-12T11:08:49: ✅ lead_activity.employee_id exists
2026-06-12T11:08:49: ✅ lead_escalations.missed_threshold_reached exists
2026-06-12T11:08:49: ✅ lead_escalations.employee_id exists
2026-06-12T11:08:49: ✅ performainvoices.is_latest exists
2026-06-12T11:08:49: ✅ performainvoices.version exists
2026-06-12T11:08:49: ✅ performainvoices.parent_id exists
2026-06-12T11:08:49: ✅ performa_invoice_items.uom exists
2026-06-12T11:08:49: ✅ performainvoice_items.uom exists
2026-06-12T11:08:49: ✅ task_assignments.response_notes exists
2026-06-12T11:08:49: ✅ call_reports.amount_collected exists
2026-06-12T11:08:49: ✅ call_reports.payment_mode exists
2026-06-12T11:08:49: ✅ call_reports.duration_limit exists
2026-06-12T11:08:49: ✅ call_reports.actual_duration exists
2026-06-12T11:08:49: ✅ call_reports.is_exceeded exists
2026-06-12T11:08:49: ✅ call_reports.assigned_time exists
2026-06-12T11:08:49: ✅ call_reports.call_id exists
2026-06-12T11:08:49: ✅ call_reports.session_id exists
2026-06-12T11:08:49: ✅ call_reports.client_name exists
2026-06-12T11:08:49: ✅ call_reports.staff_name exists
2026-06-12T11:08:49: ✅ call_reports.executive_name exists
2026-06-12T11:08:49: ✅ call_reports.phone exists
2026-06-12T11:08:49: ✅ call_reports.location exists
2026-06-12T11:08:49: ✅ call_reports.call_sequence exists
2026-06-12T11:08:49: ✅ call_reports.report_date exists
2026-06-12T11:08:49: ✅ call_reports.complaint exists
2026-06-12T11:08:49: ✅ call_reports.priority exists
2026-06-12T11:08:49: ✅ call_reports.call_type exists
2026-06-12T11:08:49: ✅ call_reports.payment_type exists
2026-06-12T11:08:49: ✅ call_reports.invoice_value exists
2026-06-12T11:08:49: ✅ call_reports.payment_status exists
2026-06-12T11:08:49: ✅ call_reports.petrol_charges exists
2026-06-12T11:08:49: ✅ call_reports.spare_parts_price exists
2026-06-12T11:08:49: ✅ call_reports.labour_charges exists
2026-06-12T11:08:49: ✅ call_reports.total_expenses exists
2026-06-12T11:08:49: ✅ call_reports.customer_name exists
2026-06-12T11:08:49: ✅ call_reports.mobile_number exists
2026-06-12T11:08:49: ✅ call_reports.location_city exists
2026-06-12T11:08:49: ✅ call_reports.contract_title exists
2026-06-12T11:08:49: ✅ call_reports.service_type exists
2026-06-12T11:08:49: ✅ call_reports.description exists
2026-06-12T11:08:49: ✅ call_reports.service_person exists
2026-06-12T11:08:49: ✅ call_reports.contract_id exists
2026-06-12T11:08:49: ✅ call_reports.call_referrer exists
2026-06-12T11:08:49: ✅ call_reports.step2_completed exists
2026-06-12T11:08:49: ✅ call_reports.email exists
2026-06-12T11:08:49: ✅ call_reports.status exists
2026-06-12T11:08:49: ✅ call_reports.gst_number exists
2026-06-12T11:08:49: ✅ call_reports.company_name exists
2026-06-12T11:08:49: ✅ call_reports.completed_at exists
2026-06-12T11:08:49: ✅ call_reports.carry_forward_date exists
2026-06-12T11:08:49: ✅ amc_alc_services.amount_collected exists
2026-06-12T11:08:49: ✅ amc_alc_services.payment_mode exists
2026-06-12T11:08:49: ✅ amc_alc_services.call_number exists
2026-06-12T11:08:49: ✅ amc_alc_services.breakpoints exists
2026-06-12T11:08:49: ✅ amc_alc_services.duration_limit exists
2026-06-12T11:08:49: ✅ clients.gst_number exists
2026-06-12T11:08:49: ✅ clients.company_name exists
2026-06-12T11:08:49: ✅ clients.service exists
2026-06-12T11:08:49: ✅ clients.alternate_phone exists
2026-06-12T11:08:49: ✅ clients.city exists
2026-06-12T11:08:49: ✅ clients.state exists
2026-06-12T11:08:49: ✅ clients.pincode exists
2026-06-12T11:08:49: ✅ clients.notes exists
2026-06-12T11:08:49: ✅ clients.client_status exists
2026-06-12T11:08:49: ✅ clients.original_lead_id exists
2026-06-12T11:08:49: ✅ clients.original_lead_type exists
2026-06-12T11:08:49: ✅ clients.converted_at exists
2026-06-12T11:08:49: ✅ clients.lead_email exists
2026-06-12T11:08:49: ✅ clients.lead_city exists
2026-06-12T11:08:49: ✅ clients.lead_reference exists
2026-06-12T11:08:49: ✅ clients.lead_purpose exists
2026-06-12T11:08:49: ✅ clients.client_status exists
2026-06-12T11:08:49: ✅ clients.lead_staff_name exists
2026-06-12T11:08:49: ✅ clients.lead_id_display exists
2026-06-12T11:08:49: ✅ clients.assigned_teammember_id exists
2026-06-12T11:08:49: ✅ clients.state exists
2026-06-12T11:08:49: ✅ clients.pincode exists
2026-06-12T11:08:49: ✅ users.emp_id exists
2026-06-12T11:08:49: ✅ quotations.reference_no exists
2026-06-12T11:08:49: ✅ quotations.from_address_id exists
2026-06-12T11:08:49: ✅ quotations.from_address_custom exists
2026-06-12T11:08:49: ✅ quotations.client_company exists
2026-06-12T11:08:49: ✅ quotations.client_address1 exists
2026-06-12T11:08:49: ✅ quotations.client_address2 exists
2026-06-12T11:08:49: ✅ quotations.client_city exists
2026-06-12T11:08:49: ✅ quotations.client_state exists
2026-06-12T11:08:49: ✅ quotations.client_pincode exists
2026-06-12T11:08:49: ✅ quotations.client_country exists
2026-06-12T11:08:49: ✅ quotations.tax_type exists
2026-06-12T11:08:49: ✅ quotations.custom_tax exists
2026-06-12T11:08:49: ✅ quotations.exec_name exists
2026-06-12T11:08:49: ✅ quotations.exec_phone exists
2026-06-12T11:08:49: ✅ quotations.exec_email exists
2026-06-12T11:08:49: ✅ quotations.terms_general exists
2026-06-12T11:08:49: ✅ quotations.terms_tax exists
2026-06-12T11:08:49: ✅ quotations.terms_project_period exists
2026-06-12T11:08:49: ✅ quotations.terms_validity exists
2026-06-12T11:08:49: ✅ quotations.terms_separate_orders exists
2026-06-12T11:08:49: ✅ quotations.terms_payment exists
2026-06-12T11:08:49: ✅ quotations.terms_payment_custom exists
2026-06-12T11:08:49: ✅ quotations.terms_warranty exists
2026-06-12T11:08:49: ✅ quotations.hsn_sac_code exists
2026-06-12T11:08:49: ✅ quotations.supplier_branch exists
2026-06-12T11:08:49: ✅ quotations.bank_details_id exists
2026-06-12T11:08:49: ✅ quotations.bank_company exists
2026-06-12T11:08:49: ✅ quotations.bank_name exists
2026-06-12T11:08:49: ✅ quotations.bank_account exists
2026-06-12T11:08:49: ✅ quotations.bank_ifsc exists
2026-06-12T11:08:49: ✅ quotations.bank_branch exists
2026-06-12T11:08:49: ✅ quotations.custom_terms exists
2026-06-12T11:08:49: ✅ quotations.is_latest exists
2026-06-12T11:08:49: ✅ quotations.parent_id exists
2026-06-12T11:08:49: ✅ quotations.version exists
2026-06-12T11:08:49: ✅ performainvoices.reference_no exists
2026-06-12T11:08:49: ✅ performainvoices.from_address_id exists
2026-06-12T11:08:49: ✅ performainvoices.from_address_custom exists
2026-06-12T11:08:49: ✅ performainvoices.client_company exists
2026-06-12T11:08:49: ✅ performainvoices.client_address1 exists
2026-06-12T11:08:49: ✅ performainvoices.client_address2 exists
2026-06-12T11:08:49: ✅ performainvoices.client_city exists
2026-06-12T11:08:49: ✅ performainvoices.client_state exists
2026-06-12T11:08:49: ✅ performainvoices.client_pincode exists
2026-06-12T11:08:49: ✅ performainvoices.client_country exists
2026-06-12T11:08:49: ✅ performainvoices.tax_type exists
2026-06-12T11:08:49: ✅ performainvoices.custom_tax exists
2026-06-12T11:08:49: ✅ performainvoices.exec_name exists
2026-06-12T11:08:49: ✅ performainvoices.exec_phone exists
2026-06-12T11:08:49: ✅ performainvoices.exec_email exists
2026-06-12T11:08:49: ✅ performainvoices.terms_general exists
2026-06-12T11:08:49: ✅ performainvoices.terms_tax exists
2026-06-12T11:08:49: ✅ performainvoices.terms_project_period exists
2026-06-12T11:08:49: ✅ performainvoices.terms_validity exists
2026-06-12T11:08:49: ✅ performainvoices.terms_separate_orders exists
2026-06-12T11:08:49: ✅ performainvoices.terms_payment exists
2026-06-12T11:08:49: ✅ performainvoices.terms_payment_custom exists
2026-06-12T11:08:49: ✅ performainvoices.terms_warranty exists
2026-06-12T11:08:49: ✅ performainvoices.hsn_sac_code exists
2026-06-12T11:08:49: ✅ performainvoices.supplier_branch exists
2026-06-12T11:08:49: ✅ performainvoices.bank_details_id exists
2026-06-12T11:08:49: ✅ performainvoices.bank_company exists
2026-06-12T11:08:49: ✅ performainvoices.bank_name exists
2026-06-12T11:08:49: ✅ performainvoices.bank_account exists
2026-06-12T11:08:49: ✅ performainvoices.bank_ifsc exists
2026-06-12T11:08:49: ✅ performainvoices.bank_branch exists
2026-06-12T11:08:49: ✅ performainvoices.custom_terms exists
2026-06-12T11:08:49: ✅ services.reference_no exists
2026-06-12T11:08:49: ✅ services.from_address_id exists
2026-06-12T11:08:49: ✅ services.from_address_custom exists
2026-06-12T11:08:49: ✅ services.client_company exists
2026-06-12T11:08:49: ✅ services.client_address1 exists
2026-06-12T11:08:49: ✅ services.client_address2 exists
2026-06-12T11:08:49: ✅ services.client_city exists
2026-06-12T11:08:49: ✅ services.client_state exists
2026-06-12T11:08:49: ✅ services.client_pincode exists
2026-06-12T11:08:49: ✅ services.client_country exists
2026-06-12T11:08:49: ✅ services.tax_type exists
2026-06-12T11:08:49: ✅ services.custom_tax exists
2026-06-12T11:08:49: ✅ services.exec_name exists
2026-06-12T11:08:49: ✅ services.exec_phone exists
2026-06-12T11:08:49: ✅ services.exec_email exists
2026-06-12T11:08:49: ✅ services.terms_general exists
2026-06-12T11:08:49: ✅ services.terms_tax exists
2026-06-12T11:08:49: ✅ services.terms_project_period exists
2026-06-12T11:08:49: ✅ services.terms_validity exists
2026-06-12T11:08:49: ✅ services.terms_separate_orders exists
2026-06-12T11:08:49: ✅ services.terms_payment exists
2026-06-12T11:08:49: ✅ services.terms_payment_custom exists
2026-06-12T11:08:49: ✅ services.terms_warranty exists
2026-06-12T11:08:49: ✅ services.hsn_sac_code exists
2026-06-12T11:08:49: ✅ services.supplier_branch exists
2026-06-12T11:08:49: ✅ services.bank_details_id exists
2026-06-12T11:08:49: ✅ services.bank_company exists
2026-06-12T11:08:49: ✅ services.bank_name exists
2026-06-12T11:08:49: ✅ services.bank_account exists
2026-06-12T11:08:49: ✅ services.bank_ifsc exists
2026-06-12T11:08:49: ✅ services.bank_branch exists
2026-06-12T11:08:49: ✅ services.custom_terms exists
2026-06-12T11:08:49: ✅ estimatenew.client_company exists
2026-06-12T11:08:49: ✅ estimatenew.client_address exists
2026-06-12T11:08:49: ✅ estimatenew.client_city exists
2026-06-12T11:08:49: ✅ estimatenew.client_state exists
2026-06-12T11:08:49: ✅ estimatenew.client_gst exists
2026-06-12T11:08:49: ✅ estimatenew.client_phone exists
2026-06-12T11:08:49: ✅ estimatenew.subtotal exists
2026-06-12T11:08:49: ✅ estimatenew.total_tax exists
2026-06-12T11:08:49: ✅ estimatenew.total_discount exists
2026-06-12T11:08:49: ✅ estimatenew.grand_total exists
2026-06-12T11:08:49: ✅ estimateclient.subtotal exists
2026-06-12T11:08:49: ✅ estimateclient.total_tax exists
2026-06-12T11:08:49: ✅ estimateclient.total_discount exists
2026-06-12T11:08:49: ✅ estimateclient.grand_total exists
2026-06-12T11:08:49: ✅ quotation_items.uom exists
2026-06-12T11:08:49: ✅ quotation_items.hsn_sac exists
2026-06-12T11:08:49: ✅ quotation_items.brand_model exists
2026-06-12T11:08:49: ✅ customers.gst_number exists
2026-06-12T11:08:49: ✅ customers.created_by exists
2026-06-12T11:08:49: ✅ users.last_name exists
2026-06-12T11:08:49: ✅ user_email_configs.smtp_secure exists
2026-06-12T11:08:49: ✅ user_email_configs.from_email_address exists
2026-06-12T11:08:49: ✅ user_email_configs.sender_name exists
2026-06-12T11:08:49: ✅ user_email_configs.provider exists
2026-06-12T11:08:49: ✅ user_email_configs.is_enabled exists
2026-06-12T11:08:49: ✅ users.two_factor_enabled exists
2026-06-12T11:08:49: ✅ quotations.gst_mode exists
2026-06-12T11:08:49: ✅ quotations.status exists
2026-06-12T11:08:49: ✅ performainvoices.gst_mode exists
2026-06-12T11:08:49: ✅ performainvoices.status exists
2026-06-12T11:08:49: ✅ estimate_invoices.gst_mode exists
2026-06-12T11:08:49: ✅ estimate_invoices.status exists
2026-06-12T11:08:49: ✅ service_estimations.gst_mode exists
2026-06-12T11:08:49: ✅ service_estimations.status exists
2026-06-12T11:08:49: ✅ services.gst_mode exists
2026-06-12T11:08:49: ✅ estimatenew.gst_mode exists
2026-06-12T11:08:49: Users role column updated
2026-06-12T11:08:49: Teammember emp_role updated
2026-06-12T11:08:50: Default employees seeded successfully.
2026-06-12T11:08:50: [Scheduler] Reminder escalation scheduler started (every 15 min)
2026-06-12T11:08:50: [Scheduler] End-of-day task scheduler started (daily at 6 PM)
2026-06-12T11:08:50: ✅ Server running: http://0.0.0.0:5000 [production]
2026-06-12T11:09:00: [Scheduler] Running initial task check...
2026-06-12T11:09:00: [Scheduler] End-of-day task check complete. Evaluated 1 incomplete tasks.
2026-06-12T11:09:00: [Scheduler] End-of-day summary notification dispatched: 1 incomplete tasks
2026-06-12T11:09:00: [Web Push] No active admin push subscriptions found.
2026-06-12T11:09:08: User 708 joined notifications channel
2026-06-12T11:09:08: Admin joined notifications channel
2026-06-12T11:09:08: User 701 joined notifications channel
2026-06-12T11:14:53: Client disconnected from notifications
2026-06-12T11:19:53: Client disconnected from notifications
2026-06-12T11:23:14: ◇ injected env (14) from .env // tip: ◈ secrets for agents [www.dotenvx.com]
2026-06-12T11:23:14: ◇ injected env (0) from .env // tip: ⌘ custom filepath { path: '/custom/path/.env' }
2026-06-12T11:23:15: MySQL Connected (127.0.0.1:3306)
2026-06-12T11:23:15: Using database achme
2026-06-12T11:23:15: Database initialized successfully
2026-06-12T11:23:15: ✅ lead_reminders.reminder_time exists
2026-06-12T11:23:15: ✅ lead_reminders.missed_count exists
2026-06-12T11:23:15: ✅ lead_reminders.notification_sent exists
2026-06-12T11:23:15: ✅ lead_reminders.employee_id exists
2026-06-12T11:23:15: ✅ lead_escalations.missed_count exists
2026-06-12T11:23:15: ✅ users.status exists
2026-06-12T11:23:15: ✅ users.emp_id exists
2026-06-12T11:23:15: ✅ admin_notifications.related_id exists
2026-06-12T11:23:15: ✅ admin_notifications.related_type exists
2026-06-12T11:23:15: ✅ admin_notifications.created_by exists
2026-06-12T11:23:15: ✅ admin_notifications.priority exists
2026-06-12T11:23:15: ✅ admin_notifications.is_archived exists
2026-06-12T11:23:15: ✅ notifications.user_id exists
2026-06-12T11:23:15: ✅ notifications.type exists
2026-06-12T11:23:15: ✅ notifications.is_archived exists
2026-06-12T11:23:15: ✅ task_assignments.status exists
2026-06-12T11:23:15: ✅ teammember.mobile_number exists
2026-06-12T11:23:15: ✅ teammember.emp_id exists
2026-06-12T11:23:15: ✅ teammember.user_id exists
2026-06-12T11:23:15: ✅ teammember.emp_address exists
2026-06-12T11:23:15: ✅ telecalls.created_by exists
2026-06-12T11:23:15: ✅ telecalls.email exists
2026-06-12T11:23:15: ✅ walkins.assigned_to exists
2026-06-12T11:23:15: ✅ walkins.created_by exists
2026-06-12T11:23:15: ✅ walkins.email exists
2026-06-12T11:23:15: ✅ fields.assigned_to exists
2026-06-12T11:23:15: ✅ fields.created_by exists
2026-06-12T11:23:15: ✅ fields.email exists
2026-06-12T11:23:15: ✅ quotations.lead_id exists
2026-06-12T11:23:15: ✅ quotations.lead_type exists
2026-06-12T11:23:15: ✅ contracts.contract_type exists
2026-06-12T11:23:15: ✅ contracts.quotation_id exists
2026-06-12T11:23:15: ✅ contracts.mobile_number exists
2026-06-12T11:23:15: ✅ contracts.location_city exists
2026-06-12T11:23:15: ✅ amc_alc_services.labour_charges exists
2026-06-12T11:23:15: ✅ amc_alc_services.contract_title exists
2026-06-12T11:23:15: ✅ amc_alc_services.start_time exists
2026-06-12T11:23:15: ✅ amc_alc_services.end_time exists
2026-06-12T11:23:15: ✅ amc_alc_services.km exists
2026-06-12T11:23:15: ✅ amc_alc_services.technician exists
2026-06-12T11:23:15: ✅ amc_alc_services.sales_person exists
2026-06-12T11:23:15: ✅ amc_alc_services.remarks exists
2026-06-12T11:23:15: ✅ amc_alc_services.email exists
2026-06-12T11:23:15: ✅ amc_alc_services.next_service_date exists
2026-06-12T11:23:15: ✅ amc_alc_services.service_type exists
2026-06-12T11:23:15: ✅ task_targets.user_id exists
2026-06-12T11:23:15: ✅ task_targets.created_by_admin exists
2026-06-12T11:23:15: ✅ task_achievements.achieved_amount exists
2026-06-12T11:23:15: ✅ task_updates.amount exists
2026-06-12T11:23:15: ✅ call_reports.start_time exists
2026-06-12T11:23:15: ✅ call_reports.end_time exists
2026-06-12T11:23:15: ✅ call_reports.km exists
2026-06-12T11:23:15: ✅ call_reports.remarks exists
2026-06-12T11:23:15: ✅ call_reports.technician exists
2026-06-12T11:23:15: ✅ call_reports.sales_person exists
2026-06-12T11:23:15: ✅ tasks.assigned_teammember_id exists
2026-06-12T11:23:15: ✅ task_targets.teammember_id exists
2026-06-12T11:23:15: ✅ quotations.reference_no exists
2026-06-12T11:23:15: ✅ task_targets.carry_forward exists
2026-06-12T11:23:15: ✅ task_targets.effective_target exists
2026-06-12T11:23:15: ✅ task_targets.user_id exists
2026-06-12T11:23:15: ✅ task_targets.created_by_admin exists
2026-06-12T11:23:15: ✅ task_achievements.achieved_amount exists
2026-06-12T11:23:15: ✅ clients.created_by exists
2026-06-12T11:23:15: ✅ tasks.created_by exists
2026-06-12T11:23:15: ✅ tasks.task_description exists
2026-06-12T11:23:15: ✅ tasks.assigned_to exists
2026-06-12T11:23:15: ✅ quotations.created_by exists
2026-06-12T11:23:15: ✅ contracts.created_by exists
2026-06-12T11:23:15: ✅ contracts.client_company exists
2026-06-12T11:23:15: ✅ contracts.amount_value exists
2026-06-12T11:23:15: ✅ contracts.remaining exists
2026-06-12T11:23:15: ✅ contracts.email exists
2026-06-12T11:23:15: ✅ clientinvoices.created_by exists
2026-06-12T11:23:15: ✅ performainvoices.created_by exists
2026-06-12T11:23:15: ✅ services.created_by exists
2026-06-12T11:23:15: ✅ call_reports.created_by exists
2026-06-12T11:23:15: ✅ lead_activity.employee_id exists
2026-06-12T11:23:15: ✅ lead_escalations.missed_threshold_reached exists
2026-06-12T11:23:15: ✅ lead_escalations.employee_id exists
2026-06-12T11:23:15: ✅ performainvoices.is_latest exists
2026-06-12T11:23:15: ✅ performainvoices.version exists
2026-06-12T11:23:15: ✅ performainvoices.parent_id exists
2026-06-12T11:23:15: ✅ performa_invoice_items.uom exists
2026-06-12T11:23:15: ✅ performainvoice_items.uom exists
2026-06-12T11:23:15: ✅ task_assignments.response_notes exists
2026-06-12T11:23:15: ✅ call_reports.amount_collected exists
2026-06-12T11:23:15: ✅ call_reports.payment_mode exists
2026-06-12T11:23:15: ✅ call_reports.duration_limit exists
2026-06-12T11:23:15: ✅ call_reports.actual_duration exists
2026-06-12T11:23:15: ✅ call_reports.is_exceeded exists
2026-06-12T11:23:15: ✅ call_reports.assigned_time exists
2026-06-12T11:23:15: ✅ call_reports.call_id exists
2026-06-12T11:23:15: ✅ call_reports.session_id exists
2026-06-12T11:23:15: ✅ call_reports.client_name exists
2026-06-12T11:23:15: ✅ call_reports.staff_name exists
2026-06-12T11:23:15: ✅ call_reports.executive_name exists
2026-06-12T11:23:15: ✅ call_reports.phone exists
2026-06-12T11:23:15: ✅ call_reports.location exists
2026-06-12T11:23:15: ✅ call_reports.call_sequence exists
2026-06-12T11:23:15: ✅ call_reports.report_date exists
2026-06-12T11:23:15: ✅ call_reports.complaint exists
2026-06-12T11:23:15: ✅ call_reports.priority exists
2026-06-12T11:23:15: ✅ call_reports.call_type exists
2026-06-12T11:23:15: ✅ call_reports.payment_type exists
2026-06-12T11:23:15: ✅ call_reports.invoice_value exists
2026-06-12T11:23:15: ✅ call_reports.payment_status exists
2026-06-12T11:23:15: ✅ call_reports.petrol_charges exists
2026-06-12T11:23:15: ✅ call_reports.spare_parts_price exists
2026-06-12T11:23:15: ✅ call_reports.labour_charges exists
2026-06-12T11:23:15: ✅ call_reports.total_expenses exists
2026-06-12T11:23:15: ✅ call_reports.customer_name exists
2026-06-12T11:23:15: ✅ call_reports.mobile_number exists
2026-06-12T11:23:15: ✅ call_reports.location_city exists
2026-06-12T11:23:15: ✅ call_reports.contract_title exists
2026-06-12T11:23:15: ✅ call_reports.service_type exists
2026-06-12T11:23:15: ✅ call_reports.description exists
2026-06-12T11:23:15: ✅ call_reports.service_person exists
2026-06-12T11:23:15: ✅ call_reports.contract_id exists
2026-06-12T11:23:15: ✅ call_reports.call_referrer exists
2026-06-12T11:23:15: ✅ call_reports.step2_completed exists
2026-06-12T11:23:15: ✅ call_reports.email exists
2026-06-12T11:23:15: ✅ call_reports.status exists
2026-06-12T11:23:15: ✅ call_reports.gst_number exists
2026-06-12T11:23:15: ✅ call_reports.company_name exists
2026-06-12T11:23:15: ✅ call_reports.completed_at exists
2026-06-12T11:23:15: ✅ call_reports.carry_forward_date exists
2026-06-12T11:23:15: ✅ amc_alc_services.amount_collected exists
2026-06-12T11:23:15: ✅ amc_alc_services.payment_mode exists
2026-06-12T11:23:15: ✅ amc_alc_services.call_number exists
2026-06-12T11:23:15: ✅ amc_alc_services.breakpoints exists
2026-06-12T11:23:15: ✅ amc_alc_services.duration_limit exists
2026-06-12T11:23:15: ✅ clients.gst_number exists
2026-06-12T11:23:15: ✅ clients.company_name exists
2026-06-12T11:23:15: ✅ clients.service exists
2026-06-12T11:23:15: ✅ clients.alternate_phone exists
2026-06-12T11:23:15: ✅ clients.city exists
2026-06-12T11:23:15: ✅ clients.state exists
2026-06-12T11:23:15: ✅ clients.pincode exists
2026-06-12T11:23:15: ✅ clients.notes exists
2026-06-12T11:23:15: ✅ clients.client_status exists
2026-06-12T11:23:15: ✅ clients.original_lead_id exists
2026-06-12T11:23:15: ✅ clients.original_lead_type exists
2026-06-12T11:23:15: ✅ clients.converted_at exists
2026-06-12T11:23:15: ✅ clients.lead_email exists
2026-06-12T11:23:15: ✅ clients.lead_city exists
2026-06-12T11:23:15: ✅ clients.lead_reference exists
2026-06-12T11:23:15: ✅ clients.lead_purpose exists
2026-06-12T11:23:15: ✅ clients.client_status exists
2026-06-12T11:23:15: ✅ clients.lead_staff_name exists
2026-06-12T11:23:15: ✅ clients.lead_id_display exists
2026-06-12T11:23:15: ✅ clients.assigned_teammember_id exists
2026-06-12T11:23:15: ✅ clients.state exists
2026-06-12T11:23:15: ✅ clients.pincode exists
2026-06-12T11:23:15: ✅ users.emp_id exists
2026-06-12T11:23:15: ✅ quotations.reference_no exists
2026-06-12T11:23:15: ✅ quotations.from_address_id exists
2026-06-12T11:23:15: ✅ quotations.from_address_custom exists
2026-06-12T11:23:15: ✅ quotations.client_company exists
2026-06-12T11:23:15: ✅ quotations.client_address1 exists
2026-06-12T11:23:15: ✅ quotations.client_address2 exists
2026-06-12T11:23:15: ✅ quotations.client_city exists
2026-06-12T11:23:15: ✅ quotations.client_state exists
2026-06-12T11:23:15: ✅ quotations.client_pincode exists
2026-06-12T11:23:15: ✅ quotations.client_country exists
2026-06-12T11:23:15: ✅ quotations.tax_type exists
2026-06-12T11:23:15: ✅ quotations.custom_tax exists
2026-06-12T11:23:15: ✅ quotations.exec_name exists
2026-06-12T11:23:15: ✅ quotations.exec_phone exists
2026-06-12T11:23:15: ✅ quotations.exec_email exists
2026-06-12T11:23:15: ✅ quotations.terms_general exists
2026-06-12T11:23:15: ✅ quotations.terms_tax exists
2026-06-12T11:23:15: ✅ quotations.terms_project_period exists
2026-06-12T11:23:15: ✅ quotations.terms_validity exists
2026-06-12T11:23:15: ✅ quotations.terms_separate_orders exists
2026-06-12T11:23:15: ✅ quotations.terms_payment exists
2026-06-12T11:23:15: ✅ quotations.terms_payment_custom exists
2026-06-12T11:23:15: ✅ quotations.terms_warranty exists
2026-06-12T11:23:15: ✅ quotations.hsn_sac_code exists
2026-06-12T11:23:15: ✅ quotations.supplier_branch exists
2026-06-12T11:23:15: ✅ quotations.bank_details_id exists
2026-06-12T11:23:15: ✅ quotations.bank_company exists
2026-06-12T11:23:15: ✅ quotations.bank_name exists
2026-06-12T11:23:15: ✅ quotations.bank_account exists
2026-06-12T11:23:15: ✅ quotations.bank_ifsc exists
2026-06-12T11:23:15: ✅ quotations.bank_branch exists
2026-06-12T11:23:15: ✅ quotations.custom_terms exists
2026-06-12T11:23:15: ✅ quotations.is_latest exists
2026-06-12T11:23:15: ✅ quotations.parent_id exists
2026-06-12T11:23:15: ✅ quotations.version exists
2026-06-12T11:23:15: ✅ performainvoices.reference_no exists
2026-06-12T11:23:15: ✅ performainvoices.from_address_id exists
2026-06-12T11:23:15: ✅ performainvoices.from_address_custom exists
2026-06-12T11:23:15: ✅ performainvoices.client_company exists
2026-06-12T11:23:15: ✅ performainvoices.client_address1 exists
2026-06-12T11:23:15: ✅ performainvoices.client_address2 exists
2026-06-12T11:23:15: ✅ performainvoices.client_city exists
2026-06-12T11:23:15: ✅ performainvoices.client_state exists
2026-06-12T11:23:15: ✅ performainvoices.client_pincode exists
2026-06-12T11:23:15: ✅ performainvoices.client_country exists
2026-06-12T11:23:15: ✅ performainvoices.tax_type exists
2026-06-12T11:23:15: ✅ performainvoices.custom_tax exists
2026-06-12T11:23:15: ✅ performainvoices.exec_name exists
2026-06-12T11:23:15: ✅ performainvoices.exec_phone exists
2026-06-12T11:23:15: ✅ performainvoices.exec_email exists
2026-06-12T11:23:15: ✅ performainvoices.terms_general exists
2026-06-12T11:23:15: ✅ performainvoices.terms_tax exists
2026-06-12T11:23:15: ✅ performainvoices.terms_project_period exists
2026-06-12T11:23:15: ✅ performainvoices.terms_validity exists
2026-06-12T11:23:15: ✅ performainvoices.terms_separate_orders exists
2026-06-12T11:23:15: ✅ performainvoices.terms_payment exists
2026-06-12T11:23:15: ✅ performainvoices.terms_payment_custom exists
2026-06-12T11:23:15: ✅ performainvoices.terms_warranty exists
2026-06-12T11:23:15: ✅ performainvoices.hsn_sac_code exists
2026-06-12T11:23:15: ✅ performainvoices.supplier_branch exists
2026-06-12T11:23:15: ✅ performainvoices.bank_details_id exists
2026-06-12T11:23:15: ✅ performainvoices.bank_company exists
2026-06-12T11:23:15: ✅ performainvoices.bank_name exists
2026-06-12T11:23:15: ✅ performainvoices.bank_account exists
2026-06-12T11:23:15: ✅ performainvoices.bank_ifsc exists
2026-06-12T11:23:15: ✅ performainvoices.bank_branch exists
2026-06-12T11:23:15: ✅ performainvoices.custom_terms exists
2026-06-12T11:23:15: ✅ services.reference_no exists
2026-06-12T11:23:15: ✅ services.from_address_id exists
2026-06-12T11:23:15: ✅ services.from_address_custom exists
2026-06-12T11:23:15: ✅ services.client_company exists
2026-06-12T11:23:15: ✅ services.client_address1 exists
2026-06-12T11:23:15: ✅ services.client_address2 exists
2026-06-12T11:23:15: ✅ services.client_city exists
2026-06-12T11:23:15: ✅ services.client_state exists
2026-06-12T11:23:15: ✅ services.client_pincode exists
2026-06-12T11:23:15: ✅ services.client_country exists
2026-06-12T11:23:15: ✅ services.tax_type exists
2026-06-12T11:23:15: ✅ services.custom_tax exists
2026-06-12T11:23:15: ✅ services.exec_name exists
2026-06-12T11:23:15: ✅ services.exec_phone exists
2026-06-12T11:23:15: ✅ services.exec_email exists
2026-06-12T11:23:15: ✅ services.terms_general exists
2026-06-12T11:23:15: ✅ services.terms_tax exists
2026-06-12T11:23:15: ✅ services.terms_project_period exists
2026-06-12T11:23:15: ✅ services.terms_validity exists
2026-06-12T11:23:15: ✅ services.terms_separate_orders exists
2026-06-12T11:23:15: ✅ services.terms_payment exists
2026-06-12T11:23:15: ✅ services.terms_payment_custom exists
2026-06-12T11:23:15: ✅ services.terms_warranty exists
2026-06-12T11:23:15: ✅ services.hsn_sac_code exists
2026-06-12T11:23:15: ✅ services.supplier_branch exists
2026-06-12T11:23:15: ✅ services.bank_details_id exists
2026-06-12T11:23:15: ✅ services.bank_company exists
2026-06-12T11:23:15: ✅ services.bank_name exists
2026-06-12T11:23:15: ✅ services.bank_account exists
2026-06-12T11:23:15: ✅ services.bank_ifsc exists
2026-06-12T11:23:15: ✅ services.bank_branch exists
2026-06-12T11:23:15: ✅ services.custom_terms exists
2026-06-12T11:23:15: ✅ estimatenew.client_company exists
2026-06-12T11:23:15: ✅ estimatenew.client_address exists
2026-06-12T11:23:15: ✅ estimatenew.client_city exists
2026-06-12T11:23:15: ✅ estimatenew.client_state exists
2026-06-12T11:23:15: ✅ estimatenew.client_gst exists
2026-06-12T11:23:15: ✅ estimatenew.client_phone exists
2026-06-12T11:23:15: ✅ estimatenew.subtotal exists
2026-06-12T11:23:15: ✅ estimatenew.total_tax exists
2026-06-12T11:23:15: ✅ estimatenew.total_discount exists
2026-06-12T11:23:15: ✅ estimatenew.grand_total exists
2026-06-12T11:23:15: ✅ estimateclient.subtotal exists
2026-06-12T11:23:15: ✅ estimateclient.total_tax exists
2026-06-12T11:23:15: ✅ estimateclient.total_discount exists
2026-06-12T11:23:15: ✅ estimateclient.grand_total exists
2026-06-12T11:23:15: ✅ quotation_items.uom exists
2026-06-12T11:23:15: ✅ quotation_items.hsn_sac exists
2026-06-12T11:23:15: ✅ quotation_items.brand_model exists
2026-06-12T11:23:15: ✅ customers.gst_number exists
2026-06-12T11:23:15: ✅ customers.created_by exists
2026-06-12T11:23:15: ✅ users.last_name exists
2026-06-12T11:23:15: ✅ user_email_configs.smtp_secure exists
2026-06-12T11:23:15: ✅ user_email_configs.from_email_address exists
2026-06-12T11:23:15: ✅ user_email_configs.sender_name exists
2026-06-12T11:23:15: ✅ user_email_configs.provider exists
2026-06-12T11:23:15: ✅ user_email_configs.is_enabled exists
2026-06-12T11:23:15: ✅ users.two_factor_enabled exists
2026-06-12T11:23:15: ✅ quotations.gst_mode exists
2026-06-12T11:23:15: ✅ quotations.status exists
2026-06-12T11:23:15: ✅ performainvoices.gst_mode exists
2026-06-12T11:23:15: ✅ performainvoices.status exists
2026-06-12T11:23:15: ✅ estimate_invoices.gst_mode exists
2026-06-12T11:23:15: ✅ estimate_invoices.status exists
2026-06-12T11:23:15: ✅ service_estimations.gst_mode exists
2026-06-12T11:23:15: ✅ service_estimations.status exists
2026-06-12T11:23:15: ✅ services.gst_mode exists
2026-06-12T11:23:15: ✅ estimatenew.gst_mode exists
2026-06-12T11:23:15: ✅ Create table pi_from_addresses
2026-06-12T11:23:15: ✅ Create table email_otp
2026-06-12T11:23:15: ✅ Create table payments
2026-06-12T11:23:15: ✅ Create table clientinvoices
2026-06-12T11:23:15: ✅ Create table messages
2026-06-12T11:23:15: ✅ Create table service_items
2026-06-12T11:23:15: ✅ Create table service_estimations
2026-06-12T11:23:15: ✅ Create table service_estimation_items
2026-06-12T11:23:15: ✅ Create table estimate_invoices
2026-06-12T11:23:15: ✅ Create table estimate_invoice_items
2026-06-12T11:23:15: ✅ Create table estimate_items
2026-06-12T11:23:15: ✅ Create table performainvoice_items
2026-06-12T11:23:15: ✅ Create table performainvoices
2026-06-12T11:23:15: ✅ Create table services
2026-06-12T11:23:16: ✅ Create table customers
2026-06-12T11:23:16: ✅ Create table quotations
2026-06-12T11:23:16: ✅ Create table quotation_items
2026-06-12T11:23:16: ✅ Create table lead_reminders
2026-06-12T11:23:16: ✅ Create table lead_activity
2026-06-12T11:23:16: ✅ Create table lead_escalations
2026-06-12T11:23:16: ✅ Create table admin_notifications
2026-06-12T11:23:16: ✅ Create table profile_change_requests
2026-06-12T11:23:16: ✅ Create table amc_alc_services
2026-06-12T11:23:16: ✅ Create table service_activity
2026-06-12T11:23:16: ✅ Create table task_targets
2026-06-12T11:23:16: ✅ Create table task_achievements
2026-06-12T11:23:16: ✅ Create table task_updates
2026-06-12T11:23:16: ✅ Create table call_reports
2026-06-12T11:23:16: ✅ Create table task_activity
2026-06-12T11:23:16: ✅ Create table notifications
2026-06-12T11:23:16: ✅ Create table task_assignments
2026-06-12T11:23:16: ✅ Create table clients
2026-06-12T11:23:16: ✅ Create table user_email_configs
2026-06-12T11:23:16: ✅ lead_reminders.reminder_time exists
2026-06-12T11:23:16: ✅ lead_reminders.missed_count exists
2026-06-12T11:23:16: ✅ lead_reminders.notification_sent exists
2026-06-12T11:23:16: ✅ lead_reminders.employee_id exists
2026-06-12T11:23:16: ✅ lead_escalations.missed_count exists
2026-06-12T11:23:16: ✅ users.status exists
2026-06-12T11:23:16: ✅ users.emp_id exists
2026-06-12T11:23:16: ✅ admin_notifications.related_id exists
2026-06-12T11:23:16: ✅ admin_notifications.related_type exists
2026-06-12T11:23:16: ✅ admin_notifications.created_by exists
2026-06-12T11:23:16: ✅ admin_notifications.priority exists
2026-06-12T11:23:16: ✅ admin_notifications.is_archived exists
2026-06-12T11:23:16: ✅ notifications.user_id exists
2026-06-12T11:23:16: ✅ notifications.type exists
2026-06-12T11:23:16: ✅ notifications.is_archived exists
2026-06-12T11:23:16: ✅ task_assignments.status exists
2026-06-12T11:23:16: ✅ teammember.mobile_number exists
2026-06-12T11:23:16: ✅ teammember.emp_id exists
2026-06-12T11:23:16: ✅ teammember.user_id exists
2026-06-12T11:23:16: ✅ teammember.emp_address exists
2026-06-12T11:23:16: ✅ telecalls.created_by exists
2026-06-12T11:23:16: ✅ telecalls.email exists
2026-06-12T11:23:16: ✅ walkins.assigned_to exists
2026-06-12T11:23:16: ✅ walkins.created_by exists
2026-06-12T11:23:16: ✅ walkins.email exists
2026-06-12T11:23:16: ✅ fields.assigned_to exists
2026-06-12T11:23:16: ✅ fields.created_by exists
2026-06-12T11:23:16: ✅ fields.email exists
2026-06-12T11:23:16: ✅ quotations.lead_id exists
2026-06-12T11:23:16: ✅ quotations.lead_type exists
2026-06-12T11:23:16: ✅ contracts.contract_type exists
2026-06-12T11:23:16: ✅ contracts.quotation_id exists
2026-06-12T11:23:16: ✅ contracts.mobile_number exists
2026-06-12T11:23:16: ✅ contracts.location_city exists
2026-06-12T11:23:16: ✅ amc_alc_services.labour_charges exists
2026-06-12T11:23:16: ✅ amc_alc_services.contract_title exists
2026-06-12T11:23:16: ✅ amc_alc_services.start_time exists
2026-06-12T11:23:16: ✅ amc_alc_services.end_time exists
2026-06-12T11:23:16: ✅ amc_alc_services.km exists
2026-06-12T11:23:16: ✅ amc_alc_services.technician exists
2026-06-12T11:23:16: ✅ amc_alc_services.sales_person exists
2026-06-12T11:23:16: ✅ amc_alc_services.remarks exists
2026-06-12T11:23:16: ✅ amc_alc_services.email exists
2026-06-12T11:23:16: ✅ amc_alc_services.next_service_date exists
2026-06-12T11:23:16: ✅ amc_alc_services.service_type exists
2026-06-12T11:23:16: ✅ task_targets.user_id exists
2026-06-12T11:23:16: ✅ task_targets.created_by_admin exists
2026-06-12T11:23:16: ✅ task_achievements.achieved_amount exists
2026-06-12T11:23:16: ✅ task_updates.amount exists
2026-06-12T11:23:16: ✅ call_reports.start_time exists
2026-06-12T11:23:16: ✅ call_reports.end_time exists
2026-06-12T11:23:16: ✅ call_reports.km exists
2026-06-12T11:23:16: ✅ call_reports.remarks exists
2026-06-12T11:23:16: ✅ call_reports.technician exists
2026-06-12T11:23:16: ✅ call_reports.sales_person exists
2026-06-12T11:23:16: ✅ tasks.assigned_teammember_id exists
2026-06-12T11:23:16: ✅ task_targets.teammember_id exists
2026-06-12T11:23:16: ✅ quotations.reference_no exists
2026-06-12T11:23:16: ✅ task_targets.carry_forward exists
2026-06-12T11:23:16: ✅ task_targets.effective_target exists
2026-06-12T11:23:16: ✅ task_targets.user_id exists
2026-06-12T11:23:16: ✅ task_targets.created_by_admin exists
2026-06-12T11:23:16: ✅ task_achievements.achieved_amount exists
2026-06-12T11:23:16: ✅ clients.created_by exists
2026-06-12T11:23:16: ✅ tasks.created_by exists
2026-06-12T11:23:16: ✅ tasks.task_description exists
2026-06-12T11:23:16: ✅ tasks.assigned_to exists
2026-06-12T11:23:16: ✅ quotations.created_by exists
2026-06-12T11:23:16: ✅ contracts.created_by exists
2026-06-12T11:23:16: ✅ contracts.client_company exists
2026-06-12T11:23:16: ✅ contracts.amount_value exists
2026-06-12T11:23:16: ✅ contracts.remaining exists
2026-06-12T11:23:16: ✅ contracts.email exists
2026-06-12T11:23:16: ✅ clientinvoices.created_by exists
2026-06-12T11:23:16: ✅ performainvoices.created_by exists
2026-06-12T11:23:16: ✅ services.created_by exists
2026-06-12T11:23:16: ✅ call_reports.created_by exists
2026-06-12T11:23:16: ✅ lead_activity.employee_id exists
2026-06-12T11:23:16: ✅ lead_escalations.missed_threshold_reached exists
2026-06-12T11:23:16: ✅ lead_escalations.employee_id exists
2026-06-12T11:23:16: ✅ performainvoices.is_latest exists
2026-06-12T11:23:16: ✅ performainvoices.version exists
2026-06-12T11:23:16: ✅ performainvoices.parent_id exists
2026-06-12T11:23:16: ✅ performa_invoice_items.uom exists
2026-06-12T11:23:16: ✅ performainvoice_items.uom exists
2026-06-12T11:23:16: ✅ task_assignments.response_notes exists
2026-06-12T11:23:16: ✅ call_reports.amount_collected exists
2026-06-12T11:23:16: ✅ call_reports.payment_mode exists
2026-06-12T11:23:16: ✅ call_reports.duration_limit exists
2026-06-12T11:23:16: ✅ call_reports.actual_duration exists
2026-06-12T11:23:16: ✅ call_reports.is_exceeded exists
2026-06-12T11:23:16: ✅ call_reports.assigned_time exists
2026-06-12T11:23:16: ✅ call_reports.call_id exists
2026-06-12T11:23:16: ✅ call_reports.session_id exists
2026-06-12T11:23:16: ✅ call_reports.client_name exists
2026-06-12T11:23:16: ✅ call_reports.staff_name exists
2026-06-12T11:23:16: ✅ call_reports.executive_name exists
2026-06-12T11:23:16: ✅ call_reports.phone exists
2026-06-12T11:23:16: ✅ call_reports.location exists
2026-06-12T11:23:16: ✅ call_reports.call_sequence exists
2026-06-12T11:23:16: ✅ call_reports.report_date exists
2026-06-12T11:23:16: ✅ call_reports.complaint exists
2026-06-12T11:23:16: ✅ call_reports.priority exists
2026-06-12T11:23:16: ✅ call_reports.call_type exists
2026-06-12T11:23:16: ✅ call_reports.payment_type exists
2026-06-12T11:23:16: ✅ call_reports.invoice_value exists
2026-06-12T11:23:16: ✅ call_reports.payment_status exists
2026-06-12T11:23:16: ✅ call_reports.petrol_charges exists
2026-06-12T11:23:16: ✅ call_reports.spare_parts_price exists
2026-06-12T11:23:16: ✅ call_reports.labour_charges exists
2026-06-12T11:23:16: ✅ call_reports.total_expenses exists
2026-06-12T11:23:16: ✅ call_reports.customer_name exists
2026-06-12T11:23:16: ✅ call_reports.mobile_number exists
2026-06-12T11:23:16: ✅ call_reports.location_city exists
2026-06-12T11:23:16: ✅ call_reports.contract_title exists
2026-06-12T11:23:16: ✅ call_reports.service_type exists
2026-06-12T11:23:16: ✅ call_reports.description exists
2026-06-12T11:23:16: ✅ call_reports.service_person exists
2026-06-12T11:23:16: ✅ call_reports.contract_id exists
2026-06-12T11:23:16: ✅ call_reports.call_referrer exists
2026-06-12T11:23:16: ✅ call_reports.step2_completed exists
2026-06-12T11:23:16: ✅ call_reports.email exists
2026-06-12T11:23:16: ✅ call_reports.status exists
2026-06-12T11:23:16: ✅ call_reports.gst_number exists
2026-06-12T11:23:16: ✅ call_reports.company_name exists
2026-06-12T11:23:16: ✅ call_reports.completed_at exists
2026-06-12T11:23:16: ✅ call_reports.carry_forward_date exists
2026-06-12T11:23:16: ✅ amc_alc_services.amount_collected exists
2026-06-12T11:23:16: ✅ amc_alc_services.payment_mode exists
2026-06-12T11:23:16: ✅ amc_alc_services.call_number exists
2026-06-12T11:23:16: ✅ amc_alc_services.breakpoints exists
2026-06-12T11:23:16: ✅ amc_alc_services.duration_limit exists
2026-06-12T11:23:16: ✅ clients.gst_number exists
2026-06-12T11:23:16: ✅ clients.company_name exists
2026-06-12T11:23:16: ✅ clients.service exists
2026-06-12T11:23:16: ✅ clients.alternate_phone exists
2026-06-12T11:23:16: ✅ clients.city exists
2026-06-12T11:23:16: ✅ clients.state exists
2026-06-12T11:23:16: ✅ clients.pincode exists
2026-06-12T11:23:16: ✅ clients.notes exists
2026-06-12T11:23:16: ✅ clients.client_status exists
2026-06-12T11:23:16: ✅ clients.original_lead_id exists
2026-06-12T11:23:16: ✅ clients.original_lead_type exists
2026-06-12T11:23:16: ✅ clients.converted_at exists
2026-06-12T11:23:16: ✅ clients.lead_email exists
2026-06-12T11:23:16: ✅ clients.lead_city exists
2026-06-12T11:23:16: ✅ clients.lead_reference exists
2026-06-12T11:23:16: ✅ clients.lead_purpose exists
2026-06-12T11:23:16: ✅ clients.client_status exists
2026-06-12T11:23:16: ✅ clients.lead_staff_name exists
2026-06-12T11:23:16: ✅ clients.lead_id_display exists
2026-06-12T11:23:16: ✅ clients.assigned_teammember_id exists
2026-06-12T11:23:16: ✅ clients.state exists
2026-06-12T11:23:16: ✅ clients.pincode exists
2026-06-12T11:23:16: ✅ users.emp_id exists
2026-06-12T11:23:16: ✅ quotations.reference_no exists
2026-06-12T11:23:16: ✅ quotations.from_address_id exists
2026-06-12T11:23:16: ✅ quotations.from_address_custom exists
2026-06-12T11:23:16: ✅ quotations.client_company exists
2026-06-12T11:23:16: ✅ quotations.client_address1 exists
2026-06-12T11:23:16: ✅ quotations.client_address2 exists
2026-06-12T11:23:16: ✅ quotations.client_city exists
2026-06-12T11:23:16: ✅ quotations.client_state exists
2026-06-12T11:23:16: ✅ quotations.client_pincode exists
2026-06-12T11:23:16: ✅ quotations.client_country exists
2026-06-12T11:23:16: ✅ quotations.tax_type exists
2026-06-12T11:23:16: ✅ quotations.custom_tax exists
2026-06-12T11:23:16: ✅ quotations.exec_name exists
2026-06-12T11:23:16: ✅ quotations.exec_phone exists
2026-06-12T11:23:16: ✅ quotations.exec_email exists
2026-06-12T11:23:16: ✅ quotations.terms_general exists
2026-06-12T11:23:16: ✅ quotations.terms_tax exists
2026-06-12T11:23:16: ✅ quotations.terms_project_period exists
2026-06-12T11:23:16: ✅ quotations.terms_validity exists
2026-06-12T11:23:16: ✅ quotations.terms_separate_orders exists
2026-06-12T11:23:16: ✅ quotations.terms_payment exists
2026-06-12T11:23:16: ✅ quotations.terms_payment_custom exists
2026-06-12T11:23:16: ✅ quotations.terms_warranty exists
2026-06-12T11:23:16: ✅ quotations.hsn_sac_code exists
2026-06-12T11:23:16: ✅ quotations.supplier_branch exists
2026-06-12T11:23:16: ✅ quotations.bank_details_id exists
2026-06-12T11:23:16: ✅ quotations.bank_company exists
2026-06-12T11:23:16: ✅ quotations.bank_name exists
2026-06-12T11:23:16: ✅ quotations.bank_account exists
2026-06-12T11:23:16: ✅ quotations.bank_ifsc exists
2026-06-12T11:23:16: ✅ quotations.bank_branch exists
2026-06-12T11:23:16: ✅ quotations.custom_terms exists
2026-06-12T11:23:16: ✅ quotations.is_latest exists
2026-06-12T11:23:16: ✅ quotations.parent_id exists
2026-06-12T11:23:16: ✅ quotations.version exists
2026-06-12T11:23:16: ✅ performainvoices.reference_no exists
2026-06-12T11:23:16: ✅ performainvoices.from_address_id exists
2026-06-12T11:23:16: ✅ performainvoices.from_address_custom exists
2026-06-12T11:23:16: ✅ performainvoices.client_company exists
2026-06-12T11:23:16: ✅ performainvoices.client_address1 exists
2026-06-12T11:23:16: ✅ performainvoices.client_address2 exists
2026-06-12T11:23:16: ✅ performainvoices.client_city exists
2026-06-12T11:23:16: ✅ performainvoices.client_state exists
2026-06-12T11:23:16: ✅ performainvoices.client_pincode exists
2026-06-12T11:23:16: ✅ performainvoices.client_country exists
2026-06-12T11:23:16: ✅ performainvoices.tax_type exists
2026-06-12T11:23:16: ✅ performainvoices.custom_tax exists
2026-06-12T11:23:16: ✅ performainvoices.exec_name exists
2026-06-12T11:23:16: ✅ performainvoices.exec_phone exists
2026-06-12T11:23:16: ✅ performainvoices.exec_email exists
2026-06-12T11:23:16: ✅ performainvoices.terms_general exists
2026-06-12T11:23:16: ✅ performainvoices.terms_tax exists
2026-06-12T11:23:16: ✅ performainvoices.terms_project_period exists
2026-06-12T11:23:16: ✅ performainvoices.terms_validity exists
2026-06-12T11:23:16: ✅ performainvoices.terms_separate_orders exists
2026-06-12T11:23:16: ✅ performainvoices.terms_payment exists
2026-06-12T11:23:16: ✅ performainvoices.terms_payment_custom exists
2026-06-12T11:23:16: ✅ performainvoices.terms_warranty exists
2026-06-12T11:23:16: ✅ performainvoices.hsn_sac_code exists
2026-06-12T11:23:16: ✅ performainvoices.supplier_branch exists
2026-06-12T11:23:16: ✅ performainvoices.bank_details_id exists
2026-06-12T11:23:16: ✅ performainvoices.bank_company exists
2026-06-12T11:23:16: ✅ performainvoices.bank_name exists
2026-06-12T11:23:16: ✅ performainvoices.bank_account exists
2026-06-12T11:23:16: ✅ performainvoices.bank_ifsc exists
2026-06-12T11:23:16: ✅ performainvoices.bank_branch exists
2026-06-12T11:23:16: ✅ performainvoices.custom_terms exists
2026-06-12T11:23:16: ✅ services.reference_no exists
2026-06-12T11:23:16: ✅ services.from_address_id exists
2026-06-12T11:23:16: ✅ services.from_address_custom exists
2026-06-12T11:23:16: ✅ services.client_company exists
2026-06-12T11:23:16: ✅ services.client_address1 exists
2026-06-12T11:23:16: ✅ services.client_address2 exists
2026-06-12T11:23:16: ✅ services.client_city exists
2026-06-12T11:23:16: ✅ services.client_state exists
2026-06-12T11:23:16: ✅ services.client_pincode exists
2026-06-12T11:23:16: ✅ services.client_country exists
2026-06-12T11:23:16: ✅ services.tax_type exists
2026-06-12T11:23:16: ✅ services.custom_tax exists
2026-06-12T11:23:16: ✅ services.exec_name exists
2026-06-12T11:23:16: ✅ services.exec_phone exists
2026-06-12T11:23:16: ✅ services.exec_email exists
2026-06-12T11:23:16: ✅ services.terms_general exists
2026-06-12T11:23:16: ✅ services.terms_tax exists
2026-06-12T11:23:16: ✅ services.terms_project_period exists
2026-06-12T11:23:16: ✅ services.terms_validity exists
2026-06-12T11:23:16: ✅ services.terms_separate_orders exists
2026-06-12T11:23:16: ✅ services.terms_payment exists
2026-06-12T11:23:16: ✅ services.terms_payment_custom exists
2026-06-12T11:23:16: ✅ services.terms_warranty exists
2026-06-12T11:23:16: ✅ services.hsn_sac_code exists
2026-06-12T11:23:16: ✅ services.supplier_branch exists
2026-06-12T11:23:16: ✅ services.bank_details_id exists
2026-06-12T11:23:16: ✅ services.bank_company exists
2026-06-12T11:23:16: ✅ services.bank_name exists
2026-06-12T11:23:16: ✅ services.bank_account exists
2026-06-12T11:23:16: ✅ services.bank_ifsc exists
2026-06-12T11:23:16: ✅ services.bank_branch exists
2026-06-12T11:23:16: ✅ services.custom_terms exists
2026-06-12T11:23:16: ✅ estimatenew.client_company exists
2026-06-12T11:23:16: ✅ estimatenew.client_address exists
2026-06-12T11:23:16: ✅ estimatenew.client_city exists
2026-06-12T11:23:16: ✅ estimatenew.client_state exists
2026-06-12T11:23:16: ✅ estimatenew.client_gst exists
2026-06-12T11:23:16: ✅ estimatenew.client_phone exists
2026-06-12T11:23:16: ✅ estimatenew.subtotal exists
2026-06-12T11:23:16: ✅ estimatenew.total_tax exists
2026-06-12T11:23:16: ✅ estimatenew.total_discount exists
2026-06-12T11:23:16: ✅ estimatenew.grand_total exists
2026-06-12T11:23:16: ✅ estimateclient.subtotal exists
2026-06-12T11:23:16: ✅ estimateclient.total_tax exists
2026-06-12T11:23:16: ✅ estimateclient.total_discount exists
2026-06-12T11:23:16: ✅ estimateclient.grand_total exists
2026-06-12T11:23:16: ✅ quotation_items.uom exists
2026-06-12T11:23:16: ✅ quotation_items.hsn_sac exists
2026-06-12T11:23:16: ✅ quotation_items.brand_model exists
2026-06-12T11:23:16: ✅ customers.gst_number exists
2026-06-12T11:23:16: ✅ customers.created_by exists
2026-06-12T11:23:16: ✅ users.last_name exists
2026-06-12T11:23:16: ✅ user_email_configs.smtp_secure exists
2026-06-12T11:23:16: ✅ user_email_configs.from_email_address exists
2026-06-12T11:23:16: ✅ user_email_configs.sender_name exists
2026-06-12T11:23:16: ✅ user_email_configs.provider exists
2026-06-12T11:23:16: ✅ user_email_configs.is_enabled exists
2026-06-12T11:23:16: ✅ users.two_factor_enabled exists
2026-06-12T11:23:16: ✅ quotations.gst_mode exists
2026-06-12T11:23:16: ✅ quotations.status exists
2026-06-12T11:23:16: ✅ performainvoices.gst_mode exists
2026-06-12T11:23:16: ✅ performainvoices.status exists
2026-06-12T11:23:16: ✅ estimate_invoices.gst_mode exists
2026-06-12T11:23:16: ✅ estimate_invoices.status exists
2026-06-12T11:23:16: ✅ service_estimations.gst_mode exists
2026-06-12T11:23:16: ✅ service_estimations.status exists
2026-06-12T11:23:16: ✅ services.gst_mode exists
2026-06-12T11:23:16: ✅ estimatenew.gst_mode exists
2026-06-12T11:23:16: Users role column updated
2026-06-12T11:23:16: Teammember emp_role updated
2026-06-12T11:23:17: Default employees seeded successfully.
2026-06-12T11:23:17: [Scheduler] Reminder escalation scheduler started (every 15 min)
2026-06-12T11:23:17: [Scheduler] End-of-day task scheduler started (daily at 6 PM)
2026-06-12T11:23:17: ✅ Server running: http://0.0.0.0:5000 [production]
2026-06-12T11:23:17: User 701 joined notifications channel
2026-06-12T11:23:27: [Scheduler] Running initial task check...
2026-06-12T11:23:27: [Scheduler] End-of-day task check complete. Evaluated 1 incomplete tasks.
2026-06-12T11:23:27: [Scheduler] Daily summary notification already dispatched for today
2026-06-12T11:25:30: User 708 joined notifications channel
2026-06-12T11:25:30: Admin joined notifications channel
2026-06-12T11:25:32: Client disconnected from notifications
2026-06-12T11:25:35: User 708 joined notifications channel
2026-06-12T11:25:35: Admin joined notifications channel
2026-06-12T11:28:20: ◇ injected env (14) from .env // tip: ⌘ multiple files { path: ['.env.local', '.env'] }
2026-06-12T11:28:20: ◇ injected env (0) from .env // tip: ⌘ enable debugging { debug: true }
2026-06-12T11:28:21: MySQL Connected (127.0.0.1:3306)
2026-06-12T11:28:21: Using database achme
2026-06-12T11:28:21: Database initialized successfully
2026-06-12T11:28:21: ✅ lead_reminders.reminder_time exists
2026-06-12T11:28:21: ✅ lead_reminders.missed_count exists
2026-06-12T11:28:21: ✅ lead_reminders.notification_sent exists
2026-06-12T11:28:21: ✅ lead_reminders.employee_id exists
2026-06-12T11:28:21: ✅ lead_escalations.missed_count exists
2026-06-12T11:28:21: ✅ users.status exists
2026-06-12T11:28:21: ✅ users.emp_id exists
2026-06-12T11:28:21: ✅ admin_notifications.related_id exists
2026-06-12T11:28:21: ✅ admin_notifications.related_type exists
2026-06-12T11:28:21: ✅ admin_notifications.created_by exists
2026-06-12T11:28:21: ✅ admin_notifications.priority exists
2026-06-12T11:28:21: ✅ admin_notifications.is_archived exists
2026-06-12T11:28:21: ✅ notifications.user_id exists
2026-06-12T11:28:21: ✅ notifications.type exists
2026-06-12T11:28:21: ✅ notifications.is_archived exists
2026-06-12T11:28:21: ✅ task_assignments.status exists
2026-06-12T11:28:21: ✅ teammember.mobile_number exists
2026-06-12T11:28:21: ✅ teammember.emp_id exists
2026-06-12T11:28:21: ✅ teammember.user_id exists
2026-06-12T11:28:21: ✅ teammember.emp_address exists
2026-06-12T11:28:21: ✅ telecalls.created_by exists
2026-06-12T11:28:21: ✅ telecalls.email exists
2026-06-12T11:28:21: ✅ walkins.assigned_to exists
2026-06-12T11:28:21: ✅ walkins.created_by exists
2026-06-12T11:28:21: ✅ walkins.email exists
2026-06-12T11:28:21: ✅ fields.assigned_to exists
2026-06-12T11:28:21: ✅ fields.created_by exists
2026-06-12T11:28:21: ✅ fields.email exists
2026-06-12T11:28:21: ✅ quotations.lead_id exists
2026-06-12T11:28:21: ✅ quotations.lead_type exists
2026-06-12T11:28:21: ✅ contracts.contract_type exists
2026-06-12T11:28:21: ✅ contracts.quotation_id exists
2026-06-12T11:28:21: ✅ contracts.mobile_number exists
2026-06-12T11:28:21: ✅ contracts.location_city exists
2026-06-12T11:28:21: ✅ amc_alc_services.labour_charges exists
2026-06-12T11:28:21: ✅ amc_alc_services.contract_title exists
2026-06-12T11:28:21: ✅ amc_alc_services.start_time exists
2026-06-12T11:28:21: ✅ amc_alc_services.end_time exists
2026-06-12T11:28:21: ✅ amc_alc_services.km exists
2026-06-12T11:28:21: ✅ amc_alc_services.technician exists
2026-06-12T11:28:21: ✅ amc_alc_services.sales_person exists
2026-06-12T11:28:21: ✅ amc_alc_services.remarks exists
2026-06-12T11:28:21: ✅ amc_alc_services.email exists
2026-06-12T11:28:21: ✅ amc_alc_services.next_service_date exists
2026-06-12T11:28:21: ✅ amc_alc_services.service_type exists
2026-06-12T11:28:21: ✅ task_targets.user_id exists
2026-06-12T11:28:21: ✅ task_targets.created_by_admin exists
2026-06-12T11:28:21: ✅ task_achievements.achieved_amount exists
2026-06-12T11:28:21: ✅ task_updates.amount exists
2026-06-12T11:28:21: ✅ call_reports.start_time exists
2026-06-12T11:28:21: ✅ call_reports.end_time exists
2026-06-12T11:28:21: ✅ call_reports.km exists
2026-06-12T11:28:21: ✅ call_reports.remarks exists
2026-06-12T11:28:21: ✅ call_reports.technician exists
2026-06-12T11:28:21: ✅ call_reports.sales_person exists
2026-06-12T11:28:21: ✅ tasks.assigned_teammember_id exists
2026-06-12T11:28:21: ✅ task_targets.teammember_id exists
2026-06-12T11:28:21: ✅ quotations.reference_no exists
2026-06-12T11:28:21: ✅ task_targets.carry_forward exists
2026-06-12T11:28:21: ✅ task_targets.effective_target exists
2026-06-12T11:28:21: ✅ task_targets.user_id exists
2026-06-12T11:28:21: ✅ task_targets.created_by_admin exists
2026-06-12T11:28:21: ✅ task_achievements.achieved_amount exists
2026-06-12T11:28:21: ✅ clients.created_by exists
2026-06-12T11:28:21: ✅ tasks.created_by exists
2026-06-12T11:28:21: ✅ tasks.task_description exists
2026-06-12T11:28:21: ✅ tasks.assigned_to exists
2026-06-12T11:28:21: ✅ quotations.created_by exists
2026-06-12T11:28:21: ✅ contracts.created_by exists
2026-06-12T11:28:21: ✅ contracts.client_company exists
2026-06-12T11:28:21: ✅ contracts.amount_value exists
2026-06-12T11:28:21: ✅ contracts.remaining exists
2026-06-12T11:28:21: ✅ contracts.email exists
2026-06-12T11:28:21: ✅ clientinvoices.created_by exists
2026-06-12T11:28:21: ✅ performainvoices.created_by exists
2026-06-12T11:28:21: ✅ services.created_by exists
2026-06-12T11:28:21: ✅ call_reports.created_by exists
2026-06-12T11:28:21: ✅ lead_activity.employee_id exists
2026-06-12T11:28:21: ✅ lead_escalations.missed_threshold_reached exists
2026-06-12T11:28:21: ✅ lead_escalations.employee_id exists
2026-06-12T11:28:21: ✅ performainvoices.is_latest exists
2026-06-12T11:28:21: ✅ performainvoices.version exists
2026-06-12T11:28:21: ✅ performainvoices.parent_id exists
2026-06-12T11:28:21: ✅ performa_invoice_items.uom exists
2026-06-12T11:28:21: ✅ performainvoice_items.uom exists
2026-06-12T11:28:21: ✅ task_assignments.response_notes exists
2026-06-12T11:28:21: ✅ call_reports.amount_collected exists
2026-06-12T11:28:21: ✅ call_reports.payment_mode exists
2026-06-12T11:28:21: ✅ call_reports.duration_limit exists
2026-06-12T11:28:21: ✅ call_reports.actual_duration exists
2026-06-12T11:28:21: ✅ call_reports.is_exceeded exists
2026-06-12T11:28:21: ✅ call_reports.assigned_time exists
2026-06-12T11:28:21: ✅ call_reports.call_id exists
2026-06-12T11:28:21: ✅ call_reports.session_id exists
2026-06-12T11:28:21: ✅ call_reports.client_name exists
2026-06-12T11:28:21: ✅ call_reports.staff_name exists
2026-06-12T11:28:21: ✅ call_reports.executive_name exists
2026-06-12T11:28:21: ✅ call_reports.phone exists
2026-06-12T11:28:21: ✅ call_reports.location exists
2026-06-12T11:28:21: ✅ call_reports.call_sequence exists
2026-06-12T11:28:21: ✅ call_reports.report_date exists
2026-06-12T11:28:21: ✅ call_reports.complaint exists
2026-06-12T11:28:21: ✅ call_reports.priority exists
2026-06-12T11:28:21: ✅ call_reports.call_type exists
2026-06-12T11:28:21: ✅ call_reports.payment_type exists
2026-06-12T11:28:21: ✅ call_reports.invoice_value exists
2026-06-12T11:28:21: ✅ call_reports.payment_status exists
2026-06-12T11:28:21: ✅ call_reports.petrol_charges exists
2026-06-12T11:28:21: ✅ call_reports.spare_parts_price exists
2026-06-12T11:28:21: ✅ call_reports.labour_charges exists
2026-06-12T11:28:21: ✅ call_reports.total_expenses exists
2026-06-12T11:28:21: ✅ call_reports.customer_name exists
2026-06-12T11:28:21: ✅ call_reports.mobile_number exists
2026-06-12T11:28:21: ✅ call_reports.location_city exists
2026-06-12T11:28:21: ✅ call_reports.contract_title exists
2026-06-12T11:28:21: ✅ call_reports.service_type exists
2026-06-12T11:28:21: ✅ call_reports.description exists
2026-06-12T11:28:21: ✅ call_reports.service_person exists
2026-06-12T11:28:21: ✅ call_reports.contract_id exists
2026-06-12T11:28:21: ✅ call_reports.call_referrer exists
2026-06-12T11:28:21: ✅ call_reports.step2_completed exists
2026-06-12T11:28:21: ✅ call_reports.email exists
2026-06-12T11:28:21: ✅ call_reports.status exists
2026-06-12T11:28:21: ✅ call_reports.gst_number exists
2026-06-12T11:28:21: ✅ call_reports.company_name exists
2026-06-12T11:28:21: ✅ call_reports.completed_at exists
2026-06-12T11:28:21: ✅ call_reports.carry_forward_date exists
2026-06-12T11:28:21: ✅ amc_alc_services.amount_collected exists
2026-06-12T11:28:21: ✅ amc_alc_services.payment_mode exists
2026-06-12T11:28:21: ✅ amc_alc_services.call_number exists
2026-06-12T11:28:21: ✅ amc_alc_services.breakpoints exists
2026-06-12T11:28:21: ✅ amc_alc_services.duration_limit exists
2026-06-12T11:28:21: ✅ clients.gst_number exists
2026-06-12T11:28:21: ✅ clients.company_name exists
2026-06-12T11:28:21: ✅ clients.service exists
2026-06-12T11:28:21: ✅ clients.alternate_phone exists
2026-06-12T11:28:21: ✅ clients.city exists
2026-06-12T11:28:21: ✅ clients.state exists
2026-06-12T11:28:21: ✅ clients.pincode exists
2026-06-12T11:28:21: ✅ clients.notes exists
2026-06-12T11:28:21: ✅ clients.client_status exists
2026-06-12T11:28:21: ✅ clients.original_lead_id exists
2026-06-12T11:28:21: ✅ clients.original_lead_type exists
2026-06-12T11:28:21: ✅ clients.converted_at exists
2026-06-12T11:28:21: ✅ clients.lead_email exists
2026-06-12T11:28:21: ✅ clients.lead_city exists
2026-06-12T11:28:21: ✅ clients.lead_reference exists
2026-06-12T11:28:21: ✅ clients.lead_purpose exists
2026-06-12T11:28:21: ✅ clients.client_status exists
2026-06-12T11:28:21: ✅ clients.lead_staff_name exists
2026-06-12T11:28:21: ✅ clients.lead_id_display exists
2026-06-12T11:28:21: ✅ clients.assigned_teammember_id exists
2026-06-12T11:28:21: ✅ clients.state exists
2026-06-12T11:28:21: ✅ clients.pincode exists
2026-06-12T11:28:21: ✅ users.emp_id exists
2026-06-12T11:28:21: ✅ quotations.reference_no exists
2026-06-12T11:28:22: ✅ quotations.from_address_id exists
2026-06-12T11:28:22: ✅ quotations.from_address_custom exists
2026-06-12T11:28:22: ✅ quotations.client_company exists
2026-06-12T11:28:22: ✅ quotations.client_address1 exists
2026-06-12T11:28:22: ✅ quotations.client_address2 exists
2026-06-12T11:28:22: ✅ quotations.client_city exists
2026-06-12T11:28:22: ✅ quotations.client_state exists
2026-06-12T11:28:22: ✅ quotations.client_pincode exists
2026-06-12T11:28:22: ✅ quotations.client_country exists
2026-06-12T11:28:22: ✅ quotations.tax_type exists
2026-06-12T11:28:22: ✅ quotations.custom_tax exists
2026-06-12T11:28:22: ✅ quotations.exec_name exists
2026-06-12T11:28:22: ✅ quotations.exec_phone exists
2026-06-12T11:28:22: ✅ quotations.exec_email exists
2026-06-12T11:28:22: ✅ quotations.terms_general exists
2026-06-12T11:28:22: ✅ quotations.terms_tax exists
2026-06-12T11:28:22: ✅ quotations.terms_project_period exists
2026-06-12T11:28:22: ✅ quotations.terms_validity exists
2026-06-12T11:28:22: ✅ quotations.terms_separate_orders exists
2026-06-12T11:28:22: ✅ quotations.terms_payment exists
2026-06-12T11:28:22: ✅ quotations.terms_payment_custom exists
2026-06-12T11:28:22: ✅ quotations.terms_warranty exists
2026-06-12T11:28:22: ✅ quotations.hsn_sac_code exists
2026-06-12T11:28:22: ✅ quotations.supplier_branch exists
2026-06-12T11:28:22: ✅ quotations.bank_details_id exists
2026-06-12T11:28:22: ✅ quotations.bank_company exists
2026-06-12T11:28:22: ✅ quotations.bank_name exists
2026-06-12T11:28:22: ✅ quotations.bank_account exists
2026-06-12T11:28:22: ✅ quotations.bank_ifsc exists
2026-06-12T11:28:22: ✅ quotations.bank_branch exists
2026-06-12T11:28:22: ✅ quotations.custom_terms exists
2026-06-12T11:28:22: ✅ quotations.is_latest exists
2026-06-12T11:28:22: ✅ quotations.parent_id exists
2026-06-12T11:28:22: ✅ quotations.version exists
2026-06-12T11:28:22: ✅ performainvoices.reference_no exists
2026-06-12T11:28:22: ✅ performainvoices.from_address_id exists
2026-06-12T11:28:22: ✅ performainvoices.from_address_custom exists
2026-06-12T11:28:22: ✅ performainvoices.client_company exists
2026-06-12T11:28:22: ✅ performainvoices.client_address1 exists
2026-06-12T11:28:22: ✅ performainvoices.client_address2 exists
2026-06-12T11:28:22: ✅ performainvoices.client_city exists
2026-06-12T11:28:22: ✅ performainvoices.client_state exists
2026-06-12T11:28:22: ✅ performainvoices.client_pincode exists
2026-06-12T11:28:22: ✅ performainvoices.client_country exists
2026-06-12T11:28:22: ✅ performainvoices.tax_type exists
2026-06-12T11:28:22: ✅ performainvoices.custom_tax exists
2026-06-12T11:28:22: ✅ performainvoices.exec_name exists
2026-06-12T11:28:22: ✅ performainvoices.exec_phone exists
2026-06-12T11:28:22: ✅ performainvoices.exec_email exists
2026-06-12T11:28:22: ✅ performainvoices.terms_general exists
2026-06-12T11:28:22: ✅ performainvoices.terms_tax exists
2026-06-12T11:28:22: ✅ performainvoices.terms_project_period exists
2026-06-12T11:28:22: ✅ performainvoices.terms_validity exists
2026-06-12T11:28:22: ✅ performainvoices.terms_separate_orders exists
2026-06-12T11:28:22: ✅ performainvoices.terms_payment exists
2026-06-12T11:28:22: ✅ performainvoices.terms_payment_custom exists
2026-06-12T11:28:22: ✅ performainvoices.terms_warranty exists
2026-06-12T11:28:22: ✅ performainvoices.hsn_sac_code exists
2026-06-12T11:28:22: ✅ performainvoices.supplier_branch exists
2026-06-12T11:28:22: ✅ performainvoices.bank_details_id exists
2026-06-12T11:28:22: ✅ performainvoices.bank_company exists
2026-06-12T11:28:22: ✅ performainvoices.bank_name exists
2026-06-12T11:28:22: ✅ performainvoices.bank_account exists
2026-06-12T11:28:22: ✅ performainvoices.bank_ifsc exists
2026-06-12T11:28:22: ✅ performainvoices.bank_branch exists
2026-06-12T11:28:22: ✅ performainvoices.custom_terms exists
2026-06-12T11:28:22: ✅ services.reference_no exists
2026-06-12T11:28:22: ✅ services.from_address_id exists
2026-06-12T11:28:22: ✅ services.from_address_custom exists
2026-06-12T11:28:22: ✅ services.client_company exists
2026-06-12T11:28:22: ✅ services.client_address1 exists
2026-06-12T11:28:22: ✅ services.client_address2 exists
2026-06-12T11:28:22: ✅ services.client_city exists
2026-06-12T11:28:22: ✅ services.client_state exists
2026-06-12T11:28:22: ✅ services.client_pincode exists
2026-06-12T11:28:22: ✅ services.client_country exists
2026-06-12T11:28:22: ✅ services.tax_type exists
2026-06-12T11:28:22: ✅ services.custom_tax exists
2026-06-12T11:28:22: ✅ services.exec_name exists
2026-06-12T11:28:22: ✅ services.exec_phone exists
2026-06-12T11:28:22: ✅ services.exec_email exists
2026-06-12T11:28:22: ✅ services.terms_general exists
2026-06-12T11:28:22: ✅ services.terms_tax exists
2026-06-12T11:28:22: ✅ services.terms_project_period exists
2026-06-12T11:28:22: ✅ services.terms_validity exists
2026-06-12T11:28:22: ✅ services.terms_separate_orders exists
2026-06-12T11:28:22: ✅ services.terms_payment exists
2026-06-12T11:28:22: ✅ services.terms_payment_custom exists
2026-06-12T11:28:22: ✅ services.terms_warranty exists
2026-06-12T11:28:22: ✅ services.hsn_sac_code exists
2026-06-12T11:28:22: ✅ services.supplier_branch exists
2026-06-12T11:28:22: ✅ services.bank_details_id exists
2026-06-12T11:28:22: ✅ services.bank_company exists
2026-06-12T11:28:22: ✅ services.bank_name exists
2026-06-12T11:28:22: ✅ services.bank_account exists
2026-06-12T11:28:22: ✅ services.bank_ifsc exists
2026-06-12T11:28:22: ✅ services.bank_branch exists
2026-06-12T11:28:22: ✅ services.custom_terms exists
2026-06-12T11:28:22: ✅ estimatenew.client_company exists
2026-06-12T11:28:22: ✅ estimatenew.client_address exists
2026-06-12T11:28:22: ✅ estimatenew.client_city exists
2026-06-12T11:28:22: ✅ estimatenew.client_state exists
2026-06-12T11:28:22: ✅ estimatenew.client_gst exists
2026-06-12T11:28:22: ✅ estimatenew.client_phone exists
2026-06-12T11:28:22: ✅ estimatenew.subtotal exists
2026-06-12T11:28:22: ✅ estimatenew.total_tax exists
2026-06-12T11:28:22: ✅ estimatenew.total_discount exists
2026-06-12T11:28:22: ✅ estimatenew.grand_total exists
2026-06-12T11:28:22: ✅ estimateclient.subtotal exists
2026-06-12T11:28:22: ✅ estimateclient.total_tax exists
2026-06-12T11:28:22: ✅ estimateclient.total_discount exists
2026-06-12T11:28:22: ✅ estimateclient.grand_total exists
2026-06-12T11:28:22: ✅ quotation_items.uom exists
2026-06-12T11:28:22: ✅ quotation_items.hsn_sac exists
2026-06-12T11:28:22: ✅ quotation_items.brand_model exists
2026-06-12T11:28:22: ✅ customers.gst_number exists
2026-06-12T11:28:22: ✅ customers.created_by exists
2026-06-12T11:28:22: ✅ users.last_name exists
2026-06-12T11:28:22: ✅ user_email_configs.smtp_secure exists
2026-06-12T11:28:22: ✅ user_email_configs.from_email_address exists
2026-06-12T11:28:22: ✅ user_email_configs.sender_name exists
2026-06-12T11:28:22: ✅ user_email_configs.provider exists
2026-06-12T11:28:22: ✅ user_email_configs.is_enabled exists
2026-06-12T11:28:22: ✅ users.two_factor_enabled exists
2026-06-12T11:28:22: ✅ quotations.gst_mode exists
2026-06-12T11:28:22: ✅ quotations.status exists
2026-06-12T11:28:22: ✅ performainvoices.gst_mode exists
2026-06-12T11:28:22: ✅ performainvoices.status exists
2026-06-12T11:28:22: ✅ estimate_invoices.gst_mode exists
2026-06-12T11:28:22: ✅ estimate_invoices.status exists
2026-06-12T11:28:22: ✅ service_estimations.gst_mode exists
2026-06-12T11:28:22: ✅ service_estimations.status exists
2026-06-12T11:28:22: ✅ services.gst_mode exists
2026-06-12T11:28:22: ✅ estimatenew.gst_mode exists
2026-06-12T11:28:22: ✅ Create table pi_from_addresses
2026-06-12T11:28:22: ✅ Create table email_otp
2026-06-12T11:28:22: ✅ Create table payments
2026-06-12T11:28:22: ✅ Create table clientinvoices
2026-06-12T11:28:22: ✅ Create table messages
2026-06-12T11:28:22: ✅ Create table service_items
2026-06-12T11:28:22: ✅ Create table service_estimations
2026-06-12T11:28:22: ✅ Create table service_estimation_items
2026-06-12T11:28:22: ✅ Create table estimate_invoices
2026-06-12T11:28:22: ✅ Create table estimate_invoice_items
2026-06-12T11:28:22: ✅ Create table estimate_items
2026-06-12T11:28:22: ✅ Create table performainvoice_items
2026-06-12T11:28:22: ✅ Create table performainvoices
2026-06-12T11:28:22: ✅ Create table services
2026-06-12T11:28:22: ✅ Create table customers
2026-06-12T11:28:22: ✅ Create table quotations
2026-06-12T11:28:22: ✅ Create table quotation_items
2026-06-12T11:28:22: ✅ Create table lead_reminders
2026-06-12T11:28:22: ✅ Create table lead_activity
2026-06-12T11:28:22: ✅ Create table lead_escalations
2026-06-12T11:28:22: ✅ Create table admin_notifications
2026-06-12T11:28:22: ✅ Create table profile_change_requests
2026-06-12T11:28:22: ✅ Create table amc_alc_services
2026-06-12T11:28:22: ✅ Create table service_activity
2026-06-12T11:28:22: ✅ Create table task_targets
2026-06-12T11:28:22: ✅ Create table task_achievements
2026-06-12T11:28:22: ✅ Create table task_updates
2026-06-12T11:28:22: ✅ Create table call_reports
2026-06-12T11:28:22: ✅ Create table task_activity
2026-06-12T11:28:22: ✅ Create table notifications
2026-06-12T11:28:22: ✅ Create table task_assignments
2026-06-12T11:28:22: ✅ Create table clients
2026-06-12T11:28:22: ✅ Create table user_email_configs
2026-06-12T11:28:22: ✅ lead_reminders.reminder_time exists
2026-06-12T11:28:22: ✅ lead_reminders.missed_count exists
2026-06-12T11:28:22: ✅ lead_reminders.notification_sent exists
2026-06-12T11:28:22: ✅ lead_reminders.employee_id exists
2026-06-12T11:28:22: ✅ lead_escalations.missed_count exists
2026-06-12T11:28:22: ✅ users.status exists
2026-06-12T11:28:22: ✅ users.emp_id exists
2026-06-12T11:28:22: ✅ admin_notifications.related_id exists
2026-06-12T11:28:22: ✅ admin_notifications.related_type exists
2026-06-12T11:28:22: ✅ admin_notifications.created_by exists
2026-06-12T11:28:22: ✅ admin_notifications.priority exists
2026-06-12T11:28:22: ✅ admin_notifications.is_archived exists
2026-06-12T11:28:22: ✅ notifications.user_id exists
2026-06-12T11:28:22: ✅ notifications.type exists
2026-06-12T11:28:22: ✅ notifications.is_archived exists
2026-06-12T11:28:22: ✅ task_assignments.status exists
2026-06-12T11:28:22: ✅ teammember.mobile_number exists
2026-06-12T11:28:22: ✅ teammember.emp_id exists
2026-06-12T11:28:22: ✅ teammember.user_id exists
2026-06-12T11:28:22: ✅ teammember.emp_address exists
2026-06-12T11:28:22: ✅ telecalls.created_by exists
2026-06-12T11:28:22: ✅ telecalls.email exists
2026-06-12T11:28:22: ✅ walkins.assigned_to exists
2026-06-12T11:28:22: ✅ walkins.created_by exists
2026-06-12T11:28:22: ✅ walkins.email exists
2026-06-12T11:28:22: ✅ fields.assigned_to exists
2026-06-12T11:28:22: ✅ fields.created_by exists
2026-06-12T11:28:22: ✅ fields.email exists
2026-06-12T11:28:22: ✅ quotations.lead_id exists
2026-06-12T11:28:22: ✅ quotations.lead_type exists
2026-06-12T11:28:22: ✅ contracts.contract_type exists
2026-06-12T11:28:22: ✅ contracts.quotation_id exists
2026-06-12T11:28:22: ✅ contracts.mobile_number exists
2026-06-12T11:28:22: ✅ contracts.location_city exists
2026-06-12T11:28:22: ✅ amc_alc_services.labour_charges exists
2026-06-12T11:28:22: ✅ amc_alc_services.contract_title exists
2026-06-12T11:28:22: ✅ amc_alc_services.start_time exists
2026-06-12T11:28:22: ✅ amc_alc_services.end_time exists
2026-06-12T11:28:22: ✅ amc_alc_services.km exists
2026-06-12T11:28:22: ✅ amc_alc_services.technician exists
2026-06-12T11:28:22: ✅ amc_alc_services.sales_person exists
2026-06-12T11:28:22: ✅ amc_alc_services.remarks exists
2026-06-12T11:28:22: ✅ amc_alc_services.email exists
2026-06-12T11:28:22: ✅ amc_alc_services.next_service_date exists
2026-06-12T11:28:22: ✅ amc_alc_services.service_type exists
2026-06-12T11:28:22: ✅ task_targets.user_id exists
2026-06-12T11:28:22: ✅ task_targets.created_by_admin exists
2026-06-12T11:28:22: ✅ task_achievements.achieved_amount exists
2026-06-12T11:28:22: ✅ task_updates.amount exists
2026-06-12T11:28:22: ✅ call_reports.start_time exists
2026-06-12T11:28:22: ✅ call_reports.end_time exists
2026-06-12T11:28:22: ✅ call_reports.km exists
2026-06-12T11:28:22: ✅ call_reports.remarks exists
2026-06-12T11:28:22: ✅ call_reports.technician exists
2026-06-12T11:28:22: ✅ call_reports.sales_person exists
2026-06-12T11:28:22: ✅ tasks.assigned_teammember_id exists
2026-06-12T11:28:22: ✅ task_targets.teammember_id exists
2026-06-12T11:28:22: ✅ quotations.reference_no exists
2026-06-12T11:28:22: ✅ task_targets.carry_forward exists
2026-06-12T11:28:22: ✅ task_targets.effective_target exists
2026-06-12T11:28:22: ✅ task_targets.user_id exists
2026-06-12T11:28:22: ✅ task_targets.created_by_admin exists
2026-06-12T11:28:22: ✅ task_achievements.achieved_amount exists
2026-06-12T11:28:22: ✅ clients.created_by exists
2026-06-12T11:28:22: ✅ tasks.created_by exists
2026-06-12T11:28:22: ✅ tasks.task_description exists
2026-06-12T11:28:22: ✅ tasks.assigned_to exists
2026-06-12T11:28:22: ✅ quotations.created_by exists
2026-06-12T11:28:22: ✅ contracts.created_by exists
2026-06-12T11:28:22: ✅ contracts.client_company exists
2026-06-12T11:28:22: ✅ contracts.amount_value exists
2026-06-12T11:28:22: ✅ contracts.remaining exists
2026-06-12T11:28:22: ✅ contracts.email exists
2026-06-12T11:28:22: ✅ clientinvoices.created_by exists
2026-06-12T11:28:22: ✅ performainvoices.created_by exists
2026-06-12T11:28:22: ✅ services.created_by exists
2026-06-12T11:28:22: ✅ call_reports.created_by exists
2026-06-12T11:28:22: ✅ lead_activity.employee_id exists
2026-06-12T11:28:22: ✅ lead_escalations.missed_threshold_reached exists
2026-06-12T11:28:22: ✅ lead_escalations.employee_id exists
2026-06-12T11:28:22: ✅ performainvoices.is_latest exists
2026-06-12T11:28:22: ✅ performainvoices.version exists
2026-06-12T11:28:22: ✅ performainvoices.parent_id exists
2026-06-12T11:28:22: ✅ performa_invoice_items.uom exists
2026-06-12T11:28:22: ✅ performainvoice_items.uom exists
2026-06-12T11:28:22: ✅ task_assignments.response_notes exists
2026-06-12T11:28:22: ✅ call_reports.amount_collected exists
2026-06-12T11:28:22: ✅ call_reports.payment_mode exists
2026-06-12T11:28:22: ✅ call_reports.duration_limit exists
2026-06-12T11:28:22: ✅ call_reports.actual_duration exists
2026-06-12T11:28:22: ✅ call_reports.is_exceeded exists
2026-06-12T11:28:22: ✅ call_reports.assigned_time exists
2026-06-12T11:28:22: ✅ call_reports.call_id exists
2026-06-12T11:28:22: ✅ call_reports.session_id exists
2026-06-12T11:28:22: ✅ call_reports.client_name exists
2026-06-12T11:28:22: ✅ call_reports.staff_name exists
2026-06-12T11:28:22: ✅ call_reports.executive_name exists
2026-06-12T11:28:22: ✅ call_reports.phone exists
2026-06-12T11:28:22: ✅ call_reports.location exists
2026-06-12T11:28:22: ✅ call_reports.call_sequence exists
2026-06-12T11:28:22: ✅ call_reports.report_date exists
2026-06-12T11:28:22: ✅ call_reports.complaint exists
2026-06-12T11:28:22: ✅ call_reports.priority exists
2026-06-12T11:28:22: ✅ call_reports.call_type exists
2026-06-12T11:28:22: ✅ call_reports.payment_type exists
2026-06-12T11:28:22: ✅ call_reports.invoice_value exists
2026-06-12T11:28:22: ✅ call_reports.payment_status exists
2026-06-12T11:28:22: ✅ call_reports.petrol_charges exists
2026-06-12T11:28:22: ✅ call_reports.spare_parts_price exists
2026-06-12T11:28:22: ✅ call_reports.labour_charges exists
2026-06-12T11:28:22: ✅ call_reports.total_expenses exists
2026-06-12T11:28:22: ✅ call_reports.customer_name exists
2026-06-12T11:28:22: ✅ call_reports.mobile_number exists
2026-06-12T11:28:22: ✅ call_reports.location_city exists
2026-06-12T11:28:22: ✅ call_reports.contract_title exists
2026-06-12T11:28:22: ✅ call_reports.service_type exists
2026-06-12T11:28:22: ✅ call_reports.description exists
2026-06-12T11:28:22: ✅ call_reports.service_person exists
2026-06-12T11:28:22: ✅ call_reports.contract_id exists
2026-06-12T11:28:22: ✅ call_reports.call_referrer exists
2026-06-12T11:28:22: ✅ call_reports.step2_completed exists
2026-06-12T11:28:22: ✅ call_reports.email exists
2026-06-12T11:28:22: ✅ call_reports.status exists
2026-06-12T11:28:22: ✅ call_reports.gst_number exists
2026-06-12T11:28:22: ✅ call_reports.company_name exists
2026-06-12T11:28:22: ✅ call_reports.completed_at exists
2026-06-12T11:28:22: ✅ call_reports.carry_forward_date exists
2026-06-12T11:28:22: ✅ amc_alc_services.amount_collected exists
2026-06-12T11:28:22: ✅ amc_alc_services.payment_mode exists
2026-06-12T11:28:22: ✅ amc_alc_services.call_number exists
2026-06-12T11:28:22: ✅ amc_alc_services.breakpoints exists
2026-06-12T11:28:22: ✅ amc_alc_services.duration_limit exists
2026-06-12T11:28:22: ✅ clients.gst_number exists
2026-06-12T11:28:22: ✅ clients.company_name exists
2026-06-12T11:28:22: ✅ clients.service exists
2026-06-12T11:28:22: ✅ clients.alternate_phone exists
2026-06-12T11:28:22: ✅ clients.city exists
2026-06-12T11:28:22: ✅ clients.state exists
2026-06-12T11:28:22: ✅ clients.pincode exists
2026-06-12T11:28:22: ✅ clients.notes exists
2026-06-12T11:28:22: ✅ clients.client_status exists
2026-06-12T11:28:22: ✅ clients.original_lead_id exists
2026-06-12T11:28:22: ✅ clients.original_lead_type exists
2026-06-12T11:28:22: ✅ clients.converted_at exists
2026-06-12T11:28:22: ✅ clients.lead_email exists
2026-06-12T11:28:22: ✅ clients.lead_city exists
2026-06-12T11:28:22: ✅ clients.lead_reference exists
2026-06-12T11:28:22: ✅ clients.lead_purpose exists
2026-06-12T11:28:22: ✅ clients.client_status exists
2026-06-12T11:28:22: ✅ clients.lead_staff_name exists
2026-06-12T11:28:22: ✅ clients.lead_id_display exists
2026-06-12T11:28:22: ✅ clients.assigned_teammember_id exists
2026-06-12T11:28:22: ✅ clients.state exists
2026-06-12T11:28:22: ✅ clients.pincode exists
2026-06-12T11:28:22: ✅ users.emp_id exists
2026-06-12T11:28:22: ✅ quotations.reference_no exists
2026-06-12T11:28:22: ✅ quotations.from_address_id exists
2026-06-12T11:28:22: ✅ quotations.from_address_custom exists
2026-06-12T11:28:22: ✅ quotations.client_company exists
2026-06-12T11:28:22: ✅ quotations.client_address1 exists
2026-06-12T11:28:22: ✅ quotations.client_address2 exists
2026-06-12T11:28:22: ✅ quotations.client_city exists
2026-06-12T11:28:22: ✅ quotations.client_state exists
2026-06-12T11:28:22: ✅ quotations.client_pincode exists
2026-06-12T11:28:22: ✅ quotations.client_country exists
2026-06-12T11:28:22: ✅ quotations.tax_type exists
2026-06-12T11:28:22: ✅ quotations.custom_tax exists
2026-06-12T11:28:22: ✅ quotations.exec_name exists
2026-06-12T11:28:22: ✅ quotations.exec_phone exists
2026-06-12T11:28:22: ✅ quotations.exec_email exists
2026-06-12T11:28:22: ✅ quotations.terms_general exists
2026-06-12T11:28:22: ✅ quotations.terms_tax exists
2026-06-12T11:28:22: ✅ quotations.terms_project_period exists
2026-06-12T11:28:22: ✅ quotations.terms_validity exists
2026-06-12T11:28:22: ✅ quotations.terms_separate_orders exists
2026-06-12T11:28:22: ✅ quotations.terms_payment exists
2026-06-12T11:28:22: ✅ quotations.terms_payment_custom exists
2026-06-12T11:28:22: ✅ quotations.terms_warranty exists
2026-06-12T11:28:22: ✅ quotations.hsn_sac_code exists
2026-06-12T11:28:22: ✅ quotations.supplier_branch exists
2026-06-12T11:28:22: ✅ quotations.bank_details_id exists
2026-06-12T11:28:22: ✅ quotations.bank_company exists
2026-06-12T11:28:22: ✅ quotations.bank_name exists
2026-06-12T11:28:22: ✅ quotations.bank_account exists
2026-06-12T11:28:22: ✅ quotations.bank_ifsc exists
2026-06-12T11:28:22: ✅ quotations.bank_branch exists
2026-06-12T11:28:22: ✅ quotations.custom_terms exists
2026-06-12T11:28:22: ✅ quotations.is_latest exists
2026-06-12T11:28:22: ✅ quotations.parent_id exists
2026-06-12T11:28:22: ✅ quotations.version exists
2026-06-12T11:28:22: ✅ performainvoices.reference_no exists
2026-06-12T11:28:22: ✅ performainvoices.from_address_id exists
2026-06-12T11:28:22: ✅ performainvoices.from_address_custom exists
2026-06-12T11:28:22: ✅ performainvoices.client_company exists
2026-06-12T11:28:22: ✅ performainvoices.client_address1 exists
2026-06-12T11:28:22: ✅ performainvoices.client_address2 exists
2026-06-12T11:28:22: ✅ performainvoices.client_city exists
2026-06-12T11:28:22: ✅ performainvoices.client_state exists
2026-06-12T11:28:22: ✅ performainvoices.client_pincode exists
2026-06-12T11:28:22: ✅ performainvoices.client_country exists
2026-06-12T11:28:22: ✅ performainvoices.tax_type exists
2026-06-12T11:28:22: ✅ performainvoices.custom_tax exists
2026-06-12T11:28:22: ✅ performainvoices.exec_name exists
2026-06-12T11:28:22: ✅ performainvoices.exec_phone exists
2026-06-12T11:28:22: ✅ performainvoices.exec_email exists
2026-06-12T11:28:22: ✅ performainvoices.terms_general exists
2026-06-12T11:28:22: ✅ performainvoices.terms_tax exists
2026-06-12T11:28:22: ✅ performainvoices.terms_project_period exists
2026-06-12T11:28:22: ✅ performainvoices.terms_validity exists
2026-06-12T11:28:22: ✅ performainvoices.terms_separate_orders exists
2026-06-12T11:28:22: ✅ performainvoices.terms_payment exists
2026-06-12T11:28:22: ✅ performainvoices.terms_payment_custom exists
2026-06-12T11:28:22: ✅ performainvoices.terms_warranty exists
2026-06-12T11:28:22: ✅ performainvoices.hsn_sac_code exists
2026-06-12T11:28:22: ✅ performainvoices.supplier_branch exists
2026-06-12T11:28:22: ✅ performainvoices.bank_details_id exists
2026-06-12T11:28:22: ✅ performainvoices.bank_company exists
2026-06-12T11:28:22: ✅ performainvoices.bank_name exists
2026-06-12T11:28:22: ✅ performainvoices.bank_account exists
2026-06-12T11:28:22: ✅ performainvoices.bank_ifsc exists
2026-06-12T11:28:22: ✅ performainvoices.bank_branch exists
2026-06-12T11:28:22: ✅ performainvoices.custom_terms exists
2026-06-12T11:28:22: ✅ services.reference_no exists
2026-06-12T11:28:22: ✅ services.from_address_id exists
2026-06-12T11:28:22: ✅ services.from_address_custom exists
2026-06-12T11:28:22: ✅ services.client_company exists
2026-06-12T11:28:22: ✅ services.client_address1 exists
2026-06-12T11:28:22: ✅ services.client_address2 exists
2026-06-12T11:28:22: ✅ services.client_city exists
2026-06-12T11:28:22: ✅ services.client_state exists
2026-06-12T11:28:22: ✅ services.client_pincode exists
2026-06-12T11:28:22: ✅ services.client_country exists
2026-06-12T11:28:22: ✅ services.tax_type exists
2026-06-12T11:28:22: ✅ services.custom_tax exists
2026-06-12T11:28:22: ✅ services.exec_name exists
2026-06-12T11:28:22: ✅ services.exec_phone exists
2026-06-12T11:28:22: ✅ services.exec_email exists
2026-06-12T11:28:22: ✅ services.terms_general exists
2026-06-12T11:28:22: ✅ services.terms_tax exists
2026-06-12T11:28:22: ✅ services.terms_project_period exists
2026-06-12T11:28:22: ✅ services.terms_validity exists
2026-06-12T11:28:22: ✅ services.terms_separate_orders exists
2026-06-12T11:28:22: ✅ services.terms_payment exists
2026-06-12T11:28:22: ✅ services.terms_payment_custom exists
2026-06-12T11:28:22: ✅ services.terms_warranty exists
2026-06-12T11:28:22: ✅ services.hsn_sac_code exists
2026-06-12T11:28:22: ✅ services.supplier_branch exists
2026-06-12T11:28:22: ✅ services.bank_details_id exists
2026-06-12T11:28:22: ✅ services.bank_company exists
2026-06-12T11:28:22: ✅ services.bank_name exists
2026-06-12T11:28:22: ✅ services.bank_account exists
2026-06-12T11:28:22: ✅ services.bank_ifsc exists
2026-06-12T11:28:22: ✅ services.bank_branch exists
2026-06-12T11:28:22: ✅ services.custom_terms exists
2026-06-12T11:28:22: ✅ estimatenew.client_company exists
2026-06-12T11:28:22: ✅ estimatenew.client_address exists
2026-06-12T11:28:22: ✅ estimatenew.client_city exists
2026-06-12T11:28:22: ✅ estimatenew.client_state exists
2026-06-12T11:28:22: ✅ estimatenew.client_gst exists
2026-06-12T11:28:22: ✅ estimatenew.client_phone exists
2026-06-12T11:28:22: ✅ estimatenew.subtotal exists
2026-06-12T11:28:22: ✅ estimatenew.total_tax exists
2026-06-12T11:28:22: ✅ estimatenew.total_discount exists
2026-06-12T11:28:22: ✅ estimatenew.grand_total exists
2026-06-12T11:28:22: ✅ estimateclient.subtotal exists
2026-06-12T11:28:22: ✅ estimateclient.total_tax exists
2026-06-12T11:28:22: ✅ estimateclient.total_discount exists
2026-06-12T11:28:22: ✅ estimateclient.grand_total exists
2026-06-12T11:28:22: ✅ quotation_items.uom exists
2026-06-12T11:28:22: ✅ quotation_items.hsn_sac exists
2026-06-12T11:28:22: ✅ quotation_items.brand_model exists
2026-06-12T11:28:22: ✅ customers.gst_number exists
2026-06-12T11:28:22: ✅ customers.created_by exists
2026-06-12T11:28:22: ✅ users.last_name exists
2026-06-12T11:28:22: ✅ user_email_configs.smtp_secure exists
2026-06-12T11:28:22: ✅ user_email_configs.from_email_address exists
2026-06-12T11:28:22: ✅ user_email_configs.sender_name exists
2026-06-12T11:28:22: ✅ user_email_configs.provider exists
2026-06-12T11:28:22: ✅ user_email_configs.is_enabled exists
2026-06-12T11:28:22: ✅ users.two_factor_enabled exists
2026-06-12T11:28:22: ✅ quotations.gst_mode exists
2026-06-12T11:28:22: ✅ quotations.status exists
2026-06-12T11:28:22: ✅ performainvoices.gst_mode exists
2026-06-12T11:28:22: ✅ performainvoices.status exists
2026-06-12T11:28:22: ✅ estimate_invoices.gst_mode exists
2026-06-12T11:28:22: ✅ estimate_invoices.status exists
2026-06-12T11:28:22: ✅ service_estimations.gst_mode exists
2026-06-12T11:28:22: ✅ service_estimations.status exists
2026-06-12T11:28:22: ✅ services.gst_mode exists
2026-06-12T11:28:22: ✅ estimatenew.gst_mode exists
2026-06-12T11:28:22: Users role column updated
2026-06-12T11:28:22: Teammember emp_role updated
2026-06-12T11:28:23: Default employees seeded successfully.
2026-06-12T11:28:23: [Scheduler] Reminder escalation scheduler started (every 15 min)
2026-06-12T11:28:23: [Scheduler] End-of-day task scheduler started (daily at 6 PM)
2026-06-12T11:28:23: ✅ Server running: http://0.0.0.0:5000 [production]
2026-06-12T11:28:24: User 708 joined notifications channel
2026-06-12T11:28:24: Admin joined notifications channel
2026-06-12T11:28:24: User 701 joined notifications channel
2026-06-12T11:28:33: [Scheduler] Running initial task check...
2026-06-12T11:28:33: [Scheduler] End-of-day task check complete. Evaluated 1 incomplete tasks.
2026-06-12T11:28:33: [Scheduler] Daily summary notification already dispatched for today
2026-06-12T11:44:17: Client disconnected from notifications
2026-06-12T11:44:17: User 708 joined notifications channel
2026-06-12T11:44:17: Admin joined notifications channel
2026-06-12T11:49:38: Client disconnected from notifications
2026-06-12T11:56:19: Client disconnected from notifications
2026-06-12T11:56:19: Client disconnected from notifications
2026-06-12T12:00:51: ◇ injected env (12) from .env // tip: ◈ encrypted .env [www.dotenvx.com]
2026-06-12T12:00:51: ◇ injected env (0) from .env // tip: ◈ encrypted .env [www.dotenvx.com]
2026-06-12T12:00:52: Generating fresh VAPID Keys for Push Notifications...
2026-06-12T12:00:52: VAPID Keys generated and saved to backend/.env
2026-06-12T12:00:52: MySQL Connected (127.0.0.1:3306)
2026-06-12T12:00:52: Using database achme
2026-06-12T12:00:52: Database initialized successfully
2026-06-12T12:00:52: ✅ lead_reminders.reminder_time exists
2026-06-12T12:00:52: ✅ lead_reminders.missed_count exists
2026-06-12T12:00:52: ✅ lead_reminders.notification_sent exists
2026-06-12T12:00:52: ✅ lead_reminders.employee_id exists
2026-06-12T12:00:52: ✅ lead_escalations.missed_count exists
2026-06-12T12:00:52: ✅ users.status exists
2026-06-12T12:00:52: ✅ users.emp_id exists
2026-06-12T12:00:52: ✅ admin_notifications.related_id exists
2026-06-12T12:00:52: ✅ admin_notifications.related_type exists
2026-06-12T12:00:52: ✅ admin_notifications.created_by exists
2026-06-12T12:00:52: ✅ admin_notifications.priority exists
2026-06-12T12:00:52: ✅ admin_notifications.is_archived exists
2026-06-12T12:00:52: ✅ notifications.user_id exists
2026-06-12T12:00:52: ✅ notifications.type exists
2026-06-12T12:00:52: ✅ notifications.is_archived exists
2026-06-12T12:00:52: ✅ task_assignments.status exists
2026-06-12T12:00:52: ✅ teammember.mobile_number exists
2026-06-12T12:00:52: ✅ teammember.emp_id exists
2026-06-12T12:00:52: ✅ teammember.user_id exists
2026-06-12T12:00:52: ✅ teammember.emp_address exists
2026-06-12T12:00:52: ✅ telecalls.created_by exists
2026-06-12T12:00:52: ✅ telecalls.email exists
2026-06-12T12:00:52: ✅ walkins.assigned_to exists
2026-06-12T12:00:52: ✅ walkins.created_by exists
2026-06-12T12:00:52: ✅ walkins.email exists
2026-06-12T12:00:52: ✅ fields.assigned_to exists
2026-06-12T12:00:52: ✅ fields.created_by exists
2026-06-12T12:00:52: ✅ fields.email exists
2026-06-12T12:00:52: ✅ quotations.lead_id exists
2026-06-12T12:00:52: ✅ quotations.lead_type exists
2026-06-12T12:00:52: ✅ contracts.contract_type exists
2026-06-12T12:00:52: ✅ contracts.quotation_id exists
2026-06-12T12:00:52: ✅ contracts.mobile_number exists
2026-06-12T12:00:52: ✅ contracts.location_city exists
2026-06-12T12:00:52: ✅ amc_alc_services.labour_charges exists
2026-06-12T12:00:52: ✅ amc_alc_services.contract_title exists
2026-06-12T12:00:52: ✅ amc_alc_services.start_time exists
2026-06-12T12:00:52: ✅ amc_alc_services.end_time exists
2026-06-12T12:00:52: ✅ amc_alc_services.km exists
2026-06-12T12:00:52: ✅ amc_alc_services.technician exists
2026-06-12T12:00:52: ✅ amc_alc_services.sales_person exists
2026-06-12T12:00:52: ✅ amc_alc_services.remarks exists
2026-06-12T12:00:52: ✅ amc_alc_services.email exists
2026-06-12T12:00:52: ✅ amc_alc_services.next_service_date exists
2026-06-12T12:00:52: ✅ amc_alc_services.service_type exists
2026-06-12T12:00:52: ✅ task_targets.user_id exists
2026-06-12T12:00:52: ✅ task_targets.created_by_admin exists
2026-06-12T12:00:52: ✅ task_achievements.achieved_amount exists
2026-06-12T12:00:52: ✅ task_updates.amount exists
2026-06-12T12:00:52: ✅ call_reports.start_time exists
2026-06-12T12:00:52: ✅ call_reports.end_time exists
2026-06-12T12:00:52: ✅ call_reports.km exists
2026-06-12T12:00:52: ✅ call_reports.remarks exists
2026-06-12T12:00:52: ✅ call_reports.technician exists
2026-06-12T12:00:52: ✅ call_reports.sales_person exists
2026-06-12T12:00:52: ✅ tasks.assigned_teammember_id exists
2026-06-12T12:00:52: ✅ task_targets.teammember_id exists
2026-06-12T12:00:52: ✅ quotations.reference_no exists
2026-06-12T12:00:52: ✅ task_targets.carry_forward exists
2026-06-12T12:00:52: ✅ task_targets.effective_target exists
2026-06-12T12:00:52: ✅ task_targets.user_id exists
2026-06-12T12:00:52: ✅ task_targets.created_by_admin exists
2026-06-12T12:00:52: ✅ task_achievements.achieved_amount exists
2026-06-12T12:00:52: ✅ clients.created_by exists
2026-06-12T12:00:52: ✅ tasks.created_by exists
2026-06-12T12:00:52: ✅ tasks.task_description exists
2026-06-12T12:00:52: ✅ tasks.assigned_to exists
2026-06-12T12:00:52: ✅ quotations.created_by exists
2026-06-12T12:00:52: ✅ contracts.created_by exists
2026-06-12T12:00:52: ✅ contracts.client_company exists
2026-06-12T12:00:52: ✅ contracts.amount_value exists
2026-06-12T12:00:52: ✅ contracts.remaining exists
2026-06-12T12:00:52: ✅ contracts.email exists
2026-06-12T12:00:52: ✅ clientinvoices.created_by exists
2026-06-12T12:00:52: ✅ performainvoices.created_by exists
2026-06-12T12:00:52: ✅ services.created_by exists
2026-06-12T12:00:52: ✅ call_reports.created_by exists
2026-06-12T12:00:52: ✅ lead_activity.employee_id exists
2026-06-12T12:00:52: ✅ lead_escalations.missed_threshold_reached exists
2026-06-12T12:00:52: ✅ lead_escalations.employee_id exists
2026-06-12T12:00:52: ✅ performainvoices.is_latest exists
2026-06-12T12:00:52: ✅ performainvoices.version exists
2026-06-12T12:00:52: ✅ performainvoices.parent_id exists
2026-06-12T12:00:52: ✅ performa_invoice_items.uom exists
2026-06-12T12:00:52: ✅ performainvoice_items.uom exists
2026-06-12T12:00:52: ✅ task_assignments.response_notes exists
2026-06-12T12:00:52: ✅ call_reports.amount_collected exists
2026-06-12T12:00:52: ✅ call_reports.payment_mode exists
2026-06-12T12:00:52: ✅ call_reports.duration_limit exists
2026-06-12T12:00:52: ✅ call_reports.actual_duration exists
2026-06-12T12:00:52: ✅ call_reports.is_exceeded exists
2026-06-12T12:00:52: ✅ call_reports.assigned_time exists
2026-06-12T12:00:52: ✅ call_reports.call_id exists
2026-06-12T12:00:52: ✅ call_reports.session_id exists
2026-06-12T12:00:52: ✅ call_reports.client_name exists
2026-06-12T12:00:52: ✅ call_reports.staff_name exists
2026-06-12T12:00:52: ✅ call_reports.executive_name exists
2026-06-12T12:00:52: ✅ call_reports.phone exists
2026-06-12T12:00:52: ✅ call_reports.location exists
2026-06-12T12:00:52: ✅ call_reports.call_sequence exists
2026-06-12T12:00:52: ✅ call_reports.report_date exists
2026-06-12T12:00:52: ✅ call_reports.complaint exists
2026-06-12T12:00:52: ✅ call_reports.priority exists
2026-06-12T12:00:52: ✅ call_reports.call_type exists
2026-06-12T12:00:52: ✅ call_reports.payment_type exists
2026-06-12T12:00:52: ✅ call_reports.invoice_value exists
2026-06-12T12:00:52: ✅ call_reports.payment_status exists
2026-06-12T12:00:52: ✅ call_reports.petrol_charges exists
2026-06-12T12:00:52: ✅ call_reports.spare_parts_price exists
2026-06-12T12:00:52: ✅ call_reports.labour_charges exists
2026-06-12T12:00:52: ✅ call_reports.total_expenses exists
2026-06-12T12:00:52: ✅ call_reports.customer_name exists
2026-06-12T12:00:52: ✅ call_reports.mobile_number exists
2026-06-12T12:00:52: ✅ call_reports.location_city exists
2026-06-12T12:00:52: ✅ call_reports.contract_title exists
2026-06-12T12:00:52: ✅ call_reports.service_type exists
2026-06-12T12:00:52: ✅ call_reports.description exists
2026-06-12T12:00:52: ✅ call_reports.service_person exists
2026-06-12T12:00:52: ✅ call_reports.contract_id exists
2026-06-12T12:00:52: ✅ call_reports.call_referrer exists
2026-06-12T12:00:52: ✅ call_reports.step2_completed exists
2026-06-12T12:00:52: ✅ call_reports.email exists
2026-06-12T12:00:52: ✅ call_reports.status exists
2026-06-12T12:00:52: ✅ call_reports.gst_number exists
2026-06-12T12:00:52: ✅ call_reports.company_name exists
2026-06-12T12:00:52: ✅ call_reports.completed_at exists
2026-06-12T12:00:52: ✅ call_reports.carry_forward_date exists
2026-06-12T12:00:52: ✅ amc_alc_services.amount_collected exists
2026-06-12T12:00:52: ✅ amc_alc_services.payment_mode exists
2026-06-12T12:00:52: ✅ amc_alc_services.call_number exists
2026-06-12T12:00:52: ✅ amc_alc_services.breakpoints exists
2026-06-12T12:00:52: ✅ amc_alc_services.duration_limit exists
2026-06-12T12:00:52: ✅ clients.gst_number exists
2026-06-12T12:00:52: ✅ clients.company_name exists
2026-06-12T12:00:52: ✅ clients.service exists
2026-06-12T12:00:52: ✅ clients.alternate_phone exists
2026-06-12T12:00:52: ✅ clients.city exists
2026-06-12T12:00:52: ✅ clients.state exists
2026-06-12T12:00:52: ✅ clients.pincode exists
2026-06-12T12:00:52: ✅ clients.notes exists
2026-06-12T12:00:52: ✅ clients.client_status exists
2026-06-12T12:00:52: ✅ clients.original_lead_id exists
2026-06-12T12:00:52: ✅ clients.original_lead_type exists
2026-06-12T12:00:52: ✅ clients.converted_at exists
2026-06-12T12:00:52: ✅ clients.lead_email exists
2026-06-12T12:00:52: ✅ clients.lead_city exists
2026-06-12T12:00:52: ✅ clients.lead_reference exists
2026-06-12T12:00:52: ✅ clients.lead_purpose exists
2026-06-12T12:00:52: ✅ clients.client_status exists
2026-06-12T12:00:52: ✅ clients.lead_staff_name exists
2026-06-12T12:00:52: ✅ clients.lead_id_display exists
2026-06-12T12:00:52: ✅ clients.assigned_teammember_id exists
2026-06-12T12:00:52: ✅ clients.state exists
2026-06-12T12:00:52: ✅ clients.pincode exists
2026-06-12T12:00:52: ✅ users.emp_id exists
2026-06-12T12:00:52: ✅ quotations.reference_no exists
2026-06-12T12:00:52: ✅ quotations.from_address_id exists
2026-06-12T12:00:52: ✅ quotations.from_address_custom exists
2026-06-12T12:00:52: ✅ quotations.client_company exists
2026-06-12T12:00:52: ✅ quotations.client_address1 exists
2026-06-12T12:00:52: ✅ quotations.client_address2 exists
2026-06-12T12:00:52: ✅ quotations.client_city exists
2026-06-12T12:00:52: ✅ quotations.client_state exists
2026-06-12T12:00:52: ✅ quotations.client_pincode exists
2026-06-12T12:00:52: ✅ quotations.client_country exists
2026-06-12T12:00:52: ✅ quotations.tax_type exists
2026-06-12T12:00:52: ✅ quotations.custom_tax exists
2026-06-12T12:00:52: ✅ quotations.exec_name exists
2026-06-12T12:00:52: ✅ quotations.exec_phone exists
2026-06-12T12:00:52: ✅ quotations.exec_email exists
2026-06-12T12:00:52: ✅ quotations.terms_general exists
2026-06-12T12:00:52: ✅ quotations.terms_tax exists
2026-06-12T12:00:52: ✅ quotations.terms_project_period exists
2026-06-12T12:00:52: ✅ quotations.terms_validity exists
2026-06-12T12:00:52: ✅ quotations.terms_separate_orders exists
2026-06-12T12:00:52: ✅ quotations.terms_payment exists
2026-06-12T12:00:52: ✅ quotations.terms_payment_custom exists
2026-06-12T12:00:52: ✅ quotations.terms_warranty exists
2026-06-12T12:00:52: ✅ quotations.hsn_sac_code exists
2026-06-12T12:00:53: ✅ quotations.supplier_branch exists
2026-06-12T12:00:53: ✅ quotations.bank_details_id exists
2026-06-12T12:00:53: ✅ quotations.bank_company exists
2026-06-12T12:00:53: ✅ quotations.bank_name exists
2026-06-12T12:00:53: ✅ quotations.bank_account exists
2026-06-12T12:00:53: ✅ quotations.bank_ifsc exists
2026-06-12T12:00:53: ✅ quotations.bank_branch exists
2026-06-12T12:00:53: ✅ quotations.custom_terms exists
2026-06-12T12:00:53: ✅ quotations.is_latest exists
2026-06-12T12:00:53: ✅ quotations.parent_id exists
2026-06-12T12:00:53: ✅ quotations.version exists
2026-06-12T12:00:53: ✅ performainvoices.reference_no exists
2026-06-12T12:00:53: ✅ performainvoices.from_address_id exists
2026-06-12T12:00:53: ✅ performainvoices.from_address_custom exists
2026-06-12T12:00:53: ✅ performainvoices.client_company exists
2026-06-12T12:00:53: ✅ performainvoices.client_address1 exists
2026-06-12T12:00:53: ✅ performainvoices.client_address2 exists
2026-06-12T12:00:53: ✅ performainvoices.client_city exists
2026-06-12T12:00:53: ✅ performainvoices.client_state exists
2026-06-12T12:00:53: ✅ performainvoices.client_pincode exists
2026-06-12T12:00:53: ✅ performainvoices.client_country exists
2026-06-12T12:00:53: ✅ performainvoices.tax_type exists
2026-06-12T12:00:53: ✅ performainvoices.custom_tax exists
2026-06-12T12:00:53: ✅ performainvoices.exec_name exists
2026-06-12T12:00:53: ✅ performainvoices.exec_phone exists
2026-06-12T12:00:53: ✅ performainvoices.exec_email exists
2026-06-12T12:00:53: ✅ performainvoices.terms_general exists
2026-06-12T12:00:53: ✅ performainvoices.terms_tax exists
2026-06-12T12:00:53: ✅ performainvoices.terms_project_period exists
2026-06-12T12:00:53: ✅ performainvoices.terms_validity exists
2026-06-12T12:00:53: ✅ performainvoices.terms_separate_orders exists
2026-06-12T12:00:53: ✅ performainvoices.terms_payment exists
2026-06-12T12:00:53: ✅ performainvoices.terms_payment_custom exists
2026-06-12T12:00:53: ✅ performainvoices.terms_warranty exists
2026-06-12T12:00:53: ✅ performainvoices.hsn_sac_code exists
2026-06-12T12:00:53: ✅ performainvoices.supplier_branch exists
2026-06-12T12:00:53: ✅ performainvoices.bank_details_id exists
2026-06-12T12:00:53: ✅ performainvoices.bank_company exists
2026-06-12T12:00:53: ✅ performainvoices.bank_name exists
2026-06-12T12:00:53: ✅ performainvoices.bank_account exists
2026-06-12T12:00:53: ✅ performainvoices.bank_ifsc exists
2026-06-12T12:00:53: ✅ performainvoices.bank_branch exists
2026-06-12T12:00:53: ✅ performainvoices.custom_terms exists
2026-06-12T12:00:53: ✅ services.reference_no exists
2026-06-12T12:00:53: ✅ services.from_address_id exists
2026-06-12T12:00:53: ✅ services.from_address_custom exists
2026-06-12T12:00:53: ✅ services.client_company exists
2026-06-12T12:00:53: ✅ services.client_address1 exists
2026-06-12T12:00:53: ✅ services.client_address2 exists
2026-06-12T12:00:53: ✅ services.client_city exists
2026-06-12T12:00:53: ✅ services.client_state exists
2026-06-12T12:00:53: ✅ services.client_pincode exists
2026-06-12T12:00:53: ✅ services.client_country exists
2026-06-12T12:00:53: ✅ services.tax_type exists
2026-06-12T12:00:53: ✅ services.custom_tax exists
2026-06-12T12:00:53: ✅ services.exec_name exists
2026-06-12T12:00:53: ✅ services.exec_phone exists
2026-06-12T12:00:53: ✅ services.exec_email exists
2026-06-12T12:00:53: ✅ services.terms_general exists
2026-06-12T12:00:53: ✅ services.terms_tax exists
2026-06-12T12:00:53: ✅ services.terms_project_period exists
2026-06-12T12:00:53: ✅ services.terms_validity exists
2026-06-12T12:00:53: ✅ services.terms_separate_orders exists
2026-06-12T12:00:53: ✅ services.terms_payment exists
2026-06-12T12:00:53: ✅ services.terms_payment_custom exists
2026-06-12T12:00:53: ✅ services.terms_warranty exists
2026-06-12T12:00:53: ✅ services.hsn_sac_code exists
2026-06-12T12:00:53: ✅ services.supplier_branch exists
2026-06-12T12:00:53: ✅ services.bank_details_id exists
2026-06-12T12:00:53: ✅ services.bank_company exists
2026-06-12T12:00:53: ✅ services.bank_name exists
2026-06-12T12:00:53: ✅ services.bank_account exists
2026-06-12T12:00:53: ✅ services.bank_ifsc exists
2026-06-12T12:00:53: ✅ services.bank_branch exists
2026-06-12T12:00:53: ✅ services.custom_terms exists
2026-06-12T12:00:53: ✅ estimatenew.client_company exists
2026-06-12T12:00:53: ✅ estimatenew.client_address exists
2026-06-12T12:00:53: ✅ estimatenew.client_city exists
2026-06-12T12:00:53: ✅ estimatenew.client_state exists
2026-06-12T12:00:53: ✅ estimatenew.client_gst exists
2026-06-12T12:00:53: ✅ estimatenew.client_phone exists
2026-06-12T12:00:53: ✅ estimatenew.subtotal exists
2026-06-12T12:00:53: ✅ estimatenew.total_tax exists
2026-06-12T12:00:53: ✅ estimatenew.total_discount exists
2026-06-12T12:00:53: ✅ estimatenew.grand_total exists
2026-06-12T12:00:53: ✅ estimateclient.subtotal exists
2026-06-12T12:00:53: ✅ estimateclient.total_tax exists
2026-06-12T12:00:53: ✅ estimateclient.total_discount exists
2026-06-12T12:00:53: ✅ estimateclient.grand_total exists
2026-06-12T12:00:53: ✅ quotation_items.uom exists
2026-06-12T12:00:53: ✅ quotation_items.hsn_sac exists
2026-06-12T12:00:53: ✅ quotation_items.brand_model exists
2026-06-12T12:00:53: ✅ customers.gst_number exists
2026-06-12T12:00:53: ✅ customers.created_by exists
2026-06-12T12:00:53: ✅ users.last_name exists
2026-06-12T12:00:53: ✅ user_email_configs.smtp_secure exists
2026-06-12T12:00:53: ✅ user_email_configs.from_email_address exists
2026-06-12T12:00:53: ✅ user_email_configs.sender_name exists
2026-06-12T12:00:53: ✅ user_email_configs.provider exists
2026-06-12T12:00:53: ✅ user_email_configs.is_enabled exists
2026-06-12T12:00:53: ✅ users.two_factor_enabled exists
2026-06-12T12:00:53: ✅ quotations.gst_mode exists
2026-06-12T12:00:53: ✅ quotations.status exists
2026-06-12T12:00:53: ✅ performainvoices.gst_mode exists
2026-06-12T12:00:53: ✅ performainvoices.status exists
2026-06-12T12:00:53: ✅ estimate_invoices.gst_mode exists
2026-06-12T12:00:53: ✅ estimate_invoices.status exists
2026-06-12T12:00:53: ✅ service_estimations.gst_mode exists
2026-06-12T12:00:53: ✅ service_estimations.status exists
2026-06-12T12:00:53: ✅ services.gst_mode exists
2026-06-12T12:00:53: ✅ estimatenew.gst_mode exists
2026-06-12T12:00:53: ✅ Create table pi_from_addresses
2026-06-12T12:00:53: ✅ Create table email_otp
2026-06-12T12:00:53: ✅ Create table payments
2026-06-12T12:00:53: ✅ Create table clientinvoices
2026-06-12T12:00:53: ✅ Create table messages
2026-06-12T12:00:53: ✅ Create table service_items
2026-06-12T12:00:53: ✅ Create table service_estimations
2026-06-12T12:00:53: ✅ Create table service_estimation_items
2026-06-12T12:00:53: ✅ Create table estimate_invoices
2026-06-12T12:00:53: ✅ Create table estimate_invoice_items
2026-06-12T12:00:53: ✅ Create table estimate_items
2026-06-12T12:00:53: ✅ Create table performainvoice_items
2026-06-12T12:00:53: ✅ Create table performainvoices
2026-06-12T12:00:53: ✅ Create table services
2026-06-12T12:00:53: ✅ Create table customers
2026-06-12T12:00:53: ✅ Create table quotations
2026-06-12T12:00:53: ✅ Create table quotation_items
2026-06-12T12:00:53: ✅ Create table lead_reminders
2026-06-12T12:00:53: ✅ Create table lead_activity
2026-06-12T12:00:53: ✅ Create table lead_escalations
2026-06-12T12:00:53: ✅ Create table admin_notifications
2026-06-12T12:00:53: ✅ Create table profile_change_requests
2026-06-12T12:00:53: ✅ Create table amc_alc_services
2026-06-12T12:00:53: ✅ Create table service_activity
2026-06-12T12:00:53: ✅ Create table task_targets
2026-06-12T12:00:53: ✅ Create table task_achievements
2026-06-12T12:00:53: ✅ Create table task_updates
2026-06-12T12:00:53: ✅ Create table call_reports
2026-06-12T12:00:53: ✅ Create table task_activity
2026-06-12T12:00:53: ✅ Create table notifications
2026-06-12T12:00:53: ✅ Create table task_assignments
2026-06-12T12:00:53: ✅ Create table clients
2026-06-12T12:00:53: ✅ Create table user_email_configs
2026-06-12T12:00:53: ✅ lead_reminders.reminder_time exists
2026-06-12T12:00:53: ✅ lead_reminders.missed_count exists
2026-06-12T12:00:53: ✅ lead_reminders.notification_sent exists
2026-06-12T12:00:53: ✅ lead_reminders.employee_id exists
2026-06-12T12:00:53: ✅ lead_escalations.missed_count exists
2026-06-12T12:00:53: ✅ users.status exists
2026-06-12T12:00:53: ✅ users.emp_id exists
2026-06-12T12:00:53: ✅ admin_notifications.related_id exists
2026-06-12T12:00:53: ✅ admin_notifications.related_type exists
2026-06-12T12:00:53: ✅ admin_notifications.created_by exists
2026-06-12T12:00:53: ✅ admin_notifications.priority exists
2026-06-12T12:00:53: ✅ admin_notifications.is_archived exists
2026-06-12T12:00:53: ✅ notifications.user_id exists
2026-06-12T12:00:53: ✅ notifications.type exists
2026-06-12T12:00:53: ✅ notifications.is_archived exists
2026-06-12T12:00:53: ✅ task_assignments.status exists
2026-06-12T12:00:53: ✅ teammember.mobile_number exists
2026-06-12T12:00:53: ✅ teammember.emp_id exists
2026-06-12T12:00:53: ✅ teammember.user_id exists
2026-06-12T12:00:53: ✅ teammember.emp_address exists
2026-06-12T12:00:53: ✅ telecalls.created_by exists
2026-06-12T12:00:53: ✅ telecalls.email exists
2026-06-12T12:00:53: ✅ walkins.assigned_to exists
2026-06-12T12:00:53: ✅ walkins.created_by exists
2026-06-12T12:00:53: ✅ walkins.email exists
2026-06-12T12:00:53: ✅ fields.assigned_to exists
2026-06-12T12:00:53: ✅ fields.created_by exists
2026-06-12T12:00:53: ✅ fields.email exists
2026-06-12T12:00:53: ✅ quotations.lead_id exists
2026-06-12T12:00:53: ✅ quotations.lead_type exists
2026-06-12T12:00:53: ✅ contracts.contract_type exists
2026-06-12T12:00:53: ✅ contracts.quotation_id exists
2026-06-12T12:00:53: ✅ contracts.mobile_number exists
2026-06-12T12:00:53: ✅ contracts.location_city exists
2026-06-12T12:00:53: ✅ amc_alc_services.labour_charges exists
2026-06-12T12:00:53: ✅ amc_alc_services.contract_title exists
2026-06-12T12:00:53: ✅ amc_alc_services.start_time exists
2026-06-12T12:00:53: ✅ amc_alc_services.end_time exists
2026-06-12T12:00:53: ✅ amc_alc_services.km exists
2026-06-12T12:00:53: ✅ amc_alc_services.technician exists
2026-06-12T12:00:53: ✅ amc_alc_services.sales_person exists
2026-06-12T12:00:53: ✅ amc_alc_services.remarks exists
2026-06-12T12:00:53: ✅ amc_alc_services.email exists
2026-06-12T12:00:53: ✅ amc_alc_services.next_service_date exists
2026-06-12T12:00:53: ✅ amc_alc_services.service_type exists
2026-06-12T12:00:53: ✅ task_targets.user_id exists
2026-06-12T12:00:53: ✅ task_targets.created_by_admin exists
2026-06-12T12:00:53: ✅ task_achievements.achieved_amount exists
2026-06-12T12:00:53: ✅ task_updates.amount exists
2026-06-12T12:00:53: ✅ call_reports.start_time exists
2026-06-12T12:00:53: ✅ call_reports.end_time exists
2026-06-12T12:00:53: ✅ call_reports.km exists
2026-06-12T12:00:53: ✅ call_reports.remarks exists
2026-06-12T12:00:53: ✅ call_reports.technician exists
2026-06-12T12:00:53: ✅ call_reports.sales_person exists
2026-06-12T12:00:53: ✅ tasks.assigned_teammember_id exists
2026-06-12T12:00:53: ✅ task_targets.teammember_id exists
2026-06-12T12:00:53: ✅ quotations.reference_no exists
2026-06-12T12:00:53: ✅ task_targets.carry_forward exists
2026-06-12T12:00:53: ✅ task_targets.effective_target exists
2026-06-12T12:00:53: ✅ task_targets.user_id exists
2026-06-12T12:00:53: ✅ task_targets.created_by_admin exists
2026-06-12T12:00:53: ✅ task_achievements.achieved_amount exists
2026-06-12T12:00:53: ✅ clients.created_by exists
2026-06-12T12:00:53: ✅ tasks.created_by exists
2026-06-12T12:00:53: ✅ tasks.task_description exists
2026-06-12T12:00:53: ✅ tasks.assigned_to exists
2026-06-12T12:00:53: ✅ quotations.created_by exists
2026-06-12T12:00:53: ✅ contracts.created_by exists
2026-06-12T12:00:53: ✅ contracts.client_company exists
2026-06-12T12:00:53: ✅ contracts.amount_value exists
2026-06-12T12:00:53: ✅ contracts.remaining exists
2026-06-12T12:00:53: ✅ contracts.email exists
2026-06-12T12:00:53: ✅ clientinvoices.created_by exists
2026-06-12T12:00:53: ✅ performainvoices.created_by exists
2026-06-12T12:00:53: ✅ services.created_by exists
2026-06-12T12:00:53: ✅ call_reports.created_by exists
2026-06-12T12:00:53: ✅ lead_activity.employee_id exists
2026-06-12T12:00:53: ✅ lead_escalations.missed_threshold_reached exists
2026-06-12T12:00:53: ✅ lead_escalations.employee_id exists
2026-06-12T12:00:53: ✅ performainvoices.is_latest exists
2026-06-12T12:00:53: ✅ performainvoices.version exists
2026-06-12T12:00:53: ✅ performainvoices.parent_id exists
2026-06-12T12:00:53: ✅ performa_invoice_items.uom exists
2026-06-12T12:00:53: ✅ performainvoice_items.uom exists
2026-06-12T12:00:53: ✅ task_assignments.response_notes exists
2026-06-12T12:00:53: ✅ call_reports.amount_collected exists
2026-06-12T12:00:53: ✅ call_reports.payment_mode exists
2026-06-12T12:00:53: ✅ call_reports.duration_limit exists
2026-06-12T12:00:53: ✅ call_reports.actual_duration exists
2026-06-12T12:00:53: ✅ call_reports.is_exceeded exists
2026-06-12T12:00:53: ✅ call_reports.assigned_time exists
2026-06-12T12:00:53: ✅ call_reports.call_id exists
2026-06-12T12:00:53: ✅ call_reports.session_id exists
2026-06-12T12:00:53: ✅ call_reports.client_name exists
2026-06-12T12:00:53: ✅ call_reports.staff_name exists
2026-06-12T12:00:53: ✅ call_reports.executive_name exists
2026-06-12T12:00:53: ✅ call_reports.phone exists
2026-06-12T12:00:53: ✅ call_reports.location exists
2026-06-12T12:00:53: ✅ call_reports.call_sequence exists
2026-06-12T12:00:53: ✅ call_reports.report_date exists
2026-06-12T12:00:53: ✅ call_reports.complaint exists
2026-06-12T12:00:53: ✅ call_reports.priority exists
2026-06-12T12:00:53: ✅ call_reports.call_type exists
2026-06-12T12:00:53: ✅ call_reports.payment_type exists
2026-06-12T12:00:53: ✅ call_reports.invoice_value exists
2026-06-12T12:00:53: ✅ call_reports.payment_status exists
2026-06-12T12:00:53: ✅ call_reports.petrol_charges exists
2026-06-12T12:00:53: ✅ call_reports.spare_parts_price exists
2026-06-12T12:00:53: ✅ call_reports.labour_charges exists
2026-06-12T12:00:53: ✅ call_reports.total_expenses exists
2026-06-12T12:00:53: ✅ call_reports.customer_name exists
2026-06-12T12:00:53: ✅ call_reports.mobile_number exists
2026-06-12T12:00:53: ✅ call_reports.location_city exists
2026-06-12T12:00:53: ✅ call_reports.contract_title exists
2026-06-12T12:00:53: ✅ call_reports.service_type exists
2026-06-12T12:00:53: ✅ call_reports.description exists
2026-06-12T12:00:53: ✅ call_reports.service_person exists
2026-06-12T12:00:53: ✅ call_reports.contract_id exists
2026-06-12T12:00:53: ✅ call_reports.call_referrer exists
2026-06-12T12:00:53: ✅ call_reports.step2_completed exists
2026-06-12T12:00:53: ✅ call_reports.email exists
2026-06-12T12:00:53: ✅ call_reports.status exists
2026-06-12T12:00:53: ✅ call_reports.gst_number exists
2026-06-12T12:00:53: ✅ call_reports.company_name exists
2026-06-12T12:00:53: ✅ call_reports.completed_at exists
2026-06-12T12:00:53: ✅ call_reports.carry_forward_date exists
2026-06-12T12:00:53: ✅ amc_alc_services.amount_collected exists
2026-06-12T12:00:53: ✅ amc_alc_services.payment_mode exists
2026-06-12T12:00:53: ✅ amc_alc_services.call_number exists
2026-06-12T12:00:53: ✅ amc_alc_services.breakpoints exists
2026-06-12T12:00:53: ✅ amc_alc_services.duration_limit exists
2026-06-12T12:00:53: ✅ clients.gst_number exists
2026-06-12T12:00:53: ✅ clients.company_name exists
2026-06-12T12:00:53: ✅ clients.service exists
2026-06-12T12:00:53: ✅ clients.alternate_phone exists
2026-06-12T12:00:53: ✅ clients.city exists
2026-06-12T12:00:53: ✅ clients.state exists
2026-06-12T12:00:53: ✅ clients.pincode exists
2026-06-12T12:00:53: ✅ clients.notes exists
2026-06-12T12:00:53: ✅ clients.client_status exists
2026-06-12T12:00:53: ✅ clients.original_lead_id exists
2026-06-12T12:00:53: ✅ clients.original_lead_type exists
2026-06-12T12:00:53: ✅ clients.converted_at exists
2026-06-12T12:00:53: ✅ clients.lead_email exists
2026-06-12T12:00:53: ✅ clients.lead_city exists
2026-06-12T12:00:53: ✅ clients.lead_reference exists
2026-06-12T12:00:53: ✅ clients.lead_purpose exists
2026-06-12T12:00:53: ✅ clients.client_status exists
2026-06-12T12:00:53: ✅ clients.lead_staff_name exists
2026-06-12T12:00:53: ✅ clients.lead_id_display exists
2026-06-12T12:00:53: ✅ clients.assigned_teammember_id exists
2026-06-12T12:00:53: ✅ clients.state exists
2026-06-12T12:00:53: ✅ clients.pincode exists
2026-06-12T12:00:53: ✅ users.emp_id exists
2026-06-12T12:00:53: ✅ quotations.reference_no exists
2026-06-12T12:00:53: ✅ quotations.from_address_id exists
2026-06-12T12:00:53: ✅ quotations.from_address_custom exists
2026-06-12T12:00:53: ✅ quotations.client_company exists
2026-06-12T12:00:53: ✅ quotations.client_address1 exists
2026-06-12T12:00:53: ✅ quotations.client_address2 exists
2026-06-12T12:00:53: ✅ quotations.client_city exists
2026-06-12T12:00:53: ✅ quotations.client_state exists
2026-06-12T12:00:53: ✅ quotations.client_pincode exists
2026-06-12T12:00:53: ✅ quotations.client_country exists
2026-06-12T12:00:53: ✅ quotations.tax_type exists
2026-06-12T12:00:53: ✅ quotations.custom_tax exists
2026-06-12T12:00:53: ✅ quotations.exec_name exists
2026-06-12T12:00:53: ✅ quotations.exec_phone exists
2026-06-12T12:00:53: ✅ quotations.exec_email exists
2026-06-12T12:00:53: ✅ quotations.terms_general exists
2026-06-12T12:00:53: ✅ quotations.terms_tax exists
2026-06-12T12:00:53: ✅ quotations.terms_project_period exists
2026-06-12T12:00:53: ✅ quotations.terms_validity exists
2026-06-12T12:00:53: ✅ quotations.terms_separate_orders exists
2026-06-12T12:00:53: ✅ quotations.terms_payment exists
2026-06-12T12:00:53: ✅ quotations.terms_payment_custom exists
2026-06-12T12:00:53: ✅ quotations.terms_warranty exists
2026-06-12T12:00:53: ✅ quotations.hsn_sac_code exists
2026-06-12T12:00:53: ✅ quotations.supplier_branch exists
2026-06-12T12:00:53: ✅ quotations.bank_details_id exists
2026-06-12T12:00:53: ✅ quotations.bank_company exists
2026-06-12T12:00:53: ✅ quotations.bank_name exists
2026-06-12T12:00:53: ✅ quotations.bank_account exists
2026-06-12T12:00:53: ✅ quotations.bank_ifsc exists
2026-06-12T12:00:53: ✅ quotations.bank_branch exists
2026-06-12T12:00:53: ✅ quotations.custom_terms exists
2026-06-12T12:00:53: ✅ quotations.is_latest exists
2026-06-12T12:00:53: ✅ quotations.parent_id exists
2026-06-12T12:00:53: ✅ quotations.version exists
2026-06-12T12:00:53: ✅ performainvoices.reference_no exists
2026-06-12T12:00:53: ✅ performainvoices.from_address_id exists
2026-06-12T12:00:53: ✅ performainvoices.from_address_custom exists
2026-06-12T12:00:53: ✅ performainvoices.client_company exists
2026-06-12T12:00:53: ✅ performainvoices.client_address1 exists
2026-06-12T12:00:53: ✅ performainvoices.client_address2 exists
2026-06-12T12:00:53: ✅ performainvoices.client_city exists
2026-06-12T12:00:53: ✅ performainvoices.client_state exists
2026-06-12T12:00:53: ✅ performainvoices.client_pincode exists
2026-06-12T12:00:53: ✅ performainvoices.client_country exists
2026-06-12T12:00:53: ✅ performainvoices.tax_type exists
2026-06-12T12:00:53: ✅ performainvoices.custom_tax exists
2026-06-12T12:00:53: ✅ performainvoices.exec_name exists
2026-06-12T12:00:53: ✅ performainvoices.exec_phone exists
2026-06-12T12:00:53: ✅ performainvoices.exec_email exists
2026-06-12T12:00:53: ✅ performainvoices.terms_general exists
2026-06-12T12:00:53: ✅ performainvoices.terms_tax exists
2026-06-12T12:00:53: ✅ performainvoices.terms_project_period exists
2026-06-12T12:00:53: ✅ performainvoices.terms_validity exists
2026-06-12T12:00:53: ✅ performainvoices.terms_separate_orders exists
2026-06-12T12:00:53: ✅ performainvoices.terms_payment exists
2026-06-12T12:00:53: ✅ performainvoices.terms_payment_custom exists
2026-06-12T12:00:53: ✅ performainvoices.terms_warranty exists
2026-06-12T12:00:53: ✅ performainvoices.hsn_sac_code exists
2026-06-12T12:00:53: ✅ performainvoices.supplier_branch exists
2026-06-12T12:00:53: ✅ performainvoices.bank_details_id exists
2026-06-12T12:00:53: ✅ performainvoices.bank_company exists
2026-06-12T12:00:53: ✅ performainvoices.bank_name exists
2026-06-12T12:00:53: ✅ performainvoices.bank_account exists
2026-06-12T12:00:53: ✅ performainvoices.bank_ifsc exists
2026-06-12T12:00:53: ✅ performainvoices.bank_branch exists
2026-06-12T12:00:53: ✅ performainvoices.custom_terms exists
2026-06-12T12:00:53: ✅ services.reference_no exists
2026-06-12T12:00:53: ✅ services.from_address_id exists
2026-06-12T12:00:53: ✅ services.from_address_custom exists
2026-06-12T12:00:53: ✅ services.client_company exists
2026-06-12T12:00:53: ✅ services.client_address1 exists
2026-06-12T12:00:53: ✅ services.client_address2 exists
2026-06-12T12:00:53: ✅ services.client_city exists
2026-06-12T12:00:53: ✅ services.client_state exists
2026-06-12T12:00:53: ✅ services.client_pincode exists
2026-06-12T12:00:53: ✅ services.client_country exists
2026-06-12T12:00:53: ✅ services.tax_type exists
2026-06-12T12:00:53: ✅ services.custom_tax exists
2026-06-12T12:00:53: ✅ services.exec_name exists
2026-06-12T12:00:53: ✅ services.exec_phone exists
2026-06-12T12:00:53: ✅ services.exec_email exists
2026-06-12T12:00:53: ✅ services.terms_general exists
2026-06-12T12:00:53: ✅ services.terms_tax exists
2026-06-12T12:00:53: ✅ services.terms_project_period exists
2026-06-12T12:00:53: ✅ services.terms_validity exists
2026-06-12T12:00:53: ✅ services.terms_separate_orders exists
2026-06-12T12:00:53: ✅ services.terms_payment exists
2026-06-12T12:00:53: ✅ services.terms_payment_custom exists
2026-06-12T12:00:53: ✅ services.terms_warranty exists
2026-06-12T12:00:53: ✅ services.hsn_sac_code exists
2026-06-12T12:00:53: ✅ services.supplier_branch exists
2026-06-12T12:00:53: ✅ services.bank_details_id exists
2026-06-12T12:00:53: ✅ services.bank_company exists
2026-06-12T12:00:53: ✅ services.bank_name exists
2026-06-12T12:00:53: ✅ services.bank_account exists
2026-06-12T12:00:53: ✅ services.bank_ifsc exists
2026-06-12T12:00:53: ✅ services.bank_branch exists
2026-06-12T12:00:53: ✅ services.custom_terms exists
2026-06-12T12:00:53: ✅ estimatenew.client_company exists
2026-06-12T12:00:53: ✅ estimatenew.client_address exists
2026-06-12T12:00:53: ✅ estimatenew.client_city exists
2026-06-12T12:00:53: ✅ estimatenew.client_state exists
2026-06-12T12:00:53: ✅ estimatenew.client_gst exists
2026-06-12T12:00:53: ✅ estimatenew.client_phone exists
2026-06-12T12:00:53: ✅ estimatenew.subtotal exists
2026-06-12T12:00:53: ✅ estimatenew.total_tax exists
2026-06-12T12:00:53: ✅ estimatenew.total_discount exists
2026-06-12T12:00:53: ✅ estimatenew.grand_total exists
2026-06-12T12:00:53: ✅ estimateclient.subtotal exists
2026-06-12T12:00:53: ✅ estimateclient.total_tax exists
2026-06-12T12:00:53: ✅ estimateclient.total_discount exists
2026-06-12T12:00:53: ✅ estimateclient.grand_total exists
2026-06-12T12:00:53: ✅ quotation_items.uom exists
2026-06-12T12:00:53: ✅ quotation_items.hsn_sac exists
2026-06-12T12:00:53: ✅ quotation_items.brand_model exists
2026-06-12T12:00:53: ✅ customers.gst_number exists
2026-06-12T12:00:53: ✅ customers.created_by exists
2026-06-12T12:00:53: ✅ users.last_name exists
2026-06-12T12:00:53: ✅ user_email_configs.smtp_secure exists
2026-06-12T12:00:53: ✅ user_email_configs.from_email_address exists
2026-06-12T12:00:53: ✅ user_email_configs.sender_name exists
2026-06-12T12:00:53: ✅ user_email_configs.provider exists
2026-06-12T12:00:53: ✅ user_email_configs.is_enabled exists
2026-06-12T12:00:53: ✅ users.two_factor_enabled exists
2026-06-12T12:00:53: ✅ quotations.gst_mode exists
2026-06-12T12:00:53: ✅ quotations.status exists
2026-06-12T12:00:53: ✅ performainvoices.gst_mode exists
2026-06-12T12:00:53: ✅ performainvoices.status exists
2026-06-12T12:00:53: ✅ estimate_invoices.gst_mode exists
2026-06-12T12:00:53: ✅ estimate_invoices.status exists
2026-06-12T12:00:53: ✅ service_estimations.gst_mode exists
2026-06-12T12:00:53: ✅ service_estimations.status exists
2026-06-12T12:00:53: ✅ services.gst_mode exists
2026-06-12T12:00:53: ✅ estimatenew.gst_mode exists
2026-06-12T12:00:54: Users role column updated
2026-06-12T12:00:54: Teammember emp_role updated
2026-06-12T12:00:54: Default employees seeded successfully.
2026-06-12T12:00:54: [Scheduler] Reminder escalation scheduler started (every 15 min)
2026-06-12T12:00:54: [Scheduler] End-of-day task scheduler started (daily at 6 PM)
2026-06-12T12:00:54: ✅ Server running: http://0.0.0.0:5000 [production]
2026-06-12T12:01:04: [Scheduler] Running initial task check...
2026-06-12T12:01:04: [Scheduler] End-of-day task check complete. Evaluated 1 incomplete tasks.
2026-06-12T12:01:04: [Scheduler] Daily summary notification already dispatched for today
2026-06-12T12:01:12: User 708 joined notifications channel
2026-06-12T12:01:12: Admin joined notifications channel
2026-06-12T12:01:12: User 701 joined notifications channel
2026-06-12T12:04:46: Client disconnected from notifications
2026-06-12T12:04:46: User 701 joined notifications channel
2026-06-12T12:11:07: Client disconnected from notifications
2026-06-12T12:17:48: Client disconnected from notifications
2026-06-12T12:41:24: Client disconnected from notifications
2026-06-12T12:44:38: User 701 joined notifications channel
2026-06-12T13:09:24: User 708 joined notifications channel
2026-06-12T13:09:24: Admin joined notifications channel
2026-06-12T13:13:08: Client disconnected from notifications
2026-06-12T13:13:08: Client disconnected from notifications
2026-06-12T13:13:10: User 701 joined notifications channel
2026-06-12T13:13:10: User 708 joined notifications channel
2026-06-12T13:13:10: Admin joined notifications channel
2026-06-12T13:13:16: ◇ injected env (12) from .env // tip: ⌘ multiple files { path: ['.env.local', '.env'] }
2026-06-12T13:13:16: ◇ injected env (0) from .env // tip: ◈ secrets for agents [www.dotenvx.com]
2026-06-12T13:13:16: Generating fresh VAPID Keys for Push Notifications...
2026-06-12T13:13:16: VAPID Keys generated and saved to backend/.env
2026-06-12T13:13:16: MySQL Connected (127.0.0.1:3306)
2026-06-12T13:13:17: Using database achme
2026-06-12T13:13:17: Database initialized successfully
2026-06-12T13:13:17: ✅ lead_reminders.reminder_time exists
2026-06-12T13:13:17: ✅ lead_reminders.missed_count exists
2026-06-12T13:13:17: ✅ lead_reminders.notification_sent exists
2026-06-12T13:13:17: ✅ lead_reminders.employee_id exists
2026-06-12T13:13:17: ✅ lead_escalations.missed_count exists
2026-06-12T13:13:17: ✅ users.status exists
2026-06-12T13:13:17: ✅ users.emp_id exists
2026-06-12T13:13:17: ✅ admin_notifications.related_id exists
2026-06-12T13:13:17: ✅ admin_notifications.related_type exists
2026-06-12T13:13:17: ✅ admin_notifications.created_by exists
2026-06-12T13:13:17: ✅ admin_notifications.priority exists
2026-06-12T13:13:17: ✅ admin_notifications.is_archived exists
2026-06-12T13:13:17: ✅ notifications.user_id exists
2026-06-12T13:13:17: ✅ notifications.type exists
2026-06-12T13:13:17: ✅ notifications.is_archived exists
2026-06-12T13:13:17: ✅ task_assignments.status exists
2026-06-12T13:13:17: ✅ teammember.mobile_number exists
2026-06-12T13:13:17: ✅ teammember.emp_id exists
2026-06-12T13:13:17: ✅ teammember.user_id exists
2026-06-12T13:13:17: ✅ teammember.emp_address exists
2026-06-12T13:13:17: ✅ telecalls.created_by exists
2026-06-12T13:13:17: ✅ telecalls.email exists
2026-06-12T13:13:17: ✅ walkins.assigned_to exists
2026-06-12T13:13:17: ✅ walkins.created_by exists
2026-06-12T13:13:17: ✅ walkins.email exists
2026-06-12T13:13:17: ✅ fields.assigned_to exists
2026-06-12T13:13:17: ✅ fields.created_by exists
2026-06-12T13:13:17: ✅ fields.email exists
2026-06-12T13:13:17: ✅ quotations.lead_id exists
2026-06-12T13:13:17: ✅ quotations.lead_type exists
2026-06-12T13:13:17: ✅ contracts.contract_type exists
2026-06-12T13:13:17: ✅ contracts.quotation_id exists
2026-06-12T13:13:17: ✅ contracts.mobile_number exists
2026-06-12T13:13:17: ✅ contracts.location_city exists
2026-06-12T13:13:17: ✅ amc_alc_services.labour_charges exists
2026-06-12T13:13:17: ✅ amc_alc_services.contract_title exists
2026-06-12T13:13:17: ✅ amc_alc_services.start_time exists
2026-06-12T13:13:17: ✅ amc_alc_services.end_time exists
2026-06-12T13:13:17: ✅ amc_alc_services.km exists
2026-06-12T13:13:17: ✅ amc_alc_services.technician exists
2026-06-12T13:13:17: ✅ amc_alc_services.sales_person exists
2026-06-12T13:13:17: ✅ amc_alc_services.remarks exists
2026-06-12T13:13:17: ✅ amc_alc_services.email exists
2026-06-12T13:13:17: ✅ amc_alc_services.next_service_date exists
2026-06-12T13:13:17: ✅ amc_alc_services.service_type exists
2026-06-12T13:13:17: ✅ task_targets.user_id exists
2026-06-12T13:13:17: ✅ task_targets.created_by_admin exists
2026-06-12T13:13:17: ✅ task_achievements.achieved_amount exists
2026-06-12T13:13:17: ✅ task_updates.amount exists
2026-06-12T13:13:17: ✅ call_reports.start_time exists
2026-06-12T13:13:17: ✅ call_reports.end_time exists
2026-06-12T13:13:17: ✅ call_reports.km exists
2026-06-12T13:13:17: ✅ call_reports.remarks exists
2026-06-12T13:13:17: ✅ call_reports.technician exists
2026-06-12T13:13:17: ✅ call_reports.sales_person exists
2026-06-12T13:13:17: ✅ tasks.assigned_teammember_id exists
2026-06-12T13:13:17: ✅ task_targets.teammember_id exists
2026-06-12T13:13:17: ✅ quotations.reference_no exists
2026-06-12T13:13:17: ✅ task_targets.carry_forward exists
2026-06-12T13:13:17: ✅ task_targets.effective_target exists
2026-06-12T13:13:17: ✅ task_targets.user_id exists
2026-06-12T13:13:17: ✅ task_targets.created_by_admin exists
2026-06-12T13:13:17: ✅ task_achievements.achieved_amount exists
2026-06-12T13:13:17: ✅ clients.created_by exists
2026-06-12T13:13:17: ✅ tasks.created_by exists
2026-06-12T13:13:17: ✅ tasks.task_description exists
2026-06-12T13:13:17: ✅ tasks.assigned_to exists
2026-06-12T13:13:17: ✅ quotations.created_by exists
2026-06-12T13:13:17: ✅ contracts.created_by exists
2026-06-12T13:13:17: ✅ contracts.client_company exists
2026-06-12T13:13:17: ✅ contracts.amount_value exists
2026-06-12T13:13:17: ✅ contracts.remaining exists
2026-06-12T13:13:17: ✅ contracts.email exists
2026-06-12T13:13:17: ✅ clientinvoices.created_by exists
2026-06-12T13:13:17: ✅ performainvoices.created_by exists
2026-06-12T13:13:17: ✅ services.created_by exists
2026-06-12T13:13:17: ✅ call_reports.created_by exists
2026-06-12T13:13:17: ✅ lead_activity.employee_id exists
2026-06-12T13:13:17: ✅ lead_escalations.missed_threshold_reached exists
2026-06-12T13:13:17: ✅ lead_escalations.employee_id exists
2026-06-12T13:13:17: ✅ performainvoices.is_latest exists
2026-06-12T13:13:17: ✅ performainvoices.version exists
2026-06-12T13:13:17: ✅ performainvoices.parent_id exists
2026-06-12T13:13:17: ✅ performa_invoice_items.uom exists
2026-06-12T13:13:17: ✅ performainvoice_items.uom exists
2026-06-12T13:13:17: ✅ task_assignments.response_notes exists
2026-06-12T13:13:17: ✅ call_reports.amount_collected exists
2026-06-12T13:13:17: ✅ call_reports.payment_mode exists
2026-06-12T13:13:17: ✅ call_reports.duration_limit exists
2026-06-12T13:13:17: ✅ call_reports.actual_duration exists
2026-06-12T13:13:17: ✅ call_reports.is_exceeded exists
2026-06-12T13:13:17: ✅ call_reports.assigned_time exists
2026-06-12T13:13:17: ✅ call_reports.call_id exists
2026-06-12T13:13:17: ✅ call_reports.session_id exists
2026-06-12T13:13:17: ✅ call_reports.client_name exists
2026-06-12T13:13:17: ✅ call_reports.staff_name exists
2026-06-12T13:13:17: ✅ call_reports.executive_name exists
2026-06-12T13:13:17: ✅ call_reports.phone exists
2026-06-12T13:13:17: ✅ call_reports.location exists
2026-06-12T13:13:17: ✅ call_reports.call_sequence exists
2026-06-12T13:13:17: ✅ call_reports.report_date exists
2026-06-12T13:13:17: ✅ call_reports.complaint exists
2026-06-12T13:13:17: ✅ call_reports.priority exists
2026-06-12T13:13:17: ✅ call_reports.call_type exists
2026-06-12T13:13:17: ✅ call_reports.payment_type exists
2026-06-12T13:13:17: ✅ call_reports.invoice_value exists
2026-06-12T13:13:17: ✅ call_reports.payment_status exists
2026-06-12T13:13:17: ✅ call_reports.petrol_charges exists
2026-06-12T13:13:17: ✅ call_reports.spare_parts_price exists
2026-06-12T13:13:17: ✅ call_reports.labour_charges exists
2026-06-12T13:13:17: ✅ call_reports.total_expenses exists
2026-06-12T13:13:17: ✅ call_reports.customer_name exists
2026-06-12T13:13:17: ✅ call_reports.mobile_number exists
2026-06-12T13:13:17: ✅ call_reports.location_city exists
2026-06-12T13:13:17: ✅ call_reports.contract_title exists
2026-06-12T13:13:17: ✅ call_reports.service_type exists
2026-06-12T13:13:17: ✅ call_reports.description exists
2026-06-12T13:13:17: ✅ call_reports.service_person exists
2026-06-12T13:13:17: ✅ call_reports.contract_id exists
2026-06-12T13:13:17: ✅ call_reports.call_referrer exists
2026-06-12T13:13:17: ✅ call_reports.step2_completed exists
2026-06-12T13:13:17: ✅ call_reports.email exists
2026-06-12T13:13:17: ✅ call_reports.status exists
2026-06-12T13:13:17: ✅ call_reports.gst_number exists
2026-06-12T13:13:17: ✅ call_reports.company_name exists
2026-06-12T13:13:17: ✅ call_reports.completed_at exists
2026-06-12T13:13:17: ✅ call_reports.carry_forward_date exists
2026-06-12T13:13:17: ✅ amc_alc_services.amount_collected exists
2026-06-12T13:13:17: ✅ amc_alc_services.payment_mode exists
2026-06-12T13:13:17: ✅ amc_alc_services.call_number exists
2026-06-12T13:13:17: ✅ amc_alc_services.breakpoints exists
2026-06-12T13:13:17: ✅ amc_alc_services.duration_limit exists
2026-06-12T13:13:17: ✅ clients.gst_number exists
2026-06-12T13:13:17: ✅ clients.company_name exists
2026-06-12T13:13:17: ✅ clients.service exists
2026-06-12T13:13:17: ✅ clients.alternate_phone exists
2026-06-12T13:13:17: ✅ clients.city exists
2026-06-12T13:13:17: ✅ clients.state exists
2026-06-12T13:13:17: ✅ clients.pincode exists
2026-06-12T13:13:17: ✅ clients.notes exists
2026-06-12T13:13:17: ✅ clients.client_status exists
2026-06-12T13:13:17: ✅ clients.original_lead_id exists
2026-06-12T13:13:17: ✅ clients.original_lead_type exists
2026-06-12T13:13:17: ✅ clients.converted_at exists
2026-06-12T13:13:17: ✅ clients.lead_email exists
2026-06-12T13:13:17: ✅ clients.lead_city exists
2026-06-12T13:13:17: ✅ clients.lead_reference exists
2026-06-12T13:13:17: ✅ clients.lead_purpose exists
2026-06-12T13:13:17: ✅ clients.client_status exists
2026-06-12T13:13:17: ✅ clients.lead_staff_name exists
2026-06-12T13:13:17: ✅ clients.lead_id_display exists
2026-06-12T13:13:17: ✅ clients.assigned_teammember_id exists
2026-06-12T13:13:17: ✅ clients.state exists
2026-06-12T13:13:17: ✅ clients.pincode exists
2026-06-12T13:13:17: ✅ users.emp_id exists
2026-06-12T13:13:17: ✅ quotations.reference_no exists
2026-06-12T13:13:17: ✅ quotations.from_address_id exists
2026-06-12T13:13:17: ✅ quotations.from_address_custom exists
2026-06-12T13:13:17: ✅ quotations.client_company exists
2026-06-12T13:13:17: ✅ quotations.client_address1 exists
2026-06-12T13:13:17: ✅ quotations.client_address2 exists
2026-06-12T13:13:17: ✅ quotations.client_city exists
2026-06-12T13:13:17: ✅ quotations.client_state exists
2026-06-12T13:13:17: ✅ quotations.client_pincode exists
2026-06-12T13:13:17: ✅ quotations.client_country exists
2026-06-12T13:13:17: ✅ quotations.tax_type exists
2026-06-12T13:13:17: ✅ quotations.custom_tax exists
2026-06-12T13:13:17: ✅ quotations.exec_name exists
2026-06-12T13:13:17: ✅ quotations.exec_phone exists
2026-06-12T13:13:17: ✅ quotations.exec_email exists
2026-06-12T13:13:17: ✅ quotations.terms_general exists
2026-06-12T13:13:17: ✅ quotations.terms_tax exists
2026-06-12T13:13:17: ✅ quotations.terms_project_period exists
2026-06-12T13:13:17: ✅ quotations.terms_validity exists
2026-06-12T13:13:17: ✅ quotations.terms_separate_orders exists
2026-06-12T13:13:17: ✅ quotations.terms_payment exists
2026-06-12T13:13:17: ✅ quotations.terms_payment_custom exists
2026-06-12T13:13:17: ✅ quotations.terms_warranty exists
2026-06-12T13:13:17: ✅ quotations.hsn_sac_code exists
2026-06-12T13:13:17: ✅ quotations.supplier_branch exists
2026-06-12T13:13:17: ✅ quotations.bank_details_id exists
2026-06-12T13:13:17: ✅ quotations.bank_company exists
2026-06-12T13:13:17: ✅ quotations.bank_name exists
2026-06-12T13:13:17: ✅ quotations.bank_account exists
2026-06-12T13:13:17: ✅ quotations.bank_ifsc exists
2026-06-12T13:13:17: ✅ quotations.bank_branch exists
2026-06-12T13:13:17: ✅ quotations.custom_terms exists
2026-06-12T13:13:17: ✅ quotations.is_latest exists
2026-06-12T13:13:17: ✅ quotations.parent_id exists
2026-06-12T13:13:17: ✅ quotations.version exists
2026-06-12T13:13:17: ✅ performainvoices.reference_no exists
2026-06-12T13:13:17: ✅ performainvoices.from_address_id exists
2026-06-12T13:13:17: ✅ performainvoices.from_address_custom exists
2026-06-12T13:13:17: ✅ performainvoices.client_company exists
2026-06-12T13:13:17: ✅ performainvoices.client_address1 exists
2026-06-12T13:13:17: ✅ performainvoices.client_address2 exists
2026-06-12T13:13:17: ✅ performainvoices.client_city exists
2026-06-12T13:13:17: ✅ performainvoices.client_state exists
2026-06-12T13:13:17: ✅ performainvoices.client_pincode exists
2026-06-12T13:13:17: ✅ performainvoices.client_country exists
2026-06-12T13:13:17: ✅ performainvoices.tax_type exists
2026-06-12T13:13:17: ✅ performainvoices.custom_tax exists
2026-06-12T13:13:17: ✅ performainvoices.exec_name exists
2026-06-12T13:13:17: ✅ performainvoices.exec_phone exists
2026-06-12T13:13:17: ✅ performainvoices.exec_email exists
2026-06-12T13:13:17: ✅ performainvoices.terms_general exists
2026-06-12T13:13:17: ✅ performainvoices.terms_tax exists
2026-06-12T13:13:17: ✅ performainvoices.terms_project_period exists
2026-06-12T13:13:17: ✅ performainvoices.terms_validity exists
2026-06-12T13:13:17: ✅ performainvoices.terms_separate_orders exists
2026-06-12T13:13:17: ✅ performainvoices.terms_payment exists
2026-06-12T13:13:17: ✅ performainvoices.terms_payment_custom exists
2026-06-12T13:13:17: ✅ performainvoices.terms_warranty exists
2026-06-12T13:13:17: ✅ performainvoices.hsn_sac_code exists
2026-06-12T13:13:17: ✅ performainvoices.supplier_branch exists
2026-06-12T13:13:17: ✅ performainvoices.bank_details_id exists
2026-06-12T13:13:17: ✅ performainvoices.bank_company exists
2026-06-12T13:13:17: ✅ performainvoices.bank_name exists
2026-06-12T13:13:17: ✅ performainvoices.bank_account exists
2026-06-12T13:13:17: ✅ performainvoices.bank_ifsc exists
2026-06-12T13:13:17: ✅ performainvoices.bank_branch exists
2026-06-12T13:13:17: ✅ performainvoices.custom_terms exists
2026-06-12T13:13:17: ✅ services.reference_no exists
2026-06-12T13:13:17: ✅ services.from_address_id exists
2026-06-12T13:13:17: ✅ services.from_address_custom exists
2026-06-12T13:13:17: ✅ services.client_company exists
2026-06-12T13:13:17: ✅ services.client_address1 exists
2026-06-12T13:13:17: ✅ services.client_address2 exists
2026-06-12T13:13:17: ✅ services.client_city exists
2026-06-12T13:13:17: ✅ services.client_state exists
2026-06-12T13:13:17: ✅ services.client_pincode exists
2026-06-12T13:13:17: ✅ services.client_country exists
2026-06-12T13:13:17: ✅ services.tax_type exists
2026-06-12T13:13:17: ✅ services.custom_tax exists
2026-06-12T13:13:17: ✅ services.exec_name exists
2026-06-12T13:13:17: ✅ services.exec_phone exists
2026-06-12T13:13:17: ✅ services.exec_email exists
2026-06-12T13:13:17: ✅ services.terms_general exists
2026-06-12T13:13:17: ✅ services.terms_tax exists
2026-06-12T13:13:17: ✅ services.terms_project_period exists
2026-06-12T13:13:17: ✅ services.terms_validity exists
2026-06-12T13:13:17: ✅ services.terms_separate_orders exists
2026-06-12T13:13:17: ✅ services.terms_payment exists
2026-06-12T13:13:17: ✅ services.terms_payment_custom exists
2026-06-12T13:13:17: ✅ services.terms_warranty exists
2026-06-12T13:13:17: ✅ services.hsn_sac_code exists
2026-06-12T13:13:17: ✅ services.supplier_branch exists
2026-06-12T13:13:17: ✅ services.bank_details_id exists
2026-06-12T13:13:17: ✅ services.bank_company exists
2026-06-12T13:13:17: ✅ services.bank_name exists
2026-06-12T13:13:17: ✅ services.bank_account exists
2026-06-12T13:13:17: ✅ services.bank_ifsc exists
2026-06-12T13:13:17: ✅ services.bank_branch exists
2026-06-12T13:13:17: ✅ services.custom_terms exists
2026-06-12T13:13:17: ✅ estimatenew.client_company exists
2026-06-12T13:13:17: ✅ estimatenew.client_address exists
2026-06-12T13:13:17: ✅ estimatenew.client_city exists
2026-06-12T13:13:17: ✅ estimatenew.client_state exists
2026-06-12T13:13:17: ✅ estimatenew.client_gst exists
2026-06-12T13:13:17: ✅ estimatenew.client_phone exists
2026-06-12T13:13:17: ✅ estimatenew.subtotal exists
2026-06-12T13:13:17: ✅ estimatenew.total_tax exists
2026-06-12T13:13:17: ✅ estimatenew.total_discount exists
2026-06-12T13:13:17: ✅ estimatenew.grand_total exists
2026-06-12T13:13:17: ✅ estimateclient.subtotal exists
2026-06-12T13:13:17: ✅ estimateclient.total_tax exists
2026-06-12T13:13:17: ✅ estimateclient.total_discount exists
2026-06-12T13:13:17: ✅ estimateclient.grand_total exists
2026-06-12T13:13:17: ✅ quotation_items.uom exists
2026-06-12T13:13:17: ✅ quotation_items.hsn_sac exists
2026-06-12T13:13:17: ✅ quotation_items.brand_model exists
2026-06-12T13:13:17: ✅ customers.gst_number exists
2026-06-12T13:13:17: ✅ customers.created_by exists
2026-06-12T13:13:17: ✅ users.last_name exists
2026-06-12T13:13:17: ✅ user_email_configs.smtp_secure exists
2026-06-12T13:13:17: ✅ user_email_configs.from_email_address exists
2026-06-12T13:13:17: ✅ user_email_configs.sender_name exists
2026-06-12T13:13:17: ✅ user_email_configs.provider exists
2026-06-12T13:13:17: ✅ user_email_configs.is_enabled exists
2026-06-12T13:13:17: ✅ users.two_factor_enabled exists
2026-06-12T13:13:17: ✅ quotations.gst_mode exists
2026-06-12T13:13:17: ✅ quotations.status exists
2026-06-12T13:13:17: ✅ performainvoices.gst_mode exists
2026-06-12T13:13:17: ✅ performainvoices.status exists
2026-06-12T13:13:17: ✅ estimate_invoices.gst_mode exists
2026-06-12T13:13:17: ✅ estimate_invoices.status exists
2026-06-12T13:13:17: ✅ service_estimations.gst_mode exists
2026-06-12T13:13:17: ✅ service_estimations.status exists
2026-06-12T13:13:17: ✅ services.gst_mode exists
2026-06-12T13:13:17: ✅ estimatenew.gst_mode exists
2026-06-12T13:13:17: ✅ Create table pi_from_addresses
2026-06-12T13:13:17: ✅ Create table email_otp
2026-06-12T13:13:17: ✅ Create table payments
2026-06-12T13:13:17: ✅ Create table clientinvoices
2026-06-12T13:13:17: ✅ Create table messages
2026-06-12T13:13:17: ✅ Create table service_items
2026-06-12T13:13:17: ✅ Create table service_estimations
2026-06-12T13:13:17: ✅ Create table service_estimation_items
2026-06-12T13:13:17: ✅ Create table estimate_invoices
2026-06-12T13:13:17: ✅ Create table estimate_invoice_items
2026-06-12T13:13:17: ✅ Create table estimate_items
2026-06-12T13:13:17: ✅ Create table performainvoice_items
2026-06-12T13:13:17: ✅ Create table performainvoices
2026-06-12T13:13:17: ✅ Create table services
2026-06-12T13:13:17: ✅ Create table customers
2026-06-12T13:13:17: ✅ Create table quotations
2026-06-12T13:13:17: ✅ Create table quotation_items
2026-06-12T13:13:17: ✅ Create table lead_reminders
2026-06-12T13:13:17: ✅ Create table lead_activity
2026-06-12T13:13:17: ✅ Create table lead_escalations
2026-06-12T13:13:17: ✅ Create table admin_notifications
2026-06-12T13:13:17: ✅ Create table profile_change_requests
2026-06-12T13:13:17: ✅ Create table amc_alc_services
2026-06-12T13:13:17: ✅ Create table service_activity
2026-06-12T13:13:17: ✅ Create table task_targets
2026-06-12T13:13:17: ✅ Create table task_achievements
2026-06-12T13:13:17: ✅ Create table task_updates
2026-06-12T13:13:17: ✅ Create table call_reports
2026-06-12T13:13:17: ✅ Create table task_activity
2026-06-12T13:13:17: ✅ Create table notifications
2026-06-12T13:13:17: ✅ Create table task_assignments
2026-06-12T13:13:17: ✅ Create table clients
2026-06-12T13:13:17: ✅ Create table user_email_configs
2026-06-12T13:13:17: ✅ lead_reminders.reminder_time exists
2026-06-12T13:13:17: ✅ lead_reminders.missed_count exists
2026-06-12T13:13:17: ✅ lead_reminders.notification_sent exists
2026-06-12T13:13:17: ✅ lead_reminders.employee_id exists
2026-06-12T13:13:17: ✅ lead_escalations.missed_count exists
2026-06-12T13:13:17: ✅ users.status exists
2026-06-12T13:13:17: ✅ users.emp_id exists
2026-06-12T13:13:17: ✅ admin_notifications.related_id exists
2026-06-12T13:13:17: ✅ admin_notifications.related_type exists
2026-06-12T13:13:17: ✅ admin_notifications.created_by exists
2026-06-12T13:13:17: ✅ admin_notifications.priority exists
2026-06-12T13:13:17: ✅ admin_notifications.is_archived exists
2026-06-12T13:13:17: ✅ notifications.user_id exists
2026-06-12T13:13:17: ✅ notifications.type exists
2026-06-12T13:13:17: ✅ notifications.is_archived exists
2026-06-12T13:13:17: ✅ task_assignments.status exists
2026-06-12T13:13:17: ✅ teammember.mobile_number exists
2026-06-12T13:13:17: ✅ teammember.emp_id exists
2026-06-12T13:13:17: ✅ teammember.user_id exists
2026-06-12T13:13:17: ✅ teammember.emp_address exists
2026-06-12T13:13:17: ✅ telecalls.created_by exists
2026-06-12T13:13:17: ✅ telecalls.email exists
2026-06-12T13:13:17: ✅ walkins.assigned_to exists
2026-06-12T13:13:17: ✅ walkins.created_by exists
2026-06-12T13:13:17: ✅ walkins.email exists
2026-06-12T13:13:17: ✅ fields.assigned_to exists
2026-06-12T13:13:17: ✅ fields.created_by exists
2026-06-12T13:13:17: ✅ fields.email exists
2026-06-12T13:13:17: ✅ quotations.lead_id exists
2026-06-12T13:13:17: ✅ quotations.lead_type exists
2026-06-12T13:13:17: ✅ contracts.contract_type exists
2026-06-12T13:13:17: ✅ contracts.quotation_id exists
2026-06-12T13:13:17: ✅ contracts.mobile_number exists
2026-06-12T13:13:17: ✅ contracts.location_city exists
2026-06-12T13:13:17: ✅ amc_alc_services.labour_charges exists
2026-06-12T13:13:17: ✅ amc_alc_services.contract_title exists
2026-06-12T13:13:17: ✅ amc_alc_services.start_time exists
2026-06-12T13:13:17: ✅ amc_alc_services.end_time exists
2026-06-12T13:13:18: ✅ amc_alc_services.km exists
2026-06-12T13:13:18: ✅ amc_alc_services.technician exists
2026-06-12T13:13:18: ✅ amc_alc_services.sales_person exists
2026-06-12T13:13:18: ✅ amc_alc_services.remarks exists
2026-06-12T13:13:18: ✅ amc_alc_services.email exists
2026-06-12T13:13:18: ✅ amc_alc_services.next_service_date exists
2026-06-12T13:13:18: ✅ amc_alc_services.service_type exists
2026-06-12T13:13:18: ✅ task_targets.user_id exists
2026-06-12T13:13:18: ✅ task_targets.created_by_admin exists
2026-06-12T13:13:18: ✅ task_achievements.achieved_amount exists
2026-06-12T13:13:18: ✅ task_updates.amount exists
2026-06-12T13:13:18: ✅ call_reports.start_time exists
2026-06-12T13:13:18: ✅ call_reports.end_time exists
2026-06-12T13:13:18: ✅ call_reports.km exists
2026-06-12T13:13:18: ✅ call_reports.remarks exists
2026-06-12T13:13:18: ✅ call_reports.technician exists
2026-06-12T13:13:18: ✅ call_reports.sales_person exists
2026-06-12T13:13:18: ✅ tasks.assigned_teammember_id exists
2026-06-12T13:13:18: ✅ task_targets.teammember_id exists
2026-06-12T13:13:18: ✅ quotations.reference_no exists
2026-06-12T13:13:18: ✅ task_targets.carry_forward exists
2026-06-12T13:13:18: ✅ task_targets.effective_target exists
2026-06-12T13:13:18: ✅ task_targets.user_id exists
2026-06-12T13:13:18: ✅ task_targets.created_by_admin exists
2026-06-12T13:13:18: ✅ task_achievements.achieved_amount exists
2026-06-12T13:13:18: ✅ clients.created_by exists
2026-06-12T13:13:18: ✅ tasks.created_by exists
2026-06-12T13:13:18: ✅ tasks.task_description exists
2026-06-12T13:13:18: ✅ tasks.assigned_to exists
2026-06-12T13:13:18: ✅ quotations.created_by exists
2026-06-12T13:13:18: ✅ contracts.created_by exists
2026-06-12T13:13:18: ✅ contracts.client_company exists
2026-06-12T13:13:18: ✅ contracts.amount_value exists
2026-06-12T13:13:18: ✅ contracts.remaining exists
2026-06-12T13:13:18: ✅ contracts.email exists
2026-06-12T13:13:18: ✅ clientinvoices.created_by exists
2026-06-12T13:13:18: ✅ performainvoices.created_by exists
2026-06-12T13:13:18: ✅ services.created_by exists
2026-06-12T13:13:18: ✅ call_reports.created_by exists
2026-06-12T13:13:18: ✅ lead_activity.employee_id exists
2026-06-12T13:13:18: ✅ lead_escalations.missed_threshold_reached exists
2026-06-12T13:13:18: ✅ lead_escalations.employee_id exists
2026-06-12T13:13:18: ✅ performainvoices.is_latest exists
2026-06-12T13:13:18: ✅ performainvoices.version exists
2026-06-12T13:13:18: ✅ performainvoices.parent_id exists
2026-06-12T13:13:18: ✅ performa_invoice_items.uom exists
2026-06-12T13:13:18: ✅ performainvoice_items.uom exists
2026-06-12T13:13:18: ✅ task_assignments.response_notes exists
2026-06-12T13:13:18: ✅ call_reports.amount_collected exists
2026-06-12T13:13:18: ✅ call_reports.payment_mode exists
2026-06-12T13:13:18: ✅ call_reports.duration_limit exists
2026-06-12T13:13:18: ✅ call_reports.actual_duration exists
2026-06-12T13:13:18: ✅ call_reports.is_exceeded exists
2026-06-12T13:13:18: ✅ call_reports.assigned_time exists
2026-06-12T13:13:18: ✅ call_reports.call_id exists
2026-06-12T13:13:18: ✅ call_reports.session_id exists
2026-06-12T13:13:18: ✅ call_reports.client_name exists
2026-06-12T13:13:18: ✅ call_reports.staff_name exists
2026-06-12T13:13:18: ✅ call_reports.executive_name exists
2026-06-12T13:13:18: ✅ call_reports.phone exists
2026-06-12T13:13:18: ✅ call_reports.location exists
2026-06-12T13:13:18: ✅ call_reports.call_sequence exists
2026-06-12T13:13:18: ✅ call_reports.report_date exists
2026-06-12T13:13:18: ✅ call_reports.complaint exists
2026-06-12T13:13:18: ✅ call_reports.priority exists
2026-06-12T13:13:18: ✅ call_reports.call_type exists
2026-06-12T13:13:18: ✅ call_reports.payment_type exists
2026-06-12T13:13:18: ✅ call_reports.invoice_value exists
2026-06-12T13:13:18: ✅ call_reports.payment_status exists
2026-06-12T13:13:18: ✅ call_reports.petrol_charges exists
2026-06-12T13:13:18: ✅ call_reports.spare_parts_price exists
2026-06-12T13:13:18: ✅ call_reports.labour_charges exists
2026-06-12T13:13:18: ✅ call_reports.total_expenses exists
2026-06-12T13:13:18: ✅ call_reports.customer_name exists
2026-06-12T13:13:18: ✅ call_reports.mobile_number exists
2026-06-12T13:13:18: ✅ call_reports.location_city exists
2026-06-12T13:13:18: ✅ call_reports.contract_title exists
2026-06-12T13:13:18: ✅ call_reports.service_type exists
2026-06-12T13:13:18: ✅ call_reports.description exists
2026-06-12T13:13:18: ✅ call_reports.service_person exists
2026-06-12T13:13:18: ✅ call_reports.contract_id exists
2026-06-12T13:13:18: ✅ call_reports.call_referrer exists
2026-06-12T13:13:18: ✅ call_reports.step2_completed exists
2026-06-12T13:13:18: ✅ call_reports.email exists
2026-06-12T13:13:18: ✅ call_reports.status exists
2026-06-12T13:13:18: ✅ call_reports.gst_number exists
2026-06-12T13:13:18: ✅ call_reports.company_name exists
2026-06-12T13:13:18: ✅ call_reports.completed_at exists
2026-06-12T13:13:18: ✅ call_reports.carry_forward_date exists
2026-06-12T13:13:18: ✅ amc_alc_services.amount_collected exists
2026-06-12T13:13:18: ✅ amc_alc_services.payment_mode exists
2026-06-12T13:13:18: ✅ amc_alc_services.call_number exists
2026-06-12T13:13:18: ✅ amc_alc_services.breakpoints exists
2026-06-12T13:13:18: ✅ amc_alc_services.duration_limit exists
2026-06-12T13:13:18: ✅ clients.gst_number exists
2026-06-12T13:13:18: ✅ clients.company_name exists
2026-06-12T13:13:18: ✅ clients.service exists
2026-06-12T13:13:18: ✅ clients.alternate_phone exists
2026-06-12T13:13:18: ✅ clients.city exists
2026-06-12T13:13:18: ✅ clients.state exists
2026-06-12T13:13:18: ✅ clients.pincode exists
2026-06-12T13:13:18: ✅ clients.notes exists
2026-06-12T13:13:18: ✅ clients.client_status exists
2026-06-12T13:13:18: ✅ clients.original_lead_id exists
2026-06-12T13:13:18: ✅ clients.original_lead_type exists
2026-06-12T13:13:18: ✅ clients.converted_at exists
2026-06-12T13:13:18: ✅ clients.lead_email exists
2026-06-12T13:13:18: ✅ clients.lead_city exists
2026-06-12T13:13:18: ✅ clients.lead_reference exists
2026-06-12T13:13:18: ✅ clients.lead_purpose exists
2026-06-12T13:13:18: ✅ clients.client_status exists
2026-06-12T13:13:18: ✅ clients.lead_staff_name exists
2026-06-12T13:13:18: ✅ clients.lead_id_display exists
2026-06-12T13:13:18: ✅ clients.assigned_teammember_id exists
2026-06-12T13:13:18: ✅ clients.state exists
2026-06-12T13:13:18: ✅ clients.pincode exists
2026-06-12T13:13:18: ✅ users.emp_id exists
2026-06-12T13:13:18: ✅ quotations.reference_no exists
2026-06-12T13:13:18: ✅ quotations.from_address_id exists
2026-06-12T13:13:18: ✅ quotations.from_address_custom exists
2026-06-12T13:13:18: ✅ quotations.client_company exists
2026-06-12T13:13:18: ✅ quotations.client_address1 exists
2026-06-12T13:13:18: ✅ quotations.client_address2 exists
2026-06-12T13:13:18: ✅ quotations.client_city exists
2026-06-12T13:13:18: ✅ quotations.client_state exists
2026-06-12T13:13:18: ✅ quotations.client_pincode exists
2026-06-12T13:13:18: ✅ quotations.client_country exists
2026-06-12T13:13:18: ✅ quotations.tax_type exists
2026-06-12T13:13:18: ✅ quotations.custom_tax exists
2026-06-12T13:13:18: ✅ quotations.exec_name exists
2026-06-12T13:13:18: ✅ quotations.exec_phone exists
2026-06-12T13:13:18: ✅ quotations.exec_email exists
2026-06-12T13:13:18: ✅ quotations.terms_general exists
2026-06-12T13:13:18: ✅ quotations.terms_tax exists
2026-06-12T13:13:18: ✅ quotations.terms_project_period exists
2026-06-12T13:13:18: ✅ quotations.terms_validity exists
2026-06-12T13:13:18: ✅ quotations.terms_separate_orders exists
2026-06-12T13:13:18: ✅ quotations.terms_payment exists
2026-06-12T13:13:18: ✅ quotations.terms_payment_custom exists
2026-06-12T13:13:18: ✅ quotations.terms_warranty exists
2026-06-12T13:13:18: ✅ quotations.hsn_sac_code exists
2026-06-12T13:13:18: ✅ quotations.supplier_branch exists
2026-06-12T13:13:18: ✅ quotations.bank_details_id exists
2026-06-12T13:13:18: ✅ quotations.bank_company exists
2026-06-12T13:13:18: ✅ quotations.bank_name exists
2026-06-12T13:13:18: ✅ quotations.bank_account exists
2026-06-12T13:13:18: ✅ quotations.bank_ifsc exists
2026-06-12T13:13:18: ✅ quotations.bank_branch exists
2026-06-12T13:13:18: ✅ quotations.custom_terms exists
2026-06-12T13:13:18: ✅ quotations.is_latest exists
2026-06-12T13:13:18: ✅ quotations.parent_id exists
2026-06-12T13:13:18: ✅ quotations.version exists
2026-06-12T13:13:18: ✅ performainvoices.reference_no exists
2026-06-12T13:13:18: ✅ performainvoices.from_address_id exists
2026-06-12T13:13:18: ✅ performainvoices.from_address_custom exists
2026-06-12T13:13:18: ✅ performainvoices.client_company exists
2026-06-12T13:13:18: ✅ performainvoices.client_address1 exists
2026-06-12T13:13:18: ✅ performainvoices.client_address2 exists
2026-06-12T13:13:18: ✅ performainvoices.client_city exists
2026-06-12T13:13:18: ✅ performainvoices.client_state exists
2026-06-12T13:13:18: ✅ performainvoices.client_pincode exists
2026-06-12T13:13:18: ✅ performainvoices.client_country exists
2026-06-12T13:13:18: ✅ performainvoices.tax_type exists
2026-06-12T13:13:18: ✅ performainvoices.custom_tax exists
2026-06-12T13:13:18: ✅ performainvoices.exec_name exists
2026-06-12T13:13:18: ✅ performainvoices.exec_phone exists
2026-06-12T13:13:18: ✅ performainvoices.exec_email exists
2026-06-12T13:13:18: ✅ performainvoices.terms_general exists
2026-06-12T13:13:18: ✅ performainvoices.terms_tax exists
2026-06-12T13:13:18: ✅ performainvoices.terms_project_period exists
2026-06-12T13:13:18: ✅ performainvoices.terms_validity exists
2026-06-12T13:13:18: ✅ performainvoices.terms_separate_orders exists
2026-06-12T13:13:18: ✅ performainvoices.terms_payment exists
2026-06-12T13:13:18: ✅ performainvoices.terms_payment_custom exists
2026-06-12T13:13:18: ✅ performainvoices.terms_warranty exists
2026-06-12T13:13:18: ✅ performainvoices.hsn_sac_code exists
2026-06-12T13:13:18: ✅ performainvoices.supplier_branch exists
2026-06-12T13:13:18: ✅ performainvoices.bank_details_id exists
2026-06-12T13:13:18: ✅ performainvoices.bank_company exists
2026-06-12T13:13:18: ✅ performainvoices.bank_name exists
2026-06-12T13:13:18: ✅ performainvoices.bank_account exists
2026-06-12T13:13:18: ✅ performainvoices.bank_ifsc exists
2026-06-12T13:13:18: ✅ performainvoices.bank_branch exists
2026-06-12T13:13:18: ✅ performainvoices.custom_terms exists
2026-06-12T13:13:18: ✅ services.reference_no exists
2026-06-12T13:13:18: ✅ services.from_address_id exists
2026-06-12T13:13:18: ✅ services.from_address_custom exists
2026-06-12T13:13:18: ✅ services.client_company exists
2026-06-12T13:13:18: ✅ services.client_address1 exists
2026-06-12T13:13:18: ✅ services.client_address2 exists
2026-06-12T13:13:18: ✅ services.client_city exists
2026-06-12T13:13:18: ✅ services.client_state exists
2026-06-12T13:13:18: ✅ services.client_pincode exists
2026-06-12T13:13:18: ✅ services.client_country exists
2026-06-12T13:13:18: ✅ services.tax_type exists
2026-06-12T13:13:18: ✅ services.custom_tax exists
2026-06-12T13:13:18: ✅ services.exec_name exists
2026-06-12T13:13:18: ✅ services.exec_phone exists
2026-06-12T13:13:18: ✅ services.exec_email exists
2026-06-12T13:13:18: ✅ services.terms_general exists
2026-06-12T13:13:18: ✅ services.terms_tax exists
2026-06-12T13:13:18: ✅ services.terms_project_period exists
2026-06-12T13:13:18: ✅ services.terms_validity exists
2026-06-12T13:13:18: ✅ services.terms_separate_orders exists
2026-06-12T13:13:18: ✅ services.terms_payment exists
2026-06-12T13:13:18: ✅ services.terms_payment_custom exists
2026-06-12T13:13:18: ✅ services.terms_warranty exists
2026-06-12T13:13:18: ✅ services.hsn_sac_code exists
2026-06-12T13:13:18: ✅ services.supplier_branch exists
2026-06-12T13:13:18: ✅ services.bank_details_id exists
2026-06-12T13:13:18: ✅ services.bank_company exists
2026-06-12T13:13:18: ✅ services.bank_name exists
2026-06-12T13:13:18: ✅ services.bank_account exists
2026-06-12T13:13:18: ✅ services.bank_ifsc exists
2026-06-12T13:13:18: ✅ services.bank_branch exists
2026-06-12T13:13:18: ✅ services.custom_terms exists
2026-06-12T13:13:18: ✅ estimatenew.client_company exists
2026-06-12T13:13:18: ✅ estimatenew.client_address exists
2026-06-12T13:13:18: ✅ estimatenew.client_city exists
2026-06-12T13:13:18: ✅ estimatenew.client_state exists
2026-06-12T13:13:18: ✅ estimatenew.client_gst exists
2026-06-12T13:13:18: ✅ estimatenew.client_phone exists
2026-06-12T13:13:18: ✅ estimatenew.subtotal exists
2026-06-12T13:13:18: ✅ estimatenew.total_tax exists
2026-06-12T13:13:18: ✅ estimatenew.total_discount exists
2026-06-12T13:13:18: ✅ estimatenew.grand_total exists
2026-06-12T13:13:18: ✅ estimateclient.subtotal exists
2026-06-12T13:13:18: ✅ estimateclient.total_tax exists
2026-06-12T13:13:18: ✅ estimateclient.total_discount exists
2026-06-12T13:13:18: ✅ estimateclient.grand_total exists
2026-06-12T13:13:18: ✅ quotation_items.uom exists
2026-06-12T13:13:18: ✅ quotation_items.hsn_sac exists
2026-06-12T13:13:18: ✅ quotation_items.brand_model exists
2026-06-12T13:13:18: ✅ customers.gst_number exists
2026-06-12T13:13:18: ✅ customers.created_by exists
2026-06-12T13:13:18: ✅ users.last_name exists
2026-06-12T13:13:18: ✅ user_email_configs.smtp_secure exists
2026-06-12T13:13:18: ✅ user_email_configs.from_email_address exists
2026-06-12T13:13:18: ✅ user_email_configs.sender_name exists
2026-06-12T13:13:18: ✅ user_email_configs.provider exists
2026-06-12T13:13:18: ✅ user_email_configs.is_enabled exists
2026-06-12T13:13:18: ✅ users.two_factor_enabled exists
2026-06-12T13:13:18: ✅ quotations.gst_mode exists
2026-06-12T13:13:18: ✅ quotations.status exists
2026-06-12T13:13:18: ✅ performainvoices.gst_mode exists
2026-06-12T13:13:18: ✅ performainvoices.status exists
2026-06-12T13:13:18: ✅ estimate_invoices.gst_mode exists
2026-06-12T13:13:18: ✅ estimate_invoices.status exists
2026-06-12T13:13:18: ✅ service_estimations.gst_mode exists
2026-06-12T13:13:18: ✅ service_estimations.status exists
2026-06-12T13:13:18: ✅ services.gst_mode exists
2026-06-12T13:13:18: ✅ estimatenew.gst_mode exists
2026-06-12T13:13:18: Users role column updated
2026-06-12T13:13:18: Teammember emp_role updated
2026-06-12T13:13:19: Default employees seeded successfully.
2026-06-12T13:13:19: [Scheduler] Reminder escalation scheduler started (every 15 min)
2026-06-12T13:13:19: [Scheduler] End-of-day task scheduler started (daily at 6 PM)
2026-06-12T13:13:19: ✅ Server running: http://0.0.0.0:5000 [production]
2026-06-12T13:13:19: User 701 joined notifications channel
2026-06-12T13:13:19: OTP email transporter is ready
2026-06-12T13:13:22: User 708 joined notifications channel
2026-06-12T13:13:22: Admin joined notifications channel
2026-06-12T13:13:29: [Scheduler] Running initial task check...
2026-06-12T13:13:29: [Scheduler] End-of-day task check complete. Evaluated 1 incomplete tasks.
2026-06-12T13:13:29: [Scheduler] Daily summary notification already dispatched for today
2026-06-12T13:13:36: User 708 joined notifications channel
2026-06-12T13:13:36: Admin joined notifications channel
2026-06-12T13:13:37: User 701 joined notifications channel
2026-06-12T13:14:45: Client disconnected from notifications
2026-06-12T13:14:46: Client disconnected from notifications
2026-06-12T13:56:52: Client disconnected from notifications
2026-06-12T13:59:45: User 708 joined notifications channel
2026-06-12T13:59:45: Admin joined notifications channel
2026-06-12T14:00:15: ◇ injected env (12) from .env // tip: ◈ secrets for agents [www.dotenvx.com]
2026-06-12T14:00:15: ◇ injected env (0) from .env // tip: ⌘ suppress logs { quiet: true }
2026-06-12T14:00:16: Generating fresh VAPID Keys for Push Notifications...
2026-06-12T14:00:16: VAPID Keys generated and saved to backend/.env
2026-06-12T14:00:16: MySQL Connected (127.0.0.1:3306)
2026-06-12T14:00:16: Using database achme
2026-06-12T14:00:16: Database initialized successfully
2026-06-12T14:00:16: ✅ lead_reminders.reminder_time exists
2026-06-12T14:00:16: ✅ lead_reminders.missed_count exists
2026-06-12T14:00:16: ✅ lead_reminders.notification_sent exists
2026-06-12T14:00:16: ✅ lead_reminders.employee_id exists
2026-06-12T14:00:16: ✅ lead_escalations.missed_count exists
2026-06-12T14:00:16: ✅ users.status exists
2026-06-12T14:00:16: ✅ users.emp_id exists
2026-06-12T14:00:16: ✅ admin_notifications.related_id exists
2026-06-12T14:00:16: ✅ admin_notifications.related_type exists
2026-06-12T14:00:16: ✅ admin_notifications.created_by exists
2026-06-12T14:00:16: ✅ admin_notifications.priority exists
2026-06-12T14:00:16: ✅ admin_notifications.is_archived exists
2026-06-12T14:00:16: ✅ notifications.user_id exists
2026-06-12T14:00:16: ✅ notifications.type exists
2026-06-12T14:00:16: ✅ notifications.is_archived exists
2026-06-12T14:00:16: ✅ task_assignments.status exists
2026-06-12T14:00:16: ✅ teammember.mobile_number exists
2026-06-12T14:00:16: ✅ teammember.emp_id exists
2026-06-12T14:00:16: ✅ teammember.user_id exists
2026-06-12T14:00:16: ✅ teammember.emp_address exists
2026-06-12T14:00:16: ✅ telecalls.created_by exists
2026-06-12T14:00:16: ✅ telecalls.email exists
2026-06-12T14:00:16: ✅ walkins.assigned_to exists
2026-06-12T14:00:16: ✅ walkins.created_by exists
2026-06-12T14:00:16: ✅ walkins.email exists
2026-06-12T14:00:16: ✅ fields.assigned_to exists
2026-06-12T14:00:17: ✅ fields.created_by exists
2026-06-12T14:00:17: ✅ fields.email exists
2026-06-12T14:00:17: ✅ quotations.lead_id exists
2026-06-12T14:00:17: ✅ quotations.lead_type exists
2026-06-12T14:00:17: ✅ contracts.contract_type exists
2026-06-12T14:00:17: ✅ contracts.quotation_id exists
2026-06-12T14:00:17: ✅ contracts.mobile_number exists
2026-06-12T14:00:17: ✅ contracts.location_city exists
2026-06-12T14:00:17: ✅ amc_alc_services.labour_charges exists
2026-06-12T14:00:17: ✅ amc_alc_services.contract_title exists
2026-06-12T14:00:17: ✅ amc_alc_services.start_time exists
2026-06-12T14:00:17: ✅ amc_alc_services.end_time exists
2026-06-12T14:00:17: ✅ amc_alc_services.km exists
2026-06-12T14:00:17: ✅ amc_alc_services.technician exists
2026-06-12T14:00:17: ✅ amc_alc_services.sales_person exists
2026-06-12T14:00:17: ✅ amc_alc_services.remarks exists
2026-06-12T14:00:17: ✅ amc_alc_services.email exists
2026-06-12T14:00:17: ✅ amc_alc_services.next_service_date exists
2026-06-12T14:00:17: ✅ amc_alc_services.service_type exists
2026-06-12T14:00:17: ✅ task_targets.user_id exists
2026-06-12T14:00:17: ✅ task_targets.created_by_admin exists
2026-06-12T14:00:17: ✅ task_achievements.achieved_amount exists
2026-06-12T14:00:17: ✅ task_updates.amount exists
2026-06-12T14:00:17: ✅ call_reports.start_time exists
2026-06-12T14:00:17: ✅ call_reports.end_time exists
2026-06-12T14:00:17: ✅ call_reports.km exists
2026-06-12T14:00:17: ✅ call_reports.remarks exists
2026-06-12T14:00:17: ✅ call_reports.technician exists
2026-06-12T14:00:17: ✅ call_reports.sales_person exists
2026-06-12T14:00:17: ✅ tasks.assigned_teammember_id exists
2026-06-12T14:00:17: ✅ task_targets.teammember_id exists
2026-06-12T14:00:17: ✅ quotations.reference_no exists
2026-06-12T14:00:17: ✅ task_targets.carry_forward exists
2026-06-12T14:00:17: ✅ task_targets.effective_target exists
2026-06-12T14:00:17: ✅ task_targets.user_id exists
2026-06-12T14:00:17: ✅ task_targets.created_by_admin exists
2026-06-12T14:00:17: ✅ task_achievements.achieved_amount exists
2026-06-12T14:00:17: ✅ clients.created_by exists
2026-06-12T14:00:17: ✅ tasks.created_by exists
2026-06-12T14:00:17: ✅ tasks.task_description exists
2026-06-12T14:00:17: ✅ tasks.assigned_to exists
2026-06-12T14:00:17: ✅ quotations.created_by exists
2026-06-12T14:00:17: ✅ contracts.created_by exists
2026-06-12T14:00:17: ✅ contracts.client_company exists
2026-06-12T14:00:17: ✅ contracts.amount_value exists
2026-06-12T14:00:17: ✅ contracts.remaining exists
2026-06-12T14:00:17: ✅ contracts.email exists
2026-06-12T14:00:17: ✅ clientinvoices.created_by exists
2026-06-12T14:00:17: ✅ performainvoices.created_by exists
2026-06-12T14:00:17: ✅ services.created_by exists
2026-06-12T14:00:17: ✅ call_reports.created_by exists
2026-06-12T14:00:17: ✅ lead_activity.employee_id exists
2026-06-12T14:00:17: ✅ lead_escalations.missed_threshold_reached exists
2026-06-12T14:00:17: ✅ lead_escalations.employee_id exists
2026-06-12T14:00:17: ✅ performainvoices.is_latest exists
2026-06-12T14:00:17: ✅ performainvoices.version exists
2026-06-12T14:00:17: ✅ performainvoices.parent_id exists
2026-06-12T14:00:17: ✅ performa_invoice_items.uom exists
2026-06-12T14:00:17: ✅ performainvoice_items.uom exists
2026-06-12T14:00:17: ✅ task_assignments.response_notes exists
2026-06-12T14:00:17: ✅ call_reports.amount_collected exists
2026-06-12T14:00:17: ✅ call_reports.payment_mode exists
2026-06-12T14:00:17: ✅ call_reports.duration_limit exists
2026-06-12T14:00:17: ✅ call_reports.actual_duration exists
2026-06-12T14:00:17: ✅ call_reports.is_exceeded exists
2026-06-12T14:00:17: ✅ call_reports.assigned_time exists
2026-06-12T14:00:17: ✅ call_reports.call_id exists
2026-06-12T14:00:17: ✅ call_reports.session_id exists
2026-06-12T14:00:17: ✅ call_reports.client_name exists
2026-06-12T14:00:17: ✅ call_reports.staff_name exists
2026-06-12T14:00:17: ✅ call_reports.executive_name exists
2026-06-12T14:00:17: ✅ call_reports.phone exists
2026-06-12T14:00:17: ✅ call_reports.location exists
2026-06-12T14:00:17: ✅ call_reports.call_sequence exists
2026-06-12T14:00:17: ✅ call_reports.report_date exists
2026-06-12T14:00:17: ✅ call_reports.complaint exists
2026-06-12T14:00:17: ✅ call_reports.priority exists
2026-06-12T14:00:17: ✅ call_reports.call_type exists
2026-06-12T14:00:17: ✅ call_reports.payment_type exists
2026-06-12T14:00:17: ✅ call_reports.invoice_value exists
2026-06-12T14:00:17: ✅ call_reports.payment_status exists
2026-06-12T14:00:17: ✅ call_reports.petrol_charges exists
2026-06-12T14:00:17: ✅ call_reports.spare_parts_price exists
2026-06-12T14:00:17: ✅ call_reports.labour_charges exists
2026-06-12T14:00:17: ✅ call_reports.total_expenses exists
2026-06-12T14:00:17: ✅ call_reports.customer_name exists
2026-06-12T14:00:17: ✅ call_reports.mobile_number exists
2026-06-12T14:00:17: ✅ call_reports.location_city exists
2026-06-12T14:00:17: ✅ call_reports.contract_title exists
2026-06-12T14:00:17: ✅ call_reports.service_type exists
2026-06-12T14:00:17: ✅ call_reports.description exists
2026-06-12T14:00:17: ✅ call_reports.service_person exists
2026-06-12T14:00:17: ✅ call_reports.contract_id exists
2026-06-12T14:00:17: ✅ call_reports.call_referrer exists
2026-06-12T14:00:17: ✅ call_reports.step2_completed exists
2026-06-12T14:00:17: ✅ call_reports.email exists
2026-06-12T14:00:17: ✅ call_reports.status exists
2026-06-12T14:00:17: ✅ call_reports.gst_number exists
2026-06-12T14:00:17: ✅ call_reports.company_name exists
2026-06-12T14:00:17: ✅ call_reports.completed_at exists
2026-06-12T14:00:17: ✅ call_reports.carry_forward_date exists
2026-06-12T14:00:17: ✅ amc_alc_services.amount_collected exists
2026-06-12T14:00:17: ✅ amc_alc_services.payment_mode exists
2026-06-12T14:00:17: ✅ amc_alc_services.call_number exists
2026-06-12T14:00:17: ✅ amc_alc_services.breakpoints exists
2026-06-12T14:00:17: ✅ amc_alc_services.duration_limit exists
2026-06-12T14:00:17: ✅ clients.gst_number exists
2026-06-12T14:00:17: ✅ clients.company_name exists
2026-06-12T14:00:17: ✅ clients.service exists
2026-06-12T14:00:17: ✅ clients.alternate_phone exists
2026-06-12T14:00:17: ✅ clients.city exists
2026-06-12T14:00:17: ✅ clients.state exists
2026-06-12T14:00:17: ✅ clients.pincode exists
2026-06-12T14:00:17: ✅ clients.notes exists
2026-06-12T14:00:17: ✅ clients.client_status exists
2026-06-12T14:00:17: ✅ clients.original_lead_id exists
2026-06-12T14:00:17: ✅ clients.original_lead_type exists
2026-06-12T14:00:17: ✅ clients.converted_at exists
2026-06-12T14:00:17: ✅ clients.lead_email exists
2026-06-12T14:00:17: ✅ clients.lead_city exists
2026-06-12T14:00:17: ✅ clients.lead_reference exists
2026-06-12T14:00:17: ✅ clients.lead_purpose exists
2026-06-12T14:00:17: ✅ clients.client_status exists
2026-06-12T14:00:17: ✅ clients.lead_staff_name exists
2026-06-12T14:00:17: ✅ clients.lead_id_display exists
2026-06-12T14:00:17: ✅ clients.assigned_teammember_id exists
2026-06-12T14:00:17: ✅ clients.state exists
2026-06-12T14:00:17: ✅ clients.pincode exists
2026-06-12T14:00:17: ✅ users.emp_id exists
2026-06-12T14:00:17: ✅ quotations.reference_no exists
2026-06-12T14:00:17: ✅ quotations.from_address_id exists
2026-06-12T14:00:17: ✅ quotations.from_address_custom exists
2026-06-12T14:00:17: ✅ quotations.client_company exists
2026-06-12T14:00:17: ✅ quotations.client_address1 exists
2026-06-12T14:00:17: ✅ quotations.client_address2 exists
2026-06-12T14:00:17: ✅ quotations.client_city exists
2026-06-12T14:00:17: ✅ quotations.client_state exists
2026-06-12T14:00:17: ✅ quotations.client_pincode exists
2026-06-12T14:00:17: ✅ quotations.client_country exists
2026-06-12T14:00:17: ✅ quotations.tax_type exists
2026-06-12T14:00:17: ✅ quotations.custom_tax exists
2026-06-12T14:00:17: ✅ quotations.exec_name exists
2026-06-12T14:00:17: ✅ quotations.exec_phone exists
2026-06-12T14:00:17: ✅ quotations.exec_email exists
2026-06-12T14:00:17: ✅ quotations.terms_general exists
2026-06-12T14:00:17: ✅ quotations.terms_tax exists
2026-06-12T14:00:17: ✅ quotations.terms_project_period exists
2026-06-12T14:00:17: ✅ quotations.terms_validity exists
2026-06-12T14:00:17: ✅ quotations.terms_separate_orders exists
2026-06-12T14:00:17: ✅ quotations.terms_payment exists
2026-06-12T14:00:17: ✅ quotations.terms_payment_custom exists
2026-06-12T14:00:17: ✅ quotations.terms_warranty exists
2026-06-12T14:00:17: ✅ quotations.hsn_sac_code exists
2026-06-12T14:00:17: ✅ quotations.supplier_branch exists
2026-06-12T14:00:17: ✅ quotations.bank_details_id exists
2026-06-12T14:00:17: ✅ quotations.bank_company exists
2026-06-12T14:00:17: ✅ quotations.bank_name exists
2026-06-12T14:00:17: ✅ quotations.bank_account exists
2026-06-12T14:00:17: ✅ quotations.bank_ifsc exists
2026-06-12T14:00:17: ✅ quotations.bank_branch exists
2026-06-12T14:00:17: ✅ quotations.custom_terms exists
2026-06-12T14:00:17: ✅ quotations.is_latest exists
2026-06-12T14:00:17: ✅ quotations.parent_id exists
2026-06-12T14:00:17: ✅ quotations.version exists
2026-06-12T14:00:17: ✅ performainvoices.reference_no exists
2026-06-12T14:00:17: ✅ performainvoices.from_address_id exists
2026-06-12T14:00:17: ✅ performainvoices.from_address_custom exists
2026-06-12T14:00:17: ✅ performainvoices.client_company exists
2026-06-12T14:00:17: ✅ performainvoices.client_address1 exists
2026-06-12T14:00:17: ✅ performainvoices.client_address2 exists
2026-06-12T14:00:17: ✅ performainvoices.client_city exists
2026-06-12T14:00:17: ✅ performainvoices.client_state exists
2026-06-12T14:00:17: ✅ performainvoices.client_pincode exists
2026-06-12T14:00:17: ✅ performainvoices.client_country exists
2026-06-12T14:00:17: ✅ performainvoices.tax_type exists
2026-06-12T14:00:17: ✅ performainvoices.custom_tax exists
2026-06-12T14:00:17: ✅ performainvoices.exec_name exists
2026-06-12T14:00:17: ✅ performainvoices.exec_phone exists
2026-06-12T14:00:17: ✅ performainvoices.exec_email exists
2026-06-12T14:00:17: ✅ performainvoices.terms_general exists
2026-06-12T14:00:17: ✅ performainvoices.terms_tax exists
2026-06-12T14:00:17: ✅ performainvoices.terms_project_period exists
2026-06-12T14:00:17: ✅ performainvoices.terms_validity exists
2026-06-12T14:00:17: ✅ performainvoices.terms_separate_orders exists
2026-06-12T14:00:17: ✅ performainvoices.terms_payment exists
2026-06-12T14:00:17: ✅ performainvoices.terms_payment_custom exists
2026-06-12T14:00:17: ✅ performainvoices.terms_warranty exists
2026-06-12T14:00:17: ✅ performainvoices.hsn_sac_code exists
2026-06-12T14:00:17: ✅ performainvoices.supplier_branch exists
2026-06-12T14:00:17: ✅ performainvoices.bank_details_id exists
2026-06-12T14:00:17: ✅ performainvoices.bank_company exists
2026-06-12T14:00:17: ✅ performainvoices.bank_name exists
2026-06-12T14:00:17: ✅ performainvoices.bank_account exists
2026-06-12T14:00:17: ✅ performainvoices.bank_ifsc exists
2026-06-12T14:00:17: ✅ performainvoices.bank_branch exists
2026-06-12T14:00:17: ✅ performainvoices.custom_terms exists
2026-06-12T14:00:17: ✅ services.reference_no exists
2026-06-12T14:00:17: ✅ services.from_address_id exists
2026-06-12T14:00:17: ✅ services.from_address_custom exists
2026-06-12T14:00:17: ✅ services.client_company exists
2026-06-12T14:00:17: ✅ services.client_address1 exists
2026-06-12T14:00:17: ✅ services.client_address2 exists
2026-06-12T14:00:17: ✅ services.client_city exists
2026-06-12T14:00:17: ✅ services.client_state exists
2026-06-12T14:00:17: ✅ services.client_pincode exists
2026-06-12T14:00:17: ✅ services.client_country exists
2026-06-12T14:00:17: ✅ services.tax_type exists
2026-06-12T14:00:17: ✅ services.custom_tax exists
2026-06-12T14:00:17: ✅ services.exec_name exists
2026-06-12T14:00:17: ✅ services.exec_phone exists
2026-06-12T14:00:17: ✅ services.exec_email exists
2026-06-12T14:00:17: ✅ services.terms_general exists
2026-06-12T14:00:17: ✅ services.terms_tax exists
2026-06-12T14:00:17: ✅ services.terms_project_period exists
2026-06-12T14:00:17: ✅ services.terms_validity exists
2026-06-12T14:00:17: ✅ services.terms_separate_orders exists
2026-06-12T14:00:17: ✅ services.terms_payment exists
2026-06-12T14:00:17: ✅ services.terms_payment_custom exists
2026-06-12T14:00:17: ✅ services.terms_warranty exists
2026-06-12T14:00:17: ✅ services.hsn_sac_code exists
2026-06-12T14:00:17: ✅ services.supplier_branch exists
2026-06-12T14:00:17: ✅ services.bank_details_id exists
2026-06-12T14:00:17: ✅ services.bank_company exists
2026-06-12T14:00:17: ✅ services.bank_name exists
2026-06-12T14:00:17: ✅ services.bank_account exists
2026-06-12T14:00:17: ✅ services.bank_ifsc exists
2026-06-12T14:00:17: ✅ services.bank_branch exists
2026-06-12T14:00:17: ✅ services.custom_terms exists
2026-06-12T14:00:17: ✅ estimatenew.client_company exists
2026-06-12T14:00:17: ✅ estimatenew.client_address exists
2026-06-12T14:00:17: ✅ estimatenew.client_city exists
2026-06-12T14:00:17: ✅ estimatenew.client_state exists
2026-06-12T14:00:17: ✅ estimatenew.client_gst exists
2026-06-12T14:00:17: ✅ estimatenew.client_phone exists
2026-06-12T14:00:17: ✅ estimatenew.subtotal exists
2026-06-12T14:00:17: ✅ estimatenew.total_tax exists
2026-06-12T14:00:17: ✅ estimatenew.total_discount exists
2026-06-12T14:00:17: ✅ estimatenew.grand_total exists
2026-06-12T14:00:17: ✅ estimateclient.subtotal exists
2026-06-12T14:00:17: ✅ estimateclient.total_tax exists
2026-06-12T14:00:17: ✅ estimateclient.total_discount exists
2026-06-12T14:00:17: ✅ estimateclient.grand_total exists
2026-06-12T14:00:17: ✅ quotation_items.uom exists
2026-06-12T14:00:17: ✅ quotation_items.hsn_sac exists
2026-06-12T14:00:17: ✅ quotation_items.brand_model exists
2026-06-12T14:00:17: ✅ customers.gst_number exists
2026-06-12T14:00:17: ✅ customers.created_by exists
2026-06-12T14:00:17: ✅ users.last_name exists
2026-06-12T14:00:17: ✅ user_email_configs.smtp_secure exists
2026-06-12T14:00:17: ✅ user_email_configs.from_email_address exists
2026-06-12T14:00:17: ✅ user_email_configs.sender_name exists
2026-06-12T14:00:17: ✅ user_email_configs.provider exists
2026-06-12T14:00:17: ✅ user_email_configs.is_enabled exists
2026-06-12T14:00:17: ✅ users.two_factor_enabled exists
2026-06-12T14:00:17: ✅ quotations.gst_mode exists
2026-06-12T14:00:17: ✅ quotations.status exists
2026-06-12T14:00:17: ✅ performainvoices.gst_mode exists
2026-06-12T14:00:17: ✅ performainvoices.status exists
2026-06-12T14:00:17: ✅ estimate_invoices.gst_mode exists
2026-06-12T14:00:17: ✅ estimate_invoices.status exists
2026-06-12T14:00:17: ✅ service_estimations.gst_mode exists
2026-06-12T14:00:17: ✅ service_estimations.status exists
2026-06-12T14:00:17: ✅ services.gst_mode exists
2026-06-12T14:00:17: ✅ estimatenew.gst_mode exists
2026-06-12T14:00:17: ✅ Create table pi_from_addresses
2026-06-12T14:00:17: ✅ Create table email_otp
2026-06-12T14:00:17: ✅ Create table payments
2026-06-12T14:00:17: ✅ Create table clientinvoices
2026-06-12T14:00:17: ✅ Create table messages
2026-06-12T14:00:17: ✅ Create table service_items
2026-06-12T14:00:17: ✅ Create table service_estimations
2026-06-12T14:00:17: ✅ Create table service_estimation_items
2026-06-12T14:00:17: ✅ Create table estimate_invoices
2026-06-12T14:00:17: ✅ Create table estimate_invoice_items
2026-06-12T14:00:17: ✅ Create table estimate_items
2026-06-12T14:00:17: ✅ Create table performainvoice_items
2026-06-12T14:00:17: ✅ Create table performainvoices
2026-06-12T14:00:17: ✅ Create table services
2026-06-12T14:00:17: ✅ Create table customers
2026-06-12T14:00:17: ✅ Create table quotations
2026-06-12T14:00:17: ✅ Create table quotation_items
2026-06-12T14:00:17: ✅ Create table lead_reminders
2026-06-12T14:00:17: ✅ Create table lead_activity
2026-06-12T14:00:17: ✅ Create table lead_escalations
2026-06-12T14:00:17: ✅ Create table admin_notifications
2026-06-12T14:00:17: ✅ Create table profile_change_requests
2026-06-12T14:00:17: ✅ Create table amc_alc_services
2026-06-12T14:00:17: ✅ Create table service_activity
2026-06-12T14:00:17: ✅ Create table task_targets
2026-06-12T14:00:17: ✅ Create table task_achievements
2026-06-12T14:00:17: ✅ Create table task_updates
2026-06-12T14:00:17: ✅ Create table call_reports
2026-06-12T14:00:17: ✅ Create table task_activity
2026-06-12T14:00:17: ✅ Create table notifications
2026-06-12T14:00:17: ✅ Create table task_assignments
2026-06-12T14:00:17: ✅ Create table clients
2026-06-12T14:00:17: ✅ Create table user_email_configs
2026-06-12T14:00:17: ✅ lead_reminders.reminder_time exists
2026-06-12T14:00:17: ✅ lead_reminders.missed_count exists
2026-06-12T14:00:17: ✅ lead_reminders.notification_sent exists
2026-06-12T14:00:17: ✅ lead_reminders.employee_id exists
2026-06-12T14:00:17: ✅ lead_escalations.missed_count exists
2026-06-12T14:00:17: ✅ users.status exists
2026-06-12T14:00:17: ✅ users.emp_id exists
2026-06-12T14:00:17: ✅ admin_notifications.related_id exists
2026-06-12T14:00:17: ✅ admin_notifications.related_type exists
2026-06-12T14:00:17: ✅ admin_notifications.created_by exists
2026-06-12T14:00:17: ✅ admin_notifications.priority exists
2026-06-12T14:00:17: ✅ admin_notifications.is_archived exists
2026-06-12T14:00:17: ✅ notifications.user_id exists
2026-06-12T14:00:17: ✅ notifications.type exists
2026-06-12T14:00:17: ✅ notifications.is_archived exists
2026-06-12T14:00:17: ✅ task_assignments.status exists
2026-06-12T14:00:17: ✅ teammember.mobile_number exists
2026-06-12T14:00:17: ✅ teammember.emp_id exists
2026-06-12T14:00:17: ✅ teammember.user_id exists
2026-06-12T14:00:17: ✅ teammember.emp_address exists
2026-06-12T14:00:17: ✅ telecalls.created_by exists
2026-06-12T14:00:17: ✅ telecalls.email exists
2026-06-12T14:00:17: ✅ walkins.assigned_to exists
2026-06-12T14:00:17: ✅ walkins.created_by exists
2026-06-12T14:00:17: ✅ walkins.email exists
2026-06-12T14:00:17: ✅ fields.assigned_to exists
2026-06-12T14:00:17: ✅ fields.created_by exists
2026-06-12T14:00:17: ✅ fields.email exists
2026-06-12T14:00:17: ✅ quotations.lead_id exists
2026-06-12T14:00:17: ✅ quotations.lead_type exists
2026-06-12T14:00:17: ✅ contracts.contract_type exists
2026-06-12T14:00:17: ✅ contracts.quotation_id exists
2026-06-12T14:00:17: ✅ contracts.mobile_number exists
2026-06-12T14:00:17: ✅ contracts.location_city exists
2026-06-12T14:00:17: ✅ amc_alc_services.labour_charges exists
2026-06-12T14:00:17: ✅ amc_alc_services.contract_title exists
2026-06-12T14:00:17: ✅ amc_alc_services.start_time exists
2026-06-12T14:00:17: ✅ amc_alc_services.end_time exists
2026-06-12T14:00:17: ✅ amc_alc_services.km exists
2026-06-12T14:00:17: ✅ amc_alc_services.technician exists
2026-06-12T14:00:17: ✅ amc_alc_services.sales_person exists
2026-06-12T14:00:17: ✅ amc_alc_services.remarks exists
2026-06-12T14:00:17: ✅ amc_alc_services.email exists
2026-06-12T14:00:17: ✅ amc_alc_services.next_service_date exists
2026-06-12T14:00:17: ✅ amc_alc_services.service_type exists
2026-06-12T14:00:17: ✅ task_targets.user_id exists
2026-06-12T14:00:17: ✅ task_targets.created_by_admin exists
2026-06-12T14:00:17: ✅ task_achievements.achieved_amount exists
2026-06-12T14:00:17: ✅ task_updates.amount exists
2026-06-12T14:00:17: ✅ call_reports.start_time exists
2026-06-12T14:00:17: ✅ call_reports.end_time exists
2026-06-12T14:00:17: ✅ call_reports.km exists
2026-06-12T14:00:17: ✅ call_reports.remarks exists
2026-06-12T14:00:17: ✅ call_reports.technician exists
2026-06-12T14:00:17: ✅ call_reports.sales_person exists
2026-06-12T14:00:17: ✅ tasks.assigned_teammember_id exists
2026-06-12T14:00:17: ✅ task_targets.teammember_id exists
2026-06-12T14:00:17: ✅ quotations.reference_no exists
2026-06-12T14:00:17: ✅ task_targets.carry_forward exists
2026-06-12T14:00:17: ✅ task_targets.effective_target exists
2026-06-12T14:00:17: ✅ task_targets.user_id exists
2026-06-12T14:00:17: ✅ task_targets.created_by_admin exists
2026-06-12T14:00:17: ✅ task_achievements.achieved_amount exists
2026-06-12T14:00:17: ✅ clients.created_by exists
2026-06-12T14:00:18: ✅ tasks.created_by exists
2026-06-12T14:00:18: ✅ tasks.task_description exists
2026-06-12T14:00:18: ✅ tasks.assigned_to exists
2026-06-12T14:00:18: ✅ quotations.created_by exists
2026-06-12T14:00:18: ✅ contracts.created_by exists
2026-06-12T14:00:18: ✅ contracts.client_company exists
2026-06-12T14:00:18: ✅ contracts.amount_value exists
2026-06-12T14:00:18: ✅ contracts.remaining exists
2026-06-12T14:00:18: ✅ contracts.email exists
2026-06-12T14:00:18: ✅ clientinvoices.created_by exists
2026-06-12T14:00:18: ✅ performainvoices.created_by exists
2026-06-12T14:00:18: ✅ services.created_by exists
2026-06-12T14:00:18: ✅ call_reports.created_by exists
2026-06-12T14:00:18: ✅ lead_activity.employee_id exists
2026-06-12T14:00:18: ✅ lead_escalations.missed_threshold_reached exists
2026-06-12T14:00:18: ✅ lead_escalations.employee_id exists
2026-06-12T14:00:18: ✅ performainvoices.is_latest exists
2026-06-12T14:00:18: ✅ performainvoices.version exists
2026-06-12T14:00:18: ✅ performainvoices.parent_id exists
2026-06-12T14:00:18: ✅ performa_invoice_items.uom exists
2026-06-12T14:00:18: ✅ performainvoice_items.uom exists
2026-06-12T14:00:18: ✅ task_assignments.response_notes exists
2026-06-12T14:00:18: ✅ call_reports.amount_collected exists
2026-06-12T14:00:18: ✅ call_reports.payment_mode exists
2026-06-12T14:00:18: ✅ call_reports.duration_limit exists
2026-06-12T14:00:18: ✅ call_reports.actual_duration exists
2026-06-12T14:00:18: ✅ call_reports.is_exceeded exists
2026-06-12T14:00:18: ✅ call_reports.assigned_time exists
2026-06-12T14:00:18: ✅ call_reports.call_id exists
2026-06-12T14:00:18: ✅ call_reports.session_id exists
2026-06-12T14:00:18: ✅ call_reports.client_name exists
2026-06-12T14:00:18: ✅ call_reports.staff_name exists
2026-06-12T14:00:18: ✅ call_reports.executive_name exists
2026-06-12T14:00:18: ✅ call_reports.phone exists
2026-06-12T14:00:18: ✅ call_reports.location exists
2026-06-12T14:00:18: ✅ call_reports.call_sequence exists
2026-06-12T14:00:18: ✅ call_reports.report_date exists
2026-06-12T14:00:18: ✅ call_reports.complaint exists
2026-06-12T14:00:18: ✅ call_reports.priority exists
2026-06-12T14:00:18: ✅ call_reports.call_type exists
2026-06-12T14:00:18: ✅ call_reports.payment_type exists
2026-06-12T14:00:18: ✅ call_reports.invoice_value exists
2026-06-12T14:00:18: ✅ call_reports.payment_status exists
2026-06-12T14:00:18: ✅ call_reports.petrol_charges exists
2026-06-12T14:00:18: ✅ call_reports.spare_parts_price exists
2026-06-12T14:00:18: ✅ call_reports.labour_charges exists
2026-06-12T14:00:18: ✅ call_reports.total_expenses exists
2026-06-12T14:00:18: ✅ call_reports.customer_name exists
2026-06-12T14:00:18: ✅ call_reports.mobile_number exists
2026-06-12T14:00:18: ✅ call_reports.location_city exists
2026-06-12T14:00:18: ✅ call_reports.contract_title exists
2026-06-12T14:00:18: ✅ call_reports.service_type exists
2026-06-12T14:00:18: ✅ call_reports.description exists
2026-06-12T14:00:18: ✅ call_reports.service_person exists
2026-06-12T14:00:18: ✅ call_reports.contract_id exists
2026-06-12T14:00:18: ✅ call_reports.call_referrer exists
2026-06-12T14:00:18: ✅ call_reports.step2_completed exists
2026-06-12T14:00:18: ✅ call_reports.email exists
2026-06-12T14:00:18: ✅ call_reports.status exists
2026-06-12T14:00:18: ✅ call_reports.gst_number exists
2026-06-12T14:00:18: ✅ call_reports.company_name exists
2026-06-12T14:00:18: ✅ call_reports.completed_at exists
2026-06-12T14:00:18: ✅ call_reports.carry_forward_date exists
2026-06-12T14:00:18: ✅ amc_alc_services.amount_collected exists
2026-06-12T14:00:18: ✅ amc_alc_services.payment_mode exists
2026-06-12T14:00:18: ✅ amc_alc_services.call_number exists
2026-06-12T14:00:18: ✅ amc_alc_services.breakpoints exists
2026-06-12T14:00:18: ✅ amc_alc_services.duration_limit exists
2026-06-12T14:00:18: ✅ clients.gst_number exists
2026-06-12T14:00:18: ✅ clients.company_name exists
2026-06-12T14:00:18: ✅ clients.service exists
2026-06-12T14:00:18: ✅ clients.alternate_phone exists
2026-06-12T14:00:18: ✅ clients.city exists
2026-06-12T14:00:18: ✅ clients.state exists
2026-06-12T14:00:18: ✅ clients.pincode exists
2026-06-12T14:00:18: ✅ clients.notes exists
2026-06-12T14:00:18: ✅ clients.client_status exists
2026-06-12T14:00:18: ✅ clients.original_lead_id exists
2026-06-12T14:00:18: ✅ clients.original_lead_type exists
2026-06-12T14:00:18: ✅ clients.converted_at exists
2026-06-12T14:00:18: ✅ clients.lead_email exists
2026-06-12T14:00:18: ✅ clients.lead_city exists
2026-06-12T14:00:18: ✅ clients.lead_reference exists
2026-06-12T14:00:18: ✅ clients.lead_purpose exists
2026-06-12T14:00:18: ✅ clients.client_status exists
2026-06-12T14:00:18: ✅ clients.lead_staff_name exists
2026-06-12T14:00:18: ✅ clients.lead_id_display exists
2026-06-12T14:00:18: ✅ clients.assigned_teammember_id exists
2026-06-12T14:00:18: ✅ clients.state exists
2026-06-12T14:00:18: ✅ clients.pincode exists
2026-06-12T14:00:18: ✅ users.emp_id exists
2026-06-12T14:00:18: ✅ quotations.reference_no exists
2026-06-12T14:00:18: ✅ quotations.from_address_id exists
2026-06-12T14:00:18: ✅ quotations.from_address_custom exists
2026-06-12T14:00:18: ✅ quotations.client_company exists
2026-06-12T14:00:18: ✅ quotations.client_address1 exists
2026-06-12T14:00:18: ✅ quotations.client_address2 exists
2026-06-12T14:00:18: ✅ quotations.client_city exists
2026-06-12T14:00:18: ✅ quotations.client_state exists
2026-06-12T14:00:18: ✅ quotations.client_pincode exists
2026-06-12T14:00:18: ✅ quotations.client_country exists
2026-06-12T14:00:18: ✅ quotations.tax_type exists
2026-06-12T14:00:18: ✅ quotations.custom_tax exists
2026-06-12T14:00:18: ✅ quotations.exec_name exists
2026-06-12T14:00:18: ✅ quotations.exec_phone exists
2026-06-12T14:00:18: ✅ quotations.exec_email exists
2026-06-12T14:00:18: ✅ quotations.terms_general exists
2026-06-12T14:00:18: ✅ quotations.terms_tax exists
2026-06-12T14:00:18: ✅ quotations.terms_project_period exists
2026-06-12T14:00:18: ✅ quotations.terms_validity exists
2026-06-12T14:00:18: ✅ quotations.terms_separate_orders exists
2026-06-12T14:00:18: ✅ quotations.terms_payment exists
2026-06-12T14:00:18: ✅ quotations.terms_payment_custom exists
2026-06-12T14:00:18: ✅ quotations.terms_warranty exists
2026-06-12T14:00:18: ✅ quotations.hsn_sac_code exists
2026-06-12T14:00:18: ✅ quotations.supplier_branch exists
2026-06-12T14:00:18: ✅ quotations.bank_details_id exists
2026-06-12T14:00:18: ✅ quotations.bank_company exists
2026-06-12T14:00:18: ✅ quotations.bank_name exists
2026-06-12T14:00:18: ✅ quotations.bank_account exists
2026-06-12T14:00:18: ✅ quotations.bank_ifsc exists
2026-06-12T14:00:18: ✅ quotations.bank_branch exists
2026-06-12T14:00:18: ✅ quotations.custom_terms exists
2026-06-12T14:00:18: ✅ quotations.is_latest exists
2026-06-12T14:00:18: ✅ quotations.parent_id exists
2026-06-12T14:00:18: ✅ quotations.version exists
2026-06-12T14:00:18: ✅ performainvoices.reference_no exists
2026-06-12T14:00:18: ✅ performainvoices.from_address_id exists
2026-06-12T14:00:18: ✅ performainvoices.from_address_custom exists
2026-06-12T14:00:18: ✅ performainvoices.client_company exists
2026-06-12T14:00:18: ✅ performainvoices.client_address1 exists
2026-06-12T14:00:18: ✅ performainvoices.client_address2 exists
2026-06-12T14:00:18: ✅ performainvoices.client_city exists
2026-06-12T14:00:18: ✅ performainvoices.client_state exists
2026-06-12T14:00:18: ✅ performainvoices.client_pincode exists
2026-06-12T14:00:18: ✅ performainvoices.client_country exists
2026-06-12T14:00:18: ✅ performainvoices.tax_type exists
2026-06-12T14:00:18: ✅ performainvoices.custom_tax exists
2026-06-12T14:00:18: ✅ performainvoices.exec_name exists
2026-06-12T14:00:18: ✅ performainvoices.exec_phone exists
2026-06-12T14:00:18: ✅ performainvoices.exec_email exists
2026-06-12T14:00:18: ✅ performainvoices.terms_general exists
2026-06-12T14:00:18: ✅ performainvoices.terms_tax exists
2026-06-12T14:00:18: ✅ performainvoices.terms_project_period exists
2026-06-12T14:00:18: ✅ performainvoices.terms_validity exists
2026-06-12T14:00:18: ✅ performainvoices.terms_separate_orders exists
2026-06-12T14:00:18: ✅ performainvoices.terms_payment exists
2026-06-12T14:00:18: ✅ performainvoices.terms_payment_custom exists
2026-06-12T14:00:18: ✅ performainvoices.terms_warranty exists
2026-06-12T14:00:18: ✅ performainvoices.hsn_sac_code exists
2026-06-12T14:00:18: ✅ performainvoices.supplier_branch exists
2026-06-12T14:00:18: ✅ performainvoices.bank_details_id exists
2026-06-12T14:00:18: ✅ performainvoices.bank_company exists
2026-06-12T14:00:18: ✅ performainvoices.bank_name exists
2026-06-12T14:00:18: ✅ performainvoices.bank_account exists
2026-06-12T14:00:18: ✅ performainvoices.bank_ifsc exists
2026-06-12T14:00:18: ✅ performainvoices.bank_branch exists
2026-06-12T14:00:18: ✅ performainvoices.custom_terms exists
2026-06-12T14:00:18: ✅ services.reference_no exists
2026-06-12T14:00:18: ✅ services.from_address_id exists
2026-06-12T14:00:18: ✅ services.from_address_custom exists
2026-06-12T14:00:18: ✅ services.client_company exists
2026-06-12T14:00:18: ✅ services.client_address1 exists
2026-06-12T14:00:18: ✅ services.client_address2 exists
2026-06-12T14:00:18: ✅ services.client_city exists
2026-06-12T14:00:18: ✅ services.client_state exists
2026-06-12T14:00:18: ✅ services.client_pincode exists
2026-06-12T14:00:18: ✅ services.client_country exists
2026-06-12T14:00:18: ✅ services.tax_type exists
2026-06-12T14:00:18: ✅ services.custom_tax exists
2026-06-12T14:00:18: ✅ services.exec_name exists
2026-06-12T14:00:18: ✅ services.exec_phone exists
2026-06-12T14:00:18: ✅ services.exec_email exists
2026-06-12T14:00:18: ✅ services.terms_general exists
2026-06-12T14:00:18: ✅ services.terms_tax exists
2026-06-12T14:00:18: ✅ services.terms_project_period exists
2026-06-12T14:00:18: ✅ services.terms_validity exists
2026-06-12T14:00:18: ✅ services.terms_separate_orders exists
2026-06-12T14:00:18: ✅ services.terms_payment exists
2026-06-12T14:00:18: ✅ services.terms_payment_custom exists
2026-06-12T14:00:18: ✅ services.terms_warranty exists
2026-06-12T14:00:18: ✅ services.hsn_sac_code exists
2026-06-12T14:00:18: ✅ services.supplier_branch exists
2026-06-12T14:00:18: ✅ services.bank_details_id exists
2026-06-12T14:00:18: ✅ services.bank_company exists
2026-06-12T14:00:18: ✅ services.bank_name exists
2026-06-12T14:00:18: ✅ services.bank_account exists
2026-06-12T14:00:18: ✅ services.bank_ifsc exists
2026-06-12T14:00:18: ✅ services.bank_branch exists
2026-06-12T14:00:18: ✅ services.custom_terms exists
2026-06-12T14:00:18: ✅ estimatenew.client_company exists
2026-06-12T14:00:18: ✅ estimatenew.client_address exists
2026-06-12T14:00:18: ✅ estimatenew.client_city exists
2026-06-12T14:00:18: ✅ estimatenew.client_state exists
2026-06-12T14:00:18: ✅ estimatenew.client_gst exists
2026-06-12T14:00:18: ✅ estimatenew.client_phone exists
2026-06-12T14:00:18: ✅ estimatenew.subtotal exists
2026-06-12T14:00:18: ✅ estimatenew.total_tax exists
2026-06-12T14:00:18: ✅ estimatenew.total_discount exists
2026-06-12T14:00:18: ✅ estimatenew.grand_total exists
2026-06-12T14:00:18: ✅ estimateclient.subtotal exists
2026-06-12T14:00:18: ✅ estimateclient.total_tax exists
2026-06-12T14:00:18: ✅ estimateclient.total_discount exists
2026-06-12T14:00:18: ✅ estimateclient.grand_total exists
2026-06-12T14:00:18: ✅ quotation_items.uom exists
2026-06-12T14:00:18: ✅ quotation_items.hsn_sac exists
2026-06-12T14:00:18: ✅ quotation_items.brand_model exists
2026-06-12T14:00:18: ✅ customers.gst_number exists
2026-06-12T14:00:18: ✅ customers.created_by exists
2026-06-12T14:00:18: ✅ users.last_name exists
2026-06-12T14:00:18: ✅ user_email_configs.smtp_secure exists
2026-06-12T14:00:18: ✅ user_email_configs.from_email_address exists
2026-06-12T14:00:18: ✅ user_email_configs.sender_name exists
2026-06-12T14:00:18: ✅ user_email_configs.provider exists
2026-06-12T14:00:18: ✅ user_email_configs.is_enabled exists
2026-06-12T14:00:18: ✅ users.two_factor_enabled exists
2026-06-12T14:00:18: ✅ quotations.gst_mode exists
2026-06-12T14:00:18: ✅ quotations.status exists
2026-06-12T14:00:18: ✅ performainvoices.gst_mode exists
2026-06-12T14:00:18: ✅ performainvoices.status exists
2026-06-12T14:00:18: ✅ estimate_invoices.gst_mode exists
2026-06-12T14:00:18: ✅ estimate_invoices.status exists
2026-06-12T14:00:18: ✅ service_estimations.gst_mode exists
2026-06-12T14:00:18: ✅ service_estimations.status exists
2026-06-12T14:00:18: ✅ services.gst_mode exists
2026-06-12T14:00:18: ✅ estimatenew.gst_mode exists
2026-06-12T14:00:18: Users role column updated
2026-06-12T14:00:18: Teammember emp_role updated
2026-06-12T14:00:19: OTP email transporter is ready
2026-06-12T14:00:19: Default employees seeded successfully.
2026-06-12T14:00:19: [Scheduler] Reminder escalation scheduler started (every 15 min)
2026-06-12T14:00:19: [Scheduler] End-of-day task scheduler started (daily at 6 PM)
2026-06-12T14:00:19: ✅ Server running: http://0.0.0.0:5000 [production]
2026-06-12T14:00:29: [Scheduler] Running initial task check...
2026-06-12T14:00:29: [Scheduler] End-of-day task check complete. Evaluated 1 incomplete tasks.
2026-06-12T14:00:29: [Scheduler] Daily summary notification already dispatched for today
2026-06-12T14:00:36: User 701 joined notifications channel
2026-06-12T14:00:38: User 708 joined notifications channel
2026-06-12T14:00:38: Admin joined notifications channel
2026-06-12T14:04:16: Client disconnected from notifications
2026-06-12T14:08:50: Client disconnected from notifications
2026-06-12T14:08:52: User 708 joined notifications channel
2026-06-12T14:08:52: Admin joined notifications channel
2026-06-12T14:09:21: Client disconnected from notifications
2026-06-12T14:09:21: User 708 joined notifications channel
2026-06-12T14:09:21: Admin joined notifications channel
2026-06-12T14:10:36: ◇ injected env (12) from .env // tip: ⌁ auth for agents [www.vestauth.com]
2026-06-12T14:10:36: ◇ injected env (0) from .env // tip: ⌘ custom filepath { path: '/custom/path/.env' }
2026-06-12T14:10:36: Generating fresh VAPID Keys for Push Notifications...
2026-06-12T14:10:36: VAPID Keys generated and saved to backend/.env
2026-06-12T14:10:37: MySQL Connected (127.0.0.1:3306)
2026-06-12T14:10:37: Using database achme
2026-06-12T14:10:37: Database initialized successfully
2026-06-12T14:10:37: ✅ lead_reminders.reminder_time exists
2026-06-12T14:10:37: ✅ lead_reminders.missed_count exists
2026-06-12T14:10:37: ✅ lead_reminders.notification_sent exists
2026-06-12T14:10:37: ✅ lead_reminders.employee_id exists
2026-06-12T14:10:37: ✅ lead_escalations.missed_count exists
2026-06-12T14:10:37: ✅ users.status exists
2026-06-12T14:10:37: ✅ users.emp_id exists
2026-06-12T14:10:37: ✅ admin_notifications.related_id exists
2026-06-12T14:10:37: ✅ admin_notifications.related_type exists
2026-06-12T14:10:37: ✅ admin_notifications.created_by exists
2026-06-12T14:10:37: ✅ admin_notifications.priority exists
2026-06-12T14:10:37: ✅ admin_notifications.is_archived exists
2026-06-12T14:10:37: ✅ notifications.user_id exists
2026-06-12T14:10:37: ✅ notifications.type exists
2026-06-12T14:10:37: ✅ notifications.is_archived exists
2026-06-12T14:10:37: ✅ task_assignments.status exists
2026-06-12T14:10:37: ✅ teammember.mobile_number exists
2026-06-12T14:10:37: ✅ teammember.emp_id exists
2026-06-12T14:10:37: ✅ teammember.user_id exists
2026-06-12T14:10:37: ✅ teammember.emp_address exists
2026-06-12T14:10:37: ✅ telecalls.created_by exists
2026-06-12T14:10:37: ✅ telecalls.email exists
2026-06-12T14:10:37: ✅ walkins.assigned_to exists
2026-06-12T14:10:37: ✅ walkins.created_by exists
2026-06-12T14:10:37: ✅ walkins.email exists
2026-06-12T14:10:37: ✅ fields.assigned_to exists
2026-06-12T14:10:37: ✅ fields.created_by exists
2026-06-12T14:10:37: ✅ fields.email exists
2026-06-12T14:10:37: ✅ quotations.lead_id exists
2026-06-12T14:10:37: ✅ quotations.lead_type exists
2026-06-12T14:10:37: ✅ contracts.contract_type exists
2026-06-12T14:10:37: ✅ contracts.quotation_id exists
2026-06-12T14:10:37: ✅ contracts.mobile_number exists
2026-06-12T14:10:37: ✅ contracts.location_city exists
2026-06-12T14:10:37: ✅ amc_alc_services.labour_charges exists
2026-06-12T14:10:37: ✅ amc_alc_services.contract_title exists
2026-06-12T14:10:37: ✅ amc_alc_services.start_time exists
2026-06-12T14:10:37: ✅ amc_alc_services.end_time exists
2026-06-12T14:10:37: ✅ amc_alc_services.km exists
2026-06-12T14:10:37: ✅ amc_alc_services.technician exists
2026-06-12T14:10:37: ✅ amc_alc_services.sales_person exists
2026-06-12T14:10:37: ✅ amc_alc_services.remarks exists
2026-06-12T14:10:37: ✅ amc_alc_services.email exists
2026-06-12T14:10:37: ✅ amc_alc_services.next_service_date exists
2026-06-12T14:10:37: ✅ amc_alc_services.service_type exists
2026-06-12T14:10:37: ✅ task_targets.user_id exists
2026-06-12T14:10:37: ✅ task_targets.created_by_admin exists
2026-06-12T14:10:37: ✅ task_achievements.achieved_amount exists
2026-06-12T14:10:37: ✅ task_updates.amount exists
2026-06-12T14:10:37: ✅ call_reports.start_time exists
2026-06-12T14:10:37: ✅ call_reports.end_time exists
2026-06-12T14:10:37: ✅ call_reports.km exists
2026-06-12T14:10:37: ✅ call_reports.remarks exists
2026-06-12T14:10:37: ✅ call_reports.technician exists
2026-06-12T14:10:37: ✅ call_reports.sales_person exists
2026-06-12T14:10:37: ✅ tasks.assigned_teammember_id exists
2026-06-12T14:10:37: ✅ task_targets.teammember_id exists
2026-06-12T14:10:37: ✅ quotations.reference_no exists
2026-06-12T14:10:37: ✅ task_targets.carry_forward exists
2026-06-12T14:10:37: ✅ task_targets.effective_target exists
2026-06-12T14:10:37: ✅ task_targets.user_id exists
2026-06-12T14:10:37: ✅ task_targets.created_by_admin exists
2026-06-12T14:10:37: ✅ task_achievements.achieved_amount exists
2026-06-12T14:10:37: ✅ clients.created_by exists
2026-06-12T14:10:37: ✅ tasks.created_by exists
2026-06-12T14:10:37: ✅ tasks.task_description exists
2026-06-12T14:10:37: ✅ tasks.assigned_to exists
2026-06-12T14:10:37: ✅ quotations.created_by exists
2026-06-12T14:10:37: ✅ contracts.created_by exists
2026-06-12T14:10:37: ✅ contracts.client_company exists
2026-06-12T14:10:37: ✅ contracts.amount_value exists
2026-06-12T14:10:37: ✅ contracts.remaining exists
2026-06-12T14:10:37: ✅ contracts.email exists
2026-06-12T14:10:37: ✅ clientinvoices.created_by exists
2026-06-12T14:10:37: ✅ performainvoices.created_by exists
2026-06-12T14:10:37: ✅ services.created_by exists
2026-06-12T14:10:37: ✅ call_reports.created_by exists
2026-06-12T14:10:37: ✅ lead_activity.employee_id exists
2026-06-12T14:10:37: ✅ lead_escalations.missed_threshold_reached exists
2026-06-12T14:10:37: ✅ lead_escalations.employee_id exists
2026-06-12T14:10:37: ✅ performainvoices.is_latest exists
2026-06-12T14:10:37: ✅ performainvoices.version exists
2026-06-12T14:10:37: ✅ performainvoices.parent_id exists
2026-06-12T14:10:37: ✅ performa_invoice_items.uom exists
2026-06-12T14:10:37: ✅ performainvoice_items.uom exists
2026-06-12T14:10:37: ✅ task_assignments.response_notes exists
2026-06-12T14:10:37: ✅ call_reports.amount_collected exists
2026-06-12T14:10:37: ✅ call_reports.payment_mode exists
2026-06-12T14:10:37: ✅ call_reports.duration_limit exists
2026-06-12T14:10:37: ✅ call_reports.actual_duration exists
2026-06-12T14:10:37: ✅ call_reports.is_exceeded exists
2026-06-12T14:10:37: ✅ call_reports.assigned_time exists
2026-06-12T14:10:37: ✅ call_reports.call_id exists
2026-06-12T14:10:37: ✅ call_reports.session_id exists
2026-06-12T14:10:37: ✅ call_reports.client_name exists
2026-06-12T14:10:37: ✅ call_reports.staff_name exists
2026-06-12T14:10:37: ✅ call_reports.executive_name exists
2026-06-12T14:10:37: ✅ call_reports.phone exists
2026-06-12T14:10:37: ✅ call_reports.location exists
2026-06-12T14:10:37: ✅ call_reports.call_sequence exists
2026-06-12T14:10:37: ✅ call_reports.report_date exists
2026-06-12T14:10:37: ✅ call_reports.complaint exists
2026-06-12T14:10:37: ✅ call_reports.priority exists
2026-06-12T14:10:37: ✅ call_reports.call_type exists
2026-06-12T14:10:37: ✅ call_reports.payment_type exists
2026-06-12T14:10:37: ✅ call_reports.invoice_value exists
2026-06-12T14:10:37: ✅ call_reports.payment_status exists
2026-06-12T14:10:37: ✅ call_reports.petrol_charges exists
2026-06-12T14:10:37: ✅ call_reports.spare_parts_price exists
2026-06-12T14:10:37: ✅ call_reports.labour_charges exists
2026-06-12T14:10:37: ✅ call_reports.total_expenses exists
2026-06-12T14:10:37: ✅ call_reports.customer_name exists
2026-06-12T14:10:37: ✅ call_reports.mobile_number exists
2026-06-12T14:10:37: ✅ call_reports.location_city exists
2026-06-12T14:10:37: ✅ call_reports.contract_title exists
2026-06-12T14:10:37: ✅ call_reports.service_type exists
2026-06-12T14:10:37: ✅ call_reports.description exists
2026-06-12T14:10:37: ✅ call_reports.service_person exists
2026-06-12T14:10:37: ✅ call_reports.contract_id exists
2026-06-12T14:10:37: ✅ call_reports.call_referrer exists
2026-06-12T14:10:37: ✅ call_reports.step2_completed exists
2026-06-12T14:10:37: ✅ call_reports.email exists
2026-06-12T14:10:37: ✅ call_reports.status exists
2026-06-12T14:10:37: ✅ call_reports.gst_number exists
2026-06-12T14:10:37: ✅ call_reports.company_name exists
2026-06-12T14:10:37: ✅ call_reports.completed_at exists
2026-06-12T14:10:37: ✅ call_reports.carry_forward_date exists
2026-06-12T14:10:37: ✅ amc_alc_services.amount_collected exists
2026-06-12T14:10:37: ✅ amc_alc_services.payment_mode exists
2026-06-12T14:10:37: ✅ amc_alc_services.call_number exists
2026-06-12T14:10:37: ✅ amc_alc_services.breakpoints exists
2026-06-12T14:10:37: ✅ amc_alc_services.duration_limit exists
2026-06-12T14:10:37: ✅ clients.gst_number exists
2026-06-12T14:10:37: ✅ clients.company_name exists
2026-06-12T14:10:37: ✅ clients.service exists
2026-06-12T14:10:37: ✅ clients.alternate_phone exists
2026-06-12T14:10:37: ✅ clients.city exists
2026-06-12T14:10:37: ✅ clients.state exists
2026-06-12T14:10:37: ✅ clients.pincode exists
2026-06-12T14:10:37: ✅ clients.notes exists
2026-06-12T14:10:37: ✅ clients.client_status exists
2026-06-12T14:10:37: ✅ clients.original_lead_id exists
2026-06-12T14:10:37: ✅ clients.original_lead_type exists
2026-06-12T14:10:37: ✅ clients.converted_at exists
2026-06-12T14:10:37: ✅ clients.lead_email exists
2026-06-12T14:10:37: ✅ clients.lead_city exists
2026-06-12T14:10:37: ✅ clients.lead_reference exists
2026-06-12T14:10:37: ✅ clients.lead_purpose exists
2026-06-12T14:10:37: ✅ clients.client_status exists
2026-06-12T14:10:37: ✅ clients.lead_staff_name exists
2026-06-12T14:10:37: ✅ clients.lead_id_display exists
2026-06-12T14:10:37: ✅ clients.assigned_teammember_id exists
2026-06-12T14:10:37: ✅ clients.state exists
2026-06-12T14:10:37: ✅ clients.pincode exists
2026-06-12T14:10:37: ✅ users.emp_id exists
2026-06-12T14:10:37: ✅ quotations.reference_no exists
2026-06-12T14:10:37: ✅ quotations.from_address_id exists
2026-06-12T14:10:37: ✅ quotations.from_address_custom exists
2026-06-12T14:10:37: ✅ quotations.client_company exists
2026-06-12T14:10:37: ✅ quotations.client_address1 exists
2026-06-12T14:10:37: ✅ quotations.client_address2 exists
2026-06-12T14:10:37: ✅ quotations.client_city exists
2026-06-12T14:10:37: ✅ quotations.client_state exists
2026-06-12T14:10:37: ✅ quotations.client_pincode exists
2026-06-12T14:10:37: ✅ quotations.client_country exists
2026-06-12T14:10:37: ✅ quotations.tax_type exists
2026-06-12T14:10:37: ✅ quotations.custom_tax exists
2026-06-12T14:10:37: ✅ quotations.exec_name exists
2026-06-12T14:10:37: ✅ quotations.exec_phone exists
2026-06-12T14:10:37: ✅ quotations.exec_email exists
2026-06-12T14:10:37: ✅ quotations.terms_general exists
2026-06-12T14:10:37: ✅ quotations.terms_tax exists
2026-06-12T14:10:37: ✅ quotations.terms_project_period exists
2026-06-12T14:10:37: ✅ quotations.terms_validity exists
2026-06-12T14:10:37: ✅ quotations.terms_separate_orders exists
2026-06-12T14:10:37: ✅ quotations.terms_payment exists
2026-06-12T14:10:37: ✅ quotations.terms_payment_custom exists
2026-06-12T14:10:37: ✅ quotations.terms_warranty exists
2026-06-12T14:10:37: ✅ quotations.hsn_sac_code exists
2026-06-12T14:10:37: ✅ quotations.supplier_branch exists
2026-06-12T14:10:37: ✅ quotations.bank_details_id exists
2026-06-12T14:10:37: ✅ quotations.bank_company exists
2026-06-12T14:10:37: ✅ quotations.bank_name exists
2026-06-12T14:10:37: ✅ quotations.bank_account exists
2026-06-12T14:10:37: ✅ quotations.bank_ifsc exists
2026-06-12T14:10:37: ✅ quotations.bank_branch exists
2026-06-12T14:10:37: ✅ quotations.custom_terms exists
2026-06-12T14:10:37: ✅ quotations.is_latest exists
2026-06-12T14:10:37: ✅ quotations.parent_id exists
2026-06-12T14:10:37: ✅ quotations.version exists
2026-06-12T14:10:37: ✅ performainvoices.reference_no exists
2026-06-12T14:10:37: ✅ performainvoices.from_address_id exists
2026-06-12T14:10:37: ✅ performainvoices.from_address_custom exists
2026-06-12T14:10:37: ✅ performainvoices.client_company exists
2026-06-12T14:10:37: ✅ performainvoices.client_address1 exists
2026-06-12T14:10:37: ✅ performainvoices.client_address2 exists
2026-06-12T14:10:37: ✅ performainvoices.client_city exists
2026-06-12T14:10:37: ✅ performainvoices.client_state exists
2026-06-12T14:10:37: ✅ performainvoices.client_pincode exists
2026-06-12T14:10:37: ✅ performainvoices.client_country exists
2026-06-12T14:10:37: ✅ performainvoices.tax_type exists
2026-06-12T14:10:37: ✅ performainvoices.custom_tax exists
2026-06-12T14:10:37: ✅ performainvoices.exec_name exists
2026-06-12T14:10:37: ✅ performainvoices.exec_phone exists
2026-06-12T14:10:37: ✅ performainvoices.exec_email exists
2026-06-12T14:10:37: ✅ performainvoices.terms_general exists
2026-06-12T14:10:37: ✅ performainvoices.terms_tax exists
2026-06-12T14:10:37: ✅ performainvoices.terms_project_period exists
2026-06-12T14:10:37: ✅ performainvoices.terms_validity exists
2026-06-12T14:10:37: ✅ performainvoices.terms_separate_orders exists
2026-06-12T14:10:37: ✅ performainvoices.terms_payment exists
2026-06-12T14:10:37: ✅ performainvoices.terms_payment_custom exists
2026-06-12T14:10:37: ✅ performainvoices.terms_warranty exists
2026-06-12T14:10:37: ✅ performainvoices.hsn_sac_code exists
2026-06-12T14:10:37: ✅ performainvoices.supplier_branch exists
2026-06-12T14:10:37: ✅ performainvoices.bank_details_id exists
2026-06-12T14:10:37: ✅ performainvoices.bank_company exists
2026-06-12T14:10:37: ✅ performainvoices.bank_name exists
2026-06-12T14:10:37: ✅ performainvoices.bank_account exists
2026-06-12T14:10:37: ✅ performainvoices.bank_ifsc exists
2026-06-12T14:10:37: ✅ performainvoices.bank_branch exists
2026-06-12T14:10:37: ✅ performainvoices.custom_terms exists
2026-06-12T14:10:37: ✅ services.reference_no exists
2026-06-12T14:10:37: ✅ services.from_address_id exists
2026-06-12T14:10:37: ✅ services.from_address_custom exists
2026-06-12T14:10:37: ✅ services.client_company exists
2026-06-12T14:10:37: ✅ services.client_address1 exists
2026-06-12T14:10:37: ✅ services.client_address2 exists
2026-06-12T14:10:37: ✅ services.client_city exists
2026-06-12T14:10:37: ✅ services.client_state exists
2026-06-12T14:10:37: ✅ services.client_pincode exists
2026-06-12T14:10:37: ✅ services.client_country exists
2026-06-12T14:10:37: ✅ services.tax_type exists
2026-06-12T14:10:37: ✅ services.custom_tax exists
2026-06-12T14:10:37: ✅ services.exec_name exists
2026-06-12T14:10:37: ✅ services.exec_phone exists
2026-06-12T14:10:37: ✅ services.exec_email exists
2026-06-12T14:10:37: ✅ services.terms_general exists
2026-06-12T14:10:37: ✅ services.terms_tax exists
2026-06-12T14:10:37: ✅ services.terms_project_period exists
2026-06-12T14:10:37: ✅ services.terms_validity exists
2026-06-12T14:10:37: ✅ services.terms_separate_orders exists
2026-06-12T14:10:37: ✅ services.terms_payment exists
2026-06-12T14:10:37: ✅ services.terms_payment_custom exists
2026-06-12T14:10:37: ✅ services.terms_warranty exists
2026-06-12T14:10:37: ✅ services.hsn_sac_code exists
2026-06-12T14:10:37: ✅ services.supplier_branch exists
2026-06-12T14:10:37: ✅ services.bank_details_id exists
2026-06-12T14:10:37: ✅ services.bank_company exists
2026-06-12T14:10:37: ✅ services.bank_name exists
2026-06-12T14:10:37: ✅ services.bank_account exists
2026-06-12T14:10:37: ✅ services.bank_ifsc exists
2026-06-12T14:10:37: ✅ services.bank_branch exists
2026-06-12T14:10:37: ✅ services.custom_terms exists
2026-06-12T14:10:37: ✅ estimatenew.client_company exists
2026-06-12T14:10:37: ✅ estimatenew.client_address exists
2026-06-12T14:10:37: ✅ estimatenew.client_city exists
2026-06-12T14:10:37: ✅ estimatenew.client_state exists
2026-06-12T14:10:37: ✅ estimatenew.client_gst exists
2026-06-12T14:10:37: ✅ estimatenew.client_phone exists
2026-06-12T14:10:37: ✅ estimatenew.subtotal exists
2026-06-12T14:10:37: ✅ estimatenew.total_tax exists
2026-06-12T14:10:37: ✅ estimatenew.total_discount exists
2026-06-12T14:10:37: ✅ estimatenew.grand_total exists
2026-06-12T14:10:37: ✅ estimateclient.subtotal exists
2026-06-12T14:10:37: ✅ estimateclient.total_tax exists
2026-06-12T14:10:38: ✅ estimateclient.total_discount exists
2026-06-12T14:10:38: ✅ estimateclient.grand_total exists
2026-06-12T14:10:38: ✅ quotation_items.uom exists
2026-06-12T14:10:38: ✅ quotation_items.hsn_sac exists
2026-06-12T14:10:38: ✅ quotation_items.brand_model exists
2026-06-12T14:10:38: ✅ customers.gst_number exists
2026-06-12T14:10:38: ✅ customers.created_by exists
2026-06-12T14:10:38: ✅ users.last_name exists
2026-06-12T14:10:38: ✅ user_email_configs.smtp_secure exists
2026-06-12T14:10:38: ✅ user_email_configs.from_email_address exists
2026-06-12T14:10:38: ✅ user_email_configs.sender_name exists
2026-06-12T14:10:38: ✅ user_email_configs.provider exists
2026-06-12T14:10:38: ✅ user_email_configs.is_enabled exists
2026-06-12T14:10:38: ✅ users.two_factor_enabled exists
2026-06-12T14:10:38: ✅ quotations.gst_mode exists
2026-06-12T14:10:38: ✅ quotations.status exists
2026-06-12T14:10:38: ✅ performainvoices.gst_mode exists
2026-06-12T14:10:38: ✅ performainvoices.status exists
2026-06-12T14:10:38: ✅ estimate_invoices.gst_mode exists
2026-06-12T14:10:38: ✅ estimate_invoices.status exists
2026-06-12T14:10:38: ✅ service_estimations.gst_mode exists
2026-06-12T14:10:38: ✅ service_estimations.status exists
2026-06-12T14:10:38: ✅ services.gst_mode exists
2026-06-12T14:10:38: ✅ estimatenew.gst_mode exists
2026-06-12T14:10:38: ✅ Create table pi_from_addresses
2026-06-12T14:10:38: ✅ Create table email_otp
2026-06-12T14:10:38: ✅ Create table payments
2026-06-12T14:10:38: ✅ Create table clientinvoices
2026-06-12T14:10:38: ✅ Create table messages
2026-06-12T14:10:38: ✅ Create table service_items
2026-06-12T14:10:38: ✅ Create table service_estimations
2026-06-12T14:10:38: ✅ Create table service_estimation_items
2026-06-12T14:10:38: ✅ Create table estimate_invoices
2026-06-12T14:10:38: ✅ Create table estimate_invoice_items
2026-06-12T14:10:38: ✅ Create table estimate_items
2026-06-12T14:10:38: ✅ Create table performainvoice_items
2026-06-12T14:10:38: ✅ Create table performainvoices
2026-06-12T14:10:38: ✅ Create table services
2026-06-12T14:10:38: ✅ Create table customers
2026-06-12T14:10:38: ✅ Create table quotations
2026-06-12T14:10:38: ✅ Create table quotation_items
2026-06-12T14:10:38: ✅ Create table lead_reminders
2026-06-12T14:10:38: ✅ Create table lead_activity
2026-06-12T14:10:38: ✅ Create table lead_escalations
2026-06-12T14:10:38: ✅ Create table admin_notifications
2026-06-12T14:10:38: ✅ Create table profile_change_requests
2026-06-12T14:10:38: ✅ Create table amc_alc_services
2026-06-12T14:10:38: ✅ Create table service_activity
2026-06-12T14:10:38: ✅ Create table task_targets
2026-06-12T14:10:38: ✅ Create table task_achievements
2026-06-12T14:10:38: ✅ Create table task_updates
2026-06-12T14:10:38: ✅ Create table call_reports
2026-06-12T14:10:38: ✅ Create table task_activity
2026-06-12T14:10:38: ✅ Create table notifications
2026-06-12T14:10:38: ✅ Create table task_assignments
2026-06-12T14:10:38: ✅ Create table clients
2026-06-12T14:10:38: ✅ Create table user_email_configs
2026-06-12T14:10:38: ✅ lead_reminders.reminder_time exists
2026-06-12T14:10:38: ✅ lead_reminders.missed_count exists
2026-06-12T14:10:38: ✅ lead_reminders.notification_sent exists
2026-06-12T14:10:38: ✅ lead_reminders.employee_id exists
2026-06-12T14:10:38: ✅ lead_escalations.missed_count exists
2026-06-12T14:10:38: ✅ users.status exists
2026-06-12T14:10:38: ✅ users.emp_id exists
2026-06-12T14:10:38: ✅ admin_notifications.related_id exists
2026-06-12T14:10:38: ✅ admin_notifications.related_type exists
2026-06-12T14:10:38: ✅ admin_notifications.created_by exists
2026-06-12T14:10:38: ✅ admin_notifications.priority exists
2026-06-12T14:10:38: ✅ admin_notifications.is_archived exists
2026-06-12T14:10:38: ✅ notifications.user_id exists
2026-06-12T14:10:38: ✅ notifications.type exists
2026-06-12T14:10:38: ✅ notifications.is_archived exists
2026-06-12T14:10:38: ✅ task_assignments.status exists
2026-06-12T14:10:38: ✅ teammember.mobile_number exists
2026-06-12T14:10:38: ✅ teammember.emp_id exists
2026-06-12T14:10:38: ✅ teammember.user_id exists
2026-06-12T14:10:38: ✅ teammember.emp_address exists
2026-06-12T14:10:38: ✅ telecalls.created_by exists
2026-06-12T14:10:38: ✅ telecalls.email exists
2026-06-12T14:10:38: ✅ walkins.assigned_to exists
2026-06-12T14:10:38: ✅ walkins.created_by exists
2026-06-12T14:10:38: ✅ walkins.email exists
2026-06-12T14:10:38: ✅ fields.assigned_to exists
2026-06-12T14:10:38: ✅ fields.created_by exists
2026-06-12T14:10:38: ✅ fields.email exists
2026-06-12T14:10:38: ✅ quotations.lead_id exists
2026-06-12T14:10:38: ✅ quotations.lead_type exists
2026-06-12T14:10:38: ✅ contracts.contract_type exists
2026-06-12T14:10:38: ✅ contracts.quotation_id exists
2026-06-12T14:10:38: ✅ contracts.mobile_number exists
2026-06-12T14:10:38: ✅ contracts.location_city exists
2026-06-12T14:10:38: ✅ amc_alc_services.labour_charges exists
2026-06-12T14:10:38: ✅ amc_alc_services.contract_title exists
2026-06-12T14:10:38: ✅ amc_alc_services.start_time exists
2026-06-12T14:10:38: ✅ amc_alc_services.end_time exists
2026-06-12T14:10:38: ✅ amc_alc_services.km exists
2026-06-12T14:10:38: ✅ amc_alc_services.technician exists
2026-06-12T14:10:38: ✅ amc_alc_services.sales_person exists
2026-06-12T14:10:38: ✅ amc_alc_services.remarks exists
2026-06-12T14:10:38: ✅ amc_alc_services.email exists
2026-06-12T14:10:38: ✅ amc_alc_services.next_service_date exists
2026-06-12T14:10:38: ✅ amc_alc_services.service_type exists
2026-06-12T14:10:38: ✅ task_targets.user_id exists
2026-06-12T14:10:38: ✅ task_targets.created_by_admin exists
2026-06-12T14:10:38: ✅ task_achievements.achieved_amount exists
2026-06-12T14:10:38: ✅ task_updates.amount exists
2026-06-12T14:10:38: ✅ call_reports.start_time exists
2026-06-12T14:10:38: ✅ call_reports.end_time exists
2026-06-12T14:10:38: ✅ call_reports.km exists
2026-06-12T14:10:38: ✅ call_reports.remarks exists
2026-06-12T14:10:38: ✅ call_reports.technician exists
2026-06-12T14:10:38: ✅ call_reports.sales_person exists
2026-06-12T14:10:38: ✅ tasks.assigned_teammember_id exists
2026-06-12T14:10:38: ✅ task_targets.teammember_id exists
2026-06-12T14:10:38: ✅ quotations.reference_no exists
2026-06-12T14:10:38: ✅ task_targets.carry_forward exists
2026-06-12T14:10:38: ✅ task_targets.effective_target exists
2026-06-12T14:10:38: ✅ task_targets.user_id exists
2026-06-12T14:10:38: ✅ task_targets.created_by_admin exists
2026-06-12T14:10:38: ✅ task_achievements.achieved_amount exists
2026-06-12T14:10:38: ✅ clients.created_by exists
2026-06-12T14:10:38: ✅ tasks.created_by exists
2026-06-12T14:10:38: ✅ tasks.task_description exists
2026-06-12T14:10:38: ✅ tasks.assigned_to exists
2026-06-12T14:10:38: ✅ quotations.created_by exists
2026-06-12T14:10:38: ✅ contracts.created_by exists
2026-06-12T14:10:38: ✅ contracts.client_company exists
2026-06-12T14:10:38: ✅ contracts.amount_value exists
2026-06-12T14:10:38: ✅ contracts.remaining exists
2026-06-12T14:10:38: ✅ contracts.email exists
2026-06-12T14:10:38: ✅ clientinvoices.created_by exists
2026-06-12T14:10:38: ✅ performainvoices.created_by exists
2026-06-12T14:10:38: ✅ services.created_by exists
2026-06-12T14:10:38: ✅ call_reports.created_by exists
2026-06-12T14:10:38: ✅ lead_activity.employee_id exists
2026-06-12T14:10:38: ✅ lead_escalations.missed_threshold_reached exists
2026-06-12T14:10:38: ✅ lead_escalations.employee_id exists
2026-06-12T14:10:38: ✅ performainvoices.is_latest exists
2026-06-12T14:10:38: ✅ performainvoices.version exists
2026-06-12T14:10:38: ✅ performainvoices.parent_id exists
2026-06-12T14:10:38: ✅ performa_invoice_items.uom exists
2026-06-12T14:10:38: ✅ performainvoice_items.uom exists
2026-06-12T14:10:38: ✅ task_assignments.response_notes exists
2026-06-12T14:10:38: ✅ call_reports.amount_collected exists
2026-06-12T14:10:38: ✅ call_reports.payment_mode exists
2026-06-12T14:10:38: ✅ call_reports.duration_limit exists
2026-06-12T14:10:38: ✅ call_reports.actual_duration exists
2026-06-12T14:10:38: ✅ call_reports.is_exceeded exists
2026-06-12T14:10:38: ✅ call_reports.assigned_time exists
2026-06-12T14:10:38: ✅ call_reports.call_id exists
2026-06-12T14:10:38: ✅ call_reports.session_id exists
2026-06-12T14:10:38: ✅ call_reports.client_name exists
2026-06-12T14:10:38: ✅ call_reports.staff_name exists
2026-06-12T14:10:38: ✅ call_reports.executive_name exists
2026-06-12T14:10:38: ✅ call_reports.phone exists
2026-06-12T14:10:38: ✅ call_reports.location exists
2026-06-12T14:10:38: ✅ call_reports.call_sequence exists
2026-06-12T14:10:38: ✅ call_reports.report_date exists
2026-06-12T14:10:38: ✅ call_reports.complaint exists
2026-06-12T14:10:38: ✅ call_reports.priority exists
2026-06-12T14:10:38: ✅ call_reports.call_type exists
2026-06-12T14:10:38: ✅ call_reports.payment_type exists
2026-06-12T14:10:38: ✅ call_reports.invoice_value exists
2026-06-12T14:10:38: ✅ call_reports.payment_status exists
2026-06-12T14:10:38: ✅ call_reports.petrol_charges exists
2026-06-12T14:10:38: ✅ call_reports.spare_parts_price exists
2026-06-12T14:10:38: ✅ call_reports.labour_charges exists
2026-06-12T14:10:38: ✅ call_reports.total_expenses exists
2026-06-12T14:10:38: ✅ call_reports.customer_name exists
2026-06-12T14:10:38: ✅ call_reports.mobile_number exists
2026-06-12T14:10:38: ✅ call_reports.location_city exists
2026-06-12T14:10:38: ✅ call_reports.contract_title exists
2026-06-12T14:10:38: ✅ call_reports.service_type exists
2026-06-12T14:10:38: ✅ call_reports.description exists
2026-06-12T14:10:38: ✅ call_reports.service_person exists
2026-06-12T14:10:38: ✅ call_reports.contract_id exists
2026-06-12T14:10:38: ✅ call_reports.call_referrer exists
2026-06-12T14:10:38: ✅ call_reports.step2_completed exists
2026-06-12T14:10:38: ✅ call_reports.email exists
2026-06-12T14:10:38: ✅ call_reports.status exists
2026-06-12T14:10:38: ✅ call_reports.gst_number exists
2026-06-12T14:10:38: ✅ call_reports.company_name exists
2026-06-12T14:10:38: ✅ call_reports.completed_at exists
2026-06-12T14:10:38: ✅ call_reports.carry_forward_date exists
2026-06-12T14:10:38: ✅ amc_alc_services.amount_collected exists
2026-06-12T14:10:38: ✅ amc_alc_services.payment_mode exists
2026-06-12T14:10:38: ✅ amc_alc_services.call_number exists
2026-06-12T14:10:38: ✅ amc_alc_services.breakpoints exists
2026-06-12T14:10:38: ✅ amc_alc_services.duration_limit exists
2026-06-12T14:10:38: ✅ clients.gst_number exists
2026-06-12T14:10:38: ✅ clients.company_name exists
2026-06-12T14:10:38: ✅ clients.service exists
2026-06-12T14:10:38: ✅ clients.alternate_phone exists
2026-06-12T14:10:38: ✅ clients.city exists
2026-06-12T14:10:38: ✅ clients.state exists
2026-06-12T14:10:38: ✅ clients.pincode exists
2026-06-12T14:10:38: ✅ clients.notes exists
2026-06-12T14:10:38: ✅ clients.client_status exists
2026-06-12T14:10:38: ✅ clients.original_lead_id exists
2026-06-12T14:10:38: ✅ clients.original_lead_type exists
2026-06-12T14:10:38: ✅ clients.converted_at exists
2026-06-12T14:10:38: ✅ clients.lead_email exists
2026-06-12T14:10:38: ✅ clients.lead_city exists
2026-06-12T14:10:38: ✅ clients.lead_reference exists
2026-06-12T14:10:38: ✅ clients.lead_purpose exists
2026-06-12T14:10:38: ✅ clients.client_status exists
2026-06-12T14:10:38: ✅ clients.lead_staff_name exists
2026-06-12T14:10:38: ✅ clients.lead_id_display exists
2026-06-12T14:10:38: ✅ clients.assigned_teammember_id exists
2026-06-12T14:10:38: ✅ clients.state exists
2026-06-12T14:10:38: ✅ clients.pincode exists
2026-06-12T14:10:38: ✅ users.emp_id exists
2026-06-12T14:10:38: ✅ quotations.reference_no exists
2026-06-12T14:10:38: ✅ quotations.from_address_id exists
2026-06-12T14:10:38: ✅ quotations.from_address_custom exists
2026-06-12T14:10:38: ✅ quotations.client_company exists
2026-06-12T14:10:38: ✅ quotations.client_address1 exists
2026-06-12T14:10:38: ✅ quotations.client_address2 exists
2026-06-12T14:10:38: ✅ quotations.client_city exists
2026-06-12T14:10:38: ✅ quotations.client_state exists
2026-06-12T14:10:38: ✅ quotations.client_pincode exists
2026-06-12T14:10:38: ✅ quotations.client_country exists
2026-06-12T14:10:38: ✅ quotations.tax_type exists
2026-06-12T14:10:38: ✅ quotations.custom_tax exists
2026-06-12T14:10:38: ✅ quotations.exec_name exists
2026-06-12T14:10:38: ✅ quotations.exec_phone exists
2026-06-12T14:10:38: ✅ quotations.exec_email exists
2026-06-12T14:10:38: ✅ quotations.terms_general exists
2026-06-12T14:10:38: ✅ quotations.terms_tax exists
2026-06-12T14:10:38: ✅ quotations.terms_project_period exists
2026-06-12T14:10:38: ✅ quotations.terms_validity exists
2026-06-12T14:10:38: ✅ quotations.terms_separate_orders exists
2026-06-12T14:10:38: ✅ quotations.terms_payment exists
2026-06-12T14:10:38: ✅ quotations.terms_payment_custom exists
2026-06-12T14:10:38: ✅ quotations.terms_warranty exists
2026-06-12T14:10:38: ✅ quotations.hsn_sac_code exists
2026-06-12T14:10:38: ✅ quotations.supplier_branch exists
2026-06-12T14:10:38: ✅ quotations.bank_details_id exists
2026-06-12T14:10:38: ✅ quotations.bank_company exists
2026-06-12T14:10:38: ✅ quotations.bank_name exists
2026-06-12T14:10:38: ✅ quotations.bank_account exists
2026-06-12T14:10:38: ✅ quotations.bank_ifsc exists
2026-06-12T14:10:38: ✅ quotations.bank_branch exists
2026-06-12T14:10:38: ✅ quotations.custom_terms exists
2026-06-12T14:10:38: ✅ quotations.is_latest exists
2026-06-12T14:10:38: ✅ quotations.parent_id exists
2026-06-12T14:10:38: ✅ quotations.version exists
2026-06-12T14:10:38: ✅ performainvoices.reference_no exists
2026-06-12T14:10:38: ✅ performainvoices.from_address_id exists
2026-06-12T14:10:38: ✅ performainvoices.from_address_custom exists
2026-06-12T14:10:38: ✅ performainvoices.client_company exists
2026-06-12T14:10:38: ✅ performainvoices.client_address1 exists
2026-06-12T14:10:38: ✅ performainvoices.client_address2 exists
2026-06-12T14:10:38: ✅ performainvoices.client_city exists
2026-06-12T14:10:38: ✅ performainvoices.client_state exists
2026-06-12T14:10:38: ✅ performainvoices.client_pincode exists
2026-06-12T14:10:38: ✅ performainvoices.client_country exists
2026-06-12T14:10:38: ✅ performainvoices.tax_type exists
2026-06-12T14:10:38: ✅ performainvoices.custom_tax exists
2026-06-12T14:10:38: ✅ performainvoices.exec_name exists
2026-06-12T14:10:38: ✅ performainvoices.exec_phone exists
2026-06-12T14:10:38: ✅ performainvoices.exec_email exists
2026-06-12T14:10:38: ✅ performainvoices.terms_general exists
2026-06-12T14:10:38: ✅ performainvoices.terms_tax exists
2026-06-12T14:10:38: ✅ performainvoices.terms_project_period exists
2026-06-12T14:10:38: ✅ performainvoices.terms_validity exists
2026-06-12T14:10:38: ✅ performainvoices.terms_separate_orders exists
2026-06-12T14:10:38: ✅ performainvoices.terms_payment exists
2026-06-12T14:10:38: ✅ performainvoices.terms_payment_custom exists
2026-06-12T14:10:38: ✅ performainvoices.terms_warranty exists
2026-06-12T14:10:38: ✅ performainvoices.hsn_sac_code exists
2026-06-12T14:10:38: ✅ performainvoices.supplier_branch exists
2026-06-12T14:10:38: ✅ performainvoices.bank_details_id exists
2026-06-12T14:10:38: ✅ performainvoices.bank_company exists
2026-06-12T14:10:38: ✅ performainvoices.bank_name exists
2026-06-12T14:10:38: ✅ performainvoices.bank_account exists
2026-06-12T14:10:38: ✅ performainvoices.bank_ifsc exists
2026-06-12T14:10:38: ✅ performainvoices.bank_branch exists
2026-06-12T14:10:38: ✅ performainvoices.custom_terms exists
2026-06-12T14:10:38: ✅ services.reference_no exists
2026-06-12T14:10:38: ✅ services.from_address_id exists
2026-06-12T14:10:38: ✅ services.from_address_custom exists
2026-06-12T14:10:38: ✅ services.client_company exists
2026-06-12T14:10:38: ✅ services.client_address1 exists
2026-06-12T14:10:38: ✅ services.client_address2 exists
2026-06-12T14:10:38: ✅ services.client_city exists
2026-06-12T14:10:38: ✅ services.client_state exists
2026-06-12T14:10:38: ✅ services.client_pincode exists
2026-06-12T14:10:38: ✅ services.client_country exists
2026-06-12T14:10:38: ✅ services.tax_type exists
2026-06-12T14:10:38: ✅ services.custom_tax exists
2026-06-12T14:10:38: ✅ services.exec_name exists
2026-06-12T14:10:38: ✅ services.exec_phone exists
2026-06-12T14:10:38: ✅ services.exec_email exists
2026-06-12T14:10:38: ✅ services.terms_general exists
2026-06-12T14:10:38: ✅ services.terms_tax exists
2026-06-12T14:10:38: ✅ services.terms_project_period exists
2026-06-12T14:10:38: ✅ services.terms_validity exists
2026-06-12T14:10:38: ✅ services.terms_separate_orders exists
2026-06-12T14:10:38: ✅ services.terms_payment exists
2026-06-12T14:10:38: ✅ services.terms_payment_custom exists
2026-06-12T14:10:38: ✅ services.terms_warranty exists
2026-06-12T14:10:38: ✅ services.hsn_sac_code exists
2026-06-12T14:10:38: ✅ services.supplier_branch exists
2026-06-12T14:10:38: ✅ services.bank_details_id exists
2026-06-12T14:10:38: ✅ services.bank_company exists
2026-06-12T14:10:38: ✅ services.bank_name exists
2026-06-12T14:10:38: ✅ services.bank_account exists
2026-06-12T14:10:38: ✅ services.bank_ifsc exists
2026-06-12T14:10:38: ✅ services.bank_branch exists
2026-06-12T14:10:38: ✅ services.custom_terms exists
2026-06-12T14:10:38: ✅ estimatenew.client_company exists
2026-06-12T14:10:38: ✅ estimatenew.client_address exists
2026-06-12T14:10:38: ✅ estimatenew.client_city exists
2026-06-12T14:10:38: ✅ estimatenew.client_state exists
2026-06-12T14:10:38: ✅ estimatenew.client_gst exists
2026-06-12T14:10:38: ✅ estimatenew.client_phone exists
2026-06-12T14:10:38: ✅ estimatenew.subtotal exists
2026-06-12T14:10:38: ✅ estimatenew.total_tax exists
2026-06-12T14:10:38: ✅ estimatenew.total_discount exists
2026-06-12T14:10:38: ✅ estimatenew.grand_total exists
2026-06-12T14:10:38: ✅ estimateclient.subtotal exists
2026-06-12T14:10:38: ✅ estimateclient.total_tax exists
2026-06-12T14:10:38: ✅ estimateclient.total_discount exists
2026-06-12T14:10:38: ✅ estimateclient.grand_total exists
2026-06-12T14:10:38: ✅ quotation_items.uom exists
2026-06-12T14:10:38: ✅ quotation_items.hsn_sac exists
2026-06-12T14:10:38: ✅ quotation_items.brand_model exists
2026-06-12T14:10:38: ✅ customers.gst_number exists
2026-06-12T14:10:38: ✅ customers.created_by exists
2026-06-12T14:10:38: ✅ users.last_name exists
2026-06-12T14:10:38: ✅ user_email_configs.smtp_secure exists
2026-06-12T14:10:38: ✅ user_email_configs.from_email_address exists
2026-06-12T14:10:38: ✅ user_email_configs.sender_name exists
2026-06-12T14:10:38: ✅ user_email_configs.provider exists
2026-06-12T14:10:38: ✅ user_email_configs.is_enabled exists
2026-06-12T14:10:38: ✅ users.two_factor_enabled exists
2026-06-12T14:10:38: ✅ quotations.gst_mode exists
2026-06-12T14:10:38: ✅ quotations.status exists
2026-06-12T14:10:38: ✅ performainvoices.gst_mode exists
2026-06-12T14:10:38: ✅ performainvoices.status exists
2026-06-12T14:10:38: ✅ estimate_invoices.gst_mode exists
2026-06-12T14:10:38: ✅ estimate_invoices.status exists
2026-06-12T14:10:38: ✅ service_estimations.gst_mode exists
2026-06-12T14:10:38: ✅ service_estimations.status exists
2026-06-12T14:10:38: ✅ services.gst_mode exists
2026-06-12T14:10:38: ✅ estimatenew.gst_mode exists
2026-06-12T14:10:38: Users role column updated
2026-06-12T14:10:38: Teammember emp_role updated
2026-06-12T14:10:39: Default employees seeded successfully.
2026-06-12T14:10:39: [Scheduler] Reminder escalation scheduler started (every 15 min)
2026-06-12T14:10:39: [Scheduler] End-of-day task scheduler started (daily at 6 PM)
2026-06-12T14:10:39: ✅ Server running: http://0.0.0.0:5000 [production]
2026-06-12T14:10:41: OTP email transporter is ready
2026-06-12T14:10:43: User 701 joined notifications channel
2026-06-12T14:10:44: User 708 joined notifications channel
2026-06-12T14:10:44: Admin joined notifications channel
2026-06-12T14:10:49: [Scheduler] Running initial task check...
2026-06-12T14:10:49: [Scheduler] End-of-day task check complete. Evaluated 1 incomplete tasks.
2026-06-12T14:10:49: [Scheduler] Daily summary notification already dispatched for today
2026-06-12T14:10:56: User 708 joined notifications channel
2026-06-12T14:10:56: Admin joined notifications channel
2026-06-12T14:10:56: User 701 joined notifications channel
2026-06-12T14:11:03: Client disconnected from notifications
2026-06-12T14:11:04: Client disconnected from notifications
2026-06-12T14:11:05: Client disconnected from notifications
2026-06-12T14:20:51: Client disconnected from notifications
2026-06-12T14:20:51: Client disconnected from notifications
2026-06-12T14:22:30: User 708 joined notifications channel
2026-06-12T14:22:30: Admin joined notifications channel
2026-06-12T14:36:21: ◇ injected env (12) from .env // tip: ⌘ multiple files { path: ['.env.local', '.env'] }
2026-06-12T14:36:21: ◇ injected env (0) from .env // tip: ⌘ custom filepath { path: '/custom/path/.env' }
2026-06-12T14:36:21: Generating fresh VAPID Keys for Push Notifications...
2026-06-12T14:36:21: VAPID Keys generated and saved to backend/.env
2026-06-12T14:36:22: MySQL Connected (127.0.0.1:3306)
2026-06-12T14:36:22: Using database achme
2026-06-12T14:36:22: Database initialized successfully
2026-06-12T14:36:22: ✅ lead_reminders.reminder_time exists
2026-06-12T14:36:22: ✅ lead_reminders.missed_count exists
2026-06-12T14:36:22: ✅ lead_reminders.notification_sent exists
2026-06-12T14:36:22: ✅ lead_reminders.employee_id exists
2026-06-12T14:36:22: ✅ lead_escalations.missed_count exists
2026-06-12T14:36:22: ✅ users.status exists
2026-06-12T14:36:22: ✅ users.emp_id exists
2026-06-12T14:36:22: ✅ admin_notifications.related_id exists
2026-06-12T14:36:22: ✅ admin_notifications.related_type exists
2026-06-12T14:36:22: ✅ admin_notifications.created_by exists
2026-06-12T14:36:22: ✅ admin_notifications.priority exists
2026-06-12T14:36:22: ✅ admin_notifications.is_archived exists
2026-06-12T14:36:22: ✅ notifications.user_id exists
2026-06-12T14:36:22: ✅ notifications.type exists
2026-06-12T14:36:22: ✅ notifications.is_archived exists
2026-06-12T14:36:22: ✅ task_assignments.status exists
2026-06-12T14:36:22: ✅ teammember.mobile_number exists
2026-06-12T14:36:22: ✅ teammember.emp_id exists
2026-06-12T14:36:22: ✅ teammember.user_id exists
2026-06-12T14:36:22: ✅ teammember.emp_address exists
2026-06-12T14:36:22: ✅ telecalls.created_by exists
2026-06-12T14:36:22: ✅ telecalls.email exists
2026-06-12T14:36:22: ✅ walkins.assigned_to exists
2026-06-12T14:36:22: ✅ walkins.created_by exists
2026-06-12T14:36:22: ✅ walkins.email exists
2026-06-12T14:36:22: ✅ fields.assigned_to exists
2026-06-12T14:36:22: ✅ fields.created_by exists
2026-06-12T14:36:22: ✅ fields.email exists
2026-06-12T14:36:22: ✅ quotations.lead_id exists
2026-06-12T14:36:22: ✅ quotations.lead_type exists
2026-06-12T14:36:22: ✅ contracts.contract_type exists
2026-06-12T14:36:22: ✅ contracts.quotation_id exists
2026-06-12T14:36:22: ✅ contracts.mobile_number exists
2026-06-12T14:36:22: ✅ contracts.location_city exists
2026-06-12T14:36:22: ✅ amc_alc_services.labour_charges exists
2026-06-12T14:36:22: ✅ amc_alc_services.contract_title exists
2026-06-12T14:36:22: ✅ amc_alc_services.start_time exists
2026-06-12T14:36:22: ✅ amc_alc_services.end_time exists
2026-06-12T14:36:22: ✅ amc_alc_services.km exists
2026-06-12T14:36:22: ✅ amc_alc_services.technician exists
2026-06-12T14:36:22: ✅ amc_alc_services.sales_person exists
2026-06-12T14:36:22: ✅ amc_alc_services.remarks exists
2026-06-12T14:36:22: ✅ amc_alc_services.email exists
2026-06-12T14:36:22: ✅ amc_alc_services.next_service_date exists
2026-06-12T14:36:22: ✅ amc_alc_services.service_type exists
2026-06-12T14:36:22: ✅ task_targets.user_id exists
2026-06-12T14:36:22: ✅ task_targets.created_by_admin exists
2026-06-12T14:36:22: ✅ task_achievements.achieved_amount exists
2026-06-12T14:36:22: ✅ task_updates.amount exists
2026-06-12T14:36:22: ✅ call_reports.start_time exists
2026-06-12T14:36:22: ✅ call_reports.end_time exists
2026-06-12T14:36:22: ✅ call_reports.km exists
2026-06-12T14:36:22: ✅ call_reports.remarks exists
2026-06-12T14:36:22: ✅ call_reports.technician exists
2026-06-12T14:36:22: ✅ call_reports.sales_person exists
2026-06-12T14:36:22: ✅ tasks.assigned_teammember_id exists
2026-06-12T14:36:22: ✅ task_targets.teammember_id exists
2026-06-12T14:36:22: ✅ quotations.reference_no exists
2026-06-12T14:36:22: ✅ task_targets.carry_forward exists
2026-06-12T14:36:22: ✅ task_targets.effective_target exists
2026-06-12T14:36:22: ✅ task_targets.user_id exists
2026-06-12T14:36:22: ✅ task_targets.created_by_admin exists
2026-06-12T14:36:22: ✅ task_achievements.achieved_amount exists
2026-06-12T14:36:22: ✅ clients.created_by exists
2026-06-12T14:36:22: ✅ tasks.created_by exists
2026-06-12T14:36:22: ✅ tasks.task_description exists
2026-06-12T14:36:22: ✅ tasks.assigned_to exists
2026-06-12T14:36:22: ✅ quotations.created_by exists
2026-06-12T14:36:22: ✅ contracts.created_by exists
2026-06-12T14:36:22: ✅ contracts.client_company exists
2026-06-12T14:36:22: ✅ contracts.amount_value exists
2026-06-12T14:36:22: ✅ contracts.remaining exists
2026-06-12T14:36:22: ✅ contracts.email exists
2026-06-12T14:36:22: ✅ clientinvoices.created_by exists
2026-06-12T14:36:22: ✅ performainvoices.created_by exists
2026-06-12T14:36:22: ✅ services.created_by exists
2026-06-12T14:36:22: ✅ call_reports.created_by exists
2026-06-12T14:36:22: ✅ lead_activity.employee_id exists
2026-06-12T14:36:22: ✅ lead_escalations.missed_threshold_reached exists
2026-06-12T14:36:22: ✅ lead_escalations.employee_id exists
2026-06-12T14:36:22: ✅ performainvoices.is_latest exists
2026-06-12T14:36:22: ✅ performainvoices.version exists
2026-06-12T14:36:22: ✅ performainvoices.parent_id exists
2026-06-12T14:36:22: ✅ performa_invoice_items.uom exists
2026-06-12T14:36:22: ✅ performainvoice_items.uom exists
2026-06-12T14:36:22: ✅ task_assignments.response_notes exists
2026-06-12T14:36:22: ✅ call_reports.amount_collected exists
2026-06-12T14:36:22: ✅ call_reports.payment_mode exists
2026-06-12T14:36:22: ✅ call_reports.duration_limit exists
2026-06-12T14:36:22: ✅ call_reports.actual_duration exists
2026-06-12T14:36:22: ✅ call_reports.is_exceeded exists
2026-06-12T14:36:22: ✅ call_reports.assigned_time exists
2026-06-12T14:36:22: ✅ call_reports.call_id exists
2026-06-12T14:36:22: ✅ call_reports.session_id exists
2026-06-12T14:36:22: ✅ call_reports.client_name exists
2026-06-12T14:36:22: ✅ call_reports.staff_name exists
2026-06-12T14:36:22: ✅ call_reports.executive_name exists
2026-06-12T14:36:22: ✅ call_reports.phone exists
2026-06-12T14:36:22: ✅ call_reports.location exists
2026-06-12T14:36:22: ✅ call_reports.call_sequence exists
2026-06-12T14:36:22: ✅ call_reports.report_date exists
2026-06-12T14:36:22: ✅ call_reports.complaint exists
2026-06-12T14:36:22: ✅ call_reports.priority exists
2026-06-12T14:36:22: ✅ call_reports.call_type exists
2026-06-12T14:36:22: ✅ call_reports.payment_type exists
2026-06-12T14:36:22: ✅ call_reports.invoice_value exists
2026-06-12T14:36:22: ✅ call_reports.payment_status exists
2026-06-12T14:36:22: ✅ call_reports.petrol_charges exists
2026-06-12T14:36:22: ✅ call_reports.spare_parts_price exists
2026-06-12T14:36:22: ✅ call_reports.labour_charges exists
2026-06-12T14:36:22: ✅ call_reports.total_expenses exists
2026-06-12T14:36:22: ✅ call_reports.customer_name exists
2026-06-12T14:36:22: ✅ call_reports.mobile_number exists
2026-06-12T14:36:22: ✅ call_reports.location_city exists
2026-06-12T14:36:22: ✅ call_reports.contract_title exists
2026-06-12T14:36:22: ✅ call_reports.service_type exists
2026-06-12T14:36:22: ✅ call_reports.description exists
2026-06-12T14:36:22: ✅ call_reports.service_person exists
2026-06-12T14:36:22: ✅ call_reports.contract_id exists
2026-06-12T14:36:22: ✅ call_reports.call_referrer exists
2026-06-12T14:36:22: ✅ call_reports.step2_completed exists
2026-06-12T14:36:22: ✅ call_reports.email exists
2026-06-12T14:36:22: ✅ call_reports.status exists
2026-06-12T14:36:22: ✅ call_reports.gst_number exists
2026-06-12T14:36:22: ✅ call_reports.company_name exists
2026-06-12T14:36:22: ✅ call_reports.completed_at exists
2026-06-12T14:36:22: ✅ call_reports.carry_forward_date exists
2026-06-12T14:36:22: ✅ amc_alc_services.amount_collected exists
2026-06-12T14:36:22: ✅ amc_alc_services.payment_mode exists
2026-06-12T14:36:22: ✅ amc_alc_services.call_number exists
2026-06-12T14:36:22: ✅ amc_alc_services.breakpoints exists
2026-06-12T14:36:22: ✅ amc_alc_services.duration_limit exists
2026-06-12T14:36:22: ✅ clients.gst_number exists
2026-06-12T14:36:22: ✅ clients.company_name exists
2026-06-12T14:36:22: ✅ clients.service exists
2026-06-12T14:36:22: ✅ clients.alternate_phone exists
2026-06-12T14:36:22: ✅ clients.city exists
2026-06-12T14:36:22: ✅ clients.state exists
2026-06-12T14:36:23: ✅ clients.pincode exists
2026-06-12T14:36:23: ✅ clients.notes exists
2026-06-12T14:36:23: ✅ clients.client_status exists
2026-06-12T14:36:23: ✅ clients.original_lead_id exists
2026-06-12T14:36:23: ✅ clients.original_lead_type exists
2026-06-12T14:36:23: ✅ clients.converted_at exists
2026-06-12T14:36:23: ✅ clients.lead_email exists
2026-06-12T14:36:23: ✅ clients.lead_city exists
2026-06-12T14:36:23: ✅ clients.lead_reference exists
2026-06-12T14:36:23: ✅ clients.lead_purpose exists
2026-06-12T14:36:23: ✅ clients.client_status exists
2026-06-12T14:36:23: ✅ clients.lead_staff_name exists
2026-06-12T14:36:23: ✅ clients.lead_id_display exists
2026-06-12T14:36:23: ✅ clients.assigned_teammember_id exists
2026-06-12T14:36:23: ✅ clients.state exists
2026-06-12T14:36:23: ✅ clients.pincode exists
2026-06-12T14:36:23: ✅ users.emp_id exists
2026-06-12T14:36:23: ✅ quotations.reference_no exists
2026-06-12T14:36:23: ✅ quotations.from_address_id exists
2026-06-12T14:36:23: ✅ quotations.from_address_custom exists
2026-06-12T14:36:23: ✅ quotations.client_company exists
2026-06-12T14:36:23: ✅ quotations.client_address1 exists
2026-06-12T14:36:23: ✅ quotations.client_address2 exists
2026-06-12T14:36:23: ✅ quotations.client_city exists
2026-06-12T14:36:23: ✅ quotations.client_state exists
2026-06-12T14:36:23: ✅ quotations.client_pincode exists
2026-06-12T14:36:23: ✅ quotations.client_country exists
2026-06-12T14:36:23: ✅ quotations.tax_type exists
2026-06-12T14:36:23: ✅ quotations.custom_tax exists
2026-06-12T14:36:23: ✅ quotations.exec_name exists
2026-06-12T14:36:23: ✅ quotations.exec_phone exists
2026-06-12T14:36:23: ✅ quotations.exec_email exists
2026-06-12T14:36:23: ✅ quotations.terms_general exists
2026-06-12T14:36:23: ✅ quotations.terms_tax exists
2026-06-12T14:36:23: ✅ quotations.terms_project_period exists
2026-06-12T14:36:23: ✅ quotations.terms_validity exists
2026-06-12T14:36:23: ✅ quotations.terms_separate_orders exists
2026-06-12T14:36:23: ✅ quotations.terms_payment exists
2026-06-12T14:36:23: ✅ quotations.terms_payment_custom exists
2026-06-12T14:36:23: ✅ quotations.terms_warranty exists
2026-06-12T14:36:23: ✅ quotations.hsn_sac_code exists
2026-06-12T14:36:23: ✅ quotations.supplier_branch exists
2026-06-12T14:36:23: ✅ quotations.bank_details_id exists
2026-06-12T14:36:23: ✅ quotations.bank_company exists
2026-06-12T14:36:23: ✅ quotations.bank_name exists
2026-06-12T14:36:23: ✅ quotations.bank_account exists
2026-06-12T14:36:23: ✅ quotations.bank_ifsc exists
2026-06-12T14:36:23: ✅ quotations.bank_branch exists
2026-06-12T14:36:23: ✅ quotations.custom_terms exists
2026-06-12T14:36:23: ✅ quotations.is_latest exists
2026-06-12T14:36:23: ✅ quotations.parent_id exists
2026-06-12T14:36:23: ✅ quotations.version exists
2026-06-12T14:36:23: ✅ performainvoices.reference_no exists
2026-06-12T14:36:23: ✅ performainvoices.from_address_id exists
2026-06-12T14:36:23: ✅ performainvoices.from_address_custom exists
2026-06-12T14:36:23: ✅ performainvoices.client_company exists
2026-06-12T14:36:23: ✅ performainvoices.client_address1 exists
2026-06-12T14:36:23: ✅ performainvoices.client_address2 exists
2026-06-12T14:36:23: ✅ performainvoices.client_city exists
2026-06-12T14:36:23: ✅ performainvoices.client_state exists
2026-06-12T14:36:23: ✅ performainvoices.client_pincode exists
2026-06-12T14:36:23: ✅ performainvoices.client_country exists
2026-06-12T14:36:23: ✅ performainvoices.tax_type exists
2026-06-12T14:36:23: ✅ performainvoices.custom_tax exists
2026-06-12T14:36:23: ✅ performainvoices.exec_name exists
2026-06-12T14:36:23: ✅ performainvoices.exec_phone exists
2026-06-12T14:36:23: ✅ performainvoices.exec_email exists
2026-06-12T14:36:23: ✅ performainvoices.terms_general exists
2026-06-12T14:36:23: ✅ performainvoices.terms_tax exists
2026-06-12T14:36:23: ✅ performainvoices.terms_project_period exists
2026-06-12T14:36:23: ✅ performainvoices.terms_validity exists
2026-06-12T14:36:23: ✅ performainvoices.terms_separate_orders exists
2026-06-12T14:36:23: ✅ performainvoices.terms_payment exists
2026-06-12T14:36:23: ✅ performainvoices.terms_payment_custom exists
2026-06-12T14:36:23: ✅ performainvoices.terms_warranty exists
2026-06-12T14:36:23: ✅ performainvoices.hsn_sac_code exists
2026-06-12T14:36:23: ✅ performainvoices.supplier_branch exists
2026-06-12T14:36:23: ✅ performainvoices.bank_details_id exists
2026-06-12T14:36:23: ✅ performainvoices.bank_company exists
2026-06-12T14:36:23: ✅ performainvoices.bank_name exists
2026-06-12T14:36:23: ✅ performainvoices.bank_account exists
2026-06-12T14:36:23: ✅ performainvoices.bank_ifsc exists
2026-06-12T14:36:23: ✅ performainvoices.bank_branch exists
2026-06-12T14:36:23: ✅ performainvoices.custom_terms exists
2026-06-12T14:36:23: ✅ services.reference_no exists
2026-06-12T14:36:23: ✅ services.from_address_id exists
2026-06-12T14:36:23: ✅ services.from_address_custom exists
2026-06-12T14:36:23: ✅ services.client_company exists
2026-06-12T14:36:23: ✅ services.client_address1 exists
2026-06-12T14:36:23: ✅ services.client_address2 exists
2026-06-12T14:36:23: ✅ services.client_city exists
2026-06-12T14:36:23: ✅ services.client_state exists
2026-06-12T14:36:23: ✅ services.client_pincode exists
2026-06-12T14:36:23: ✅ services.client_country exists
2026-06-12T14:36:23: ✅ services.tax_type exists
2026-06-12T14:36:23: ✅ services.custom_tax exists
2026-06-12T14:36:23: ✅ services.exec_name exists
2026-06-12T14:36:23: ✅ services.exec_phone exists
2026-06-12T14:36:23: ✅ services.exec_email exists
2026-06-12T14:36:23: ✅ services.terms_general exists
2026-06-12T14:36:23: ✅ services.terms_tax exists
2026-06-12T14:36:23: ✅ services.terms_project_period exists
2026-06-12T14:36:23: ✅ services.terms_validity exists
2026-06-12T14:36:23: ✅ services.terms_separate_orders exists
2026-06-12T14:36:23: ✅ services.terms_payment exists
2026-06-12T14:36:23: ✅ services.terms_payment_custom exists
2026-06-12T14:36:23: ✅ services.terms_warranty exists
2026-06-12T14:36:23: ✅ services.hsn_sac_code exists
2026-06-12T14:36:23: ✅ services.supplier_branch exists
2026-06-12T14:36:23: ✅ services.bank_details_id exists
2026-06-12T14:36:23: ✅ services.bank_company exists
2026-06-12T14:36:23: ✅ services.bank_name exists
2026-06-12T14:36:23: ✅ services.bank_account exists
2026-06-12T14:36:23: ✅ services.bank_ifsc exists
2026-06-12T14:36:23: ✅ services.bank_branch exists
2026-06-12T14:36:23: ✅ services.custom_terms exists
2026-06-12T14:36:23: ✅ estimatenew.client_company exists
2026-06-12T14:36:23: ✅ estimatenew.client_address exists
2026-06-12T14:36:23: ✅ estimatenew.client_city exists
2026-06-12T14:36:23: ✅ estimatenew.client_state exists
2026-06-12T14:36:23: ✅ estimatenew.client_gst exists
2026-06-12T14:36:23: ✅ estimatenew.client_phone exists
2026-06-12T14:36:23: ✅ estimatenew.subtotal exists
2026-06-12T14:36:23: ✅ estimatenew.total_tax exists
2026-06-12T14:36:23: ✅ estimatenew.total_discount exists
2026-06-12T14:36:23: ✅ estimatenew.grand_total exists
2026-06-12T14:36:23: ✅ estimateclient.subtotal exists
2026-06-12T14:36:23: ✅ estimateclient.total_tax exists
2026-06-12T14:36:23: ✅ estimateclient.total_discount exists
2026-06-12T14:36:23: ✅ estimateclient.grand_total exists
2026-06-12T14:36:23: ✅ quotation_items.uom exists
2026-06-12T14:36:23: ✅ quotation_items.hsn_sac exists
2026-06-12T14:36:23: ✅ quotation_items.brand_model exists
2026-06-12T14:36:23: ✅ customers.gst_number exists
2026-06-12T14:36:23: ✅ customers.created_by exists
2026-06-12T14:36:23: ✅ users.last_name exists
2026-06-12T14:36:23: ✅ user_email_configs.smtp_secure exists
2026-06-12T14:36:23: ✅ user_email_configs.from_email_address exists
2026-06-12T14:36:23: ✅ user_email_configs.sender_name exists
2026-06-12T14:36:23: ✅ user_email_configs.provider exists
2026-06-12T14:36:23: ✅ user_email_configs.is_enabled exists
2026-06-12T14:36:23: ✅ users.two_factor_enabled exists
2026-06-12T14:36:23: ✅ quotations.gst_mode exists
2026-06-12T14:36:23: ✅ quotations.status exists
2026-06-12T14:36:23: ✅ performainvoices.gst_mode exists
2026-06-12T14:36:23: ✅ performainvoices.status exists
2026-06-12T14:36:23: ✅ estimate_invoices.gst_mode exists
2026-06-12T14:36:23: ✅ estimate_invoices.status exists
2026-06-12T14:36:23: ✅ service_estimations.gst_mode exists
2026-06-12T14:36:23: ✅ service_estimations.status exists
2026-06-12T14:36:23: ✅ services.gst_mode exists
2026-06-12T14:36:23: ✅ estimatenew.gst_mode exists
2026-06-12T14:36:23: ✅ Create table pi_from_addresses
2026-06-12T14:36:23: ✅ Create table email_otp
2026-06-12T14:36:23: ✅ Create table payments
2026-06-12T14:36:23: ✅ Create table clientinvoices
2026-06-12T14:36:23: ✅ Create table messages
2026-06-12T14:36:23: ✅ Create table service_items
2026-06-12T14:36:23: ✅ Create table service_estimations
2026-06-12T14:36:23: ✅ Create table service_estimation_items
2026-06-12T14:36:23: ✅ Create table estimate_invoices
2026-06-12T14:36:23: ✅ Create table estimate_invoice_items
2026-06-12T14:36:23: ✅ Create table estimate_items
2026-06-12T14:36:23: ✅ Create table performainvoice_items
2026-06-12T14:36:23: ✅ Create table performainvoices
2026-06-12T14:36:23: ✅ Create table services
2026-06-12T14:36:23: ✅ Create table customers
2026-06-12T14:36:23: ✅ Create table quotations
2026-06-12T14:36:23: ✅ Create table quotation_items
2026-06-12T14:36:23: ✅ Create table lead_reminders
2026-06-12T14:36:23: ✅ Create table lead_activity
2026-06-12T14:36:23: ✅ Create table lead_escalations
2026-06-12T14:36:23: ✅ Create table admin_notifications
2026-06-12T14:36:23: ✅ Create table profile_change_requests
2026-06-12T14:36:23: ✅ Create table amc_alc_services
2026-06-12T14:36:23: ✅ Create table service_activity
2026-06-12T14:36:23: ✅ Create table task_targets
2026-06-12T14:36:23: ✅ Create table task_achievements
2026-06-12T14:36:23: ✅ Create table task_updates
2026-06-12T14:36:23: ✅ Create table call_reports
2026-06-12T14:36:23: ✅ Create table task_activity
2026-06-12T14:36:23: ✅ Create table notifications
2026-06-12T14:36:23: ✅ Create table task_assignments
2026-06-12T14:36:23: ✅ Create table clients
2026-06-12T14:36:23: ✅ Create table user_email_configs
2026-06-12T14:36:23: ✅ lead_reminders.reminder_time exists
2026-06-12T14:36:23: ✅ lead_reminders.missed_count exists
2026-06-12T14:36:23: ✅ lead_reminders.notification_sent exists
2026-06-12T14:36:23: ✅ lead_reminders.employee_id exists
2026-06-12T14:36:23: ✅ lead_escalations.missed_count exists
2026-06-12T14:36:23: ✅ users.status exists
2026-06-12T14:36:23: ✅ users.emp_id exists
2026-06-12T14:36:23: ✅ admin_notifications.related_id exists
2026-06-12T14:36:23: ✅ admin_notifications.related_type exists
2026-06-12T14:36:23: ✅ admin_notifications.created_by exists
2026-06-12T14:36:23: ✅ admin_notifications.priority exists
2026-06-12T14:36:23: ✅ admin_notifications.is_archived exists
2026-06-12T14:36:23: ✅ notifications.user_id exists
2026-06-12T14:36:23: ✅ notifications.type exists
2026-06-12T14:36:23: ✅ notifications.is_archived exists
2026-06-12T14:36:23: ✅ task_assignments.status exists
2026-06-12T14:36:23: ✅ teammember.mobile_number exists
2026-06-12T14:36:23: ✅ teammember.emp_id exists
2026-06-12T14:36:23: ✅ teammember.user_id exists
2026-06-12T14:36:23: ✅ teammember.emp_address exists
2026-06-12T14:36:23: ✅ telecalls.created_by exists
2026-06-12T14:36:23: ✅ telecalls.email exists
2026-06-12T14:36:23: ✅ walkins.assigned_to exists
2026-06-12T14:36:23: ✅ walkins.created_by exists
2026-06-12T14:36:23: ✅ walkins.email exists
2026-06-12T14:36:23: ✅ fields.assigned_to exists
2026-06-12T14:36:23: ✅ fields.created_by exists
2026-06-12T14:36:23: ✅ fields.email exists
2026-06-12T14:36:23: ✅ quotations.lead_id exists
2026-06-12T14:36:23: ✅ quotations.lead_type exists
2026-06-12T14:36:23: ✅ contracts.contract_type exists
2026-06-12T14:36:23: ✅ contracts.quotation_id exists
2026-06-12T14:36:23: ✅ contracts.mobile_number exists
2026-06-12T14:36:23: ✅ contracts.location_city exists
2026-06-12T14:36:23: ✅ amc_alc_services.labour_charges exists
2026-06-12T14:36:23: ✅ amc_alc_services.contract_title exists
2026-06-12T14:36:23: ✅ amc_alc_services.start_time exists
2026-06-12T14:36:23: ✅ amc_alc_services.end_time exists
2026-06-12T14:36:23: ✅ amc_alc_services.km exists
2026-06-12T14:36:23: ✅ amc_alc_services.technician exists
2026-06-12T14:36:23: ✅ amc_alc_services.sales_person exists
2026-06-12T14:36:23: ✅ amc_alc_services.remarks exists
2026-06-12T14:36:23: ✅ amc_alc_services.email exists
2026-06-12T14:36:23: ✅ amc_alc_services.next_service_date exists
2026-06-12T14:36:23: ✅ amc_alc_services.service_type exists
2026-06-12T14:36:23: ✅ task_targets.user_id exists
2026-06-12T14:36:23: ✅ task_targets.created_by_admin exists
2026-06-12T14:36:23: ✅ task_achievements.achieved_amount exists
2026-06-12T14:36:23: ✅ task_updates.amount exists
2026-06-12T14:36:23: ✅ call_reports.start_time exists
2026-06-12T14:36:23: ✅ call_reports.end_time exists
2026-06-12T14:36:23: ✅ call_reports.km exists
2026-06-12T14:36:23: ✅ call_reports.remarks exists
2026-06-12T14:36:23: ✅ call_reports.technician exists
2026-06-12T14:36:23: ✅ call_reports.sales_person exists
2026-06-12T14:36:23: ✅ tasks.assigned_teammember_id exists
2026-06-12T14:36:23: ✅ task_targets.teammember_id exists
2026-06-12T14:36:23: ✅ quotations.reference_no exists
2026-06-12T14:36:23: ✅ task_targets.carry_forward exists
2026-06-12T14:36:23: ✅ task_targets.effective_target exists
2026-06-12T14:36:23: ✅ task_targets.user_id exists
2026-06-12T14:36:23: ✅ task_targets.created_by_admin exists
2026-06-12T14:36:23: ✅ task_achievements.achieved_amount exists
2026-06-12T14:36:23: ✅ clients.created_by exists
2026-06-12T14:36:23: ✅ tasks.created_by exists
2026-06-12T14:36:23: ✅ tasks.task_description exists
2026-06-12T14:36:23: ✅ tasks.assigned_to exists
2026-06-12T14:36:23: ✅ quotations.created_by exists
2026-06-12T14:36:23: ✅ contracts.created_by exists
2026-06-12T14:36:23: ✅ contracts.client_company exists
2026-06-12T14:36:23: ✅ contracts.amount_value exists
2026-06-12T14:36:23: ✅ contracts.remaining exists
2026-06-12T14:36:23: ✅ contracts.email exists
2026-06-12T14:36:23: ✅ clientinvoices.created_by exists
2026-06-12T14:36:23: ✅ performainvoices.created_by exists
2026-06-12T14:36:23: ✅ services.created_by exists
2026-06-12T14:36:23: ✅ call_reports.created_by exists
2026-06-12T14:36:23: ✅ lead_activity.employee_id exists
2026-06-12T14:36:23: ✅ lead_escalations.missed_threshold_reached exists
2026-06-12T14:36:23: ✅ lead_escalations.employee_id exists
2026-06-12T14:36:23: ✅ performainvoices.is_latest exists
2026-06-12T14:36:23: ✅ performainvoices.version exists
2026-06-12T14:36:23: ✅ performainvoices.parent_id exists
2026-06-12T14:36:23: ✅ performa_invoice_items.uom exists
2026-06-12T14:36:23: ✅ performainvoice_items.uom exists
2026-06-12T14:36:23: ✅ task_assignments.response_notes exists
2026-06-12T14:36:23: ✅ call_reports.amount_collected exists
2026-06-12T14:36:23: ✅ call_reports.payment_mode exists
2026-06-12T14:36:23: ✅ call_reports.duration_limit exists
2026-06-12T14:36:23: ✅ call_reports.actual_duration exists
2026-06-12T14:36:23: ✅ call_reports.is_exceeded exists
2026-06-12T14:36:23: ✅ call_reports.assigned_time exists
2026-06-12T14:36:23: ✅ call_reports.call_id exists
2026-06-12T14:36:23: ✅ call_reports.session_id exists
2026-06-12T14:36:23: ✅ call_reports.client_name exists
2026-06-12T14:36:23: ✅ call_reports.staff_name exists
2026-06-12T14:36:23: ✅ call_reports.executive_name exists
2026-06-12T14:36:23: ✅ call_reports.phone exists
2026-06-12T14:36:23: ✅ call_reports.location exists
2026-06-12T14:36:23: ✅ call_reports.call_sequence exists
2026-06-12T14:36:23: ✅ call_reports.report_date exists
2026-06-12T14:36:23: ✅ call_reports.complaint exists
2026-06-12T14:36:23: ✅ call_reports.priority exists
2026-06-12T14:36:23: ✅ call_reports.call_type exists
2026-06-12T14:36:23: ✅ call_reports.payment_type exists
2026-06-12T14:36:23: ✅ call_reports.invoice_value exists
2026-06-12T14:36:23: ✅ call_reports.payment_status exists
2026-06-12T14:36:23: ✅ call_reports.petrol_charges exists
2026-06-12T14:36:23: ✅ call_reports.spare_parts_price exists
2026-06-12T14:36:23: ✅ call_reports.labour_charges exists
2026-06-12T14:36:23: ✅ call_reports.total_expenses exists
2026-06-12T14:36:23: ✅ call_reports.customer_name exists
2026-06-12T14:36:23: ✅ call_reports.mobile_number exists
2026-06-12T14:36:23: ✅ call_reports.location_city exists
2026-06-12T14:36:23: ✅ call_reports.contract_title exists
2026-06-12T14:36:23: ✅ call_reports.service_type exists
2026-06-12T14:36:23: ✅ call_reports.description exists
2026-06-12T14:36:23: ✅ call_reports.service_person exists
2026-06-12T14:36:23: ✅ call_reports.contract_id exists
2026-06-12T14:36:23: ✅ call_reports.call_referrer exists
2026-06-12T14:36:23: ✅ call_reports.step2_completed exists
2026-06-12T14:36:23: ✅ call_reports.email exists
2026-06-12T14:36:23: ✅ call_reports.status exists
2026-06-12T14:36:23: ✅ call_reports.gst_number exists
2026-06-12T14:36:23: ✅ call_reports.company_name exists
2026-06-12T14:36:23: ✅ call_reports.completed_at exists
2026-06-12T14:36:23: ✅ call_reports.carry_forward_date exists
2026-06-12T14:36:23: ✅ amc_alc_services.amount_collected exists
2026-06-12T14:36:23: ✅ amc_alc_services.payment_mode exists
2026-06-12T14:36:23: ✅ amc_alc_services.call_number exists
2026-06-12T14:36:23: ✅ amc_alc_services.breakpoints exists
2026-06-12T14:36:23: ✅ amc_alc_services.duration_limit exists
2026-06-12T14:36:23: ✅ clients.gst_number exists
2026-06-12T14:36:23: ✅ clients.company_name exists
2026-06-12T14:36:23: ✅ clients.service exists
2026-06-12T14:36:23: ✅ clients.alternate_phone exists
2026-06-12T14:36:23: ✅ clients.city exists
2026-06-12T14:36:23: ✅ clients.state exists
2026-06-12T14:36:23: ✅ clients.pincode exists
2026-06-12T14:36:23: ✅ clients.notes exists
2026-06-12T14:36:23: ✅ clients.client_status exists
2026-06-12T14:36:23: ✅ clients.original_lead_id exists
2026-06-12T14:36:23: ✅ clients.original_lead_type exists
2026-06-12T14:36:23: ✅ clients.converted_at exists
2026-06-12T14:36:23: ✅ clients.lead_email exists
2026-06-12T14:36:23: ✅ clients.lead_city exists
2026-06-12T14:36:23: ✅ clients.lead_reference exists
2026-06-12T14:36:23: ✅ clients.lead_purpose exists
2026-06-12T14:36:23: ✅ clients.client_status exists
2026-06-12T14:36:23: ✅ clients.lead_staff_name exists
2026-06-12T14:36:23: ✅ clients.lead_id_display exists
2026-06-12T14:36:23: ✅ clients.assigned_teammember_id exists
2026-06-12T14:36:23: ✅ clients.state exists
2026-06-12T14:36:23: ✅ clients.pincode exists
2026-06-12T14:36:23: ✅ users.emp_id exists
2026-06-12T14:36:23: ✅ quotations.reference_no exists
2026-06-12T14:36:23: ✅ quotations.from_address_id exists
2026-06-12T14:36:23: ✅ quotations.from_address_custom exists
2026-06-12T14:36:23: ✅ quotations.client_company exists
2026-06-12T14:36:23: ✅ quotations.client_address1 exists
2026-06-12T14:36:23: ✅ quotations.client_address2 exists
2026-06-12T14:36:23: ✅ quotations.client_city exists
2026-06-12T14:36:23: ✅ quotations.client_state exists
2026-06-12T14:36:23: ✅ quotations.client_pincode exists
2026-06-12T14:36:23: ✅ quotations.client_country exists
2026-06-12T14:36:23: ✅ quotations.tax_type exists
2026-06-12T14:36:23: ✅ quotations.custom_tax exists
2026-06-12T14:36:23: ✅ quotations.exec_name exists
2026-06-12T14:36:23: ✅ quotations.exec_phone exists
2026-06-12T14:36:23: ✅ quotations.exec_email exists
2026-06-12T14:36:23: ✅ quotations.terms_general exists
2026-06-12T14:36:23: ✅ quotations.terms_tax exists
2026-06-12T14:36:23: ✅ quotations.terms_project_period exists
2026-06-12T14:36:23: ✅ quotations.terms_validity exists
2026-06-12T14:36:23: ✅ quotations.terms_separate_orders exists
2026-06-12T14:36:23: ✅ quotations.terms_payment exists
2026-06-12T14:36:23: ✅ quotations.terms_payment_custom exists
2026-06-12T14:36:23: ✅ quotations.terms_warranty exists
2026-06-12T14:36:23: ✅ quotations.hsn_sac_code exists
2026-06-12T14:36:23: ✅ quotations.supplier_branch exists
2026-06-12T14:36:23: ✅ quotations.bank_details_id exists
2026-06-12T14:36:23: ✅ quotations.bank_company exists
2026-06-12T14:36:23: ✅ quotations.bank_name exists
2026-06-12T14:36:23: ✅ quotations.bank_account exists
2026-06-12T14:36:23: ✅ quotations.bank_ifsc exists
2026-06-12T14:36:23: ✅ quotations.bank_branch exists
2026-06-12T14:36:23: ✅ quotations.custom_terms exists
2026-06-12T14:36:23: ✅ quotations.is_latest exists
2026-06-12T14:36:23: ✅ quotations.parent_id exists
2026-06-12T14:36:23: ✅ quotations.version exists
2026-06-12T14:36:23: ✅ performainvoices.reference_no exists
2026-06-12T14:36:23: ✅ performainvoices.from_address_id exists
2026-06-12T14:36:23: ✅ performainvoices.from_address_custom exists
2026-06-12T14:36:23: ✅ performainvoices.client_company exists
2026-06-12T14:36:23: ✅ performainvoices.client_address1 exists
2026-06-12T14:36:23: ✅ performainvoices.client_address2 exists
2026-06-12T14:36:23: ✅ performainvoices.client_city exists
2026-06-12T14:36:23: ✅ performainvoices.client_state exists
2026-06-12T14:36:23: ✅ performainvoices.client_pincode exists
2026-06-12T14:36:23: ✅ performainvoices.client_country exists
2026-06-12T14:36:23: ✅ performainvoices.tax_type exists
2026-06-12T14:36:23: ✅ performainvoices.custom_tax exists
2026-06-12T14:36:23: ✅ performainvoices.exec_name exists
2026-06-12T14:36:23: ✅ performainvoices.exec_phone exists
2026-06-12T14:36:23: ✅ performainvoices.exec_email exists
2026-06-12T14:36:23: ✅ performainvoices.terms_general exists
2026-06-12T14:36:23: ✅ performainvoices.terms_tax exists
2026-06-12T14:36:23: ✅ performainvoices.terms_project_period exists
2026-06-12T14:36:23: ✅ performainvoices.terms_validity exists
2026-06-12T14:36:23: ✅ performainvoices.terms_separate_orders exists
2026-06-12T14:36:23: ✅ performainvoices.terms_payment exists
2026-06-12T14:36:23: ✅ performainvoices.terms_payment_custom exists
2026-06-12T14:36:23: ✅ performainvoices.terms_warranty exists
2026-06-12T14:36:23: ✅ performainvoices.hsn_sac_code exists
2026-06-12T14:36:23: ✅ performainvoices.supplier_branch exists
2026-06-12T14:36:23: ✅ performainvoices.bank_details_id exists
2026-06-12T14:36:23: ✅ performainvoices.bank_company exists
2026-06-12T14:36:23: ✅ performainvoices.bank_name exists
2026-06-12T14:36:23: ✅ performainvoices.bank_account exists
2026-06-12T14:36:23: ✅ performainvoices.bank_ifsc exists
2026-06-12T14:36:23: ✅ performainvoices.bank_branch exists
2026-06-12T14:36:23: ✅ performainvoices.custom_terms exists
2026-06-12T14:36:23: ✅ services.reference_no exists
2026-06-12T14:36:23: ✅ services.from_address_id exists
2026-06-12T14:36:23: ✅ services.from_address_custom exists
2026-06-12T14:36:23: ✅ services.client_company exists
2026-06-12T14:36:23: ✅ services.client_address1 exists
2026-06-12T14:36:23: ✅ services.client_address2 exists
2026-06-12T14:36:23: ✅ services.client_city exists
2026-06-12T14:36:23: ✅ services.client_state exists
2026-06-12T14:36:23: ✅ services.client_pincode exists
2026-06-12T14:36:23: ✅ services.client_country exists
2026-06-12T14:36:23: ✅ services.tax_type exists
2026-06-12T14:36:23: ✅ services.custom_tax exists
2026-06-12T14:36:23: ✅ services.exec_name exists
2026-06-12T14:36:23: ✅ services.exec_phone exists
2026-06-12T14:36:23: ✅ services.exec_email exists
2026-06-12T14:36:23: ✅ services.terms_general exists
2026-06-12T14:36:23: ✅ services.terms_tax exists
2026-06-12T14:36:23: ✅ services.terms_project_period exists
2026-06-12T14:36:23: ✅ services.terms_validity exists
2026-06-12T14:36:23: ✅ services.terms_separate_orders exists
2026-06-12T14:36:23: ✅ services.terms_payment exists
2026-06-12T14:36:23: ✅ services.terms_payment_custom exists
2026-06-12T14:36:23: ✅ services.terms_warranty exists
2026-06-12T14:36:23: ✅ services.hsn_sac_code exists
2026-06-12T14:36:23: ✅ services.supplier_branch exists
2026-06-12T14:36:23: ✅ services.bank_details_id exists
2026-06-12T14:36:23: ✅ services.bank_company exists
2026-06-12T14:36:23: ✅ services.bank_name exists
2026-06-12T14:36:23: ✅ services.bank_account exists
2026-06-12T14:36:23: ✅ services.bank_ifsc exists
2026-06-12T14:36:23: ✅ services.bank_branch exists
2026-06-12T14:36:23: ✅ services.custom_terms exists
2026-06-12T14:36:23: ✅ estimatenew.client_company exists
2026-06-12T14:36:23: ✅ estimatenew.client_address exists
2026-06-12T14:36:23: ✅ estimatenew.client_city exists
2026-06-12T14:36:23: ✅ estimatenew.client_state exists
2026-06-12T14:36:23: ✅ estimatenew.client_gst exists
2026-06-12T14:36:24: ✅ estimatenew.client_phone exists
2026-06-12T14:36:24: ✅ estimatenew.subtotal exists
2026-06-12T14:36:24: ✅ estimatenew.total_tax exists
2026-06-12T14:36:24: ✅ estimatenew.total_discount exists
2026-06-12T14:36:24: ✅ estimatenew.grand_total exists
2026-06-12T14:36:24: ✅ estimateclient.subtotal exists
2026-06-12T14:36:24: ✅ estimateclient.total_tax exists
2026-06-12T14:36:24: ✅ estimateclient.total_discount exists
2026-06-12T14:36:24: ✅ estimateclient.grand_total exists
2026-06-12T14:36:24: ✅ quotation_items.uom exists
2026-06-12T14:36:24: ✅ quotation_items.hsn_sac exists
2026-06-12T14:36:24: ✅ quotation_items.brand_model exists
2026-06-12T14:36:24: ✅ customers.gst_number exists
2026-06-12T14:36:24: ✅ customers.created_by exists
2026-06-12T14:36:24: ✅ users.last_name exists
2026-06-12T14:36:24: ✅ user_email_configs.smtp_secure exists
2026-06-12T14:36:24: ✅ user_email_configs.from_email_address exists
2026-06-12T14:36:24: ✅ user_email_configs.sender_name exists
2026-06-12T14:36:24: ✅ user_email_configs.provider exists
2026-06-12T14:36:24: ✅ user_email_configs.is_enabled exists
2026-06-12T14:36:24: ✅ users.two_factor_enabled exists
2026-06-12T14:36:24: ✅ quotations.gst_mode exists
2026-06-12T14:36:24: ✅ quotations.status exists
2026-06-12T14:36:24: ✅ performainvoices.gst_mode exists
2026-06-12T14:36:24: ✅ performainvoices.status exists
2026-06-12T14:36:24: ✅ estimate_invoices.gst_mode exists
2026-06-12T14:36:24: ✅ estimate_invoices.status exists
2026-06-12T14:36:24: ✅ service_estimations.gst_mode exists
2026-06-12T14:36:24: ✅ service_estimations.status exists
2026-06-12T14:36:24: ✅ services.gst_mode exists
2026-06-12T14:36:24: ✅ estimatenew.gst_mode exists
2026-06-12T14:36:24: Users role column updated
2026-06-12T14:36:24: Teammember emp_role updated
2026-06-12T14:36:24: Default employees seeded successfully.
2026-06-12T14:36:24: [Scheduler] Reminder escalation scheduler started (every 15 min)
2026-06-12T14:36:24: [Scheduler] End-of-day task scheduler started (daily at 6 PM)
2026-06-12T14:36:24: ✅ Server running: http://0.0.0.0:5000 [production]
2026-06-12T14:36:25: User 701 joined notifications channel
2026-06-12T14:36:25: OTP email transporter is ready
2026-06-12T14:36:27: User 708 joined notifications channel
2026-06-12T14:36:27: Admin joined notifications channel
2026-06-12T14:36:34: [Scheduler] Running initial task check...
2026-06-12T14:36:35: [Scheduler] End-of-day task check complete. Evaluated 1 incomplete tasks.
2026-06-12T14:36:35: [Scheduler] Daily summary notification already dispatched for today
2026-06-12T14:36:42: User 708 joined notifications channel
2026-06-12T14:36:42: Admin joined notifications channel
2026-06-12T14:36:42: User 701 joined notifications channel
2026-06-12T14:36:45: Client disconnected from notifications
2026-06-12T14:36:46: Client disconnected from notifications
2026-06-12T14:36:46: Client disconnected from notifications
2026-06-12T14:36:48: Client disconnected from notifications
2026-06-12T14:36:49: User 708 joined notifications channel
2026-06-12T14:36:49: Admin joined notifications channel
2026-06-12T14:36:49: Client disconnected from notifications
2026-06-12T14:36:50: User 708 joined notifications channel
2026-06-12T14:36:50: Admin joined notifications channel
2026-06-12T14:36:51: Client disconnected from notifications
2026-06-12T14:36:51: Client disconnected from notifications
2026-06-12T14:36:52: Client disconnected from notifications
2026-06-12T14:36:52: User 708 joined notifications channel
2026-06-12T14:36:52: Admin joined notifications channel
2026-06-12T14:36:53: User 701 joined notifications channel
2026-06-12T14:39:42: Client disconnected from notifications
2026-06-12T14:41:21: User 708 joined notifications channel
2026-06-12T14:41:21: Admin joined notifications channel
2026-06-12T14:45:01: Client disconnected from notifications
2026-06-12T14:47:20: Client disconnected from notifications
2026-06-12T15:24:50: ◇ injected env (12) from .env // tip: ⌘ suppress logs { quiet: true }
2026-06-12T15:24:51: ◇ injected env (0) from .env // tip: ◈ encrypted .env [www.dotenvx.com]
2026-06-12T15:24:51: Generating fresh VAPID Keys for Push Notifications...
2026-06-12T15:24:51: VAPID Keys generated and saved to backend/.env
2026-06-12T15:24:52: MySQL Connected (127.0.0.1:3306)
2026-06-12T15:24:52: Using database achme
2026-06-12T15:24:52: Database initialized successfully
2026-06-12T15:24:52: ✅ lead_reminders.reminder_time exists
2026-06-12T15:24:52: ✅ lead_reminders.missed_count exists
2026-06-12T15:24:52: ✅ lead_reminders.notification_sent exists
2026-06-12T15:24:52: ✅ lead_reminders.employee_id exists
2026-06-12T15:24:52: ✅ lead_escalations.missed_count exists
2026-06-12T15:24:52: ✅ users.status exists
2026-06-12T15:24:52: ✅ users.emp_id exists
2026-06-12T15:24:52: ✅ admin_notifications.related_id exists
2026-06-12T15:24:52: ✅ admin_notifications.related_type exists
2026-06-12T15:24:52: ✅ admin_notifications.created_by exists
2026-06-12T15:24:52: ✅ admin_notifications.priority exists
2026-06-12T15:24:52: ✅ admin_notifications.is_archived exists
2026-06-12T15:24:52: ✅ notifications.user_id exists
2026-06-12T15:24:52: ✅ notifications.type exists
2026-06-12T15:24:52: ✅ notifications.is_archived exists
2026-06-12T15:24:52: ✅ task_assignments.status exists
2026-06-12T15:24:52: ✅ teammember.mobile_number exists
2026-06-12T15:24:52: ✅ teammember.emp_id exists
2026-06-12T15:24:52: ✅ teammember.user_id exists
2026-06-12T15:24:52: ✅ teammember.emp_address exists
2026-06-12T15:24:52: ✅ telecalls.created_by exists
2026-06-12T15:24:52: ✅ telecalls.email exists
2026-06-12T15:24:52: ✅ walkins.assigned_to exists
2026-06-12T15:24:52: ✅ walkins.created_by exists
2026-06-12T15:24:52: ✅ walkins.email exists
2026-06-12T15:24:52: ✅ fields.assigned_to exists
2026-06-12T15:24:52: ✅ fields.created_by exists
2026-06-12T15:24:52: ✅ fields.email exists
2026-06-12T15:24:52: ✅ quotations.lead_id exists
2026-06-12T15:24:52: ✅ quotations.lead_type exists
2026-06-12T15:24:52: ✅ contracts.contract_type exists
2026-06-12T15:24:52: ✅ contracts.quotation_id exists
2026-06-12T15:24:52: ✅ contracts.mobile_number exists
2026-06-12T15:24:52: ✅ contracts.location_city exists
2026-06-12T15:24:52: ✅ amc_alc_services.labour_charges exists
2026-06-12T15:24:52: ✅ amc_alc_services.contract_title exists
2026-06-12T15:24:52: ✅ amc_alc_services.start_time exists
2026-06-12T15:24:52: ✅ amc_alc_services.end_time exists
2026-06-12T15:24:52: ✅ amc_alc_services.km exists
2026-06-12T15:24:52: ✅ amc_alc_services.technician exists
2026-06-12T15:24:52: ✅ amc_alc_services.sales_person exists
2026-06-12T15:24:52: ✅ amc_alc_services.remarks exists
2026-06-12T15:24:52: ✅ amc_alc_services.email exists
2026-06-12T15:24:52: ✅ amc_alc_services.next_service_date exists
2026-06-12T15:24:52: ✅ amc_alc_services.service_type exists
2026-06-12T15:24:52: ✅ task_targets.user_id exists
2026-06-12T15:24:52: ✅ task_targets.created_by_admin exists
2026-06-12T15:24:52: ✅ task_achievements.achieved_amount exists
2026-06-12T15:24:52: ✅ task_updates.amount exists
2026-06-12T15:24:52: ✅ call_reports.start_time exists
2026-06-12T15:24:52: ✅ call_reports.end_time exists
2026-06-12T15:24:52: ✅ call_reports.km exists
2026-06-12T15:24:52: ✅ call_reports.remarks exists
2026-06-12T15:24:52: ✅ call_reports.technician exists
2026-06-12T15:24:52: ✅ call_reports.sales_person exists
2026-06-12T15:24:52: ✅ tasks.assigned_teammember_id exists
2026-06-12T15:24:52: ✅ task_targets.teammember_id exists
2026-06-12T15:24:52: ✅ quotations.reference_no exists
2026-06-12T15:24:52: ✅ task_targets.carry_forward exists
2026-06-12T15:24:52: ✅ task_targets.effective_target exists
2026-06-12T15:24:52: ✅ task_targets.user_id exists
2026-06-12T15:24:52: ✅ task_targets.created_by_admin exists
2026-06-12T15:24:52: ✅ task_achievements.achieved_amount exists
2026-06-12T15:24:52: ✅ clients.created_by exists
2026-06-12T15:24:52: ✅ tasks.created_by exists
2026-06-12T15:24:52: ✅ tasks.task_description exists
2026-06-12T15:24:52: ✅ tasks.assigned_to exists
2026-06-12T15:24:52: ✅ quotations.created_by exists
2026-06-12T15:24:52: ✅ contracts.created_by exists
2026-06-12T15:24:52: ✅ contracts.client_company exists
2026-06-12T15:24:52: ✅ contracts.amount_value exists
2026-06-12T15:24:52: ✅ contracts.remaining exists
2026-06-12T15:24:52: ✅ contracts.email exists
2026-06-12T15:24:52: ✅ clientinvoices.created_by exists
2026-06-12T15:24:52: ✅ performainvoices.created_by exists
2026-06-12T15:24:52: ✅ services.created_by exists
2026-06-12T15:24:52: ✅ call_reports.created_by exists
2026-06-12T15:24:52: ✅ lead_activity.employee_id exists
2026-06-12T15:24:52: ✅ lead_escalations.missed_threshold_reached exists
2026-06-12T15:24:52: ✅ lead_escalations.employee_id exists
2026-06-12T15:24:52: ✅ performainvoices.is_latest exists
2026-06-12T15:24:52: ✅ performainvoices.version exists
2026-06-12T15:24:52: ✅ performainvoices.parent_id exists
2026-06-12T15:24:52: ✅ performa_invoice_items.uom exists
2026-06-12T15:24:52: ✅ performainvoice_items.uom exists
2026-06-12T15:24:52: ✅ task_assignments.response_notes exists
2026-06-12T15:24:52: ✅ call_reports.amount_collected exists
2026-06-12T15:24:52: ✅ call_reports.payment_mode exists
2026-06-12T15:24:52: ✅ call_reports.duration_limit exists
2026-06-12T15:24:52: ✅ call_reports.actual_duration exists
2026-06-12T15:24:52: ✅ call_reports.is_exceeded exists
2026-06-12T15:24:52: ✅ call_reports.assigned_time exists
2026-06-12T15:24:52: ✅ call_reports.call_id exists
2026-06-12T15:24:52: ✅ call_reports.session_id exists
2026-06-12T15:24:52: ✅ call_reports.client_name exists
2026-06-12T15:24:52: ✅ call_reports.staff_name exists
2026-06-12T15:24:52: ✅ call_reports.executive_name exists
2026-06-12T15:24:52: ✅ call_reports.phone exists
2026-06-12T15:24:52: ✅ call_reports.location exists
2026-06-12T15:24:52: ✅ call_reports.call_sequence exists
2026-06-12T15:24:52: ✅ call_reports.report_date exists
2026-06-12T15:24:52: ✅ call_reports.complaint exists
2026-06-12T15:24:52: ✅ call_reports.priority exists
2026-06-12T15:24:52: ✅ call_reports.call_type exists
2026-06-12T15:24:52: ✅ call_reports.payment_type exists
2026-06-12T15:24:52: ✅ call_reports.invoice_value exists
2026-06-12T15:24:52: ✅ call_reports.payment_status exists
2026-06-12T15:24:52: ✅ call_reports.petrol_charges exists
2026-06-12T15:24:52: ✅ call_reports.spare_parts_price exists
2026-06-12T15:24:52: ✅ call_reports.labour_charges exists
2026-06-12T15:24:52: ✅ call_reports.total_expenses exists
2026-06-12T15:24:52: ✅ call_reports.customer_name exists
2026-06-12T15:24:52: ✅ call_reports.mobile_number exists
2026-06-12T15:24:52: ✅ call_reports.location_city exists
2026-06-12T15:24:52: ✅ call_reports.contract_title exists
2026-06-12T15:24:52: ✅ call_reports.service_type exists
2026-06-12T15:24:52: ✅ call_reports.description exists
2026-06-12T15:24:52: ✅ call_reports.service_person exists
2026-06-12T15:24:52: ✅ call_reports.contract_id exists
2026-06-12T15:24:52: ✅ call_reports.call_referrer exists
2026-06-12T15:24:52: ✅ call_reports.step2_completed exists
2026-06-12T15:24:52: ✅ call_reports.email exists
2026-06-12T15:24:52: ✅ call_reports.status exists
2026-06-12T15:24:52: ✅ call_reports.gst_number exists
2026-06-12T15:24:52: ✅ call_reports.company_name exists
2026-06-12T15:24:52: ✅ call_reports.completed_at exists
2026-06-12T15:24:52: ✅ call_reports.carry_forward_date exists
2026-06-12T15:24:52: ✅ amc_alc_services.amount_collected exists
2026-06-12T15:24:52: ✅ amc_alc_services.payment_mode exists
2026-06-12T15:24:52: ✅ amc_alc_services.call_number exists
2026-06-12T15:24:52: ✅ amc_alc_services.breakpoints exists
2026-06-12T15:24:52: ✅ amc_alc_services.duration_limit exists
2026-06-12T15:24:52: ✅ clients.gst_number exists
2026-06-12T15:24:52: ✅ clients.company_name exists
2026-06-12T15:24:52: ✅ clients.service exists
2026-06-12T15:24:52: ✅ clients.alternate_phone exists
2026-06-12T15:24:52: ✅ clients.city exists
2026-06-12T15:24:52: ✅ clients.state exists
2026-06-12T15:24:52: ✅ clients.pincode exists
2026-06-12T15:24:52: ✅ clients.notes exists
2026-06-12T15:24:52: ✅ clients.client_status exists
2026-06-12T15:24:52: ✅ clients.original_lead_id exists
2026-06-12T15:24:52: ✅ clients.original_lead_type exists
2026-06-12T15:24:52: ✅ clients.converted_at exists
2026-06-12T15:24:52: ✅ clients.lead_email exists
2026-06-12T15:24:52: ✅ clients.lead_city exists
2026-06-12T15:24:52: ✅ clients.lead_reference exists
2026-06-12T15:24:52: ✅ clients.lead_purpose exists
2026-06-12T15:24:52: ✅ clients.client_status exists
2026-06-12T15:24:52: ✅ clients.lead_staff_name exists
2026-06-12T15:24:52: ✅ clients.lead_id_display exists
2026-06-12T15:24:52: ✅ clients.assigned_teammember_id exists
2026-06-12T15:24:52: ✅ clients.state exists
2026-06-12T15:24:52: ✅ clients.pincode exists
2026-06-12T15:24:52: ✅ users.emp_id exists
2026-06-12T15:24:52: ✅ quotations.reference_no exists
2026-06-12T15:24:52: ✅ quotations.from_address_id exists
2026-06-12T15:24:52: ✅ quotations.from_address_custom exists
2026-06-12T15:24:52: ✅ quotations.client_company exists
2026-06-12T15:24:52: ✅ quotations.client_address1 exists
2026-06-12T15:24:52: ✅ quotations.client_address2 exists
2026-06-12T15:24:52: ✅ quotations.client_city exists
2026-06-12T15:24:52: ✅ quotations.client_state exists
2026-06-12T15:24:52: ✅ quotations.client_pincode exists
2026-06-12T15:24:52: ✅ quotations.client_country exists
2026-06-12T15:24:52: ✅ quotations.tax_type exists
2026-06-12T15:24:52: ✅ quotations.custom_tax exists
2026-06-12T15:24:52: ✅ quotations.exec_name exists
2026-06-12T15:24:52: ✅ quotations.exec_phone exists
2026-06-12T15:24:52: ✅ quotations.exec_email exists
2026-06-12T15:24:52: ✅ quotations.terms_general exists
2026-06-12T15:24:52: ✅ quotations.terms_tax exists
2026-06-12T15:24:52: ✅ quotations.terms_project_period exists
2026-06-12T15:24:52: ✅ quotations.terms_validity exists
2026-06-12T15:24:52: ✅ quotations.terms_separate_orders exists
2026-06-12T15:24:52: ✅ quotations.terms_payment exists
2026-06-12T15:24:52: ✅ quotations.terms_payment_custom exists
2026-06-12T15:24:52: ✅ quotations.terms_warranty exists
2026-06-12T15:24:52: ✅ quotations.hsn_sac_code exists
2026-06-12T15:24:52: ✅ quotations.supplier_branch exists
2026-06-12T15:24:52: ✅ quotations.bank_details_id exists
2026-06-12T15:24:52: ✅ quotations.bank_company exists
2026-06-12T15:24:52: ✅ quotations.bank_name exists
2026-06-12T15:24:52: ✅ quotations.bank_account exists
2026-06-12T15:24:52: ✅ quotations.bank_ifsc exists
2026-06-12T15:24:52: ✅ quotations.bank_branch exists
2026-06-12T15:24:52: ✅ quotations.custom_terms exists
2026-06-12T15:24:52: ✅ quotations.is_latest exists
2026-06-12T15:24:52: ✅ quotations.parent_id exists
2026-06-12T15:24:52: ✅ quotations.version exists
2026-06-12T15:24:52: ✅ performainvoices.reference_no exists
2026-06-12T15:24:52: ✅ performainvoices.from_address_id exists
2026-06-12T15:24:52: ✅ performainvoices.from_address_custom exists
2026-06-12T15:24:52: ✅ performainvoices.client_company exists
2026-06-12T15:24:52: ✅ performainvoices.client_address1 exists
2026-06-12T15:24:52: ✅ performainvoices.client_address2 exists
2026-06-12T15:24:52: ✅ performainvoices.client_city exists
2026-06-12T15:24:52: ✅ performainvoices.client_state exists
2026-06-12T15:24:52: ✅ performainvoices.client_pincode exists
2026-06-12T15:24:52: ✅ performainvoices.client_country exists
2026-06-12T15:24:52: ✅ performainvoices.tax_type exists
2026-06-12T15:24:52: ✅ performainvoices.custom_tax exists
2026-06-12T15:24:52: ✅ performainvoices.exec_name exists
2026-06-12T15:24:52: ✅ performainvoices.exec_phone exists
2026-06-12T15:24:52: ✅ performainvoices.exec_email exists
2026-06-12T15:24:52: ✅ performainvoices.terms_general exists
2026-06-12T15:24:52: ✅ performainvoices.terms_tax exists
2026-06-12T15:24:52: ✅ performainvoices.terms_project_period exists
2026-06-12T15:24:52: ✅ performainvoices.terms_validity exists
2026-06-12T15:24:52: ✅ performainvoices.terms_separate_orders exists
2026-06-12T15:24:52: ✅ performainvoices.terms_payment exists
2026-06-12T15:24:52: ✅ performainvoices.terms_payment_custom exists
2026-06-12T15:24:52: ✅ performainvoices.terms_warranty exists
2026-06-12T15:24:52: ✅ performainvoices.hsn_sac_code exists
2026-06-12T15:24:52: ✅ performainvoices.supplier_branch exists
2026-06-12T15:24:52: ✅ performainvoices.bank_details_id exists
2026-06-12T15:24:52: ✅ performainvoices.bank_company exists
2026-06-12T15:24:52: ✅ performainvoices.bank_name exists
2026-06-12T15:24:52: ✅ performainvoices.bank_account exists
2026-06-12T15:24:52: ✅ performainvoices.bank_ifsc exists
2026-06-12T15:24:52: ✅ performainvoices.bank_branch exists
2026-06-12T15:24:52: ✅ performainvoices.custom_terms exists
2026-06-12T15:24:52: ✅ services.reference_no exists
2026-06-12T15:24:52: ✅ services.from_address_id exists
2026-06-12T15:24:52: ✅ services.from_address_custom exists
2026-06-12T15:24:52: ✅ services.client_company exists
2026-06-12T15:24:52: ✅ services.client_address1 exists
2026-06-12T15:24:52: ✅ services.client_address2 exists
2026-06-12T15:24:52: ✅ services.client_city exists
2026-06-12T15:24:52: ✅ services.client_state exists
2026-06-12T15:24:52: ✅ services.client_pincode exists
2026-06-12T15:24:52: ✅ services.client_country exists
2026-06-12T15:24:52: ✅ services.tax_type exists
2026-06-12T15:24:52: ✅ services.custom_tax exists
2026-06-12T15:24:52: ✅ services.exec_name exists
2026-06-12T15:24:52: ✅ services.exec_phone exists
2026-06-12T15:24:52: ✅ services.exec_email exists
2026-06-12T15:24:52: ✅ services.terms_general exists
2026-06-12T15:24:52: ✅ services.terms_tax exists
2026-06-12T15:24:52: ✅ services.terms_project_period exists
2026-06-12T15:24:52: ✅ services.terms_validity exists
2026-06-12T15:24:52: ✅ services.terms_separate_orders exists
2026-06-12T15:24:52: ✅ services.terms_payment exists
2026-06-12T15:24:52: ✅ services.terms_payment_custom exists
2026-06-12T15:24:52: ✅ services.terms_warranty exists
2026-06-12T15:24:52: ✅ services.hsn_sac_code exists
2026-06-12T15:24:52: ✅ services.supplier_branch exists
2026-06-12T15:24:52: ✅ services.bank_details_id exists
2026-06-12T15:24:52: ✅ services.bank_company exists
2026-06-12T15:24:52: ✅ services.bank_name exists
2026-06-12T15:24:52: ✅ services.bank_account exists
2026-06-12T15:24:52: ✅ services.bank_ifsc exists
2026-06-12T15:24:52: ✅ services.bank_branch exists
2026-06-12T15:24:52: ✅ services.custom_terms exists
2026-06-12T15:24:52: ✅ estimatenew.client_company exists
2026-06-12T15:24:52: ✅ estimatenew.client_address exists
2026-06-12T15:24:52: ✅ estimatenew.client_city exists
2026-06-12T15:24:52: ✅ estimatenew.client_state exists
2026-06-12T15:24:52: ✅ estimatenew.client_gst exists
2026-06-12T15:24:52: ✅ estimatenew.client_phone exists
2026-06-12T15:24:52: ✅ estimatenew.subtotal exists
2026-06-12T15:24:52: ✅ estimatenew.total_tax exists
2026-06-12T15:24:52: ✅ estimatenew.total_discount exists
2026-06-12T15:24:52: ✅ estimatenew.grand_total exists
2026-06-12T15:24:52: ✅ estimateclient.subtotal exists
2026-06-12T15:24:52: ✅ estimateclient.total_tax exists
2026-06-12T15:24:52: ✅ estimateclient.total_discount exists
2026-06-12T15:24:52: ✅ estimateclient.grand_total exists
2026-06-12T15:24:53: ✅ quotation_items.uom exists
2026-06-12T15:24:53: ✅ quotation_items.hsn_sac exists
2026-06-12T15:24:53: ✅ quotation_items.brand_model exists
2026-06-12T15:24:53: ✅ customers.gst_number exists
2026-06-12T15:24:53: ✅ customers.created_by exists
2026-06-12T15:24:53: ✅ users.last_name exists
2026-06-12T15:24:53: ✅ user_email_configs.smtp_secure exists
2026-06-12T15:24:53: ✅ user_email_configs.from_email_address exists
2026-06-12T15:24:53: ✅ user_email_configs.sender_name exists
2026-06-12T15:24:53: ✅ user_email_configs.provider exists
2026-06-12T15:24:53: ✅ user_email_configs.is_enabled exists
2026-06-12T15:24:53: ✅ users.two_factor_enabled exists
2026-06-12T15:24:53: ✅ quotations.gst_mode exists
2026-06-12T15:24:53: ✅ quotations.status exists
2026-06-12T15:24:53: ✅ performainvoices.gst_mode exists
2026-06-12T15:24:53: ✅ performainvoices.status exists
2026-06-12T15:24:53: ✅ estimate_invoices.gst_mode exists
2026-06-12T15:24:53: ✅ estimate_invoices.status exists
2026-06-12T15:24:53: ✅ service_estimations.gst_mode exists
2026-06-12T15:24:53: ✅ service_estimations.status exists
2026-06-12T15:24:53: ✅ services.gst_mode exists
2026-06-12T15:24:53: ✅ estimatenew.gst_mode exists
2026-06-12T15:24:53: ✅ Create table pi_from_addresses
2026-06-12T15:24:53: ✅ Create table email_otp
2026-06-12T15:24:53: ✅ Create table payments
2026-06-12T15:24:53: ✅ Create table clientinvoices
2026-06-12T15:24:53: ✅ Create table messages
2026-06-12T15:24:53: ✅ Create table service_items
2026-06-12T15:24:53: ✅ Create table service_estimations
2026-06-12T15:24:53: ✅ Create table service_estimation_items
2026-06-12T15:24:53: ✅ Create table estimate_invoices
2026-06-12T15:24:53: ✅ Create table estimate_invoice_items
2026-06-12T15:24:53: ✅ Create table estimate_items
2026-06-12T15:24:53: ✅ Create table performainvoice_items
2026-06-12T15:24:53: ✅ Create table performainvoices
2026-06-12T15:24:53: ✅ Create table services
2026-06-12T15:24:53: ✅ Create table customers
2026-06-12T15:24:53: ✅ Create table quotations
2026-06-12T15:24:53: ✅ Create table quotation_items
2026-06-12T15:24:53: ✅ Create table lead_reminders
2026-06-12T15:24:53: ✅ Create table lead_activity
2026-06-12T15:24:53: ✅ Create table lead_escalations
2026-06-12T15:24:53: ✅ Create table admin_notifications
2026-06-12T15:24:53: ✅ Create table profile_change_requests
2026-06-12T15:24:53: ✅ Create table amc_alc_services
2026-06-12T15:24:53: ✅ Create table service_activity
2026-06-12T15:24:53: ✅ Create table task_targets
2026-06-12T15:24:53: ✅ Create table task_achievements
2026-06-12T15:24:53: ✅ Create table task_updates
2026-06-12T15:24:53: ✅ Create table call_reports
2026-06-12T15:24:53: ✅ Create table task_activity
2026-06-12T15:24:53: ✅ Create table notifications
2026-06-12T15:24:53: ✅ Create table task_assignments
2026-06-12T15:24:53: ✅ Create table clients
2026-06-12T15:24:53: ✅ Create table user_email_configs
2026-06-12T15:24:53: ✅ lead_reminders.reminder_time exists
2026-06-12T15:24:53: ✅ lead_reminders.missed_count exists
2026-06-12T15:24:53: ✅ lead_reminders.notification_sent exists
2026-06-12T15:24:53: ✅ lead_reminders.employee_id exists
2026-06-12T15:24:53: ✅ lead_escalations.missed_count exists
2026-06-12T15:24:53: ✅ users.status exists
2026-06-12T15:24:53: ✅ users.emp_id exists
2026-06-12T15:24:53: ✅ admin_notifications.related_id exists
2026-06-12T15:24:53: ✅ admin_notifications.related_type exists
2026-06-12T15:24:53: ✅ admin_notifications.created_by exists
2026-06-12T15:24:53: ✅ admin_notifications.priority exists
2026-06-12T15:24:53: ✅ admin_notifications.is_archived exists
2026-06-12T15:24:53: ✅ notifications.user_id exists
2026-06-12T15:24:53: ✅ notifications.type exists
2026-06-12T15:24:53: ✅ notifications.is_archived exists
2026-06-12T15:24:53: ✅ task_assignments.status exists
2026-06-12T15:24:53: ✅ teammember.mobile_number exists
2026-06-12T15:24:53: ✅ teammember.emp_id exists
2026-06-12T15:24:53: ✅ teammember.user_id exists
2026-06-12T15:24:53: ✅ teammember.emp_address exists
2026-06-12T15:24:53: ✅ telecalls.created_by exists
2026-06-12T15:24:53: ✅ telecalls.email exists
2026-06-12T15:24:53: ✅ walkins.assigned_to exists
2026-06-12T15:24:53: ✅ walkins.created_by exists
2026-06-12T15:24:53: ✅ walkins.email exists
2026-06-12T15:24:53: ✅ fields.assigned_to exists
2026-06-12T15:24:53: ✅ fields.created_by exists
2026-06-12T15:24:53: ✅ fields.email exists
2026-06-12T15:24:53: ✅ quotations.lead_id exists
2026-06-12T15:24:53: ✅ quotations.lead_type exists
2026-06-12T15:24:53: ✅ contracts.contract_type exists
2026-06-12T15:24:53: ✅ contracts.quotation_id exists
2026-06-12T15:24:53: ✅ contracts.mobile_number exists
2026-06-12T15:24:53: ✅ contracts.location_city exists
2026-06-12T15:24:53: ✅ amc_alc_services.labour_charges exists
2026-06-12T15:24:53: ✅ amc_alc_services.contract_title exists
2026-06-12T15:24:53: ✅ amc_alc_services.start_time exists
2026-06-12T15:24:53: ✅ amc_alc_services.end_time exists
2026-06-12T15:24:53: ✅ amc_alc_services.km exists
2026-06-12T15:24:53: ✅ amc_alc_services.technician exists
2026-06-12T15:24:53: ✅ amc_alc_services.sales_person exists
2026-06-12T15:24:53: ✅ amc_alc_services.remarks exists
2026-06-12T15:24:53: ✅ amc_alc_services.email exists
2026-06-12T15:24:53: ✅ amc_alc_services.next_service_date exists
2026-06-12T15:24:53: ✅ amc_alc_services.service_type exists
2026-06-12T15:24:53: ✅ task_targets.user_id exists
2026-06-12T15:24:53: ✅ task_targets.created_by_admin exists
2026-06-12T15:24:53: ✅ task_achievements.achieved_amount exists
2026-06-12T15:24:53: ✅ task_updates.amount exists
2026-06-12T15:24:53: ✅ call_reports.start_time exists
2026-06-12T15:24:53: ✅ call_reports.end_time exists
2026-06-12T15:24:53: ✅ call_reports.km exists
2026-06-12T15:24:53: ✅ call_reports.remarks exists
2026-06-12T15:24:53: ✅ call_reports.technician exists
2026-06-12T15:24:53: ✅ call_reports.sales_person exists
2026-06-12T15:24:53: ✅ tasks.assigned_teammember_id exists
2026-06-12T15:24:53: ✅ task_targets.teammember_id exists
2026-06-12T15:24:53: ✅ quotations.reference_no exists
2026-06-12T15:24:53: ✅ task_targets.carry_forward exists
2026-06-12T15:24:53: ✅ task_targets.effective_target exists
2026-06-12T15:24:53: ✅ task_targets.user_id exists
2026-06-12T15:24:53: ✅ task_targets.created_by_admin exists
2026-06-12T15:24:53: ✅ task_achievements.achieved_amount exists
2026-06-12T15:24:53: ✅ clients.created_by exists
2026-06-12T15:24:53: ✅ tasks.created_by exists
2026-06-12T15:24:53: ✅ tasks.task_description exists
2026-06-12T15:24:53: ✅ tasks.assigned_to exists
2026-06-12T15:24:53: ✅ quotations.created_by exists
2026-06-12T15:24:53: ✅ contracts.created_by exists
2026-06-12T15:24:53: ✅ contracts.client_company exists
2026-06-12T15:24:53: ✅ contracts.amount_value exists
2026-06-12T15:24:53: ✅ contracts.remaining exists
2026-06-12T15:24:53: ✅ contracts.email exists
2026-06-12T15:24:53: ✅ clientinvoices.created_by exists
2026-06-12T15:24:53: ✅ performainvoices.created_by exists
2026-06-12T15:24:53: ✅ services.created_by exists
2026-06-12T15:24:53: ✅ call_reports.created_by exists
2026-06-12T15:24:53: ✅ lead_activity.employee_id exists
2026-06-12T15:24:53: ✅ lead_escalations.missed_threshold_reached exists
2026-06-12T15:24:53: ✅ lead_escalations.employee_id exists
2026-06-12T15:24:53: ✅ performainvoices.is_latest exists
2026-06-12T15:24:53: ✅ performainvoices.version exists
2026-06-12T15:24:53: ✅ performainvoices.parent_id exists
2026-06-12T15:24:53: ✅ performa_invoice_items.uom exists
2026-06-12T15:24:53: ✅ performainvoice_items.uom exists
2026-06-12T15:24:53: ✅ task_assignments.response_notes exists
2026-06-12T15:24:53: ✅ call_reports.amount_collected exists
2026-06-12T15:24:53: ✅ call_reports.payment_mode exists
2026-06-12T15:24:53: ✅ call_reports.duration_limit exists
2026-06-12T15:24:53: ✅ call_reports.actual_duration exists
2026-06-12T15:24:53: ✅ call_reports.is_exceeded exists
2026-06-12T15:24:53: ✅ call_reports.assigned_time exists
2026-06-12T15:24:53: ✅ call_reports.call_id exists
2026-06-12T15:24:53: ✅ call_reports.session_id exists
2026-06-12T15:24:53: ✅ call_reports.client_name exists
2026-06-12T15:24:53: ✅ call_reports.staff_name exists
2026-06-12T15:24:53: ✅ call_reports.executive_name exists
2026-06-12T15:24:53: ✅ call_reports.phone exists
2026-06-12T15:24:53: ✅ call_reports.location exists
2026-06-12T15:24:53: ✅ call_reports.call_sequence exists
2026-06-12T15:24:53: ✅ call_reports.report_date exists
2026-06-12T15:24:53: ✅ call_reports.complaint exists
2026-06-12T15:24:53: ✅ call_reports.priority exists
2026-06-12T15:24:53: ✅ call_reports.call_type exists
2026-06-12T15:24:53: ✅ call_reports.payment_type exists
2026-06-12T15:24:53: ✅ call_reports.invoice_value exists
2026-06-12T15:24:53: ✅ call_reports.payment_status exists
2026-06-12T15:24:53: ✅ call_reports.petrol_charges exists
2026-06-12T15:24:53: ✅ call_reports.spare_parts_price exists
2026-06-12T15:24:53: ✅ call_reports.labour_charges exists
2026-06-12T15:24:53: ✅ call_reports.total_expenses exists
2026-06-12T15:24:53: ✅ call_reports.customer_name exists
2026-06-12T15:24:53: ✅ call_reports.mobile_number exists
2026-06-12T15:24:53: ✅ call_reports.location_city exists
2026-06-12T15:24:53: ✅ call_reports.contract_title exists
2026-06-12T15:24:53: ✅ call_reports.service_type exists
2026-06-12T15:24:53: ✅ call_reports.description exists
2026-06-12T15:24:53: ✅ call_reports.service_person exists
2026-06-12T15:24:53: ✅ call_reports.contract_id exists
2026-06-12T15:24:53: ✅ call_reports.call_referrer exists
2026-06-12T15:24:53: ✅ call_reports.step2_completed exists
2026-06-12T15:24:53: ✅ call_reports.email exists
2026-06-12T15:24:53: ✅ call_reports.status exists
2026-06-12T15:24:53: ✅ call_reports.gst_number exists
2026-06-12T15:24:53: ✅ call_reports.company_name exists
2026-06-12T15:24:53: ✅ call_reports.completed_at exists
2026-06-12T15:24:53: ✅ call_reports.carry_forward_date exists
2026-06-12T15:24:53: ✅ amc_alc_services.amount_collected exists
2026-06-12T15:24:53: ✅ amc_alc_services.payment_mode exists
2026-06-12T15:24:53: ✅ amc_alc_services.call_number exists
2026-06-12T15:24:53: ✅ amc_alc_services.breakpoints exists
2026-06-12T15:24:53: ✅ amc_alc_services.duration_limit exists
2026-06-12T15:24:53: ✅ clients.gst_number exists
2026-06-12T15:24:53: ✅ clients.company_name exists
2026-06-12T15:24:53: ✅ clients.service exists
2026-06-12T15:24:53: ✅ clients.alternate_phone exists
2026-06-12T15:24:53: ✅ clients.city exists
2026-06-12T15:24:53: ✅ clients.state exists
2026-06-12T15:24:53: ✅ clients.pincode exists
2026-06-12T15:24:53: ✅ clients.notes exists
2026-06-12T15:24:53: ✅ clients.client_status exists
2026-06-12T15:24:53: ✅ clients.original_lead_id exists
2026-06-12T15:24:53: ✅ clients.original_lead_type exists
2026-06-12T15:24:53: ✅ clients.converted_at exists
2026-06-12T15:24:53: ✅ clients.lead_email exists
2026-06-12T15:24:53: ✅ clients.lead_city exists
2026-06-12T15:24:53: ✅ clients.lead_reference exists
2026-06-12T15:24:53: ✅ clients.lead_purpose exists
2026-06-12T15:24:53: ✅ clients.client_status exists
2026-06-12T15:24:53: ✅ clients.lead_staff_name exists
2026-06-12T15:24:53: ✅ clients.lead_id_display exists
2026-06-12T15:24:53: ✅ clients.assigned_teammember_id exists
2026-06-12T15:24:53: ✅ clients.state exists
2026-06-12T15:24:53: ✅ clients.pincode exists
2026-06-12T15:24:53: ✅ users.emp_id exists
2026-06-12T15:24:53: ✅ quotations.reference_no exists
2026-06-12T15:24:53: ✅ quotations.from_address_id exists
2026-06-12T15:24:53: ✅ quotations.from_address_custom exists
2026-06-12T15:24:53: ✅ quotations.client_company exists
2026-06-12T15:24:53: ✅ quotations.client_address1 exists
2026-06-12T15:24:53: ✅ quotations.client_address2 exists
2026-06-12T15:24:53: ✅ quotations.client_city exists
2026-06-12T15:24:53: ✅ quotations.client_state exists
2026-06-12T15:24:53: ✅ quotations.client_pincode exists
2026-06-12T15:24:53: ✅ quotations.client_country exists
2026-06-12T15:24:53: ✅ quotations.tax_type exists
2026-06-12T15:24:53: ✅ quotations.custom_tax exists
2026-06-12T15:24:53: ✅ quotations.exec_name exists
2026-06-12T15:24:53: ✅ quotations.exec_phone exists
2026-06-12T15:24:53: ✅ quotations.exec_email exists
2026-06-12T15:24:53: ✅ quotations.terms_general exists
2026-06-12T15:24:53: ✅ quotations.terms_tax exists
2026-06-12T15:24:53: ✅ quotations.terms_project_period exists
2026-06-12T15:24:53: ✅ quotations.terms_validity exists
2026-06-12T15:24:53: ✅ quotations.terms_separate_orders exists
2026-06-12T15:24:53: ✅ quotations.terms_payment exists
2026-06-12T15:24:53: ✅ quotations.terms_payment_custom exists
2026-06-12T15:24:53: ✅ quotations.terms_warranty exists
2026-06-12T15:24:53: ✅ quotations.hsn_sac_code exists
2026-06-12T15:24:53: ✅ quotations.supplier_branch exists
2026-06-12T15:24:53: ✅ quotations.bank_details_id exists
2026-06-12T15:24:53: ✅ quotations.bank_company exists
2026-06-12T15:24:53: ✅ quotations.bank_name exists
2026-06-12T15:24:53: ✅ quotations.bank_account exists
2026-06-12T15:24:53: ✅ quotations.bank_ifsc exists
2026-06-12T15:24:53: ✅ quotations.bank_branch exists
2026-06-12T15:24:53: ✅ quotations.custom_terms exists
2026-06-12T15:24:53: ✅ quotations.is_latest exists
2026-06-12T15:24:53: ✅ quotations.parent_id exists
2026-06-12T15:24:53: ✅ quotations.version exists
2026-06-12T15:24:53: ✅ performainvoices.reference_no exists
2026-06-12T15:24:53: ✅ performainvoices.from_address_id exists
2026-06-12T15:24:53: ✅ performainvoices.from_address_custom exists
2026-06-12T15:24:53: ✅ performainvoices.client_company exists
2026-06-12T15:24:53: ✅ performainvoices.client_address1 exists
2026-06-12T15:24:53: ✅ performainvoices.client_address2 exists
2026-06-12T15:24:53: ✅ performainvoices.client_city exists
2026-06-12T15:24:53: ✅ performainvoices.client_state exists
2026-06-12T15:24:53: ✅ performainvoices.client_pincode exists
2026-06-12T15:24:53: ✅ performainvoices.client_country exists
2026-06-12T15:24:53: ✅ performainvoices.tax_type exists
2026-06-12T15:24:53: ✅ performainvoices.custom_tax exists
2026-06-12T15:24:53: ✅ performainvoices.exec_name exists
2026-06-12T15:24:53: ✅ performainvoices.exec_phone exists
2026-06-12T15:24:53: ✅ performainvoices.exec_email exists
2026-06-12T15:24:53: ✅ performainvoices.terms_general exists
2026-06-12T15:24:53: ✅ performainvoices.terms_tax exists
2026-06-12T15:24:53: ✅ performainvoices.terms_project_period exists
2026-06-12T15:24:53: ✅ performainvoices.terms_validity exists
2026-06-12T15:24:53: ✅ performainvoices.terms_separate_orders exists
2026-06-12T15:24:53: ✅ performainvoices.terms_payment exists
2026-06-12T15:24:53: ✅ performainvoices.terms_payment_custom exists
2026-06-12T15:24:53: ✅ performainvoices.terms_warranty exists
2026-06-12T15:24:53: ✅ performainvoices.hsn_sac_code exists
2026-06-12T15:24:53: ✅ performainvoices.supplier_branch exists
2026-06-12T15:24:53: ✅ performainvoices.bank_details_id exists
2026-06-12T15:24:53: ✅ performainvoices.bank_company exists
2026-06-12T15:24:53: ✅ performainvoices.bank_name exists
2026-06-12T15:24:53: ✅ performainvoices.bank_account exists
2026-06-12T15:24:53: ✅ performainvoices.bank_ifsc exists
2026-06-12T15:24:53: ✅ performainvoices.bank_branch exists
2026-06-12T15:24:53: ✅ performainvoices.custom_terms exists
2026-06-12T15:24:53: ✅ services.reference_no exists
2026-06-12T15:24:53: ✅ services.from_address_id exists
2026-06-12T15:24:53: ✅ services.from_address_custom exists
2026-06-12T15:24:53: ✅ services.client_company exists
2026-06-12T15:24:53: ✅ services.client_address1 exists
2026-06-12T15:24:53: ✅ services.client_address2 exists
2026-06-12T15:24:53: ✅ services.client_city exists
2026-06-12T15:24:53: ✅ services.client_state exists
2026-06-12T15:24:53: ✅ services.client_pincode exists
2026-06-12T15:24:53: ✅ services.client_country exists
2026-06-12T15:24:53: ✅ services.tax_type exists
2026-06-12T15:24:53: ✅ services.custom_tax exists
2026-06-12T15:24:53: ✅ services.exec_name exists
2026-06-12T15:24:53: ✅ services.exec_phone exists
2026-06-12T15:24:53: ✅ services.exec_email exists
2026-06-12T15:24:53: ✅ services.terms_general exists
2026-06-12T15:24:53: ✅ services.terms_tax exists
2026-06-12T15:24:53: ✅ services.terms_project_period exists
2026-06-12T15:24:53: ✅ services.terms_validity exists
2026-06-12T15:24:53: ✅ services.terms_separate_orders exists
2026-06-12T15:24:53: ✅ services.terms_payment exists
2026-06-12T15:24:53: ✅ services.terms_payment_custom exists
2026-06-12T15:24:53: ✅ services.terms_warranty exists
2026-06-12T15:24:53: ✅ services.hsn_sac_code exists
2026-06-12T15:24:53: ✅ services.supplier_branch exists
2026-06-12T15:24:53: ✅ services.bank_details_id exists
2026-06-12T15:24:53: ✅ services.bank_company exists
2026-06-12T15:24:53: ✅ services.bank_name exists
2026-06-12T15:24:53: ✅ services.bank_account exists
2026-06-12T15:24:53: ✅ services.bank_ifsc exists
2026-06-12T15:24:53: ✅ services.bank_branch exists
2026-06-12T15:24:53: ✅ services.custom_terms exists
2026-06-12T15:24:53: ✅ estimatenew.client_company exists
2026-06-12T15:24:53: ✅ estimatenew.client_address exists
2026-06-12T15:24:53: ✅ estimatenew.client_city exists
2026-06-12T15:24:53: ✅ estimatenew.client_state exists
2026-06-12T15:24:53: ✅ estimatenew.client_gst exists
2026-06-12T15:24:53: ✅ estimatenew.client_phone exists
2026-06-12T15:24:53: ✅ estimatenew.subtotal exists
2026-06-12T15:24:53: ✅ estimatenew.total_tax exists
2026-06-12T15:24:53: ✅ estimatenew.total_discount exists
2026-06-12T15:24:53: ✅ estimatenew.grand_total exists
2026-06-12T15:24:53: ✅ estimateclient.subtotal exists
2026-06-12T15:24:53: ✅ estimateclient.total_tax exists
2026-06-12T15:24:53: ✅ estimateclient.total_discount exists
2026-06-12T15:24:53: ✅ estimateclient.grand_total exists
2026-06-12T15:24:53: ✅ quotation_items.uom exists
2026-06-12T15:24:53: ✅ quotation_items.hsn_sac exists
2026-06-12T15:24:53: ✅ quotation_items.brand_model exists
2026-06-12T15:24:53: ✅ customers.gst_number exists
2026-06-12T15:24:53: ✅ customers.created_by exists
2026-06-12T15:24:53: ✅ users.last_name exists
2026-06-12T15:24:53: ✅ user_email_configs.smtp_secure exists
2026-06-12T15:24:53: ✅ user_email_configs.from_email_address exists
2026-06-12T15:24:53: ✅ user_email_configs.sender_name exists
2026-06-12T15:24:53: ✅ user_email_configs.provider exists
2026-06-12T15:24:53: ✅ user_email_configs.is_enabled exists
2026-06-12T15:24:53: ✅ users.two_factor_enabled exists
2026-06-12T15:24:53: ✅ quotations.gst_mode exists
2026-06-12T15:24:53: ✅ quotations.status exists
2026-06-12T15:24:53: ✅ performainvoices.gst_mode exists
2026-06-12T15:24:53: ✅ performainvoices.status exists
2026-06-12T15:24:53: ✅ estimate_invoices.gst_mode exists
2026-06-12T15:24:53: ✅ estimate_invoices.status exists
2026-06-12T15:24:53: ✅ service_estimations.gst_mode exists
2026-06-12T15:24:53: ✅ service_estimations.status exists
2026-06-12T15:24:53: ✅ services.gst_mode exists
2026-06-12T15:24:53: ✅ estimatenew.gst_mode exists
2026-06-12T15:24:53: Users role column updated
2026-06-12T15:24:53: Teammember emp_role updated
2026-06-12T15:24:54: Default employees seeded successfully.
2026-06-12T15:24:54: [Scheduler] Reminder escalation scheduler started (every 15 min)
2026-06-12T15:24:54: [Scheduler] End-of-day task scheduler started (daily at 6 PM)
2026-06-12T15:24:54: ✅ Server running: http://0.0.0.0:5000 [production]
2026-06-12T15:25:04: [Scheduler] Running initial task check...
2026-06-12T15:25:04: [Scheduler] End-of-day task check complete. Evaluated 1 incomplete tasks.
2026-06-12T15:25:04: [Scheduler] Daily summary notification already dispatched for today
2026-06-12T15:25:12: User 708 joined notifications channel
2026-06-12T15:25:12: Admin joined notifications channel
2026-06-12T15:25:13: User 701 joined notifications channel
2026-06-12T15:26:06: Client disconnected from notifications
2026-06-12T15:31:10: Client disconnected from notifications
2026-06-12T15:31:11: User 708 joined notifications channel
2026-06-12T15:31:11: Admin joined notifications channel
2026-06-12T15:34:55: ◇ injected env (14) from .env // tip: ⌘ multiple files { path: ['.env.local', '.env'] }
2026-06-12T15:34:56: ◇ injected env (0) from .env // tip: ⌘ enable debugging { debug: true }
2026-06-12T15:34:57: MySQL Connected (127.0.0.1:3306)
2026-06-12T15:34:57: Using database achme
2026-06-12T15:34:57: Database initialized successfully
2026-06-12T15:34:57: ✅ lead_reminders.reminder_time exists
2026-06-12T15:34:57: ✅ lead_reminders.missed_count exists
2026-06-12T15:34:57: ✅ lead_reminders.notification_sent exists
2026-06-12T15:34:57: ✅ lead_reminders.employee_id exists
2026-06-12T15:34:57: ✅ lead_escalations.missed_count exists
2026-06-12T15:34:57: ✅ users.status exists
2026-06-12T15:34:57: ✅ users.emp_id exists
2026-06-12T15:34:57: ✅ admin_notifications.related_id exists
2026-06-12T15:34:57: ✅ admin_notifications.related_type exists
2026-06-12T15:34:57: ✅ admin_notifications.created_by exists
2026-06-12T15:34:57: ✅ admin_notifications.priority exists
2026-06-12T15:34:57: ✅ admin_notifications.is_archived exists
2026-06-12T15:34:57: ✅ notifications.user_id exists
2026-06-12T15:34:57: ✅ notifications.type exists
2026-06-12T15:34:57: ✅ notifications.is_archived exists
2026-06-12T15:34:57: ✅ task_assignments.status exists
2026-06-12T15:34:57: ✅ teammember.mobile_number exists
2026-06-12T15:34:57: ✅ teammember.emp_id exists
2026-06-12T15:34:57: ✅ teammember.user_id exists
2026-06-12T15:34:57: ✅ teammember.emp_address exists
2026-06-12T15:34:57: ✅ telecalls.created_by exists
2026-06-12T15:34:57: ✅ telecalls.email exists
2026-06-12T15:34:57: ✅ walkins.assigned_to exists
2026-06-12T15:34:57: ✅ walkins.created_by exists
2026-06-12T15:34:57: ✅ walkins.email exists
2026-06-12T15:34:57: ✅ fields.assigned_to exists
2026-06-12T15:34:57: ✅ fields.created_by exists
2026-06-12T15:34:57: ✅ fields.email exists
2026-06-12T15:34:57: ✅ quotations.lead_id exists
2026-06-12T15:34:57: ✅ quotations.lead_type exists
2026-06-12T15:34:57: ✅ contracts.contract_type exists
2026-06-12T15:34:57: ✅ contracts.quotation_id exists
2026-06-12T15:34:57: ✅ contracts.mobile_number exists
2026-06-12T15:34:57: ✅ contracts.location_city exists
2026-06-12T15:34:57: ✅ amc_alc_services.labour_charges exists
2026-06-12T15:34:57: ✅ amc_alc_services.contract_title exists
2026-06-12T15:34:57: ✅ amc_alc_services.start_time exists
2026-06-12T15:34:57: ✅ amc_alc_services.end_time exists
2026-06-12T15:34:57: ✅ amc_alc_services.km exists
2026-06-12T15:34:57: ✅ amc_alc_services.technician exists
2026-06-12T15:34:57: ✅ amc_alc_services.sales_person exists
2026-06-12T15:34:57: ✅ amc_alc_services.remarks exists
2026-06-12T15:34:57: ✅ amc_alc_services.email exists
2026-06-12T15:34:57: ✅ amc_alc_services.next_service_date exists
2026-06-12T15:34:57: ✅ amc_alc_services.service_type exists
2026-06-12T15:34:57: ✅ task_targets.user_id exists
2026-06-12T15:34:57: ✅ task_targets.created_by_admin exists
2026-06-12T15:34:57: ✅ task_achievements.achieved_amount exists
2026-06-12T15:34:57: ✅ task_updates.amount exists
2026-06-12T15:34:57: ✅ call_reports.start_time exists
2026-06-12T15:34:57: ✅ call_reports.end_time exists
2026-06-12T15:34:57: ✅ call_reports.km exists
2026-06-12T15:34:57: ✅ call_reports.remarks exists
2026-06-12T15:34:57: ✅ call_reports.technician exists
2026-06-12T15:34:57: ✅ call_reports.sales_person exists
2026-06-12T15:34:57: ✅ tasks.assigned_teammember_id exists
2026-06-12T15:34:57: ✅ task_targets.teammember_id exists
2026-06-12T15:34:57: ✅ quotations.reference_no exists
2026-06-12T15:34:57: ✅ task_targets.carry_forward exists
2026-06-12T15:34:57: ✅ task_targets.effective_target exists
2026-06-12T15:34:57: ✅ task_targets.user_id exists
2026-06-12T15:34:57: ✅ task_targets.created_by_admin exists
2026-06-12T15:34:57: ✅ task_achievements.achieved_amount exists
2026-06-12T15:34:57: ✅ clients.created_by exists
2026-06-12T15:34:57: ✅ tasks.created_by exists
2026-06-12T15:34:57: ✅ tasks.task_description exists
2026-06-12T15:34:57: ✅ tasks.assigned_to exists
2026-06-12T15:34:57: ✅ quotations.created_by exists
2026-06-12T15:34:57: ✅ contracts.created_by exists
2026-06-12T15:34:57: ✅ contracts.client_company exists
2026-06-12T15:34:57: ✅ contracts.amount_value exists
2026-06-12T15:34:57: ✅ contracts.remaining exists
2026-06-12T15:34:57: ✅ contracts.email exists
2026-06-12T15:34:57: ✅ clientinvoices.created_by exists
2026-06-12T15:34:57: ✅ performainvoices.created_by exists
2026-06-12T15:34:57: ✅ services.created_by exists
2026-06-12T15:34:57: ✅ call_reports.created_by exists
2026-06-12T15:34:57: ✅ lead_activity.employee_id exists
2026-06-12T15:34:57: ✅ lead_escalations.missed_threshold_reached exists
2026-06-12T15:34:57: ✅ lead_escalations.employee_id exists
2026-06-12T15:34:57: ✅ performainvoices.is_latest exists
2026-06-12T15:34:57: ✅ performainvoices.version exists
2026-06-12T15:34:57: ✅ performainvoices.parent_id exists
2026-06-12T15:34:57: ✅ performa_invoice_items.uom exists
2026-06-12T15:34:57: ✅ performainvoice_items.uom exists
2026-06-12T15:34:57: ✅ task_assignments.response_notes exists
2026-06-12T15:34:57: ✅ call_reports.amount_collected exists
2026-06-12T15:34:57: ✅ call_reports.payment_mode exists
2026-06-12T15:34:57: ✅ call_reports.duration_limit exists
2026-06-12T15:34:57: ✅ call_reports.actual_duration exists
2026-06-12T15:34:57: ✅ call_reports.is_exceeded exists
2026-06-12T15:34:57: ✅ call_reports.assigned_time exists
2026-06-12T15:34:57: ✅ call_reports.call_id exists
2026-06-12T15:34:57: ✅ call_reports.session_id exists
2026-06-12T15:34:57: ✅ call_reports.client_name exists
2026-06-12T15:34:57: ✅ call_reports.staff_name exists
2026-06-12T15:34:57: ✅ call_reports.executive_name exists
2026-06-12T15:34:57: ✅ call_reports.phone exists
2026-06-12T15:34:57: ✅ call_reports.location exists
2026-06-12T15:34:57: ✅ call_reports.call_sequence exists
2026-06-12T15:34:57: ✅ call_reports.report_date exists
2026-06-12T15:34:57: ✅ call_reports.complaint exists
2026-06-12T15:34:57: ✅ call_reports.priority exists
2026-06-12T15:34:57: ✅ call_reports.call_type exists
2026-06-12T15:34:57: ✅ call_reports.payment_type exists
2026-06-12T15:34:57: ✅ call_reports.invoice_value exists
2026-06-12T15:34:57: ✅ call_reports.payment_status exists
2026-06-12T15:34:57: ✅ call_reports.petrol_charges exists
2026-06-12T15:34:57: ✅ call_reports.spare_parts_price exists
2026-06-12T15:34:57: ✅ call_reports.labour_charges exists
2026-06-12T15:34:57: ✅ call_reports.total_expenses exists
2026-06-12T15:34:57: ✅ call_reports.customer_name exists
2026-06-12T15:34:57: ✅ call_reports.mobile_number exists
2026-06-12T15:34:57: ✅ call_reports.location_city exists
2026-06-12T15:34:57: ✅ call_reports.contract_title exists
2026-06-12T15:34:57: ✅ call_reports.service_type exists
2026-06-12T15:34:57: ✅ call_reports.description exists
2026-06-12T15:34:57: ✅ call_reports.service_person exists
2026-06-12T15:34:57: ✅ call_reports.contract_id exists
2026-06-12T15:34:57: ✅ call_reports.call_referrer exists
2026-06-12T15:34:57: ✅ call_reports.step2_completed exists
2026-06-12T15:34:57: ✅ call_reports.email exists
2026-06-12T15:34:57: ✅ call_reports.status exists
2026-06-12T15:34:57: ✅ call_reports.gst_number exists
2026-06-12T15:34:57: ✅ call_reports.company_name exists
2026-06-12T15:34:57: ✅ call_reports.completed_at exists
2026-06-12T15:34:57: ✅ call_reports.carry_forward_date exists
2026-06-12T15:34:57: ✅ amc_alc_services.amount_collected exists
2026-06-12T15:34:57: ✅ amc_alc_services.payment_mode exists
2026-06-12T15:34:57: ✅ amc_alc_services.call_number exists
2026-06-12T15:34:57: ✅ amc_alc_services.breakpoints exists
2026-06-12T15:34:57: ✅ amc_alc_services.duration_limit exists
2026-06-12T15:34:57: ✅ clients.gst_number exists
2026-06-12T15:34:57: ✅ clients.company_name exists
2026-06-12T15:34:57: ✅ clients.service exists
2026-06-12T15:34:57: ✅ clients.alternate_phone exists
2026-06-12T15:34:57: ✅ clients.city exists
2026-06-12T15:34:57: ✅ clients.state exists
2026-06-12T15:34:57: ✅ clients.pincode exists
2026-06-12T15:34:57: ✅ clients.notes exists
2026-06-12T15:34:57: ✅ clients.client_status exists
2026-06-12T15:34:57: ✅ clients.original_lead_id exists
2026-06-12T15:34:57: ✅ clients.original_lead_type exists
2026-06-12T15:34:57: ✅ clients.converted_at exists
2026-06-12T15:34:57: ✅ clients.lead_email exists
2026-06-12T15:34:57: ✅ clients.lead_city exists
2026-06-12T15:34:57: ✅ clients.lead_reference exists
2026-06-12T15:34:57: ✅ clients.lead_purpose exists
2026-06-12T15:34:57: ✅ clients.client_status exists
2026-06-12T15:34:57: ✅ clients.lead_staff_name exists
2026-06-12T15:34:57: ✅ clients.lead_id_display exists
2026-06-12T15:34:57: ✅ clients.assigned_teammember_id exists
2026-06-12T15:34:57: ✅ clients.state exists
2026-06-12T15:34:57: ✅ clients.pincode exists
2026-06-12T15:34:57: ✅ users.emp_id exists
2026-06-12T15:34:57: ✅ quotations.reference_no exists
2026-06-12T15:34:57: ✅ quotations.from_address_id exists
2026-06-12T15:34:57: ✅ quotations.from_address_custom exists
2026-06-12T15:34:57: ✅ quotations.client_company exists
2026-06-12T15:34:57: ✅ quotations.client_address1 exists
2026-06-12T15:34:57: ✅ quotations.client_address2 exists
2026-06-12T15:34:57: ✅ quotations.client_city exists
2026-06-12T15:34:57: ✅ quotations.client_state exists
2026-06-12T15:34:57: ✅ quotations.client_pincode exists
2026-06-12T15:34:57: ✅ quotations.client_country exists
2026-06-12T15:34:57: ✅ quotations.tax_type exists
2026-06-12T15:34:57: ✅ quotations.custom_tax exists
2026-06-12T15:34:57: ✅ quotations.exec_name exists
2026-06-12T15:34:57: ✅ quotations.exec_phone exists
2026-06-12T15:34:57: ✅ quotations.exec_email exists
2026-06-12T15:34:57: ✅ quotations.terms_general exists
2026-06-12T15:34:57: ✅ quotations.terms_tax exists
2026-06-12T15:34:57: ✅ quotations.terms_project_period exists
2026-06-12T15:34:57: ✅ quotations.terms_validity exists
2026-06-12T15:34:57: ✅ quotations.terms_separate_orders exists
2026-06-12T15:34:57: ✅ quotations.terms_payment exists
2026-06-12T15:34:57: ✅ quotations.terms_payment_custom exists
2026-06-12T15:34:57: ✅ quotations.terms_warranty exists
2026-06-12T15:34:57: ✅ quotations.hsn_sac_code exists
2026-06-12T15:34:57: ✅ quotations.supplier_branch exists
2026-06-12T15:34:57: ✅ quotations.bank_details_id exists
2026-06-12T15:34:57: ✅ quotations.bank_company exists
2026-06-12T15:34:57: ✅ quotations.bank_name exists
2026-06-12T15:34:57: ✅ quotations.bank_account exists
2026-06-12T15:34:57: ✅ quotations.bank_ifsc exists
2026-06-12T15:34:57: ✅ quotations.bank_branch exists
2026-06-12T15:34:57: ✅ quotations.custom_terms exists
2026-06-12T15:34:57: ✅ quotations.is_latest exists
2026-06-12T15:34:57: ✅ quotations.parent_id exists
2026-06-12T15:34:57: ✅ quotations.version exists
2026-06-12T15:34:57: ✅ performainvoices.reference_no exists
2026-06-12T15:34:57: ✅ performainvoices.from_address_id exists
2026-06-12T15:34:57: ✅ performainvoices.from_address_custom exists
2026-06-12T15:34:57: ✅ performainvoices.client_company exists
2026-06-12T15:34:57: ✅ performainvoices.client_address1 exists
2026-06-12T15:34:57: ✅ performainvoices.client_address2 exists
2026-06-12T15:34:57: ✅ performainvoices.client_city exists
2026-06-12T15:34:57: ✅ performainvoices.client_state exists
2026-06-12T15:34:57: ✅ performainvoices.client_pincode exists
2026-06-12T15:34:57: ✅ performainvoices.client_country exists
2026-06-12T15:34:57: ✅ performainvoices.tax_type exists
2026-06-12T15:34:57: ✅ performainvoices.custom_tax exists
2026-06-12T15:34:57: ✅ performainvoices.exec_name exists
2026-06-12T15:34:57: ✅ performainvoices.exec_phone exists
2026-06-12T15:34:57: ✅ performainvoices.exec_email exists
2026-06-12T15:34:57: ✅ performainvoices.terms_general exists
2026-06-12T15:34:57: ✅ performainvoices.terms_tax exists
2026-06-12T15:34:57: ✅ performainvoices.terms_project_period exists
2026-06-12T15:34:57: ✅ performainvoices.terms_validity exists
2026-06-12T15:34:57: ✅ performainvoices.terms_separate_orders exists
2026-06-12T15:34:57: ✅ performainvoices.terms_payment exists
2026-06-12T15:34:57: ✅ performainvoices.terms_payment_custom exists
2026-06-12T15:34:57: ✅ performainvoices.terms_warranty exists
2026-06-12T15:34:57: ✅ performainvoices.hsn_sac_code exists
2026-06-12T15:34:57: ✅ performainvoices.supplier_branch exists
2026-06-12T15:34:57: ✅ performainvoices.bank_details_id exists
2026-06-12T15:34:57: ✅ performainvoices.bank_company exists
2026-06-12T15:34:57: ✅ performainvoices.bank_name exists
2026-06-12T15:34:57: ✅ performainvoices.bank_account exists
2026-06-12T15:34:57: ✅ performainvoices.bank_ifsc exists
2026-06-12T15:34:57: ✅ performainvoices.bank_branch exists
2026-06-12T15:34:57: ✅ performainvoices.custom_terms exists
2026-06-12T15:34:57: ✅ services.reference_no exists
2026-06-12T15:34:57: ✅ services.from_address_id exists
2026-06-12T15:34:57: ✅ services.from_address_custom exists
2026-06-12T15:34:57: ✅ services.client_company exists
2026-06-12T15:34:57: ✅ services.client_address1 exists
2026-06-12T15:34:57: ✅ services.client_address2 exists
2026-06-12T15:34:57: ✅ services.client_city exists
2026-06-12T15:34:57: ✅ services.client_state exists
2026-06-12T15:34:57: ✅ services.client_pincode exists
2026-06-12T15:34:57: ✅ services.client_country exists
2026-06-12T15:34:57: ✅ services.tax_type exists
2026-06-12T15:34:57: ✅ services.custom_tax exists
2026-06-12T15:34:57: ✅ services.exec_name exists
2026-06-12T15:34:57: ✅ services.exec_phone exists
2026-06-12T15:34:57: ✅ services.exec_email exists
2026-06-12T15:34:57: ✅ services.terms_general exists
2026-06-12T15:34:57: ✅ services.terms_tax exists
2026-06-12T15:34:57: ✅ services.terms_project_period exists
2026-06-12T15:34:57: ✅ services.terms_validity exists
2026-06-12T15:34:57: ✅ services.terms_separate_orders exists
2026-06-12T15:34:57: ✅ services.terms_payment exists
2026-06-12T15:34:57: ✅ services.terms_payment_custom exists
2026-06-12T15:34:57: ✅ services.terms_warranty exists
2026-06-12T15:34:57: ✅ services.hsn_sac_code exists
2026-06-12T15:34:57: ✅ services.supplier_branch exists
2026-06-12T15:34:57: ✅ services.bank_details_id exists
2026-06-12T15:34:57: ✅ services.bank_company exists
2026-06-12T15:34:57: ✅ services.bank_name exists
2026-06-12T15:34:57: ✅ services.bank_account exists
2026-06-12T15:34:57: ✅ services.bank_ifsc exists
2026-06-12T15:34:57: ✅ services.bank_branch exists
2026-06-12T15:34:57: ✅ services.custom_terms exists
2026-06-12T15:34:57: ✅ estimatenew.client_company exists
2026-06-12T15:34:57: ✅ estimatenew.client_address exists
2026-06-12T15:34:57: ✅ estimatenew.client_city exists
2026-06-12T15:34:57: ✅ estimatenew.client_state exists
2026-06-12T15:34:57: ✅ estimatenew.client_gst exists
2026-06-12T15:34:57: ✅ estimatenew.client_phone exists
2026-06-12T15:34:57: ✅ estimatenew.subtotal exists
2026-06-12T15:34:57: ✅ estimatenew.total_tax exists
2026-06-12T15:34:57: ✅ estimatenew.total_discount exists
2026-06-12T15:34:57: ✅ estimatenew.grand_total exists
2026-06-12T15:34:57: ✅ estimateclient.subtotal exists
2026-06-12T15:34:57: ✅ estimateclient.total_tax exists
2026-06-12T15:34:57: ✅ estimateclient.total_discount exists
2026-06-12T15:34:57: ✅ estimateclient.grand_total exists
2026-06-12T15:34:57: ✅ quotation_items.uom exists
2026-06-12T15:34:57: ✅ quotation_items.hsn_sac exists
2026-06-12T15:34:57: ✅ quotation_items.brand_model exists
2026-06-12T15:34:57: ✅ customers.gst_number exists
2026-06-12T15:34:57: ✅ customers.created_by exists
2026-06-12T15:34:57: ✅ users.last_name exists
2026-06-12T15:34:57: ✅ user_email_configs.smtp_secure exists
2026-06-12T15:34:57: ✅ user_email_configs.from_email_address exists
2026-06-12T15:34:57: ✅ user_email_configs.sender_name exists
2026-06-12T15:34:57: ✅ user_email_configs.provider exists
2026-06-12T15:34:57: ✅ user_email_configs.is_enabled exists
2026-06-12T15:34:57: ✅ users.two_factor_enabled exists
2026-06-12T15:34:57: ✅ quotations.gst_mode exists
2026-06-12T15:34:57: ✅ quotations.status exists
2026-06-12T15:34:57: ✅ performainvoices.gst_mode exists
2026-06-12T15:34:57: ✅ performainvoices.status exists
2026-06-12T15:34:57: ✅ estimate_invoices.gst_mode exists
2026-06-12T15:34:57: ✅ estimate_invoices.status exists
2026-06-12T15:34:57: ✅ service_estimations.gst_mode exists
2026-06-12T15:34:57: ✅ service_estimations.status exists
2026-06-12T15:34:57: ✅ services.gst_mode exists
2026-06-12T15:34:57: ✅ estimatenew.gst_mode exists
2026-06-12T15:34:57: ✅ Create table pi_from_addresses
2026-06-12T15:34:57: ✅ Create table email_otp
2026-06-12T15:34:57: ✅ Create table payments
2026-06-12T15:34:57: ✅ Create table clientinvoices
2026-06-12T15:34:57: ✅ Create table messages
2026-06-12T15:34:57: ✅ Create table service_items
2026-06-12T15:34:57: ✅ Create table service_estimations
2026-06-12T15:34:57: ✅ Create table service_estimation_items
2026-06-12T15:34:57: ✅ Create table estimate_invoices
2026-06-12T15:34:57: ✅ Create table estimate_invoice_items
2026-06-12T15:34:57: ✅ Create table estimate_items
2026-06-12T15:34:57: ✅ Create table performainvoice_items
2026-06-12T15:34:57: ✅ Create table performainvoices
2026-06-12T15:34:57: ✅ Create table services
2026-06-12T15:34:57: ✅ Create table customers
2026-06-12T15:34:57: ✅ Create table quotations
2026-06-12T15:34:57: ✅ Create table quotation_items
2026-06-12T15:34:57: ✅ Create table lead_reminders
2026-06-12T15:34:57: ✅ Create table lead_activity
2026-06-12T15:34:57: ✅ Create table lead_escalations
2026-06-12T15:34:57: ✅ Create table admin_notifications
2026-06-12T15:34:57: ✅ Create table profile_change_requests
2026-06-12T15:34:57: ✅ Create table amc_alc_services
2026-06-12T15:34:57: ✅ Create table service_activity
2026-06-12T15:34:57: ✅ Create table task_targets
2026-06-12T15:34:57: ✅ Create table task_achievements
2026-06-12T15:34:57: ✅ Create table task_updates
2026-06-12T15:34:57: ✅ Create table call_reports
2026-06-12T15:34:57: ✅ Create table task_activity
2026-06-12T15:34:57: ✅ Create table notifications
2026-06-12T15:34:57: ✅ Create table task_assignments
2026-06-12T15:34:57: ✅ Create table clients
2026-06-12T15:34:57: ✅ Create table user_email_configs
2026-06-12T15:34:57: ✅ lead_reminders.reminder_time exists
2026-06-12T15:34:57: ✅ lead_reminders.missed_count exists
2026-06-12T15:34:57: ✅ lead_reminders.notification_sent exists
2026-06-12T15:34:57: ✅ lead_reminders.employee_id exists
2026-06-12T15:34:57: ✅ lead_escalations.missed_count exists
2026-06-12T15:34:57: ✅ users.status exists
2026-06-12T15:34:57: ✅ users.emp_id exists
2026-06-12T15:34:57: ✅ admin_notifications.related_id exists
2026-06-12T15:34:57: ✅ admin_notifications.related_type exists
2026-06-12T15:34:57: ✅ admin_notifications.created_by exists
2026-06-12T15:34:57: ✅ admin_notifications.priority exists
2026-06-12T15:34:57: ✅ admin_notifications.is_archived exists
2026-06-12T15:34:57: ✅ notifications.user_id exists
2026-06-12T15:34:57: ✅ notifications.type exists
2026-06-12T15:34:57: ✅ notifications.is_archived exists
2026-06-12T15:34:57: ✅ task_assignments.status exists
2026-06-12T15:34:57: ✅ teammember.mobile_number exists
2026-06-12T15:34:57: ✅ teammember.emp_id exists
2026-06-12T15:34:57: ✅ teammember.user_id exists
2026-06-12T15:34:57: ✅ teammember.emp_address exists
2026-06-12T15:34:57: ✅ telecalls.created_by exists
2026-06-12T15:34:57: ✅ telecalls.email exists
2026-06-12T15:34:57: ✅ walkins.assigned_to exists
2026-06-12T15:34:57: ✅ walkins.created_by exists
2026-06-12T15:34:57: ✅ walkins.email exists
2026-06-12T15:34:57: ✅ fields.assigned_to exists
2026-06-12T15:34:57: ✅ fields.created_by exists
2026-06-12T15:34:57: ✅ fields.email exists
2026-06-12T15:34:57: ✅ quotations.lead_id exists
2026-06-12T15:34:57: ✅ quotations.lead_type exists
2026-06-12T15:34:57: ✅ contracts.contract_type exists
2026-06-12T15:34:57: ✅ contracts.quotation_id exists
2026-06-12T15:34:57: ✅ contracts.mobile_number exists
2026-06-12T15:34:57: ✅ contracts.location_city exists
2026-06-12T15:34:57: ✅ amc_alc_services.labour_charges exists
2026-06-12T15:34:57: ✅ amc_alc_services.contract_title exists
2026-06-12T15:34:57: ✅ amc_alc_services.start_time exists
2026-06-12T15:34:57: ✅ amc_alc_services.end_time exists
2026-06-12T15:34:57: ✅ amc_alc_services.km exists
2026-06-12T15:34:57: ✅ amc_alc_services.technician exists
2026-06-12T15:34:57: ✅ amc_alc_services.sales_person exists
2026-06-12T15:34:57: ✅ amc_alc_services.remarks exists
2026-06-12T15:34:57: ✅ amc_alc_services.email exists
2026-06-12T15:34:57: ✅ amc_alc_services.next_service_date exists
2026-06-12T15:34:57: ✅ amc_alc_services.service_type exists
2026-06-12T15:34:57: ✅ task_targets.user_id exists
2026-06-12T15:34:57: ✅ task_targets.created_by_admin exists
2026-06-12T15:34:57: ✅ task_achievements.achieved_amount exists
2026-06-12T15:34:57: ✅ task_updates.amount exists
2026-06-12T15:34:57: ✅ call_reports.start_time exists
2026-06-12T15:34:57: ✅ call_reports.end_time exists
2026-06-12T15:34:57: ✅ call_reports.km exists
2026-06-12T15:34:57: ✅ call_reports.remarks exists
2026-06-12T15:34:57: ✅ call_reports.technician exists
2026-06-12T15:34:58: ✅ call_reports.sales_person exists
2026-06-12T15:34:58: ✅ tasks.assigned_teammember_id exists
2026-06-12T15:34:58: ✅ task_targets.teammember_id exists
2026-06-12T15:34:58: ✅ quotations.reference_no exists
2026-06-12T15:34:58: ✅ task_targets.carry_forward exists
2026-06-12T15:34:58: ✅ task_targets.effective_target exists
2026-06-12T15:34:58: ✅ task_targets.user_id exists
2026-06-12T15:34:58: ✅ task_targets.created_by_admin exists
2026-06-12T15:34:58: ✅ task_achievements.achieved_amount exists
2026-06-12T15:34:58: ✅ clients.created_by exists
2026-06-12T15:34:58: ✅ tasks.created_by exists
2026-06-12T15:34:58: ✅ tasks.task_description exists
2026-06-12T15:34:58: ✅ tasks.assigned_to exists
2026-06-12T15:34:58: ✅ quotations.created_by exists
2026-06-12T15:34:58: ✅ contracts.created_by exists
2026-06-12T15:34:58: ✅ contracts.client_company exists
2026-06-12T15:34:58: ✅ contracts.amount_value exists
2026-06-12T15:34:58: ✅ contracts.remaining exists
2026-06-12T15:34:58: ✅ contracts.email exists
2026-06-12T15:34:58: ✅ clientinvoices.created_by exists
2026-06-12T15:34:58: ✅ performainvoices.created_by exists
2026-06-12T15:34:58: ✅ services.created_by exists
2026-06-12T15:34:58: ✅ call_reports.created_by exists
2026-06-12T15:34:58: ✅ lead_activity.employee_id exists
2026-06-12T15:34:58: ✅ lead_escalations.missed_threshold_reached exists
2026-06-12T15:34:58: ✅ lead_escalations.employee_id exists
2026-06-12T15:34:58: ✅ performainvoices.is_latest exists
2026-06-12T15:34:58: ✅ performainvoices.version exists
2026-06-12T15:34:58: ✅ performainvoices.parent_id exists
2026-06-12T15:34:58: ✅ performa_invoice_items.uom exists
2026-06-12T15:34:58: ✅ performainvoice_items.uom exists
2026-06-12T15:34:58: ✅ task_assignments.response_notes exists
2026-06-12T15:34:58: ✅ call_reports.amount_collected exists
2026-06-12T15:34:58: ✅ call_reports.payment_mode exists
2026-06-12T15:34:58: ✅ call_reports.duration_limit exists
2026-06-12T15:34:58: ✅ call_reports.actual_duration exists
2026-06-12T15:34:58: ✅ call_reports.is_exceeded exists
2026-06-12T15:34:58: ✅ call_reports.assigned_time exists
2026-06-12T15:34:58: ✅ call_reports.call_id exists
2026-06-12T15:34:58: ✅ call_reports.session_id exists
2026-06-12T15:34:58: ✅ call_reports.client_name exists
2026-06-12T15:34:58: ✅ call_reports.staff_name exists
2026-06-12T15:34:58: ✅ call_reports.executive_name exists
2026-06-12T15:34:58: ✅ call_reports.phone exists
2026-06-12T15:34:58: ✅ call_reports.location exists
2026-06-12T15:34:58: ✅ call_reports.call_sequence exists
2026-06-12T15:34:58: ✅ call_reports.report_date exists
2026-06-12T15:34:58: ✅ call_reports.complaint exists
2026-06-12T15:34:58: ✅ call_reports.priority exists
2026-06-12T15:34:58: ✅ call_reports.call_type exists
2026-06-12T15:34:58: ✅ call_reports.payment_type exists
2026-06-12T15:34:58: ✅ call_reports.invoice_value exists
2026-06-12T15:34:58: ✅ call_reports.payment_status exists
2026-06-12T15:34:58: ✅ call_reports.petrol_charges exists
2026-06-12T15:34:58: ✅ call_reports.spare_parts_price exists
2026-06-12T15:34:58: ✅ call_reports.labour_charges exists
2026-06-12T15:34:58: ✅ call_reports.total_expenses exists
2026-06-12T15:34:58: ✅ call_reports.customer_name exists
2026-06-12T15:34:58: ✅ call_reports.mobile_number exists
2026-06-12T15:34:58: ✅ call_reports.location_city exists
2026-06-12T15:34:58: ✅ call_reports.contract_title exists
2026-06-12T15:34:58: ✅ call_reports.service_type exists
2026-06-12T15:34:58: ✅ call_reports.description exists
2026-06-12T15:34:58: ✅ call_reports.service_person exists
2026-06-12T15:34:58: ✅ call_reports.contract_id exists
2026-06-12T15:34:58: ✅ call_reports.call_referrer exists
2026-06-12T15:34:58: ✅ call_reports.step2_completed exists
2026-06-12T15:34:58: ✅ call_reports.email exists
2026-06-12T15:34:58: ✅ call_reports.status exists
2026-06-12T15:34:58: ✅ call_reports.gst_number exists
2026-06-12T15:34:58: ✅ call_reports.company_name exists
2026-06-12T15:34:58: ✅ call_reports.completed_at exists
2026-06-12T15:34:58: ✅ call_reports.carry_forward_date exists
2026-06-12T15:34:58: ✅ amc_alc_services.amount_collected exists
2026-06-12T15:34:58: ✅ amc_alc_services.payment_mode exists
2026-06-12T15:34:58: ✅ amc_alc_services.call_number exists
2026-06-12T15:34:58: ✅ amc_alc_services.breakpoints exists
2026-06-12T15:34:58: ✅ amc_alc_services.duration_limit exists
2026-06-12T15:34:58: ✅ clients.gst_number exists
2026-06-12T15:34:58: ✅ clients.company_name exists
2026-06-12T15:34:58: ✅ clients.service exists
2026-06-12T15:34:58: ✅ clients.alternate_phone exists
2026-06-12T15:34:58: ✅ clients.city exists
2026-06-12T15:34:58: ✅ clients.state exists
2026-06-12T15:34:58: ✅ clients.pincode exists
2026-06-12T15:34:58: ✅ clients.notes exists
2026-06-12T15:34:58: ✅ clients.client_status exists
2026-06-12T15:34:58: ✅ clients.original_lead_id exists
2026-06-12T15:34:58: ✅ clients.original_lead_type exists
2026-06-12T15:34:58: ✅ clients.converted_at exists
2026-06-12T15:34:58: ✅ clients.lead_email exists
2026-06-12T15:34:58: ✅ clients.lead_city exists
2026-06-12T15:34:58: ✅ clients.lead_reference exists
2026-06-12T15:34:58: ✅ clients.lead_purpose exists
2026-06-12T15:34:58: ✅ clients.client_status exists
2026-06-12T15:34:58: ✅ clients.lead_staff_name exists
2026-06-12T15:34:58: ✅ clients.lead_id_display exists
2026-06-12T15:34:58: ✅ clients.assigned_teammember_id exists
2026-06-12T15:34:58: ✅ clients.state exists
2026-06-12T15:34:58: ✅ clients.pincode exists
2026-06-12T15:34:58: ✅ users.emp_id exists
2026-06-12T15:34:58: ✅ quotations.reference_no exists
2026-06-12T15:34:58: ✅ quotations.from_address_id exists
2026-06-12T15:34:58: ✅ quotations.from_address_custom exists
2026-06-12T15:34:58: ✅ quotations.client_company exists
2026-06-12T15:34:58: ✅ quotations.client_address1 exists
2026-06-12T15:34:58: ✅ quotations.client_address2 exists
2026-06-12T15:34:58: ✅ quotations.client_city exists
2026-06-12T15:34:58: ✅ quotations.client_state exists
2026-06-12T15:34:58: ✅ quotations.client_pincode exists
2026-06-12T15:34:58: ✅ quotations.client_country exists
2026-06-12T15:34:58: ✅ quotations.tax_type exists
2026-06-12T15:34:58: ✅ quotations.custom_tax exists
2026-06-12T15:34:58: ✅ quotations.exec_name exists
2026-06-12T15:34:58: ✅ quotations.exec_phone exists
2026-06-12T15:34:58: ✅ quotations.exec_email exists
2026-06-12T15:34:58: ✅ quotations.terms_general exists
2026-06-12T15:34:58: ✅ quotations.terms_tax exists
2026-06-12T15:34:58: ✅ quotations.terms_project_period exists
2026-06-12T15:34:58: ✅ quotations.terms_validity exists
2026-06-12T15:34:58: ✅ quotations.terms_separate_orders exists
2026-06-12T15:34:58: ✅ quotations.terms_payment exists
2026-06-12T15:34:58: ✅ quotations.terms_payment_custom exists
2026-06-12T15:34:58: ✅ quotations.terms_warranty exists
2026-06-12T15:34:58: ✅ quotations.hsn_sac_code exists
2026-06-12T15:34:58: ✅ quotations.supplier_branch exists
2026-06-12T15:34:58: ✅ quotations.bank_details_id exists
2026-06-12T15:34:58: ✅ quotations.bank_company exists
2026-06-12T15:34:58: ✅ quotations.bank_name exists
2026-06-12T15:34:58: ✅ quotations.bank_account exists
2026-06-12T15:34:58: ✅ quotations.bank_ifsc exists
2026-06-12T15:34:58: ✅ quotations.bank_branch exists
2026-06-12T15:34:58: ✅ quotations.custom_terms exists
2026-06-12T15:34:58: ✅ quotations.is_latest exists
2026-06-12T15:34:58: ✅ quotations.parent_id exists
2026-06-12T15:34:58: ✅ quotations.version exists
2026-06-12T15:34:58: ✅ performainvoices.reference_no exists
2026-06-12T15:34:58: ✅ performainvoices.from_address_id exists
2026-06-12T15:34:58: ✅ performainvoices.from_address_custom exists
2026-06-12T15:34:58: ✅ performainvoices.client_company exists
2026-06-12T15:34:58: ✅ performainvoices.client_address1 exists
2026-06-12T15:34:58: ✅ performainvoices.client_address2 exists
2026-06-12T15:34:58: ✅ performainvoices.client_city exists
2026-06-12T15:34:58: ✅ performainvoices.client_state exists
2026-06-12T15:34:58: ✅ performainvoices.client_pincode exists
2026-06-12T15:34:58: ✅ performainvoices.client_country exists
2026-06-12T15:34:58: ✅ performainvoices.tax_type exists
2026-06-12T15:34:58: ✅ performainvoices.custom_tax exists
2026-06-12T15:34:58: ✅ performainvoices.exec_name exists
2026-06-12T15:34:58: ✅ performainvoices.exec_phone exists
2026-06-12T15:34:58: ✅ performainvoices.exec_email exists
2026-06-12T15:34:58: ✅ performainvoices.terms_general exists
2026-06-12T15:34:58: ✅ performainvoices.terms_tax exists
2026-06-12T15:34:58: ✅ performainvoices.terms_project_period exists
2026-06-12T15:34:58: ✅ performainvoices.terms_validity exists
2026-06-12T15:34:58: ✅ performainvoices.terms_separate_orders exists
2026-06-12T15:34:58: ✅ performainvoices.terms_payment exists
2026-06-12T15:34:58: ✅ performainvoices.terms_payment_custom exists
2026-06-12T15:34:58: ✅ performainvoices.terms_warranty exists
2026-06-12T15:34:58: ✅ performainvoices.hsn_sac_code exists
2026-06-12T15:34:58: ✅ performainvoices.supplier_branch exists
2026-06-12T15:34:58: ✅ performainvoices.bank_details_id exists
2026-06-12T15:34:58: ✅ performainvoices.bank_company exists
2026-06-12T15:34:58: ✅ performainvoices.bank_name exists
2026-06-12T15:34:58: ✅ performainvoices.bank_account exists
2026-06-12T15:34:58: ✅ performainvoices.bank_ifsc exists
2026-06-12T15:34:58: ✅ performainvoices.bank_branch exists
2026-06-12T15:34:58: ✅ performainvoices.custom_terms exists
2026-06-12T15:34:58: ✅ services.reference_no exists
2026-06-12T15:34:58: ✅ services.from_address_id exists
2026-06-12T15:34:58: ✅ services.from_address_custom exists
2026-06-12T15:34:58: ✅ services.client_company exists
2026-06-12T15:34:58: ✅ services.client_address1 exists
2026-06-12T15:34:58: ✅ services.client_address2 exists
2026-06-12T15:34:58: ✅ services.client_city exists
2026-06-12T15:34:58: ✅ services.client_state exists
2026-06-12T15:34:58: ✅ services.client_pincode exists
2026-06-12T15:34:58: ✅ services.client_country exists
2026-06-12T15:34:58: ✅ services.tax_type exists
2026-06-12T15:34:58: ✅ services.custom_tax exists
2026-06-12T15:34:58: ✅ services.exec_name exists
2026-06-12T15:34:58: ✅ services.exec_phone exists
2026-06-12T15:34:58: ✅ services.exec_email exists
2026-06-12T15:34:58: ✅ services.terms_general exists
2026-06-12T15:34:58: ✅ services.terms_tax exists
2026-06-12T15:34:58: ✅ services.terms_project_period exists
2026-06-12T15:34:58: ✅ services.terms_validity exists
2026-06-12T15:34:58: ✅ services.terms_separate_orders exists
2026-06-12T15:34:58: ✅ services.terms_payment exists
2026-06-12T15:34:58: ✅ services.terms_payment_custom exists
2026-06-12T15:34:58: ✅ services.terms_warranty exists
2026-06-12T15:34:58: ✅ services.hsn_sac_code exists
2026-06-12T15:34:58: ✅ services.supplier_branch exists
2026-06-12T15:34:58: ✅ services.bank_details_id exists
2026-06-12T15:34:58: ✅ services.bank_company exists
2026-06-12T15:34:58: ✅ services.bank_name exists
2026-06-12T15:34:58: ✅ services.bank_account exists
2026-06-12T15:34:58: ✅ services.bank_ifsc exists
2026-06-12T15:34:58: ✅ services.bank_branch exists
2026-06-12T15:34:58: ✅ services.custom_terms exists
2026-06-12T15:34:58: ✅ estimatenew.client_company exists
2026-06-12T15:34:58: ✅ estimatenew.client_address exists
2026-06-12T15:34:58: ✅ estimatenew.client_city exists
2026-06-12T15:34:58: ✅ estimatenew.client_state exists
2026-06-12T15:34:58: ✅ estimatenew.client_gst exists
2026-06-12T15:34:58: ✅ estimatenew.client_phone exists
2026-06-12T15:34:58: ✅ estimatenew.subtotal exists
2026-06-12T15:34:58: ✅ estimatenew.total_tax exists
2026-06-12T15:34:58: ✅ estimatenew.total_discount exists
2026-06-12T15:34:58: ✅ estimatenew.grand_total exists
2026-06-12T15:34:58: ✅ estimateclient.subtotal exists
2026-06-12T15:34:58: ✅ estimateclient.total_tax exists
2026-06-12T15:34:58: ✅ estimateclient.total_discount exists
2026-06-12T15:34:58: ✅ estimateclient.grand_total exists
2026-06-12T15:34:58: ✅ quotation_items.uom exists
2026-06-12T15:34:58: ✅ quotation_items.hsn_sac exists
2026-06-12T15:34:58: ✅ quotation_items.brand_model exists
2026-06-12T15:34:58: ✅ customers.gst_number exists
2026-06-12T15:34:58: ✅ customers.created_by exists
2026-06-12T15:34:58: ✅ users.last_name exists
2026-06-12T15:34:58: ✅ user_email_configs.smtp_secure exists
2026-06-12T15:34:58: ✅ user_email_configs.from_email_address exists
2026-06-12T15:34:58: ✅ user_email_configs.sender_name exists
2026-06-12T15:34:58: ✅ user_email_configs.provider exists
2026-06-12T15:34:58: ✅ user_email_configs.is_enabled exists
2026-06-12T15:34:58: ✅ users.two_factor_enabled exists
2026-06-12T15:34:58: ✅ quotations.gst_mode exists
2026-06-12T15:34:58: ✅ quotations.status exists
2026-06-12T15:34:58: ✅ performainvoices.gst_mode exists
2026-06-12T15:34:58: ✅ performainvoices.status exists
2026-06-12T15:34:58: ✅ estimate_invoices.gst_mode exists
2026-06-12T15:34:58: ✅ estimate_invoices.status exists
2026-06-12T15:34:58: ✅ service_estimations.gst_mode exists
2026-06-12T15:34:58: ✅ service_estimations.status exists
2026-06-12T15:34:58: ✅ services.gst_mode exists
2026-06-12T15:34:58: ✅ estimatenew.gst_mode exists
2026-06-12T15:34:58: Users role column updated
2026-06-12T15:34:58: Teammember emp_role updated
2026-06-12T15:34:59: OTP email transporter is ready
2026-06-12T15:34:59: Default employees seeded successfully.
2026-06-12T15:34:59: [Scheduler] Reminder escalation scheduler started (every 15 min)
2026-06-12T15:34:59: [Scheduler] End-of-day task scheduler started (daily at 6 PM)
2026-06-12T15:34:59: ✅ Server running: http://0.0.0.0:5000 [production]
2026-06-12T15:34:59: User 708 joined notifications channel
2026-06-12T15:34:59: Admin joined notifications channel
2026-06-12T15:34:59: User 701 joined notifications channel
2026-06-12T15:35:09: [Scheduler] Running initial task check...
2026-06-12T15:35:09: [Scheduler] End-of-day task check complete. Evaluated 1 incomplete tasks.
2026-06-12T15:35:09: [Scheduler] Daily summary notification already dispatched for today
2026-06-12T15:36:09: Client disconnected from notifications
2026-06-12T15:40:59: ◇ injected env (14) from .env // tip: ⌁ auth for agents [www.vestauth.com]
2026-06-12T15:40:59: ◇ injected env (0) from .env // tip: ⌘ multiple files { path: ['.env.local', '.env'] }
2026-06-12T15:40:59: MySQL Connected (127.0.0.1:3306)
2026-06-12T15:40:59: Using database achme
2026-06-12T15:40:59: Database initialized successfully
2026-06-12T15:40:59: ✅ lead_reminders.reminder_time exists
2026-06-12T15:41:00: ✅ lead_reminders.missed_count exists
2026-06-12T15:41:00: ✅ lead_reminders.notification_sent exists
2026-06-12T15:41:00: ✅ lead_reminders.employee_id exists
2026-06-12T15:41:00: ✅ lead_escalations.missed_count exists
2026-06-12T15:41:00: ✅ users.status exists
2026-06-12T15:41:00: ✅ users.emp_id exists
2026-06-12T15:41:00: ✅ admin_notifications.related_id exists
2026-06-12T15:41:00: ✅ admin_notifications.related_type exists
2026-06-12T15:41:00: ✅ admin_notifications.created_by exists
2026-06-12T15:41:00: ✅ admin_notifications.priority exists
2026-06-12T15:41:00: ✅ admin_notifications.is_archived exists
2026-06-12T15:41:00: ✅ notifications.user_id exists
2026-06-12T15:41:00: ✅ notifications.type exists
2026-06-12T15:41:00: ✅ notifications.is_archived exists
2026-06-12T15:41:00: ✅ task_assignments.status exists
2026-06-12T15:41:00: ✅ teammember.mobile_number exists
2026-06-12T15:41:00: ✅ teammember.emp_id exists
2026-06-12T15:41:00: ✅ teammember.user_id exists
2026-06-12T15:41:00: ✅ teammember.emp_address exists
2026-06-12T15:41:00: ✅ telecalls.created_by exists
2026-06-12T15:41:00: ✅ telecalls.email exists
2026-06-12T15:41:00: ✅ walkins.assigned_to exists
2026-06-12T15:41:00: ✅ walkins.created_by exists
2026-06-12T15:41:00: ✅ walkins.email exists
2026-06-12T15:41:00: ✅ fields.assigned_to exists
2026-06-12T15:41:00: ✅ fields.created_by exists
2026-06-12T15:41:00: ✅ fields.email exists
2026-06-12T15:41:00: ✅ quotations.lead_id exists
2026-06-12T15:41:00: ✅ quotations.lead_type exists
2026-06-12T15:41:00: ✅ contracts.contract_type exists
2026-06-12T15:41:00: ✅ contracts.quotation_id exists
2026-06-12T15:41:00: ✅ contracts.mobile_number exists
2026-06-12T15:41:00: ✅ contracts.location_city exists
2026-06-12T15:41:00: ✅ amc_alc_services.labour_charges exists
2026-06-12T15:41:00: ✅ amc_alc_services.contract_title exists
2026-06-12T15:41:00: ✅ amc_alc_services.start_time exists
2026-06-12T15:41:00: ✅ amc_alc_services.end_time exists
2026-06-12T15:41:00: ✅ amc_alc_services.km exists
2026-06-12T15:41:00: ✅ amc_alc_services.technician exists
2026-06-12T15:41:00: ✅ amc_alc_services.sales_person exists
2026-06-12T15:41:00: ✅ amc_alc_services.remarks exists
2026-06-12T15:41:00: ✅ amc_alc_services.email exists
2026-06-12T15:41:00: ✅ amc_alc_services.next_service_date exists
2026-06-12T15:41:00: ✅ amc_alc_services.service_type exists
2026-06-12T15:41:00: ✅ task_targets.user_id exists
2026-06-12T15:41:00: ✅ task_targets.created_by_admin exists
2026-06-12T15:41:00: ✅ task_achievements.achieved_amount exists
2026-06-12T15:41:00: ✅ task_updates.amount exists
2026-06-12T15:41:00: ✅ call_reports.start_time exists
2026-06-12T15:41:00: ✅ call_reports.end_time exists
2026-06-12T15:41:00: ✅ call_reports.km exists
2026-06-12T15:41:00: ✅ call_reports.remarks exists
2026-06-12T15:41:00: ✅ call_reports.technician exists
2026-06-12T15:41:00: ✅ call_reports.sales_person exists
2026-06-12T15:41:00: ✅ tasks.assigned_teammember_id exists
2026-06-12T15:41:00: ✅ task_targets.teammember_id exists
2026-06-12T15:41:00: ✅ quotations.reference_no exists
2026-06-12T15:41:00: ✅ task_targets.carry_forward exists
2026-06-12T15:41:00: ✅ task_targets.effective_target exists
2026-06-12T15:41:00: ✅ task_targets.user_id exists
2026-06-12T15:41:00: ✅ task_targets.created_by_admin exists
2026-06-12T15:41:00: ✅ task_achievements.achieved_amount exists
2026-06-12T15:41:00: ✅ clients.created_by exists
2026-06-12T15:41:00: ✅ tasks.created_by exists
2026-06-12T15:41:00: ✅ tasks.task_description exists
2026-06-12T15:41:00: ✅ tasks.assigned_to exists
2026-06-12T15:41:00: ✅ quotations.created_by exists
2026-06-12T15:41:00: ✅ contracts.created_by exists
2026-06-12T15:41:00: ✅ contracts.client_company exists
2026-06-12T15:41:00: ✅ contracts.amount_value exists
2026-06-12T15:41:00: ✅ contracts.remaining exists
2026-06-12T15:41:00: ✅ contracts.email exists
2026-06-12T15:41:00: ✅ clientinvoices.created_by exists
2026-06-12T15:41:00: ✅ performainvoices.created_by exists
2026-06-12T15:41:00: ✅ services.created_by exists
2026-06-12T15:41:00: ✅ call_reports.created_by exists
2026-06-12T15:41:00: ✅ lead_activity.employee_id exists
2026-06-12T15:41:00: ✅ lead_escalations.missed_threshold_reached exists
2026-06-12T15:41:00: ✅ lead_escalations.employee_id exists
2026-06-12T15:41:00: ✅ performainvoices.is_latest exists
2026-06-12T15:41:00: ✅ performainvoices.version exists
2026-06-12T15:41:00: ✅ performainvoices.parent_id exists
2026-06-12T15:41:00: ✅ performa_invoice_items.uom exists
2026-06-12T15:41:00: ✅ performainvoice_items.uom exists
2026-06-12T15:41:00: ✅ task_assignments.response_notes exists
2026-06-12T15:41:00: ✅ call_reports.amount_collected exists
2026-06-12T15:41:00: ✅ call_reports.payment_mode exists
2026-06-12T15:41:00: ✅ call_reports.duration_limit exists
2026-06-12T15:41:00: ✅ call_reports.actual_duration exists
2026-06-12T15:41:00: ✅ call_reports.is_exceeded exists
2026-06-12T15:41:00: ✅ call_reports.assigned_time exists
2026-06-12T15:41:00: ✅ call_reports.call_id exists
2026-06-12T15:41:00: ✅ call_reports.session_id exists
2026-06-12T15:41:00: ✅ call_reports.client_name exists
2026-06-12T15:41:00: ✅ call_reports.staff_name exists
2026-06-12T15:41:00: ✅ call_reports.executive_name exists
2026-06-12T15:41:00: ✅ call_reports.phone exists
2026-06-12T15:41:00: ✅ call_reports.location exists
2026-06-12T15:41:00: ✅ call_reports.call_sequence exists
2026-06-12T15:41:00: ✅ call_reports.report_date exists
2026-06-12T15:41:00: ✅ call_reports.complaint exists
2026-06-12T15:41:00: ✅ call_reports.priority exists
2026-06-12T15:41:00: ✅ call_reports.call_type exists
2026-06-12T15:41:00: ✅ call_reports.payment_type exists
2026-06-12T15:41:00: ✅ call_reports.invoice_value exists
2026-06-12T15:41:00: ✅ call_reports.payment_status exists
2026-06-12T15:41:00: ✅ call_reports.petrol_charges exists
2026-06-12T15:41:00: ✅ call_reports.spare_parts_price exists
2026-06-12T15:41:00: ✅ call_reports.labour_charges exists
2026-06-12T15:41:00: ✅ call_reports.total_expenses exists
2026-06-12T15:41:00: ✅ call_reports.customer_name exists
2026-06-12T15:41:00: ✅ call_reports.mobile_number exists
2026-06-12T15:41:00: ✅ call_reports.location_city exists
2026-06-12T15:41:00: ✅ call_reports.contract_title exists
2026-06-12T15:41:00: ✅ call_reports.service_type exists
2026-06-12T15:41:00: ✅ call_reports.description exists
2026-06-12T15:41:00: ✅ call_reports.service_person exists
2026-06-12T15:41:00: ✅ call_reports.contract_id exists
2026-06-12T15:41:00: ✅ call_reports.call_referrer exists
2026-06-12T15:41:00: ✅ call_reports.step2_completed exists
2026-06-12T15:41:00: ✅ call_reports.email exists
2026-06-12T15:41:00: ✅ call_reports.status exists
2026-06-12T15:41:00: ✅ call_reports.gst_number exists
2026-06-12T15:41:00: ✅ call_reports.company_name exists
2026-06-12T15:41:00: ✅ call_reports.completed_at exists
2026-06-12T15:41:00: ✅ call_reports.carry_forward_date exists
2026-06-12T15:41:00: ✅ amc_alc_services.amount_collected exists
2026-06-12T15:41:00: ✅ amc_alc_services.payment_mode exists
2026-06-12T15:41:00: ✅ amc_alc_services.call_number exists
2026-06-12T15:41:00: ✅ amc_alc_services.breakpoints exists
2026-06-12T15:41:00: ✅ amc_alc_services.duration_limit exists
2026-06-12T15:41:00: ✅ clients.gst_number exists
2026-06-12T15:41:00: ✅ clients.company_name exists
2026-06-12T15:41:00: ✅ clients.service exists
2026-06-12T15:41:00: ✅ clients.alternate_phone exists
2026-06-12T15:41:00: ✅ clients.city exists
2026-06-12T15:41:00: ✅ clients.state exists
2026-06-12T15:41:00: ✅ clients.pincode exists
2026-06-12T15:41:00: ✅ clients.notes exists
2026-06-12T15:41:00: ✅ clients.client_status exists
2026-06-12T15:41:00: ✅ clients.original_lead_id exists
2026-06-12T15:41:00: ✅ clients.original_lead_type exists
2026-06-12T15:41:00: ✅ clients.converted_at exists
2026-06-12T15:41:00: ✅ clients.lead_email exists
2026-06-12T15:41:00: ✅ clients.lead_city exists
2026-06-12T15:41:00: ✅ clients.lead_reference exists
2026-06-12T15:41:00: ✅ clients.lead_purpose exists
2026-06-12T15:41:00: ✅ clients.client_status exists
2026-06-12T15:41:00: ✅ clients.lead_staff_name exists
2026-06-12T15:41:00: ✅ clients.lead_id_display exists
2026-06-12T15:41:00: ✅ clients.assigned_teammember_id exists
2026-06-12T15:41:00: ✅ clients.state exists
2026-06-12T15:41:00: ✅ clients.pincode exists
2026-06-12T15:41:00: ✅ users.emp_id exists
2026-06-12T15:41:00: ✅ quotations.reference_no exists
2026-06-12T15:41:00: ✅ quotations.from_address_id exists
2026-06-12T15:41:00: ✅ quotations.from_address_custom exists
2026-06-12T15:41:00: ✅ quotations.client_company exists
2026-06-12T15:41:00: ✅ quotations.client_address1 exists
2026-06-12T15:41:00: ✅ quotations.client_address2 exists
2026-06-12T15:41:00: ✅ quotations.client_city exists
2026-06-12T15:41:00: ✅ quotations.client_state exists
2026-06-12T15:41:00: ✅ quotations.client_pincode exists
2026-06-12T15:41:00: ✅ quotations.client_country exists
2026-06-12T15:41:00: ✅ quotations.tax_type exists
2026-06-12T15:41:00: ✅ quotations.custom_tax exists
2026-06-12T15:41:00: ✅ quotations.exec_name exists
2026-06-12T15:41:00: ✅ quotations.exec_phone exists
2026-06-12T15:41:00: ✅ quotations.exec_email exists
2026-06-12T15:41:00: ✅ quotations.terms_general exists
2026-06-12T15:41:00: ✅ quotations.terms_tax exists
2026-06-12T15:41:00: ✅ quotations.terms_project_period exists
2026-06-12T15:41:00: ✅ quotations.terms_validity exists
2026-06-12T15:41:00: ✅ quotations.terms_separate_orders exists
2026-06-12T15:41:00: ✅ quotations.terms_payment exists
2026-06-12T15:41:00: ✅ quotations.terms_payment_custom exists
2026-06-12T15:41:00: ✅ quotations.terms_warranty exists
2026-06-12T15:41:00: ✅ quotations.hsn_sac_code exists
2026-06-12T15:41:00: ✅ quotations.supplier_branch exists
2026-06-12T15:41:00: ✅ quotations.bank_details_id exists
2026-06-12T15:41:00: ✅ quotations.bank_company exists
2026-06-12T15:41:00: ✅ quotations.bank_name exists
2026-06-12T15:41:00: ✅ quotations.bank_account exists
2026-06-12T15:41:00: ✅ quotations.bank_ifsc exists
2026-06-12T15:41:00: ✅ quotations.bank_branch exists
2026-06-12T15:41:00: ✅ quotations.custom_terms exists
2026-06-12T15:41:00: ✅ quotations.is_latest exists
2026-06-12T15:41:00: ✅ quotations.parent_id exists
2026-06-12T15:41:00: ✅ quotations.version exists
2026-06-12T15:41:00: ✅ performainvoices.reference_no exists
2026-06-12T15:41:00: ✅ performainvoices.from_address_id exists
2026-06-12T15:41:00: ✅ performainvoices.from_address_custom exists
2026-06-12T15:41:00: ✅ performainvoices.client_company exists
2026-06-12T15:41:00: ✅ performainvoices.client_address1 exists
2026-06-12T15:41:00: ✅ performainvoices.client_address2 exists
2026-06-12T15:41:00: ✅ performainvoices.client_city exists
2026-06-12T15:41:00: ✅ performainvoices.client_state exists
2026-06-12T15:41:00: ✅ performainvoices.client_pincode exists
2026-06-12T15:41:00: ✅ performainvoices.client_country exists
2026-06-12T15:41:00: ✅ performainvoices.tax_type exists
2026-06-12T15:41:00: ✅ performainvoices.custom_tax exists
2026-06-12T15:41:00: ✅ performainvoices.exec_name exists
2026-06-12T15:41:00: ✅ performainvoices.exec_phone exists
2026-06-12T15:41:00: ✅ performainvoices.exec_email exists
2026-06-12T15:41:00: ✅ performainvoices.terms_general exists
2026-06-12T15:41:00: ✅ performainvoices.terms_tax exists
2026-06-12T15:41:00: ✅ performainvoices.terms_project_period exists
2026-06-12T15:41:00: ✅ performainvoices.terms_validity exists
2026-06-12T15:41:00: ✅ performainvoices.terms_separate_orders exists
2026-06-12T15:41:00: ✅ performainvoices.terms_payment exists
2026-06-12T15:41:00: ✅ performainvoices.terms_payment_custom exists
2026-06-12T15:41:00: ✅ performainvoices.terms_warranty exists
2026-06-12T15:41:00: ✅ performainvoices.hsn_sac_code exists
2026-06-12T15:41:00: ✅ performainvoices.supplier_branch exists
2026-06-12T15:41:00: ✅ performainvoices.bank_details_id exists
2026-06-12T15:41:00: ✅ performainvoices.bank_company exists
2026-06-12T15:41:00: ✅ performainvoices.bank_name exists
2026-06-12T15:41:00: ✅ performainvoices.bank_account exists
2026-06-12T15:41:00: ✅ performainvoices.bank_ifsc exists
2026-06-12T15:41:00: ✅ performainvoices.bank_branch exists
2026-06-12T15:41:00: ✅ performainvoices.custom_terms exists
2026-06-12T15:41:00: ✅ services.reference_no exists
2026-06-12T15:41:00: ✅ services.from_address_id exists
2026-06-12T15:41:00: ✅ services.from_address_custom exists
2026-06-12T15:41:00: ✅ services.client_company exists
2026-06-12T15:41:00: ✅ services.client_address1 exists
2026-06-12T15:41:00: ✅ services.client_address2 exists
2026-06-12T15:41:00: ✅ services.client_city exists
2026-06-12T15:41:00: ✅ services.client_state exists
2026-06-12T15:41:00: ✅ services.client_pincode exists
2026-06-12T15:41:00: ✅ services.client_country exists
2026-06-12T15:41:00: ✅ services.tax_type exists
2026-06-12T15:41:00: ✅ services.custom_tax exists
2026-06-12T15:41:00: ✅ services.exec_name exists
2026-06-12T15:41:00: ✅ services.exec_phone exists
2026-06-12T15:41:00: ✅ services.exec_email exists
2026-06-12T15:41:00: ✅ services.terms_general exists
2026-06-12T15:41:00: ✅ services.terms_tax exists
2026-06-12T15:41:00: ✅ services.terms_project_period exists
2026-06-12T15:41:00: ✅ services.terms_validity exists
2026-06-12T15:41:00: ✅ services.terms_separate_orders exists
2026-06-12T15:41:00: ✅ services.terms_payment exists
2026-06-12T15:41:00: ✅ services.terms_payment_custom exists
2026-06-12T15:41:00: ✅ services.terms_warranty exists
2026-06-12T15:41:00: ✅ services.hsn_sac_code exists
2026-06-12T15:41:00: ✅ services.supplier_branch exists
2026-06-12T15:41:00: ✅ services.bank_details_id exists
2026-06-12T15:41:00: ✅ services.bank_company exists
2026-06-12T15:41:00: ✅ services.bank_name exists
2026-06-12T15:41:00: ✅ services.bank_account exists
2026-06-12T15:41:00: ✅ services.bank_ifsc exists
2026-06-12T15:41:00: ✅ services.bank_branch exists
2026-06-12T15:41:00: ✅ services.custom_terms exists
2026-06-12T15:41:00: ✅ estimatenew.client_company exists
2026-06-12T15:41:00: ✅ estimatenew.client_address exists
2026-06-12T15:41:00: ✅ estimatenew.client_city exists
2026-06-12T15:41:00: ✅ estimatenew.client_state exists
2026-06-12T15:41:00: ✅ estimatenew.client_gst exists
2026-06-12T15:41:00: ✅ estimatenew.client_phone exists
2026-06-12T15:41:00: ✅ estimatenew.subtotal exists
2026-06-12T15:41:00: ✅ estimatenew.total_tax exists
2026-06-12T15:41:00: ✅ estimatenew.total_discount exists
2026-06-12T15:41:00: ✅ estimatenew.grand_total exists
2026-06-12T15:41:00: ✅ estimateclient.subtotal exists
2026-06-12T15:41:00: ✅ estimateclient.total_tax exists
2026-06-12T15:41:00: ✅ estimateclient.total_discount exists
2026-06-12T15:41:00: ✅ estimateclient.grand_total exists
2026-06-12T15:41:00: ✅ quotation_items.uom exists
2026-06-12T15:41:00: ✅ quotation_items.hsn_sac exists
2026-06-12T15:41:00: ✅ quotation_items.brand_model exists
2026-06-12T15:41:00: ✅ customers.gst_number exists
2026-06-12T15:41:00: ✅ customers.created_by exists
2026-06-12T15:41:00: ✅ users.last_name exists
2026-06-12T15:41:00: ✅ user_email_configs.smtp_secure exists
2026-06-12T15:41:00: ✅ user_email_configs.from_email_address exists
2026-06-12T15:41:00: ✅ user_email_configs.sender_name exists
2026-06-12T15:41:00: ✅ user_email_configs.provider exists
2026-06-12T15:41:00: ✅ user_email_configs.is_enabled exists
2026-06-12T15:41:00: ✅ users.two_factor_enabled exists
2026-06-12T15:41:00: ✅ quotations.gst_mode exists
2026-06-12T15:41:00: ✅ quotations.status exists
2026-06-12T15:41:00: ✅ performainvoices.gst_mode exists
2026-06-12T15:41:00: ✅ performainvoices.status exists
2026-06-12T15:41:00: ✅ estimate_invoices.gst_mode exists
2026-06-12T15:41:00: ✅ estimate_invoices.status exists
2026-06-12T15:41:00: ✅ service_estimations.gst_mode exists
2026-06-12T15:41:00: ✅ service_estimations.status exists
2026-06-12T15:41:00: ✅ services.gst_mode exists
2026-06-12T15:41:00: ✅ estimatenew.gst_mode exists
2026-06-12T15:41:00: ✅ Create table pi_from_addresses
2026-06-12T15:41:00: ✅ Create table email_otp
2026-06-12T15:41:00: ✅ Create table payments
2026-06-12T15:41:00: ✅ Create table clientinvoices
2026-06-12T15:41:00: ✅ Create table messages
2026-06-12T15:41:00: ✅ Create table service_items
2026-06-12T15:41:00: ✅ Create table service_estimations
2026-06-12T15:41:00: ✅ Create table service_estimation_items
2026-06-12T15:41:00: ✅ Create table estimate_invoices
2026-06-12T15:41:00: ✅ Create table estimate_invoice_items
2026-06-12T15:41:00: ✅ Create table estimate_items
2026-06-12T15:41:00: ✅ Create table performainvoice_items
2026-06-12T15:41:00: ✅ Create table performainvoices
2026-06-12T15:41:00: ✅ Create table services
2026-06-12T15:41:00: ✅ Create table customers
2026-06-12T15:41:00: ✅ Create table quotations
2026-06-12T15:41:00: ✅ Create table quotation_items
2026-06-12T15:41:00: ✅ Create table lead_reminders
2026-06-12T15:41:00: ✅ Create table lead_activity
2026-06-12T15:41:00: ✅ Create table lead_escalations
2026-06-12T15:41:00: ✅ Create table admin_notifications
2026-06-12T15:41:00: ✅ Create table profile_change_requests
2026-06-12T15:41:00: ✅ Create table amc_alc_services
2026-06-12T15:41:00: ✅ Create table service_activity
2026-06-12T15:41:00: ✅ Create table task_targets
2026-06-12T15:41:00: ✅ Create table task_achievements
2026-06-12T15:41:00: ✅ Create table task_updates
2026-06-12T15:41:00: ✅ Create table call_reports
2026-06-12T15:41:00: ✅ Create table task_activity
2026-06-12T15:41:00: ✅ Create table notifications
2026-06-12T15:41:00: ✅ Create table task_assignments
2026-06-12T15:41:00: ✅ Create table clients
2026-06-12T15:41:00: ✅ Create table user_email_configs
2026-06-12T15:41:00: ✅ lead_reminders.reminder_time exists
2026-06-12T15:41:00: ✅ lead_reminders.missed_count exists
2026-06-12T15:41:00: ✅ lead_reminders.notification_sent exists
2026-06-12T15:41:00: ✅ lead_reminders.employee_id exists
2026-06-12T15:41:00: ✅ lead_escalations.missed_count exists
2026-06-12T15:41:00: ✅ users.status exists
2026-06-12T15:41:00: ✅ users.emp_id exists
2026-06-12T15:41:00: ✅ admin_notifications.related_id exists
2026-06-12T15:41:00: ✅ admin_notifications.related_type exists
2026-06-12T15:41:00: ✅ admin_notifications.created_by exists
2026-06-12T15:41:00: ✅ admin_notifications.priority exists
2026-06-12T15:41:00: ✅ admin_notifications.is_archived exists
2026-06-12T15:41:00: ✅ notifications.user_id exists
2026-06-12T15:41:00: ✅ notifications.type exists
2026-06-12T15:41:00: ✅ notifications.is_archived exists
2026-06-12T15:41:00: ✅ task_assignments.status exists
2026-06-12T15:41:00: ✅ teammember.mobile_number exists
2026-06-12T15:41:00: ✅ teammember.emp_id exists
2026-06-12T15:41:00: ✅ teammember.user_id exists
2026-06-12T15:41:00: ✅ teammember.emp_address exists
2026-06-12T15:41:00: ✅ telecalls.created_by exists
2026-06-12T15:41:00: ✅ telecalls.email exists
2026-06-12T15:41:00: ✅ walkins.assigned_to exists
2026-06-12T15:41:00: ✅ walkins.created_by exists
2026-06-12T15:41:00: ✅ walkins.email exists
2026-06-12T15:41:00: ✅ fields.assigned_to exists
2026-06-12T15:41:00: ✅ fields.created_by exists
2026-06-12T15:41:00: ✅ fields.email exists
2026-06-12T15:41:00: ✅ quotations.lead_id exists
2026-06-12T15:41:00: ✅ quotations.lead_type exists
2026-06-12T15:41:00: ✅ contracts.contract_type exists
2026-06-12T15:41:00: ✅ contracts.quotation_id exists
2026-06-12T15:41:00: ✅ contracts.mobile_number exists
2026-06-12T15:41:00: ✅ contracts.location_city exists
2026-06-12T15:41:00: ✅ amc_alc_services.labour_charges exists
2026-06-12T15:41:00: ✅ amc_alc_services.contract_title exists
2026-06-12T15:41:00: ✅ amc_alc_services.start_time exists
2026-06-12T15:41:00: ✅ amc_alc_services.end_time exists
2026-06-12T15:41:00: ✅ amc_alc_services.km exists
2026-06-12T15:41:00: ✅ amc_alc_services.technician exists
2026-06-12T15:41:00: ✅ amc_alc_services.sales_person exists
2026-06-12T15:41:00: ✅ amc_alc_services.remarks exists
2026-06-12T15:41:00: ✅ amc_alc_services.email exists
2026-06-12T15:41:00: ✅ amc_alc_services.next_service_date exists
2026-06-12T15:41:00: ✅ amc_alc_services.service_type exists
2026-06-12T15:41:00: ✅ task_targets.user_id exists
2026-06-12T15:41:00: ✅ task_targets.created_by_admin exists
2026-06-12T15:41:00: ✅ task_achievements.achieved_amount exists
2026-06-12T15:41:00: ✅ task_updates.amount exists
2026-06-12T15:41:00: ✅ call_reports.start_time exists
2026-06-12T15:41:00: ✅ call_reports.end_time exists
2026-06-12T15:41:00: ✅ call_reports.km exists
2026-06-12T15:41:00: ✅ call_reports.remarks exists
2026-06-12T15:41:00: ✅ call_reports.technician exists
2026-06-12T15:41:00: ✅ call_reports.sales_person exists
2026-06-12T15:41:00: ✅ tasks.assigned_teammember_id exists
2026-06-12T15:41:00: ✅ task_targets.teammember_id exists
2026-06-12T15:41:00: ✅ quotations.reference_no exists
2026-06-12T15:41:00: ✅ task_targets.carry_forward exists
2026-06-12T15:41:00: ✅ task_targets.effective_target exists
2026-06-12T15:41:00: ✅ task_targets.user_id exists
2026-06-12T15:41:00: ✅ task_targets.created_by_admin exists
2026-06-12T15:41:00: ✅ task_achievements.achieved_amount exists
2026-06-12T15:41:00: ✅ clients.created_by exists
2026-06-12T15:41:00: ✅ tasks.created_by exists
2026-06-12T15:41:00: ✅ tasks.task_description exists
2026-06-12T15:41:00: ✅ tasks.assigned_to exists
2026-06-12T15:41:00: ✅ quotations.created_by exists
2026-06-12T15:41:00: ✅ contracts.created_by exists
2026-06-12T15:41:00: ✅ contracts.client_company exists
2026-06-12T15:41:00: ✅ contracts.amount_value exists
2026-06-12T15:41:00: ✅ contracts.remaining exists
2026-06-12T15:41:00: ✅ contracts.email exists
2026-06-12T15:41:00: ✅ clientinvoices.created_by exists
2026-06-12T15:41:00: ✅ performainvoices.created_by exists
2026-06-12T15:41:00: ✅ services.created_by exists
2026-06-12T15:41:00: ✅ call_reports.created_by exists
2026-06-12T15:41:00: ✅ lead_activity.employee_id exists
2026-06-12T15:41:00: ✅ lead_escalations.missed_threshold_reached exists
2026-06-12T15:41:00: ✅ lead_escalations.employee_id exists
2026-06-12T15:41:00: ✅ performainvoices.is_latest exists
2026-06-12T15:41:00: ✅ performainvoices.version exists
2026-06-12T15:41:00: ✅ performainvoices.parent_id exists
2026-06-12T15:41:00: ✅ performa_invoice_items.uom exists
2026-06-12T15:41:00: ✅ performainvoice_items.uom exists
2026-06-12T15:41:00: ✅ task_assignments.response_notes exists
2026-06-12T15:41:00: ✅ call_reports.amount_collected exists
2026-06-12T15:41:00: ✅ call_reports.payment_mode exists
2026-06-12T15:41:00: ✅ call_reports.duration_limit exists
2026-06-12T15:41:00: ✅ call_reports.actual_duration exists
2026-06-12T15:41:00: ✅ call_reports.is_exceeded exists
2026-06-12T15:41:00: ✅ call_reports.assigned_time exists
2026-06-12T15:41:00: ✅ call_reports.call_id exists
2026-06-12T15:41:00: ✅ call_reports.session_id exists
2026-06-12T15:41:00: ✅ call_reports.client_name exists
2026-06-12T15:41:00: ✅ call_reports.staff_name exists
2026-06-12T15:41:00: ✅ call_reports.executive_name exists
2026-06-12T15:41:00: ✅ call_reports.phone exists
2026-06-12T15:41:00: ✅ call_reports.location exists
2026-06-12T15:41:00: ✅ call_reports.call_sequence exists
2026-06-12T15:41:00: ✅ call_reports.report_date exists
2026-06-12T15:41:00: ✅ call_reports.complaint exists
2026-06-12T15:41:00: ✅ call_reports.priority exists
2026-06-12T15:41:00: ✅ call_reports.call_type exists
2026-06-12T15:41:00: ✅ call_reports.payment_type exists
2026-06-12T15:41:00: ✅ call_reports.invoice_value exists
2026-06-12T15:41:00: ✅ call_reports.payment_status exists
2026-06-12T15:41:00: ✅ call_reports.petrol_charges exists
2026-06-12T15:41:00: ✅ call_reports.spare_parts_price exists
2026-06-12T15:41:00: ✅ call_reports.labour_charges exists
2026-06-12T15:41:00: ✅ call_reports.total_expenses exists
2026-06-12T15:41:00: ✅ call_reports.customer_name exists
2026-06-12T15:41:00: ✅ call_reports.mobile_number exists
2026-06-12T15:41:00: ✅ call_reports.location_city exists
2026-06-12T15:41:00: ✅ call_reports.contract_title exists
2026-06-12T15:41:00: ✅ call_reports.service_type exists
2026-06-12T15:41:00: ✅ call_reports.description exists
2026-06-12T15:41:00: ✅ call_reports.service_person exists
2026-06-12T15:41:00: ✅ call_reports.contract_id exists
2026-06-12T15:41:00: ✅ call_reports.call_referrer exists
2026-06-12T15:41:00: ✅ call_reports.step2_completed exists
2026-06-12T15:41:00: ✅ call_reports.email exists
2026-06-12T15:41:00: ✅ call_reports.status exists
2026-06-12T15:41:00: ✅ call_reports.gst_number exists
2026-06-12T15:41:00: ✅ call_reports.company_name exists
2026-06-12T15:41:00: ✅ call_reports.completed_at exists
2026-06-12T15:41:00: ✅ call_reports.carry_forward_date exists
2026-06-12T15:41:00: ✅ amc_alc_services.amount_collected exists
2026-06-12T15:41:00: ✅ amc_alc_services.payment_mode exists
2026-06-12T15:41:00: ✅ amc_alc_services.call_number exists
2026-06-12T15:41:00: ✅ amc_alc_services.breakpoints exists
2026-06-12T15:41:00: ✅ amc_alc_services.duration_limit exists
2026-06-12T15:41:00: ✅ clients.gst_number exists
2026-06-12T15:41:00: ✅ clients.company_name exists
2026-06-12T15:41:00: ✅ clients.service exists
2026-06-12T15:41:00: ✅ clients.alternate_phone exists
2026-06-12T15:41:00: ✅ clients.city exists
2026-06-12T15:41:00: ✅ clients.state exists
2026-06-12T15:41:00: ✅ clients.pincode exists
2026-06-12T15:41:00: ✅ clients.notes exists
2026-06-12T15:41:00: ✅ clients.client_status exists
2026-06-12T15:41:00: ✅ clients.original_lead_id exists
2026-06-12T15:41:00: ✅ clients.original_lead_type exists
2026-06-12T15:41:00: ✅ clients.converted_at exists
2026-06-12T15:41:00: ✅ clients.lead_email exists
2026-06-12T15:41:00: ✅ clients.lead_city exists
2026-06-12T15:41:00: ✅ clients.lead_reference exists
2026-06-12T15:41:00: ✅ clients.lead_purpose exists
2026-06-12T15:41:00: ✅ clients.client_status exists
2026-06-12T15:41:00: ✅ clients.lead_staff_name exists
2026-06-12T15:41:00: ✅ clients.lead_id_display exists
2026-06-12T15:41:00: ✅ clients.assigned_teammember_id exists
2026-06-12T15:41:00: ✅ clients.state exists
2026-06-12T15:41:00: ✅ clients.pincode exists
2026-06-12T15:41:00: ✅ users.emp_id exists
2026-06-12T15:41:00: ✅ quotations.reference_no exists
2026-06-12T15:41:00: ✅ quotations.from_address_id exists
2026-06-12T15:41:00: ✅ quotations.from_address_custom exists
2026-06-12T15:41:00: ✅ quotations.client_company exists
2026-06-12T15:41:00: ✅ quotations.client_address1 exists
2026-06-12T15:41:00: ✅ quotations.client_address2 exists
2026-06-12T15:41:00: ✅ quotations.client_city exists
2026-06-12T15:41:00: ✅ quotations.client_state exists
2026-06-12T15:41:00: ✅ quotations.client_pincode exists
2026-06-12T15:41:00: ✅ quotations.client_country exists
2026-06-12T15:41:00: ✅ quotations.tax_type exists
2026-06-12T15:41:00: ✅ quotations.custom_tax exists
2026-06-12T15:41:00: ✅ quotations.exec_name exists
2026-06-12T15:41:00: ✅ quotations.exec_phone exists
2026-06-12T15:41:00: ✅ quotations.exec_email exists
2026-06-12T15:41:00: ✅ quotations.terms_general exists
2026-06-12T15:41:00: ✅ quotations.terms_tax exists
2026-06-12T15:41:00: ✅ quotations.terms_project_period exists
2026-06-12T15:41:00: ✅ quotations.terms_validity exists
2026-06-12T15:41:00: ✅ quotations.terms_separate_orders exists
2026-06-12T15:41:00: ✅ quotations.terms_payment exists
2026-06-12T15:41:00: ✅ quotations.terms_payment_custom exists
2026-06-12T15:41:00: ✅ quotations.terms_warranty exists
2026-06-12T15:41:00: ✅ quotations.hsn_sac_code exists
2026-06-12T15:41:00: ✅ quotations.supplier_branch exists
2026-06-12T15:41:00: ✅ quotations.bank_details_id exists
2026-06-12T15:41:00: ✅ quotations.bank_company exists
2026-06-12T15:41:00: ✅ quotations.bank_name exists
2026-06-12T15:41:00: ✅ quotations.bank_account exists
2026-06-12T15:41:00: ✅ quotations.bank_ifsc exists
2026-06-12T15:41:00: ✅ quotations.bank_branch exists
2026-06-12T15:41:00: ✅ quotations.custom_terms exists
2026-06-12T15:41:00: ✅ quotations.is_latest exists
2026-06-12T15:41:00: ✅ quotations.parent_id exists
2026-06-12T15:41:00: ✅ quotations.version exists
2026-06-12T15:41:00: ✅ performainvoices.reference_no exists
2026-06-12T15:41:00: ✅ performainvoices.from_address_id exists
2026-06-12T15:41:00: ✅ performainvoices.from_address_custom exists
2026-06-12T15:41:00: ✅ performainvoices.client_company exists
2026-06-12T15:41:00: ✅ performainvoices.client_address1 exists
2026-06-12T15:41:00: ✅ performainvoices.client_address2 exists
2026-06-12T15:41:00: ✅ performainvoices.client_city exists
2026-06-12T15:41:00: ✅ performainvoices.client_state exists
2026-06-12T15:41:00: ✅ performainvoices.client_pincode exists
2026-06-12T15:41:00: ✅ performainvoices.client_country exists
2026-06-12T15:41:00: ✅ performainvoices.tax_type exists
2026-06-12T15:41:00: ✅ performainvoices.custom_tax exists
2026-06-12T15:41:00: ✅ performainvoices.exec_name exists
2026-06-12T15:41:00: ✅ performainvoices.exec_phone exists
2026-06-12T15:41:00: ✅ performainvoices.exec_email exists
2026-06-12T15:41:00: ✅ performainvoices.terms_general exists
2026-06-12T15:41:00: ✅ performainvoices.terms_tax exists
2026-06-12T15:41:00: ✅ performainvoices.terms_project_period exists
2026-06-12T15:41:00: ✅ performainvoices.terms_validity exists
2026-06-12T15:41:00: ✅ performainvoices.terms_separate_orders exists
2026-06-12T15:41:00: ✅ performainvoices.terms_payment exists
2026-06-12T15:41:00: ✅ performainvoices.terms_payment_custom exists
2026-06-12T15:41:00: ✅ performainvoices.terms_warranty exists
2026-06-12T15:41:00: ✅ performainvoices.hsn_sac_code exists
2026-06-12T15:41:00: ✅ performainvoices.supplier_branch exists
2026-06-12T15:41:00: ✅ performainvoices.bank_details_id exists
2026-06-12T15:41:00: ✅ performainvoices.bank_company exists
2026-06-12T15:41:00: ✅ performainvoices.bank_name exists
2026-06-12T15:41:00: ✅ performainvoices.bank_account exists
2026-06-12T15:41:01: ✅ performainvoices.bank_ifsc exists
2026-06-12T15:41:01: ✅ performainvoices.bank_branch exists
2026-06-12T15:41:01: ✅ performainvoices.custom_terms exists
2026-06-12T15:41:01: ✅ services.reference_no exists
2026-06-12T15:41:01: ✅ services.from_address_id exists
2026-06-12T15:41:01: ✅ services.from_address_custom exists
2026-06-12T15:41:01: ✅ services.client_company exists
2026-06-12T15:41:01: ✅ services.client_address1 exists
2026-06-12T15:41:01: ✅ services.client_address2 exists
2026-06-12T15:41:01: ✅ services.client_city exists
2026-06-12T15:41:01: ✅ services.client_state exists
2026-06-12T15:41:01: ✅ services.client_pincode exists
2026-06-12T15:41:01: ✅ services.client_country exists
2026-06-12T15:41:01: ✅ services.tax_type exists
2026-06-12T15:41:01: ✅ services.custom_tax exists
2026-06-12T15:41:01: ✅ services.exec_name exists
2026-06-12T15:41:01: ✅ services.exec_phone exists
2026-06-12T15:41:01: ✅ services.exec_email exists
2026-06-12T15:41:01: ✅ services.terms_general exists
2026-06-12T15:41:01: ✅ services.terms_tax exists
2026-06-12T15:41:01: ✅ services.terms_project_period exists
2026-06-12T15:41:01: ✅ services.terms_validity exists
2026-06-12T15:41:01: ✅ services.terms_separate_orders exists
2026-06-12T15:41:01: ✅ services.terms_payment exists
2026-06-12T15:41:01: ✅ services.terms_payment_custom exists
2026-06-12T15:41:01: ✅ services.terms_warranty exists
2026-06-12T15:41:01: ✅ services.hsn_sac_code exists
2026-06-12T15:41:01: ✅ services.supplier_branch exists
2026-06-12T15:41:01: ✅ services.bank_details_id exists
2026-06-12T15:41:01: ✅ services.bank_company exists
2026-06-12T15:41:01: ✅ services.bank_name exists
2026-06-12T15:41:01: ✅ services.bank_account exists
2026-06-12T15:41:01: ✅ services.bank_ifsc exists
2026-06-12T15:41:01: ✅ services.bank_branch exists
2026-06-12T15:41:01: ✅ services.custom_terms exists
2026-06-12T15:41:01: ✅ estimatenew.client_company exists
2026-06-12T15:41:01: ✅ estimatenew.client_address exists
2026-06-12T15:41:01: ✅ estimatenew.client_city exists
2026-06-12T15:41:01: ✅ estimatenew.client_state exists
2026-06-12T15:41:01: ✅ estimatenew.client_gst exists
2026-06-12T15:41:01: ✅ estimatenew.client_phone exists
2026-06-12T15:41:01: ✅ estimatenew.subtotal exists
2026-06-12T15:41:01: ✅ estimatenew.total_tax exists
2026-06-12T15:41:01: ✅ estimatenew.total_discount exists
2026-06-12T15:41:01: ✅ estimatenew.grand_total exists
2026-06-12T15:41:01: ✅ estimateclient.subtotal exists
2026-06-12T15:41:01: ✅ estimateclient.total_tax exists
2026-06-12T15:41:01: ✅ estimateclient.total_discount exists
2026-06-12T15:41:01: ✅ estimateclient.grand_total exists
2026-06-12T15:41:01: ✅ quotation_items.uom exists
2026-06-12T15:41:01: ✅ quotation_items.hsn_sac exists
2026-06-12T15:41:01: ✅ quotation_items.brand_model exists
2026-06-12T15:41:01: ✅ customers.gst_number exists
2026-06-12T15:41:01: ✅ customers.created_by exists
2026-06-12T15:41:01: ✅ users.last_name exists
2026-06-12T15:41:01: ✅ user_email_configs.smtp_secure exists
2026-06-12T15:41:01: ✅ user_email_configs.from_email_address exists
2026-06-12T15:41:01: ✅ user_email_configs.sender_name exists
2026-06-12T15:41:01: ✅ user_email_configs.provider exists
2026-06-12T15:41:01: ✅ user_email_configs.is_enabled exists
2026-06-12T15:41:01: ✅ users.two_factor_enabled exists
2026-06-12T15:41:01: ✅ quotations.gst_mode exists
2026-06-12T15:41:01: ✅ quotations.status exists
2026-06-12T15:41:01: ✅ performainvoices.gst_mode exists
2026-06-12T15:41:01: ✅ performainvoices.status exists
2026-06-12T15:41:01: ✅ estimate_invoices.gst_mode exists
2026-06-12T15:41:01: ✅ estimate_invoices.status exists
2026-06-12T15:41:01: ✅ service_estimations.gst_mode exists
2026-06-12T15:41:01: ✅ service_estimations.status exists
2026-06-12T15:41:01: ✅ services.gst_mode exists
2026-06-12T15:41:01: ✅ estimatenew.gst_mode exists
2026-06-12T15:41:01: Users role column updated
2026-06-12T15:41:01: Teammember emp_role updated
2026-06-12T15:41:01: Default employees seeded successfully.
2026-06-12T15:41:01: [Scheduler] Reminder escalation scheduler started (every 15 min)
2026-06-12T15:41:01: [Scheduler] End-of-day task scheduler started (daily at 6 PM)
2026-06-12T15:41:05: ◇ injected env (14) from .env // tip: ⌘ override existing { override: true }
2026-06-12T15:41:05: ◇ injected env (0) from .env // tip: ◈ encrypted .env [www.dotenvx.com]
2026-06-12T15:41:05: MySQL Connected (127.0.0.1:3306)
2026-06-12T15:41:05: Using database achme
2026-06-12T15:41:06: Database initialized successfully
2026-06-12T15:41:06: ✅ lead_reminders.reminder_time exists
2026-06-12T15:41:06: ✅ lead_reminders.missed_count exists
2026-06-12T15:41:06: ✅ lead_reminders.notification_sent exists
2026-06-12T15:41:06: ✅ lead_reminders.employee_id exists
2026-06-12T15:41:06: ✅ lead_escalations.missed_count exists
2026-06-12T15:41:06: ✅ users.status exists
2026-06-12T15:41:06: ✅ users.emp_id exists
2026-06-12T15:41:06: ✅ admin_notifications.related_id exists
2026-06-12T15:41:06: ✅ admin_notifications.related_type exists
2026-06-12T15:41:06: ✅ admin_notifications.created_by exists
2026-06-12T15:41:06: ✅ admin_notifications.priority exists
2026-06-12T15:41:06: ✅ admin_notifications.is_archived exists
2026-06-12T15:41:06: ✅ notifications.user_id exists
2026-06-12T15:41:06: ✅ notifications.type exists
2026-06-12T15:41:06: ✅ notifications.is_archived exists
2026-06-12T15:41:06: ✅ task_assignments.status exists
2026-06-12T15:41:06: ✅ teammember.mobile_number exists
2026-06-12T15:41:06: ✅ teammember.emp_id exists
2026-06-12T15:41:06: ✅ teammember.user_id exists
2026-06-12T15:41:06: ✅ teammember.emp_address exists
2026-06-12T15:41:06: ✅ telecalls.created_by exists
2026-06-12T15:41:06: ✅ telecalls.email exists
2026-06-12T15:41:06: ✅ walkins.assigned_to exists
2026-06-12T15:41:06: ✅ walkins.created_by exists
2026-06-12T15:41:06: ✅ walkins.email exists
2026-06-12T15:41:06: ✅ fields.assigned_to exists
2026-06-12T15:41:06: ✅ fields.created_by exists
2026-06-12T15:41:06: ✅ fields.email exists
2026-06-12T15:41:06: ✅ quotations.lead_id exists
2026-06-12T15:41:06: ✅ quotations.lead_type exists
2026-06-12T15:41:06: ✅ contracts.contract_type exists
2026-06-12T15:41:06: ✅ contracts.quotation_id exists
2026-06-12T15:41:06: ✅ contracts.mobile_number exists
2026-06-12T15:41:06: ✅ contracts.location_city exists
2026-06-12T15:41:06: ✅ amc_alc_services.labour_charges exists
2026-06-12T15:41:06: ✅ amc_alc_services.contract_title exists
2026-06-12T15:41:06: ✅ amc_alc_services.start_time exists
2026-06-12T15:41:06: ✅ amc_alc_services.end_time exists
2026-06-12T15:41:06: ✅ amc_alc_services.km exists
2026-06-12T15:41:06: ✅ amc_alc_services.technician exists
2026-06-12T15:41:06: ✅ amc_alc_services.sales_person exists
2026-06-12T15:41:06: ✅ amc_alc_services.remarks exists
2026-06-12T15:41:06: ✅ amc_alc_services.email exists
2026-06-12T15:41:06: ✅ amc_alc_services.next_service_date exists
2026-06-12T15:41:06: ✅ amc_alc_services.service_type exists
2026-06-12T15:41:06: ✅ task_targets.user_id exists
2026-06-12T15:41:06: ✅ task_targets.created_by_admin exists
2026-06-12T15:41:06: ✅ task_achievements.achieved_amount exists
2026-06-12T15:41:06: ✅ task_updates.amount exists
2026-06-12T15:41:06: ✅ call_reports.start_time exists
2026-06-12T15:41:06: ✅ call_reports.end_time exists
2026-06-12T15:41:06: ✅ call_reports.km exists
2026-06-12T15:41:06: ✅ call_reports.remarks exists
2026-06-12T15:41:06: ✅ call_reports.technician exists
2026-06-12T15:41:06: ✅ call_reports.sales_person exists
2026-06-12T15:41:06: ✅ tasks.assigned_teammember_id exists
2026-06-12T15:41:06: ✅ task_targets.teammember_id exists
2026-06-12T15:41:06: ✅ quotations.reference_no exists
2026-06-12T15:41:06: ✅ task_targets.carry_forward exists
2026-06-12T15:41:06: ✅ task_targets.effective_target exists
2026-06-12T15:41:06: ✅ task_targets.user_id exists
2026-06-12T15:41:06: ✅ task_targets.created_by_admin exists
2026-06-12T15:41:06: ✅ task_achievements.achieved_amount exists
2026-06-12T15:41:06: ✅ clients.created_by exists
2026-06-12T15:41:06: ✅ tasks.created_by exists
2026-06-12T15:41:06: ✅ tasks.task_description exists
2026-06-12T15:41:06: ✅ tasks.assigned_to exists
2026-06-12T15:41:06: ✅ quotations.created_by exists
2026-06-12T15:41:06: ✅ contracts.created_by exists
2026-06-12T15:41:06: ✅ contracts.client_company exists
2026-06-12T15:41:06: ✅ contracts.amount_value exists
2026-06-12T15:41:06: ✅ contracts.remaining exists
2026-06-12T15:41:06: ✅ contracts.email exists
2026-06-12T15:41:06: ✅ clientinvoices.created_by exists
2026-06-12T15:41:06: ✅ performainvoices.created_by exists
2026-06-12T15:41:06: ✅ services.created_by exists
2026-06-12T15:41:06: ✅ call_reports.created_by exists
2026-06-12T15:41:06: ✅ lead_activity.employee_id exists
2026-06-12T15:41:06: ✅ lead_escalations.missed_threshold_reached exists
2026-06-12T15:41:06: ✅ lead_escalations.employee_id exists
2026-06-12T15:41:06: ✅ performainvoices.is_latest exists
2026-06-12T15:41:06: ✅ performainvoices.version exists
2026-06-12T15:41:06: ✅ performainvoices.parent_id exists
2026-06-12T15:41:06: ✅ performa_invoice_items.uom exists
2026-06-12T15:41:06: ✅ performainvoice_items.uom exists
2026-06-12T15:41:06: ✅ task_assignments.response_notes exists
2026-06-12T15:41:06: ✅ call_reports.amount_collected exists
2026-06-12T15:41:06: ✅ call_reports.payment_mode exists
2026-06-12T15:41:06: ✅ call_reports.duration_limit exists
2026-06-12T15:41:06: ✅ call_reports.actual_duration exists
2026-06-12T15:41:06: ✅ call_reports.is_exceeded exists
2026-06-12T15:41:06: ✅ call_reports.assigned_time exists
2026-06-12T15:41:06: ✅ call_reports.call_id exists
2026-06-12T15:41:06: ✅ call_reports.session_id exists
2026-06-12T15:41:06: ✅ call_reports.client_name exists
2026-06-12T15:41:06: ✅ call_reports.staff_name exists
2026-06-12T15:41:06: ✅ call_reports.executive_name exists
2026-06-12T15:41:06: ✅ call_reports.phone exists
2026-06-12T15:41:06: ✅ call_reports.location exists
2026-06-12T15:41:06: ✅ call_reports.call_sequence exists
2026-06-12T15:41:06: ✅ call_reports.report_date exists
2026-06-12T15:41:06: ✅ call_reports.complaint exists
2026-06-12T15:41:06: ✅ call_reports.priority exists
2026-06-12T15:41:06: ✅ call_reports.call_type exists
2026-06-12T15:41:06: ✅ call_reports.payment_type exists
2026-06-12T15:41:06: ✅ call_reports.invoice_value exists
2026-06-12T15:41:06: ✅ call_reports.payment_status exists
2026-06-12T15:41:06: ✅ call_reports.petrol_charges exists
2026-06-12T15:41:06: ✅ call_reports.spare_parts_price exists
2026-06-12T15:41:06: ✅ call_reports.labour_charges exists
2026-06-12T15:41:06: ✅ call_reports.total_expenses exists
2026-06-12T15:41:06: ✅ call_reports.customer_name exists
2026-06-12T15:41:06: ✅ call_reports.mobile_number exists
2026-06-12T15:41:06: ✅ call_reports.location_city exists
2026-06-12T15:41:06: ✅ call_reports.contract_title exists
2026-06-12T15:41:06: ✅ call_reports.service_type exists
2026-06-12T15:41:06: ✅ call_reports.description exists
2026-06-12T15:41:06: ✅ call_reports.service_person exists
2026-06-12T15:41:06: ✅ call_reports.contract_id exists
2026-06-12T15:41:06: ✅ call_reports.call_referrer exists
2026-06-12T15:41:06: ✅ call_reports.step2_completed exists
2026-06-12T15:41:06: ✅ call_reports.email exists
2026-06-12T15:41:06: ✅ call_reports.status exists
2026-06-12T15:41:06: ✅ call_reports.gst_number exists
2026-06-12T15:41:06: ✅ call_reports.company_name exists
2026-06-12T15:41:06: ✅ call_reports.completed_at exists
2026-06-12T15:41:06: ✅ call_reports.carry_forward_date exists
2026-06-12T15:41:06: ✅ amc_alc_services.amount_collected exists
2026-06-12T15:41:06: ✅ amc_alc_services.payment_mode exists
2026-06-12T15:41:06: ✅ amc_alc_services.call_number exists
2026-06-12T15:41:06: ✅ amc_alc_services.breakpoints exists
2026-06-12T15:41:06: ✅ amc_alc_services.duration_limit exists
2026-06-12T15:41:06: ✅ clients.gst_number exists
2026-06-12T15:41:06: ✅ clients.company_name exists
2026-06-12T15:41:06: ✅ clients.service exists
2026-06-12T15:41:06: ✅ clients.alternate_phone exists
2026-06-12T15:41:06: ✅ clients.city exists
2026-06-12T15:41:06: ✅ clients.state exists
2026-06-12T15:41:06: ✅ clients.pincode exists
2026-06-12T15:41:06: ✅ clients.notes exists
2026-06-12T15:41:06: ✅ clients.client_status exists
2026-06-12T15:41:06: ✅ clients.original_lead_id exists
2026-06-12T15:41:06: ✅ clients.original_lead_type exists
2026-06-12T15:41:06: ✅ clients.converted_at exists
2026-06-12T15:41:06: ✅ clients.lead_email exists
2026-06-12T15:41:06: ✅ clients.lead_city exists
2026-06-12T15:41:06: ✅ clients.lead_reference exists
2026-06-12T15:41:06: ✅ clients.lead_purpose exists
2026-06-12T15:41:06: ✅ clients.client_status exists
2026-06-12T15:41:06: ✅ clients.lead_staff_name exists
2026-06-12T15:41:06: ✅ clients.lead_id_display exists
2026-06-12T15:41:06: ✅ clients.assigned_teammember_id exists
2026-06-12T15:41:06: ✅ clients.state exists
2026-06-12T15:41:06: ✅ clients.pincode exists
2026-06-12T15:41:06: ✅ users.emp_id exists
2026-06-12T15:41:06: ✅ quotations.reference_no exists
2026-06-12T15:41:06: ✅ quotations.from_address_id exists
2026-06-12T15:41:06: ✅ quotations.from_address_custom exists
2026-06-12T15:41:06: ✅ quotations.client_company exists
2026-06-12T15:41:06: ✅ quotations.client_address1 exists
2026-06-12T15:41:06: ✅ quotations.client_address2 exists
2026-06-12T15:41:06: ✅ quotations.client_city exists
2026-06-12T15:41:06: ✅ quotations.client_state exists
2026-06-12T15:41:06: ✅ quotations.client_pincode exists
2026-06-12T15:41:06: ✅ quotations.client_country exists
2026-06-12T15:41:06: ✅ quotations.tax_type exists
2026-06-12T15:41:06: ✅ quotations.custom_tax exists
2026-06-12T15:41:06: ✅ quotations.exec_name exists
2026-06-12T15:41:06: ✅ quotations.exec_phone exists
2026-06-12T15:41:06: ✅ quotations.exec_email exists
2026-06-12T15:41:06: ✅ quotations.terms_general exists
2026-06-12T15:41:06: ✅ quotations.terms_tax exists
2026-06-12T15:41:06: ✅ quotations.terms_project_period exists
2026-06-12T15:41:06: ✅ quotations.terms_validity exists
2026-06-12T15:41:06: ✅ quotations.terms_separate_orders exists
2026-06-12T15:41:06: ✅ quotations.terms_payment exists
2026-06-12T15:41:06: ✅ quotations.terms_payment_custom exists
2026-06-12T15:41:06: ✅ quotations.terms_warranty exists
2026-06-12T15:41:06: ✅ quotations.hsn_sac_code exists
2026-06-12T15:41:06: ✅ quotations.supplier_branch exists
2026-06-12T15:41:06: ✅ quotations.bank_details_id exists
2026-06-12T15:41:06: ✅ quotations.bank_company exists
2026-06-12T15:41:06: ✅ quotations.bank_name exists
2026-06-12T15:41:06: ✅ quotations.bank_account exists
2026-06-12T15:41:06: ✅ quotations.bank_ifsc exists
2026-06-12T15:41:06: ✅ quotations.bank_branch exists
2026-06-12T15:41:06: ✅ quotations.custom_terms exists
2026-06-12T15:41:06: ✅ quotations.is_latest exists
2026-06-12T15:41:06: ✅ quotations.parent_id exists
2026-06-12T15:41:06: ✅ quotations.version exists
2026-06-12T15:41:06: ✅ performainvoices.reference_no exists
2026-06-12T15:41:06: ✅ performainvoices.from_address_id exists
2026-06-12T15:41:06: ✅ performainvoices.from_address_custom exists
2026-06-12T15:41:06: ✅ performainvoices.client_company exists
2026-06-12T15:41:06: ✅ performainvoices.client_address1 exists
2026-06-12T15:41:06: ✅ performainvoices.client_address2 exists
2026-06-12T15:41:06: ✅ performainvoices.client_city exists
2026-06-12T15:41:06: ✅ performainvoices.client_state exists
2026-06-12T15:41:06: ✅ performainvoices.client_pincode exists
2026-06-12T15:41:06: ✅ performainvoices.client_country exists
2026-06-12T15:41:06: ✅ performainvoices.tax_type exists
2026-06-12T15:41:06: ✅ performainvoices.custom_tax exists
2026-06-12T15:41:06: ✅ performainvoices.exec_name exists
2026-06-12T15:41:06: ✅ performainvoices.exec_phone exists
2026-06-12T15:41:06: ✅ performainvoices.exec_email exists
2026-06-12T15:41:06: ✅ performainvoices.terms_general exists
2026-06-12T15:41:06: ✅ performainvoices.terms_tax exists
2026-06-12T15:41:06: ✅ performainvoices.terms_project_period exists
2026-06-12T15:41:06: ✅ performainvoices.terms_validity exists
2026-06-12T15:41:06: ✅ performainvoices.terms_separate_orders exists
2026-06-12T15:41:06: ✅ performainvoices.terms_payment exists
2026-06-12T15:41:06: ✅ performainvoices.terms_payment_custom exists
2026-06-12T15:41:06: ✅ performainvoices.terms_warranty exists
2026-06-12T15:41:06: ✅ performainvoices.hsn_sac_code exists
2026-06-12T15:41:06: ✅ performainvoices.supplier_branch exists
2026-06-12T15:41:06: ✅ performainvoices.bank_details_id exists
2026-06-12T15:41:06: ✅ performainvoices.bank_company exists
2026-06-12T15:41:06: ✅ performainvoices.bank_name exists
2026-06-12T15:41:06: ✅ performainvoices.bank_account exists
2026-06-12T15:41:06: ✅ performainvoices.bank_ifsc exists
2026-06-12T15:41:06: ✅ performainvoices.bank_branch exists
2026-06-12T15:41:06: ✅ performainvoices.custom_terms exists
2026-06-12T15:41:06: ✅ services.reference_no exists
2026-06-12T15:41:06: ✅ services.from_address_id exists
2026-06-12T15:41:06: ✅ services.from_address_custom exists
2026-06-12T15:41:06: ✅ services.client_company exists
2026-06-12T15:41:06: ✅ services.client_address1 exists
2026-06-12T15:41:06: ✅ services.client_address2 exists
2026-06-12T15:41:06: ✅ services.client_city exists
2026-06-12T15:41:06: ✅ services.client_state exists
2026-06-12T15:41:06: ✅ services.client_pincode exists
2026-06-12T15:41:06: ✅ services.client_country exists
2026-06-12T15:41:06: ✅ services.tax_type exists
2026-06-12T15:41:06: ✅ services.custom_tax exists
2026-06-12T15:41:06: ✅ services.exec_name exists
2026-06-12T15:41:06: ✅ services.exec_phone exists
2026-06-12T15:41:06: ✅ services.exec_email exists
2026-06-12T15:41:06: ✅ services.terms_general exists
2026-06-12T15:41:06: ✅ services.terms_tax exists
2026-06-12T15:41:06: ✅ services.terms_project_period exists
2026-06-12T15:41:06: ✅ services.terms_validity exists
2026-06-12T15:41:06: ✅ services.terms_separate_orders exists
2026-06-12T15:41:06: ✅ services.terms_payment exists
2026-06-12T15:41:06: ✅ services.terms_payment_custom exists
2026-06-12T15:41:06: ✅ services.terms_warranty exists
2026-06-12T15:41:06: ✅ services.hsn_sac_code exists
2026-06-12T15:41:06: ✅ services.supplier_branch exists
2026-06-12T15:41:06: ✅ services.bank_details_id exists
2026-06-12T15:41:06: ✅ services.bank_company exists
2026-06-12T15:41:06: ✅ services.bank_name exists
2026-06-12T15:41:06: ✅ services.bank_account exists
2026-06-12T15:41:06: ✅ services.bank_ifsc exists
2026-06-12T15:41:06: ✅ services.bank_branch exists
2026-06-12T15:41:06: ✅ services.custom_terms exists
2026-06-12T15:41:06: ✅ estimatenew.client_company exists
2026-06-12T15:41:06: ✅ estimatenew.client_address exists
2026-06-12T15:41:06: ✅ estimatenew.client_city exists
2026-06-12T15:41:06: ✅ estimatenew.client_state exists
2026-06-12T15:41:06: ✅ estimatenew.client_gst exists
2026-06-12T15:41:06: ✅ estimatenew.client_phone exists
2026-06-12T15:41:06: ✅ estimatenew.subtotal exists
2026-06-12T15:41:06: ✅ estimatenew.total_tax exists
2026-06-12T15:41:06: ✅ estimatenew.total_discount exists
2026-06-12T15:41:06: ✅ estimatenew.grand_total exists
2026-06-12T15:41:06: ✅ estimateclient.subtotal exists
2026-06-12T15:41:06: ✅ estimateclient.total_tax exists
2026-06-12T15:41:06: ✅ estimateclient.total_discount exists
2026-06-12T15:41:06: ✅ estimateclient.grand_total exists
2026-06-12T15:41:06: ✅ quotation_items.uom exists
2026-06-12T15:41:06: ✅ quotation_items.hsn_sac exists
2026-06-12T15:41:06: ✅ quotation_items.brand_model exists
2026-06-12T15:41:06: ✅ customers.gst_number exists
2026-06-12T15:41:06: ✅ customers.created_by exists
2026-06-12T15:41:06: ✅ users.last_name exists
2026-06-12T15:41:06: ✅ user_email_configs.smtp_secure exists
2026-06-12T15:41:06: ✅ user_email_configs.from_email_address exists
2026-06-12T15:41:06: ✅ user_email_configs.sender_name exists
2026-06-12T15:41:06: ✅ user_email_configs.provider exists
2026-06-12T15:41:06: ✅ user_email_configs.is_enabled exists
2026-06-12T15:41:06: ✅ users.two_factor_enabled exists
2026-06-12T15:41:06: ✅ quotations.gst_mode exists
2026-06-12T15:41:06: ✅ quotations.status exists
2026-06-12T15:41:06: ✅ performainvoices.gst_mode exists
2026-06-12T15:41:06: ✅ performainvoices.status exists
2026-06-12T15:41:06: ✅ estimate_invoices.gst_mode exists
2026-06-12T15:41:06: ✅ estimate_invoices.status exists
2026-06-12T15:41:06: ✅ service_estimations.gst_mode exists
2026-06-12T15:41:06: ✅ service_estimations.status exists
2026-06-12T15:41:06: ✅ services.gst_mode exists
2026-06-12T15:41:06: ✅ estimatenew.gst_mode exists
2026-06-12T15:41:06: ✅ Create table pi_from_addresses
2026-06-12T15:41:06: ✅ Create table email_otp
2026-06-12T15:41:06: ✅ Create table payments
2026-06-12T15:41:06: ✅ Create table clientinvoices
2026-06-12T15:41:06: ✅ Create table messages
2026-06-12T15:41:06: ✅ Create table service_items
2026-06-12T15:41:06: ✅ Create table service_estimations
2026-06-12T15:41:06: ✅ Create table service_estimation_items
2026-06-12T15:41:06: ✅ Create table estimate_invoices
2026-06-12T15:41:06: ✅ Create table estimate_invoice_items
2026-06-12T15:41:06: ✅ Create table estimate_items
2026-06-12T15:41:06: ✅ Create table performainvoice_items
2026-06-12T15:41:06: ✅ Create table performainvoices
2026-06-12T15:41:06: ✅ Create table services
2026-06-12T15:41:06: ✅ Create table customers
2026-06-12T15:41:06: ✅ Create table quotations
2026-06-12T15:41:06: ✅ Create table quotation_items
2026-06-12T15:41:06: ✅ Create table lead_reminders
2026-06-12T15:41:06: ✅ Create table lead_activity
2026-06-12T15:41:06: ✅ Create table lead_escalations
2026-06-12T15:41:06: ✅ Create table admin_notifications
2026-06-12T15:41:06: ✅ Create table profile_change_requests
2026-06-12T15:41:06: ✅ Create table amc_alc_services
2026-06-12T15:41:06: ✅ Create table service_activity
2026-06-12T15:41:06: ✅ Create table task_targets
2026-06-12T15:41:06: ✅ Create table task_achievements
2026-06-12T15:41:06: ✅ Create table task_updates
2026-06-12T15:41:06: ✅ Create table call_reports
2026-06-12T15:41:06: ✅ Create table task_activity
2026-06-12T15:41:06: ✅ Create table notifications
2026-06-12T15:41:06: ✅ Create table task_assignments
2026-06-12T15:41:06: ✅ Create table clients
2026-06-12T15:41:06: ✅ Create table user_email_configs
2026-06-12T15:41:06: ✅ lead_reminders.reminder_time exists
2026-06-12T15:41:06: ✅ lead_reminders.missed_count exists
2026-06-12T15:41:06: ✅ lead_reminders.notification_sent exists
2026-06-12T15:41:06: ✅ lead_reminders.employee_id exists
2026-06-12T15:41:06: ✅ lead_escalations.missed_count exists
2026-06-12T15:41:06: ✅ users.status exists
2026-06-12T15:41:06: ✅ users.emp_id exists
2026-06-12T15:41:06: ✅ admin_notifications.related_id exists
2026-06-12T15:41:06: ✅ admin_notifications.related_type exists
2026-06-12T15:41:06: ✅ admin_notifications.created_by exists
2026-06-12T15:41:06: ✅ admin_notifications.priority exists
2026-06-12T15:41:06: ✅ admin_notifications.is_archived exists
2026-06-12T15:41:06: ✅ notifications.user_id exists
2026-06-12T15:41:06: ✅ notifications.type exists
2026-06-12T15:41:06: ✅ notifications.is_archived exists
2026-06-12T15:41:06: ✅ task_assignments.status exists
2026-06-12T15:41:06: ✅ teammember.mobile_number exists
2026-06-12T15:41:06: ✅ teammember.emp_id exists
2026-06-12T15:41:06: ✅ teammember.user_id exists
2026-06-12T15:41:06: ✅ teammember.emp_address exists
2026-06-12T15:41:06: ✅ telecalls.created_by exists
2026-06-12T15:41:06: ✅ telecalls.email exists
2026-06-12T15:41:06: ✅ walkins.assigned_to exists
2026-06-12T15:41:06: ✅ walkins.created_by exists
2026-06-12T15:41:06: ✅ walkins.email exists
2026-06-12T15:41:06: ✅ fields.assigned_to exists
2026-06-12T15:41:06: ✅ fields.created_by exists
2026-06-12T15:41:06: ✅ fields.email exists
2026-06-12T15:41:06: ✅ quotations.lead_id exists
2026-06-12T15:41:06: ✅ quotations.lead_type exists
2026-06-12T15:41:06: ✅ contracts.contract_type exists
2026-06-12T15:41:06: ✅ contracts.quotation_id exists
2026-06-12T15:41:06: ✅ contracts.mobile_number exists
2026-06-12T15:41:06: ✅ contracts.location_city exists
2026-06-12T15:41:06: ✅ amc_alc_services.labour_charges exists
2026-06-12T15:41:06: ✅ amc_alc_services.contract_title exists
2026-06-12T15:41:06: ✅ amc_alc_services.start_time exists
2026-06-12T15:41:06: ✅ amc_alc_services.end_time exists
2026-06-12T15:41:06: ✅ amc_alc_services.km exists
2026-06-12T15:41:06: ✅ amc_alc_services.technician exists
2026-06-12T15:41:06: ✅ amc_alc_services.sales_person exists
2026-06-12T15:41:06: ✅ amc_alc_services.remarks exists
2026-06-12T15:41:06: ✅ amc_alc_services.email exists
2026-06-12T15:41:06: ✅ amc_alc_services.next_service_date exists
2026-06-12T15:41:06: ✅ amc_alc_services.service_type exists
2026-06-12T15:41:06: ✅ task_targets.user_id exists
2026-06-12T15:41:06: ✅ task_targets.created_by_admin exists
2026-06-12T15:41:06: ✅ task_achievements.achieved_amount exists
2026-06-12T15:41:06: ✅ task_updates.amount exists
2026-06-12T15:41:06: ✅ call_reports.start_time exists
2026-06-12T15:41:06: ✅ call_reports.end_time exists
2026-06-12T15:41:06: ✅ call_reports.km exists
2026-06-12T15:41:06: ✅ call_reports.remarks exists
2026-06-12T15:41:06: ✅ call_reports.technician exists
2026-06-12T15:41:06: ✅ call_reports.sales_person exists
2026-06-12T15:41:06: ✅ tasks.assigned_teammember_id exists
2026-06-12T15:41:06: ✅ task_targets.teammember_id exists
2026-06-12T15:41:06: ✅ quotations.reference_no exists
2026-06-12T15:41:06: ✅ task_targets.carry_forward exists
2026-06-12T15:41:06: ✅ task_targets.effective_target exists
2026-06-12T15:41:06: ✅ task_targets.user_id exists
2026-06-12T15:41:06: ✅ task_targets.created_by_admin exists
2026-06-12T15:41:06: ✅ task_achievements.achieved_amount exists
2026-06-12T15:41:06: ✅ clients.created_by exists
2026-06-12T15:41:06: ✅ tasks.created_by exists
2026-06-12T15:41:06: ✅ tasks.task_description exists
2026-06-12T15:41:06: ✅ tasks.assigned_to exists
2026-06-12T15:41:06: ✅ quotations.created_by exists
2026-06-12T15:41:06: ✅ contracts.created_by exists
2026-06-12T15:41:06: ✅ contracts.client_company exists
2026-06-12T15:41:06: ✅ contracts.amount_value exists
2026-06-12T15:41:06: ✅ contracts.remaining exists
2026-06-12T15:41:06: ✅ contracts.email exists
2026-06-12T15:41:06: ✅ clientinvoices.created_by exists
2026-06-12T15:41:06: ✅ performainvoices.created_by exists
2026-06-12T15:41:06: ✅ services.created_by exists
2026-06-12T15:41:06: ✅ call_reports.created_by exists
2026-06-12T15:41:06: ✅ lead_activity.employee_id exists
2026-06-12T15:41:06: ✅ lead_escalations.missed_threshold_reached exists
2026-06-12T15:41:06: ✅ lead_escalations.employee_id exists
2026-06-12T15:41:06: ✅ performainvoices.is_latest exists
2026-06-12T15:41:06: ✅ performainvoices.version exists
2026-06-12T15:41:06: ✅ performainvoices.parent_id exists
2026-06-12T15:41:06: ✅ performa_invoice_items.uom exists
2026-06-12T15:41:06: ✅ performainvoice_items.uom exists
2026-06-12T15:41:06: ✅ task_assignments.response_notes exists
2026-06-12T15:41:06: ✅ call_reports.amount_collected exists
2026-06-12T15:41:06: ✅ call_reports.payment_mode exists
2026-06-12T15:41:06: ✅ call_reports.duration_limit exists
2026-06-12T15:41:06: ✅ call_reports.actual_duration exists
2026-06-12T15:41:06: ✅ call_reports.is_exceeded exists
2026-06-12T15:41:06: ✅ call_reports.assigned_time exists
2026-06-12T15:41:06: ✅ call_reports.call_id exists
2026-06-12T15:41:06: ✅ call_reports.session_id exists
2026-06-12T15:41:06: ✅ call_reports.client_name exists
2026-06-12T15:41:06: ✅ call_reports.staff_name exists
2026-06-12T15:41:06: ✅ call_reports.executive_name exists
2026-06-12T15:41:06: ✅ call_reports.phone exists
2026-06-12T15:41:06: ✅ call_reports.location exists
2026-06-12T15:41:06: ✅ call_reports.call_sequence exists
2026-06-12T15:41:07: ✅ call_reports.report_date exists
2026-06-12T15:41:07: ✅ call_reports.complaint exists
2026-06-12T15:41:07: ✅ call_reports.priority exists
2026-06-12T15:41:07: ✅ call_reports.call_type exists
2026-06-12T15:41:07: ✅ call_reports.payment_type exists
2026-06-12T15:41:07: ✅ call_reports.invoice_value exists
2026-06-12T15:41:07: ✅ call_reports.payment_status exists
2026-06-12T15:41:07: ✅ call_reports.petrol_charges exists
2026-06-12T15:41:07: ✅ call_reports.spare_parts_price exists
2026-06-12T15:41:07: ✅ call_reports.labour_charges exists
2026-06-12T15:41:07: ✅ call_reports.total_expenses exists
2026-06-12T15:41:07: ✅ call_reports.customer_name exists
2026-06-12T15:41:07: ✅ call_reports.mobile_number exists
2026-06-12T15:41:07: ✅ call_reports.location_city exists
2026-06-12T15:41:07: ✅ call_reports.contract_title exists
2026-06-12T15:41:07: ✅ call_reports.service_type exists
2026-06-12T15:41:07: ✅ call_reports.description exists
2026-06-12T15:41:07: ✅ call_reports.service_person exists
2026-06-12T15:41:07: ✅ call_reports.contract_id exists
2026-06-12T15:41:07: ✅ call_reports.call_referrer exists
2026-06-12T15:41:07: ✅ call_reports.step2_completed exists
2026-06-12T15:41:07: ✅ call_reports.email exists
2026-06-12T15:41:07: ✅ call_reports.status exists
2026-06-12T15:41:07: ✅ call_reports.gst_number exists
2026-06-12T15:41:07: ✅ call_reports.company_name exists
2026-06-12T15:41:07: ✅ call_reports.completed_at exists
2026-06-12T15:41:07: ✅ call_reports.carry_forward_date exists
2026-06-12T15:41:07: ✅ amc_alc_services.amount_collected exists
2026-06-12T15:41:07: ✅ amc_alc_services.payment_mode exists
2026-06-12T15:41:07: ✅ amc_alc_services.call_number exists
2026-06-12T15:41:07: ✅ amc_alc_services.breakpoints exists
2026-06-12T15:41:07: ✅ amc_alc_services.duration_limit exists
2026-06-12T15:41:07: ✅ clients.gst_number exists
2026-06-12T15:41:07: ✅ clients.company_name exists
2026-06-12T15:41:07: ✅ clients.service exists
2026-06-12T15:41:07: ✅ clients.alternate_phone exists
2026-06-12T15:41:07: ✅ clients.city exists
2026-06-12T15:41:07: ✅ clients.state exists
2026-06-12T15:41:07: ✅ clients.pincode exists
2026-06-12T15:41:07: ✅ clients.notes exists
2026-06-12T15:41:07: ✅ clients.client_status exists
2026-06-12T15:41:07: ✅ clients.original_lead_id exists
2026-06-12T15:41:07: ✅ clients.original_lead_type exists
2026-06-12T15:41:07: ✅ clients.converted_at exists
2026-06-12T15:41:07: ✅ clients.lead_email exists
2026-06-12T15:41:07: ✅ clients.lead_city exists
2026-06-12T15:41:07: ✅ clients.lead_reference exists
2026-06-12T15:41:07: ✅ clients.lead_purpose exists
2026-06-12T15:41:07: ✅ clients.client_status exists
2026-06-12T15:41:07: ✅ clients.lead_staff_name exists
2026-06-12T15:41:07: ✅ clients.lead_id_display exists
2026-06-12T15:41:07: ✅ clients.assigned_teammember_id exists
2026-06-12T15:41:07: ✅ clients.state exists
2026-06-12T15:41:07: ✅ clients.pincode exists
2026-06-12T15:41:07: ✅ users.emp_id exists
2026-06-12T15:41:07: ✅ quotations.reference_no exists
2026-06-12T15:41:07: ✅ quotations.from_address_id exists
2026-06-12T15:41:07: ✅ quotations.from_address_custom exists
2026-06-12T15:41:07: ✅ quotations.client_company exists
2026-06-12T15:41:07: ✅ quotations.client_address1 exists
2026-06-12T15:41:07: ✅ quotations.client_address2 exists
2026-06-12T15:41:07: ✅ quotations.client_city exists
2026-06-12T15:41:07: ✅ quotations.client_state exists
2026-06-12T15:41:07: ✅ quotations.client_pincode exists
2026-06-12T15:41:07: ✅ quotations.client_country exists
2026-06-12T15:41:07: ✅ quotations.tax_type exists
2026-06-12T15:41:07: ✅ quotations.custom_tax exists
2026-06-12T15:41:07: ✅ quotations.exec_name exists
2026-06-12T15:41:07: ✅ quotations.exec_phone exists
2026-06-12T15:41:07: ✅ quotations.exec_email exists
2026-06-12T15:41:07: ✅ quotations.terms_general exists
2026-06-12T15:41:07: ✅ quotations.terms_tax exists
2026-06-12T15:41:07: ✅ quotations.terms_project_period exists
2026-06-12T15:41:07: ✅ quotations.terms_validity exists
2026-06-12T15:41:07: ✅ quotations.terms_separate_orders exists
2026-06-12T15:41:07: ✅ quotations.terms_payment exists
2026-06-12T15:41:07: ✅ quotations.terms_payment_custom exists
2026-06-12T15:41:07: ✅ quotations.terms_warranty exists
2026-06-12T15:41:07: ✅ quotations.hsn_sac_code exists
2026-06-12T15:41:07: ✅ quotations.supplier_branch exists
2026-06-12T15:41:07: ✅ quotations.bank_details_id exists
2026-06-12T15:41:07: ✅ quotations.bank_company exists
2026-06-12T15:41:07: ✅ quotations.bank_name exists
2026-06-12T15:41:07: ✅ quotations.bank_account exists
2026-06-12T15:41:07: ✅ quotations.bank_ifsc exists
2026-06-12T15:41:07: ✅ quotations.bank_branch exists
2026-06-12T15:41:07: ✅ quotations.custom_terms exists
2026-06-12T15:41:07: ✅ quotations.is_latest exists
2026-06-12T15:41:07: ✅ quotations.parent_id exists
2026-06-12T15:41:07: ✅ quotations.version exists
2026-06-12T15:41:07: ✅ performainvoices.reference_no exists
2026-06-12T15:41:07: ✅ performainvoices.from_address_id exists
2026-06-12T15:41:07: ✅ performainvoices.from_address_custom exists
2026-06-12T15:41:07: ✅ performainvoices.client_company exists
2026-06-12T15:41:07: ✅ performainvoices.client_address1 exists
2026-06-12T15:41:07: ✅ performainvoices.client_address2 exists
2026-06-12T15:41:07: ✅ performainvoices.client_city exists
2026-06-12T15:41:07: ✅ performainvoices.client_state exists
2026-06-12T15:41:07: ✅ performainvoices.client_pincode exists
2026-06-12T15:41:07: ✅ performainvoices.client_country exists
2026-06-12T15:41:07: ✅ performainvoices.tax_type exists
2026-06-12T15:41:07: ✅ performainvoices.custom_tax exists
2026-06-12T15:41:07: ✅ performainvoices.exec_name exists
2026-06-12T15:41:07: ✅ performainvoices.exec_phone exists
2026-06-12T15:41:07: ✅ performainvoices.exec_email exists
2026-06-12T15:41:07: ✅ performainvoices.terms_general exists
2026-06-12T15:41:07: ✅ performainvoices.terms_tax exists
2026-06-12T15:41:07: ✅ performainvoices.terms_project_period exists
2026-06-12T15:41:07: ✅ performainvoices.terms_validity exists
2026-06-12T15:41:07: ✅ performainvoices.terms_separate_orders exists
2026-06-12T15:41:07: ✅ performainvoices.terms_payment exists
2026-06-12T15:41:07: ✅ performainvoices.terms_payment_custom exists
2026-06-12T15:41:07: ✅ performainvoices.terms_warranty exists
2026-06-12T15:41:07: ✅ performainvoices.hsn_sac_code exists
2026-06-12T15:41:07: ✅ performainvoices.supplier_branch exists
2026-06-12T15:41:07: ✅ performainvoices.bank_details_id exists
2026-06-12T15:41:07: ✅ performainvoices.bank_company exists
2026-06-12T15:41:07: ✅ performainvoices.bank_name exists
2026-06-12T15:41:07: ✅ performainvoices.bank_account exists
2026-06-12T15:41:07: ✅ performainvoices.bank_ifsc exists
2026-06-12T15:41:07: ✅ performainvoices.bank_branch exists
2026-06-12T15:41:07: ✅ performainvoices.custom_terms exists
2026-06-12T15:41:07: ✅ services.reference_no exists
2026-06-12T15:41:07: ✅ services.from_address_id exists
2026-06-12T15:41:07: ✅ services.from_address_custom exists
2026-06-12T15:41:07: ✅ services.client_company exists
2026-06-12T15:41:07: ✅ services.client_address1 exists
2026-06-12T15:41:07: ✅ services.client_address2 exists
2026-06-12T15:41:07: ✅ services.client_city exists
2026-06-12T15:41:07: ✅ services.client_state exists
2026-06-12T15:41:07: ✅ services.client_pincode exists
2026-06-12T15:41:07: ✅ services.client_country exists
2026-06-12T15:41:07: ✅ services.tax_type exists
2026-06-12T15:41:07: ✅ services.custom_tax exists
2026-06-12T15:41:07: ✅ services.exec_name exists
2026-06-12T15:41:07: ✅ services.exec_phone exists
2026-06-12T15:41:07: ✅ services.exec_email exists
2026-06-12T15:41:07: ✅ services.terms_general exists
2026-06-12T15:41:07: ✅ services.terms_tax exists
2026-06-12T15:41:07: ✅ services.terms_project_period exists
2026-06-12T15:41:07: ✅ services.terms_validity exists
2026-06-12T15:41:07: ✅ services.terms_separate_orders exists
2026-06-12T15:41:07: ✅ services.terms_payment exists
2026-06-12T15:41:07: ✅ services.terms_payment_custom exists
2026-06-12T15:41:07: ✅ services.terms_warranty exists
2026-06-12T15:41:07: ✅ services.hsn_sac_code exists
2026-06-12T15:41:07: ✅ services.supplier_branch exists
2026-06-12T15:41:07: ✅ services.bank_details_id exists
2026-06-12T15:41:07: ✅ services.bank_company exists
2026-06-12T15:41:07: ✅ services.bank_name exists
2026-06-12T15:41:07: ✅ services.bank_account exists
2026-06-12T15:41:07: ✅ services.bank_ifsc exists
2026-06-12T15:41:07: ✅ services.bank_branch exists
2026-06-12T15:41:07: ✅ services.custom_terms exists
2026-06-12T15:41:07: ✅ estimatenew.client_company exists
2026-06-12T15:41:07: ✅ estimatenew.client_address exists
2026-06-12T15:41:07: ✅ estimatenew.client_city exists
2026-06-12T15:41:07: ✅ estimatenew.client_state exists
2026-06-12T15:41:07: ✅ estimatenew.client_gst exists
2026-06-12T15:41:07: ✅ estimatenew.client_phone exists
2026-06-12T15:41:07: ✅ estimatenew.subtotal exists
2026-06-12T15:41:07: ✅ estimatenew.total_tax exists
2026-06-12T15:41:07: ✅ estimatenew.total_discount exists
2026-06-12T15:41:07: ✅ estimatenew.grand_total exists
2026-06-12T15:41:07: ✅ estimateclient.subtotal exists
2026-06-12T15:41:07: ✅ estimateclient.total_tax exists
2026-06-12T15:41:07: ✅ estimateclient.total_discount exists
2026-06-12T15:41:07: ✅ estimateclient.grand_total exists
2026-06-12T15:41:07: ✅ quotation_items.uom exists
2026-06-12T15:41:07: ✅ quotation_items.hsn_sac exists
2026-06-12T15:41:07: ✅ quotation_items.brand_model exists
2026-06-12T15:41:07: ✅ customers.gst_number exists
2026-06-12T15:41:07: ✅ customers.created_by exists
2026-06-12T15:41:07: ✅ users.last_name exists
2026-06-12T15:41:07: ✅ user_email_configs.smtp_secure exists
2026-06-12T15:41:07: ✅ user_email_configs.from_email_address exists
2026-06-12T15:41:07: ✅ user_email_configs.sender_name exists
2026-06-12T15:41:07: ✅ user_email_configs.provider exists
2026-06-12T15:41:07: ✅ user_email_configs.is_enabled exists
2026-06-12T15:41:07: ✅ users.two_factor_enabled exists
2026-06-12T15:41:07: ✅ quotations.gst_mode exists
2026-06-12T15:41:07: ✅ quotations.status exists
2026-06-12T15:41:07: ✅ performainvoices.gst_mode exists
2026-06-12T15:41:07: ✅ performainvoices.status exists
2026-06-12T15:41:07: ✅ estimate_invoices.gst_mode exists
2026-06-12T15:41:07: ✅ estimate_invoices.status exists
2026-06-12T15:41:07: ✅ service_estimations.gst_mode exists
2026-06-12T15:41:07: ✅ service_estimations.status exists
2026-06-12T15:41:07: ✅ services.gst_mode exists
2026-06-12T15:41:07: ✅ estimatenew.gst_mode exists
2026-06-12T15:41:07: Users role column updated
2026-06-12T15:41:07: Teammember emp_role updated
2026-06-12T15:41:07: Default employees seeded successfully.
2026-06-12T15:41:08: [Scheduler] Reminder escalation scheduler started (every 15 min)
2026-06-12T15:41:08: [Scheduler] End-of-day task scheduler started (daily at 6 PM)
2026-06-12T15:41:08: ✅ Server running: http://0.0.0.0:5000 [production]
2026-06-12T15:41:08: OTP email transporter is ready
2026-06-12T15:41:08: User 701 joined notifications channel
2026-06-12T15:41:18: [Scheduler] Running initial task check...
2026-06-12T15:41:18: [Scheduler] End-of-day task check complete. Evaluated 1 incomplete tasks.
2026-06-12T15:41:18: [Scheduler] Daily summary notification already dispatched for today
2026-06-12T15:45:08: ◇ injected env (12) from .env // tip: ◈ encrypted .env [www.dotenvx.com]
2026-06-12T15:45:08: ◇ injected env (0) from .env // tip: ⌘ custom filepath { path: '/custom/path/.env' }
2026-06-12T15:45:08: Generating fresh VAPID Keys for Push Notifications...
2026-06-12T15:45:08: VAPID Keys generated and saved to backend/.env
2026-06-12T15:45:09: MySQL Connected (127.0.0.1:3306)
2026-06-12T15:45:09: Using database achme
2026-06-12T15:45:09: Database initialized successfully
2026-06-12T15:45:09: ✅ lead_reminders.reminder_time exists
2026-06-12T15:45:09: ✅ lead_reminders.missed_count exists
2026-06-12T15:45:09: ✅ lead_reminders.notification_sent exists
2026-06-12T15:45:09: ✅ lead_reminders.employee_id exists
2026-06-12T15:45:09: ✅ lead_escalations.missed_count exists
2026-06-12T15:45:09: ✅ users.status exists
2026-06-12T15:45:09: ✅ users.emp_id exists
2026-06-12T15:45:09: ✅ admin_notifications.related_id exists
2026-06-12T15:45:09: ✅ admin_notifications.related_type exists
2026-06-12T15:45:09: ✅ admin_notifications.created_by exists
2026-06-12T15:45:09: ✅ admin_notifications.priority exists
2026-06-12T15:45:09: ✅ admin_notifications.is_archived exists
2026-06-12T15:45:09: ✅ notifications.user_id exists
2026-06-12T15:45:09: ✅ notifications.type exists
2026-06-12T15:45:09: ✅ notifications.is_archived exists
2026-06-12T15:45:09: ✅ task_assignments.status exists
2026-06-12T15:45:09: ✅ teammember.mobile_number exists
2026-06-12T15:45:09: ✅ teammember.emp_id exists
2026-06-12T15:45:09: ✅ teammember.user_id exists
2026-06-12T15:45:09: ✅ teammember.emp_address exists
2026-06-12T15:45:09: ✅ telecalls.created_by exists
2026-06-12T15:45:09: ✅ telecalls.email exists
2026-06-12T15:45:09: ✅ walkins.assigned_to exists
2026-06-12T15:45:09: ✅ walkins.created_by exists
2026-06-12T15:45:09: ✅ walkins.email exists
2026-06-12T15:45:09: ✅ fields.assigned_to exists
2026-06-12T15:45:09: ✅ fields.created_by exists
2026-06-12T15:45:09: ✅ fields.email exists
2026-06-12T15:45:09: ✅ quotations.lead_id exists
2026-06-12T15:45:09: ✅ quotations.lead_type exists
2026-06-12T15:45:09: ✅ contracts.contract_type exists
2026-06-12T15:45:09: ✅ contracts.quotation_id exists
2026-06-12T15:45:09: ✅ contracts.mobile_number exists
2026-06-12T15:45:09: ✅ contracts.location_city exists
2026-06-12T15:45:09: ✅ amc_alc_services.labour_charges exists
2026-06-12T15:45:09: ✅ amc_alc_services.contract_title exists
2026-06-12T15:45:09: ✅ amc_alc_services.start_time exists
2026-06-12T15:45:09: ✅ amc_alc_services.end_time exists
2026-06-12T15:45:09: ✅ amc_alc_services.km exists
2026-06-12T15:45:09: ✅ amc_alc_services.technician exists
2026-06-12T15:45:09: ✅ amc_alc_services.sales_person exists
2026-06-12T15:45:09: ✅ amc_alc_services.remarks exists
2026-06-12T15:45:09: ✅ amc_alc_services.email exists
2026-06-12T15:45:09: ✅ amc_alc_services.next_service_date exists
2026-06-12T15:45:09: ✅ amc_alc_services.service_type exists
2026-06-12T15:45:09: ✅ task_targets.user_id exists
2026-06-12T15:45:09: ✅ task_targets.created_by_admin exists
2026-06-12T15:45:09: ✅ task_achievements.achieved_amount exists
2026-06-12T15:45:09: ✅ task_updates.amount exists
2026-06-12T15:45:09: ✅ call_reports.start_time exists
2026-06-12T15:45:09: ✅ call_reports.end_time exists
2026-06-12T15:45:09: ✅ call_reports.km exists
2026-06-12T15:45:09: ✅ call_reports.remarks exists
2026-06-12T15:45:09: ✅ call_reports.technician exists
2026-06-12T15:45:09: ✅ call_reports.sales_person exists
2026-06-12T15:45:09: ✅ tasks.assigned_teammember_id exists
2026-06-12T15:45:09: ✅ task_targets.teammember_id exists
2026-06-12T15:45:09: ✅ quotations.reference_no exists
2026-06-12T15:45:09: ✅ task_targets.carry_forward exists
2026-06-12T15:45:09: ✅ task_targets.effective_target exists
2026-06-12T15:45:09: ✅ task_targets.user_id exists
2026-06-12T15:45:09: ✅ task_targets.created_by_admin exists
2026-06-12T15:45:09: ✅ task_achievements.achieved_amount exists
2026-06-12T15:45:09: ✅ clients.created_by exists
2026-06-12T15:45:09: ✅ tasks.created_by exists
2026-06-12T15:45:09: ✅ tasks.task_description exists
2026-06-12T15:45:09: ✅ tasks.assigned_to exists
2026-06-12T15:45:09: ✅ quotations.created_by exists
2026-06-12T15:45:09: ✅ contracts.created_by exists
2026-06-12T15:45:09: ✅ contracts.client_company exists
2026-06-12T15:45:09: ✅ contracts.amount_value exists
2026-06-12T15:45:09: ✅ contracts.remaining exists
2026-06-12T15:45:09: ✅ contracts.email exists
2026-06-12T15:45:09: ✅ clientinvoices.created_by exists
2026-06-12T15:45:09: ✅ performainvoices.created_by exists
2026-06-12T15:45:09: ✅ services.created_by exists
2026-06-12T15:45:09: ✅ call_reports.created_by exists
2026-06-12T15:45:09: ✅ lead_activity.employee_id exists
2026-06-12T15:45:09: ✅ lead_escalations.missed_threshold_reached exists
2026-06-12T15:45:09: ✅ lead_escalations.employee_id exists
2026-06-12T15:45:09: ✅ performainvoices.is_latest exists
2026-06-12T15:45:09: ✅ performainvoices.version exists
2026-06-12T15:45:09: ✅ performainvoices.parent_id exists
2026-06-12T15:45:09: ✅ performa_invoice_items.uom exists
2026-06-12T15:45:09: ✅ performainvoice_items.uom exists
2026-06-12T15:45:09: ✅ task_assignments.response_notes exists
2026-06-12T15:45:09: ✅ call_reports.amount_collected exists
2026-06-12T15:45:09: ✅ call_reports.payment_mode exists
2026-06-12T15:45:09: ✅ call_reports.duration_limit exists
2026-06-12T15:45:09: ✅ call_reports.actual_duration exists
2026-06-12T15:45:09: ✅ call_reports.is_exceeded exists
2026-06-12T15:45:09: ✅ call_reports.assigned_time exists
2026-06-12T15:45:09: ✅ call_reports.call_id exists
2026-06-12T15:45:09: ✅ call_reports.session_id exists
2026-06-12T15:45:09: ✅ call_reports.client_name exists
2026-06-12T15:45:09: ✅ call_reports.staff_name exists
2026-06-12T15:45:09: ✅ call_reports.executive_name exists
2026-06-12T15:45:09: ✅ call_reports.phone exists
2026-06-12T15:45:09: ✅ call_reports.location exists
2026-06-12T15:45:09: ✅ call_reports.call_sequence exists
2026-06-12T15:45:09: ✅ call_reports.report_date exists
2026-06-12T15:45:09: ✅ call_reports.complaint exists
2026-06-12T15:45:09: ✅ call_reports.priority exists
2026-06-12T15:45:09: ✅ call_reports.call_type exists
2026-06-12T15:45:09: ✅ call_reports.payment_type exists
2026-06-12T15:45:09: ✅ call_reports.invoice_value exists
2026-06-12T15:45:09: ✅ call_reports.payment_status exists
2026-06-12T15:45:09: ✅ call_reports.petrol_charges exists
2026-06-12T15:45:09: ✅ call_reports.spare_parts_price exists
2026-06-12T15:45:09: ✅ call_reports.labour_charges exists
2026-06-12T15:45:09: ✅ call_reports.total_expenses exists
2026-06-12T15:45:09: ✅ call_reports.customer_name exists
2026-06-12T15:45:09: ✅ call_reports.mobile_number exists
2026-06-12T15:45:09: ✅ call_reports.location_city exists
2026-06-12T15:45:09: ✅ call_reports.contract_title exists
2026-06-12T15:45:09: ✅ call_reports.service_type exists
2026-06-12T15:45:09: ✅ call_reports.description exists
2026-06-12T15:45:09: ✅ call_reports.service_person exists
2026-06-12T15:45:09: ✅ call_reports.contract_id exists
2026-06-12T15:45:09: ✅ call_reports.call_referrer exists
2026-06-12T15:45:09: ✅ call_reports.step2_completed exists
2026-06-12T15:45:09: ✅ call_reports.email exists
2026-06-12T15:45:09: ✅ call_reports.status exists
2026-06-12T15:45:09: ✅ call_reports.gst_number exists
2026-06-12T15:45:09: ✅ call_reports.company_name exists
2026-06-12T15:45:09: ✅ call_reports.completed_at exists
2026-06-12T15:45:09: ✅ call_reports.carry_forward_date exists
2026-06-12T15:45:09: ✅ amc_alc_services.amount_collected exists
2026-06-12T15:45:09: ✅ amc_alc_services.payment_mode exists
2026-06-12T15:45:09: ✅ amc_alc_services.call_number exists
2026-06-12T15:45:09: ✅ amc_alc_services.breakpoints exists
2026-06-12T15:45:09: ✅ amc_alc_services.duration_limit exists
2026-06-12T15:45:09: ✅ clients.gst_number exists
2026-06-12T15:45:09: ✅ clients.company_name exists
2026-06-12T15:45:09: ✅ clients.service exists
2026-06-12T15:45:09: ✅ clients.alternate_phone exists
2026-06-12T15:45:09: ✅ clients.city exists
2026-06-12T15:45:09: ✅ clients.state exists
2026-06-12T15:45:09: ✅ clients.pincode exists
2026-06-12T15:45:09: ✅ clients.notes exists
2026-06-12T15:45:09: ✅ clients.client_status exists
2026-06-12T15:45:09: ✅ clients.original_lead_id exists
2026-06-12T15:45:09: ✅ clients.original_lead_type exists
2026-06-12T15:45:09: ✅ clients.converted_at exists
2026-06-12T15:45:09: ✅ clients.lead_email exists
2026-06-12T15:45:09: ✅ clients.lead_city exists
2026-06-12T15:45:09: ✅ clients.lead_reference exists
2026-06-12T15:45:09: ✅ clients.lead_purpose exists
2026-06-12T15:45:09: ✅ clients.client_status exists
2026-06-12T15:45:09: ✅ clients.lead_staff_name exists
2026-06-12T15:45:09: ✅ clients.lead_id_display exists
2026-06-12T15:45:09: ✅ clients.assigned_teammember_id exists
2026-06-12T15:45:09: ✅ clients.state exists
2026-06-12T15:45:09: ✅ clients.pincode exists
2026-06-12T15:45:09: ✅ users.emp_id exists
2026-06-12T15:45:09: ✅ quotations.reference_no exists
2026-06-12T15:45:09: ✅ quotations.from_address_id exists
2026-06-12T15:45:09: ✅ quotations.from_address_custom exists
2026-06-12T15:45:09: ✅ quotations.client_company exists
2026-06-12T15:45:09: ✅ quotations.client_address1 exists
2026-06-12T15:45:09: ✅ quotations.client_address2 exists
2026-06-12T15:45:09: ✅ quotations.client_city exists
2026-06-12T15:45:09: ✅ quotations.client_state exists
2026-06-12T15:45:09: ✅ quotations.client_pincode exists
2026-06-12T15:45:09: ✅ quotations.client_country exists
2026-06-12T15:45:09: ✅ quotations.tax_type exists
2026-06-12T15:45:09: ✅ quotations.custom_tax exists
2026-06-12T15:45:09: ✅ quotations.exec_name exists
2026-06-12T15:45:09: ✅ quotations.exec_phone exists
2026-06-12T15:45:09: ✅ quotations.exec_email exists
2026-06-12T15:45:09: ✅ quotations.terms_general exists
2026-06-12T15:45:09: ✅ quotations.terms_tax exists
2026-06-12T15:45:09: ✅ quotations.terms_project_period exists
2026-06-12T15:45:09: ✅ quotations.terms_validity exists
2026-06-12T15:45:09: ✅ quotations.terms_separate_orders exists
2026-06-12T15:45:09: ✅ quotations.terms_payment exists
2026-06-12T15:45:09: ✅ quotations.terms_payment_custom exists
2026-06-12T15:45:09: ✅ quotations.terms_warranty exists
2026-06-12T15:45:09: ✅ quotations.hsn_sac_code exists
2026-06-12T15:45:09: ✅ quotations.supplier_branch exists
2026-06-12T15:45:09: ✅ quotations.bank_details_id exists
2026-06-12T15:45:09: ✅ quotations.bank_company exists
2026-06-12T15:45:09: ✅ quotations.bank_name exists
2026-06-12T15:45:09: ✅ quotations.bank_account exists
2026-06-12T15:45:09: ✅ quotations.bank_ifsc exists
2026-06-12T15:45:09: ✅ quotations.bank_branch exists
2026-06-12T15:45:09: ✅ quotations.custom_terms exists
2026-06-12T15:45:09: ✅ quotations.is_latest exists
2026-06-12T15:45:09: ✅ quotations.parent_id exists
2026-06-12T15:45:09: ✅ quotations.version exists
2026-06-12T15:45:09: ✅ performainvoices.reference_no exists
2026-06-12T15:45:09: ✅ performainvoices.from_address_id exists
2026-06-12T15:45:09: ✅ performainvoices.from_address_custom exists
2026-06-12T15:45:09: ✅ performainvoices.client_company exists
2026-06-12T15:45:09: ✅ performainvoices.client_address1 exists
2026-06-12T15:45:09: ✅ performainvoices.client_address2 exists
2026-06-12T15:45:09: ✅ performainvoices.client_city exists
2026-06-12T15:45:09: ✅ performainvoices.client_state exists
2026-06-12T15:45:09: ✅ performainvoices.client_pincode exists
2026-06-12T15:45:09: ✅ performainvoices.client_country exists
2026-06-12T15:45:09: ✅ performainvoices.tax_type exists
2026-06-12T15:45:09: ✅ performainvoices.custom_tax exists
2026-06-12T15:45:09: ✅ performainvoices.exec_name exists
2026-06-12T15:45:09: ✅ performainvoices.exec_phone exists
2026-06-12T15:45:09: ✅ performainvoices.exec_email exists
2026-06-12T15:45:09: ✅ performainvoices.terms_general exists
2026-06-12T15:45:09: ✅ performainvoices.terms_tax exists
2026-06-12T15:45:09: ✅ performainvoices.terms_project_period exists
2026-06-12T15:45:09: ✅ performainvoices.terms_validity exists
2026-06-12T15:45:09: ✅ performainvoices.terms_separate_orders exists
2026-06-12T15:45:09: ✅ performainvoices.terms_payment exists
2026-06-12T15:45:09: ✅ performainvoices.terms_payment_custom exists
2026-06-12T15:45:09: ✅ performainvoices.terms_warranty exists
2026-06-12T15:45:09: ✅ performainvoices.hsn_sac_code exists
2026-06-12T15:45:09: ✅ performainvoices.supplier_branch exists
2026-06-12T15:45:09: ✅ performainvoices.bank_details_id exists
2026-06-12T15:45:09: ✅ performainvoices.bank_company exists
2026-06-12T15:45:09: ✅ performainvoices.bank_name exists
2026-06-12T15:45:09: ✅ performainvoices.bank_account exists
2026-06-12T15:45:09: ✅ performainvoices.bank_ifsc exists
2026-06-12T15:45:09: ✅ performainvoices.bank_branch exists
2026-06-12T15:45:09: ✅ performainvoices.custom_terms exists
2026-06-12T15:45:09: ✅ services.reference_no exists
2026-06-12T15:45:09: ✅ services.from_address_id exists
2026-06-12T15:45:09: ✅ services.from_address_custom exists
2026-06-12T15:45:09: ✅ services.client_company exists
2026-06-12T15:45:09: ✅ services.client_address1 exists
2026-06-12T15:45:09: ✅ services.client_address2 exists
2026-06-12T15:45:09: ✅ services.client_city exists
2026-06-12T15:45:09: ✅ services.client_state exists
2026-06-12T15:45:09: ✅ services.client_pincode exists
2026-06-12T15:45:09: ✅ services.client_country exists
2026-06-12T15:45:09: ✅ services.tax_type exists
2026-06-12T15:45:09: ✅ services.custom_tax exists
2026-06-12T15:45:09: ✅ services.exec_name exists
2026-06-12T15:45:09: ✅ services.exec_phone exists
2026-06-12T15:45:09: ✅ services.exec_email exists
2026-06-12T15:45:09: ✅ services.terms_general exists
2026-06-12T15:45:09: ✅ services.terms_tax exists
2026-06-12T15:45:09: ✅ services.terms_project_period exists
2026-06-12T15:45:09: ✅ services.terms_validity exists
2026-06-12T15:45:09: ✅ services.terms_separate_orders exists
2026-06-12T15:45:09: ✅ services.terms_payment exists
2026-06-12T15:45:09: ✅ services.terms_payment_custom exists
2026-06-12T15:45:09: ✅ services.terms_warranty exists
2026-06-12T15:45:09: ✅ services.hsn_sac_code exists
2026-06-12T15:45:09: ✅ services.supplier_branch exists
2026-06-12T15:45:09: ✅ services.bank_details_id exists
2026-06-12T15:45:09: ✅ services.bank_company exists
2026-06-12T15:45:09: ✅ services.bank_name exists
2026-06-12T15:45:09: ✅ services.bank_account exists
2026-06-12T15:45:09: ✅ services.bank_ifsc exists
2026-06-12T15:45:09: ✅ services.bank_branch exists
2026-06-12T15:45:09: ✅ services.custom_terms exists
2026-06-12T15:45:09: ✅ estimatenew.client_company exists
2026-06-12T15:45:09: ✅ estimatenew.client_address exists
2026-06-12T15:45:09: ✅ estimatenew.client_city exists
2026-06-12T15:45:09: ✅ estimatenew.client_state exists
2026-06-12T15:45:09: ✅ estimatenew.client_gst exists
2026-06-12T15:45:09: ✅ estimatenew.client_phone exists
2026-06-12T15:45:09: ✅ estimatenew.subtotal exists
2026-06-12T15:45:09: ✅ estimatenew.total_tax exists
2026-06-12T15:45:09: ✅ estimatenew.total_discount exists
2026-06-12T15:45:09: ✅ estimatenew.grand_total exists
2026-06-12T15:45:09: ✅ estimateclient.subtotal exists
2026-06-12T15:45:09: ✅ estimateclient.total_tax exists
2026-06-12T15:45:09: ✅ estimateclient.total_discount exists
2026-06-12T15:45:09: ✅ estimateclient.grand_total exists
2026-06-12T15:45:09: ✅ quotation_items.uom exists
2026-06-12T15:45:09: ✅ quotation_items.hsn_sac exists
2026-06-12T15:45:09: ✅ quotation_items.brand_model exists
2026-06-12T15:45:09: ✅ customers.gst_number exists
2026-06-12T15:45:09: ✅ customers.created_by exists
2026-06-12T15:45:09: ✅ users.last_name exists
2026-06-12T15:45:09: ✅ user_email_configs.smtp_secure exists
2026-06-12T15:45:09: ✅ user_email_configs.from_email_address exists
2026-06-12T15:45:09: ✅ user_email_configs.sender_name exists
2026-06-12T15:45:09: ✅ user_email_configs.provider exists
2026-06-12T15:45:09: ✅ user_email_configs.is_enabled exists
2026-06-12T15:45:09: ✅ users.two_factor_enabled exists
2026-06-12T15:45:09: ✅ quotations.gst_mode exists
2026-06-12T15:45:09: ✅ quotations.status exists
2026-06-12T15:45:09: ✅ performainvoices.gst_mode exists
2026-06-12T15:45:09: ✅ performainvoices.status exists
2026-06-12T15:45:09: ✅ estimate_invoices.gst_mode exists
2026-06-12T15:45:09: ✅ estimate_invoices.status exists
2026-06-12T15:45:09: ✅ service_estimations.gst_mode exists
2026-06-12T15:45:09: ✅ service_estimations.status exists
2026-06-12T15:45:09: ✅ services.gst_mode exists
2026-06-12T15:45:09: ✅ estimatenew.gst_mode exists
2026-06-12T15:45:09: ✅ Create table pi_from_addresses
2026-06-12T15:45:09: ✅ Create table email_otp
2026-06-12T15:45:09: ✅ Create table payments
2026-06-12T15:45:10: ✅ Create table clientinvoices
2026-06-12T15:45:10: ✅ Create table messages
2026-06-12T15:45:10: ✅ Create table service_items
2026-06-12T15:45:10: ✅ Create table service_estimations
2026-06-12T15:45:10: ✅ Create table service_estimation_items
2026-06-12T15:45:10: ✅ Create table estimate_invoices
2026-06-12T15:45:10: ✅ Create table estimate_invoice_items
2026-06-12T15:45:10: ✅ Create table estimate_items
2026-06-12T15:45:10: ✅ Create table performainvoice_items
2026-06-12T15:45:10: ✅ Create table performainvoices
2026-06-12T15:45:10: ✅ Create table services
2026-06-12T15:45:10: ✅ Create table customers
2026-06-12T15:45:10: ✅ Create table quotations
2026-06-12T15:45:10: ✅ Create table quotation_items
2026-06-12T15:45:10: ✅ Create table lead_reminders
2026-06-12T15:45:10: ✅ Create table lead_activity
2026-06-12T15:45:10: ✅ Create table lead_escalations
2026-06-12T15:45:10: ✅ Create table admin_notifications
2026-06-12T15:45:10: ✅ Create table profile_change_requests
2026-06-12T15:45:10: ✅ Create table amc_alc_services
2026-06-12T15:45:10: ✅ Create table service_activity
2026-06-12T15:45:10: ✅ Create table task_targets
2026-06-12T15:45:10: ✅ Create table task_achievements
2026-06-12T15:45:10: ✅ Create table task_updates
2026-06-12T15:45:10: ✅ Create table call_reports
2026-06-12T15:45:10: ✅ Create table task_activity
2026-06-12T15:45:10: ✅ Create table notifications
2026-06-12T15:45:10: ✅ Create table task_assignments
2026-06-12T15:45:10: ✅ Create table clients
2026-06-12T15:45:10: ✅ Create table user_email_configs
2026-06-12T15:45:10: ✅ lead_reminders.reminder_time exists
2026-06-12T15:45:10: ✅ lead_reminders.missed_count exists
2026-06-12T15:45:10: ✅ lead_reminders.notification_sent exists
2026-06-12T15:45:10: ✅ lead_reminders.employee_id exists
2026-06-12T15:45:10: ✅ lead_escalations.missed_count exists
2026-06-12T15:45:10: ✅ users.status exists
2026-06-12T15:45:10: ✅ users.emp_id exists
2026-06-12T15:45:10: ✅ admin_notifications.related_id exists
2026-06-12T15:45:10: ✅ admin_notifications.related_type exists
2026-06-12T15:45:10: ✅ admin_notifications.created_by exists
2026-06-12T15:45:10: ✅ admin_notifications.priority exists
2026-06-12T15:45:10: ✅ admin_notifications.is_archived exists
2026-06-12T15:45:10: ✅ notifications.user_id exists
2026-06-12T15:45:10: ✅ notifications.type exists
2026-06-12T15:45:10: ✅ notifications.is_archived exists
2026-06-12T15:45:10: ✅ task_assignments.status exists
2026-06-12T15:45:10: ✅ teammember.mobile_number exists
2026-06-12T15:45:10: ✅ teammember.emp_id exists
2026-06-12T15:45:10: ✅ teammember.user_id exists
2026-06-12T15:45:10: ✅ teammember.emp_address exists
2026-06-12T15:45:10: ✅ telecalls.created_by exists
2026-06-12T15:45:10: ✅ telecalls.email exists
2026-06-12T15:45:10: ✅ walkins.assigned_to exists
2026-06-12T15:45:10: ✅ walkins.created_by exists
2026-06-12T15:45:10: ✅ walkins.email exists
2026-06-12T15:45:10: ✅ fields.assigned_to exists
2026-06-12T15:45:10: ✅ fields.created_by exists
2026-06-12T15:45:10: ✅ fields.email exists
2026-06-12T15:45:10: ✅ quotations.lead_id exists
2026-06-12T15:45:10: ✅ quotations.lead_type exists
2026-06-12T15:45:10: ✅ contracts.contract_type exists
2026-06-12T15:45:10: ✅ contracts.quotation_id exists
2026-06-12T15:45:10: ✅ contracts.mobile_number exists
2026-06-12T15:45:10: ✅ contracts.location_city exists
2026-06-12T15:45:10: ✅ amc_alc_services.labour_charges exists
2026-06-12T15:45:10: ✅ amc_alc_services.contract_title exists
2026-06-12T15:45:10: ✅ amc_alc_services.start_time exists
2026-06-12T15:45:10: ✅ amc_alc_services.end_time exists
2026-06-12T15:45:10: ✅ amc_alc_services.km exists
2026-06-12T15:45:10: ✅ amc_alc_services.technician exists
2026-06-12T15:45:10: ✅ amc_alc_services.sales_person exists
2026-06-12T15:45:10: ✅ amc_alc_services.remarks exists
2026-06-12T15:45:10: ✅ amc_alc_services.email exists
2026-06-12T15:45:10: ✅ amc_alc_services.next_service_date exists
2026-06-12T15:45:10: ✅ amc_alc_services.service_type exists
2026-06-12T15:45:10: ✅ task_targets.user_id exists
2026-06-12T15:45:10: ✅ task_targets.created_by_admin exists
2026-06-12T15:45:10: ✅ task_achievements.achieved_amount exists
2026-06-12T15:45:10: ✅ task_updates.amount exists
2026-06-12T15:45:10: ✅ call_reports.start_time exists
2026-06-12T15:45:10: ✅ call_reports.end_time exists
2026-06-12T15:45:10: ✅ call_reports.km exists
2026-06-12T15:45:10: ✅ call_reports.remarks exists
2026-06-12T15:45:10: ✅ call_reports.technician exists
2026-06-12T15:45:10: ✅ call_reports.sales_person exists
2026-06-12T15:45:10: ✅ tasks.assigned_teammember_id exists
2026-06-12T15:45:10: ✅ task_targets.teammember_id exists
2026-06-12T15:45:10: ✅ quotations.reference_no exists
2026-06-12T15:45:10: ✅ task_targets.carry_forward exists
2026-06-12T15:45:10: ✅ task_targets.effective_target exists
2026-06-12T15:45:10: ✅ task_targets.user_id exists
2026-06-12T15:45:10: ✅ task_targets.created_by_admin exists
2026-06-12T15:45:10: ✅ task_achievements.achieved_amount exists
2026-06-12T15:45:10: ✅ clients.created_by exists
2026-06-12T15:45:10: ✅ tasks.created_by exists
2026-06-12T15:45:10: ✅ tasks.task_description exists
2026-06-12T15:45:10: ✅ tasks.assigned_to exists
2026-06-12T15:45:10: ✅ quotations.created_by exists
2026-06-12T15:45:10: ✅ contracts.created_by exists
2026-06-12T15:45:10: ✅ contracts.client_company exists
2026-06-12T15:45:10: ✅ contracts.amount_value exists
2026-06-12T15:45:10: ✅ contracts.remaining exists
2026-06-12T15:45:10: ✅ contracts.email exists
2026-06-12T15:45:10: ✅ clientinvoices.created_by exists
2026-06-12T15:45:10: ✅ performainvoices.created_by exists
2026-06-12T15:45:10: ✅ services.created_by exists
2026-06-12T15:45:10: ✅ call_reports.created_by exists
2026-06-12T15:45:10: ✅ lead_activity.employee_id exists
2026-06-12T15:45:10: ✅ lead_escalations.missed_threshold_reached exists
2026-06-12T15:45:10: ✅ lead_escalations.employee_id exists
2026-06-12T15:45:10: ✅ performainvoices.is_latest exists
2026-06-12T15:45:10: ✅ performainvoices.version exists
2026-06-12T15:45:10: ✅ performainvoices.parent_id exists
2026-06-12T15:45:10: ✅ performa_invoice_items.uom exists
2026-06-12T15:45:10: ✅ performainvoice_items.uom exists
2026-06-12T15:45:10: ✅ task_assignments.response_notes exists
2026-06-12T15:45:10: ✅ call_reports.amount_collected exists
2026-06-12T15:45:10: ✅ call_reports.payment_mode exists
2026-06-12T15:45:10: ✅ call_reports.duration_limit exists
2026-06-12T15:45:10: ✅ call_reports.actual_duration exists
2026-06-12T15:45:10: ✅ call_reports.is_exceeded exists
2026-06-12T15:45:10: ✅ call_reports.assigned_time exists
2026-06-12T15:45:10: ✅ call_reports.call_id exists
2026-06-12T15:45:10: ✅ call_reports.session_id exists
2026-06-12T15:45:10: ✅ call_reports.client_name exists
2026-06-12T15:45:10: ✅ call_reports.staff_name exists
2026-06-12T15:45:10: ✅ call_reports.executive_name exists
2026-06-12T15:45:10: ✅ call_reports.phone exists
2026-06-12T15:45:10: ✅ call_reports.location exists
2026-06-12T15:45:10: ✅ call_reports.call_sequence exists
2026-06-12T15:45:10: ✅ call_reports.report_date exists
2026-06-12T15:45:10: ✅ call_reports.complaint exists
2026-06-12T15:45:10: ✅ call_reports.priority exists
2026-06-12T15:45:10: ✅ call_reports.call_type exists
2026-06-12T15:45:10: ✅ call_reports.payment_type exists
2026-06-12T15:45:10: ✅ call_reports.invoice_value exists
2026-06-12T15:45:10: ✅ call_reports.payment_status exists
2026-06-12T15:45:10: ✅ call_reports.petrol_charges exists
2026-06-12T15:45:10: ✅ call_reports.spare_parts_price exists
2026-06-12T15:45:10: ✅ call_reports.labour_charges exists
2026-06-12T15:45:10: ✅ call_reports.total_expenses exists
2026-06-12T15:45:10: ✅ call_reports.customer_name exists
2026-06-12T15:45:10: ✅ call_reports.mobile_number exists
2026-06-12T15:45:10: ✅ call_reports.location_city exists
2026-06-12T15:45:10: ✅ call_reports.contract_title exists
2026-06-12T15:45:10: ✅ call_reports.service_type exists
2026-06-12T15:45:10: ✅ call_reports.description exists
2026-06-12T15:45:10: ✅ call_reports.service_person exists
2026-06-12T15:45:10: ✅ call_reports.contract_id exists
2026-06-12T15:45:10: ✅ call_reports.call_referrer exists
2026-06-12T15:45:10: ✅ call_reports.step2_completed exists
2026-06-12T15:45:10: ✅ call_reports.email exists
2026-06-12T15:45:10: ✅ call_reports.status exists
2026-06-12T15:45:10: ✅ call_reports.gst_number exists
2026-06-12T15:45:10: ✅ call_reports.company_name exists
2026-06-12T15:45:10: ✅ call_reports.completed_at exists
2026-06-12T15:45:10: ✅ call_reports.carry_forward_date exists
2026-06-12T15:45:10: ✅ amc_alc_services.amount_collected exists
2026-06-12T15:45:10: ✅ amc_alc_services.payment_mode exists
2026-06-12T15:45:10: ✅ amc_alc_services.call_number exists
2026-06-12T15:45:10: ✅ amc_alc_services.breakpoints exists
2026-06-12T15:45:10: ✅ amc_alc_services.duration_limit exists
2026-06-12T15:45:10: ✅ clients.gst_number exists
2026-06-12T15:45:10: ✅ clients.company_name exists
2026-06-12T15:45:10: ✅ clients.service exists
2026-06-12T15:45:10: ✅ clients.alternate_phone exists
2026-06-12T15:45:10: ✅ clients.city exists
2026-06-12T15:45:10: ✅ clients.state exists
2026-06-12T15:45:10: ✅ clients.pincode exists
2026-06-12T15:45:10: ✅ clients.notes exists
2026-06-12T15:45:10: ✅ clients.client_status exists
2026-06-12T15:45:10: ✅ clients.original_lead_id exists
2026-06-12T15:45:10: ✅ clients.original_lead_type exists
2026-06-12T15:45:10: ✅ clients.converted_at exists
2026-06-12T15:45:10: ✅ clients.lead_email exists
2026-06-12T15:45:10: ✅ clients.lead_city exists
2026-06-12T15:45:10: ✅ clients.lead_reference exists
2026-06-12T15:45:10: ✅ clients.lead_purpose exists
2026-06-12T15:45:10: ✅ clients.client_status exists
2026-06-12T15:45:10: ✅ clients.lead_staff_name exists
2026-06-12T15:45:10: ✅ clients.lead_id_display exists
2026-06-12T15:45:10: ✅ clients.assigned_teammember_id exists
2026-06-12T15:45:10: ✅ clients.state exists
2026-06-12T15:45:10: ✅ clients.pincode exists
2026-06-12T15:45:10: ✅ users.emp_id exists
2026-06-12T15:45:10: ✅ quotations.reference_no exists
2026-06-12T15:45:10: ✅ quotations.from_address_id exists
2026-06-12T15:45:10: ✅ quotations.from_address_custom exists
2026-06-12T15:45:10: ✅ quotations.client_company exists
2026-06-12T15:45:10: ✅ quotations.client_address1 exists
2026-06-12T15:45:10: ✅ quotations.client_address2 exists
2026-06-12T15:45:10: ✅ quotations.client_city exists
2026-06-12T15:45:10: ✅ quotations.client_state exists
2026-06-12T15:45:10: ✅ quotations.client_pincode exists
2026-06-12T15:45:10: ✅ quotations.client_country exists
2026-06-12T15:45:10: ✅ quotations.tax_type exists
2026-06-12T15:45:10: ✅ quotations.custom_tax exists
2026-06-12T15:45:10: ✅ quotations.exec_name exists
2026-06-12T15:45:10: ✅ quotations.exec_phone exists
2026-06-12T15:45:10: ✅ quotations.exec_email exists
2026-06-12T15:45:10: ✅ quotations.terms_general exists
2026-06-12T15:45:10: ✅ quotations.terms_tax exists
2026-06-12T15:45:10: ✅ quotations.terms_project_period exists
2026-06-12T15:45:10: ✅ quotations.terms_validity exists
2026-06-12T15:45:10: ✅ quotations.terms_separate_orders exists
2026-06-12T15:45:10: ✅ quotations.terms_payment exists
2026-06-12T15:45:10: ✅ quotations.terms_payment_custom exists
2026-06-12T15:45:10: ✅ quotations.terms_warranty exists
2026-06-12T15:45:10: ✅ quotations.hsn_sac_code exists
2026-06-12T15:45:10: ✅ quotations.supplier_branch exists
2026-06-12T15:45:10: ✅ quotations.bank_details_id exists
2026-06-12T15:45:10: ✅ quotations.bank_company exists
2026-06-12T15:45:10: ✅ quotations.bank_name exists
2026-06-12T15:45:10: ✅ quotations.bank_account exists
2026-06-12T15:45:10: ✅ quotations.bank_ifsc exists
2026-06-12T15:45:10: ✅ quotations.bank_branch exists
2026-06-12T15:45:10: ✅ quotations.custom_terms exists
2026-06-12T15:45:10: ✅ quotations.is_latest exists
2026-06-12T15:45:10: ✅ quotations.parent_id exists
2026-06-12T15:45:10: ✅ quotations.version exists
2026-06-12T15:45:10: ✅ performainvoices.reference_no exists
2026-06-12T15:45:10: ✅ performainvoices.from_address_id exists
2026-06-12T15:45:10: ✅ performainvoices.from_address_custom exists
2026-06-12T15:45:10: ✅ performainvoices.client_company exists
2026-06-12T15:45:10: ✅ performainvoices.client_address1 exists
2026-06-12T15:45:10: ✅ performainvoices.client_address2 exists
2026-06-12T15:45:10: ✅ performainvoices.client_city exists
2026-06-12T15:45:10: ✅ performainvoices.client_state exists
2026-06-12T15:45:10: ✅ performainvoices.client_pincode exists
2026-06-12T15:45:10: ✅ performainvoices.client_country exists
2026-06-12T15:45:10: ✅ performainvoices.tax_type exists
2026-06-12T15:45:10: ✅ performainvoices.custom_tax exists
2026-06-12T15:45:10: ✅ performainvoices.exec_name exists
2026-06-12T15:45:10: ✅ performainvoices.exec_phone exists
2026-06-12T15:45:10: ✅ performainvoices.exec_email exists
2026-06-12T15:45:10: ✅ performainvoices.terms_general exists
2026-06-12T15:45:10: ✅ performainvoices.terms_tax exists
2026-06-12T15:45:10: ✅ performainvoices.terms_project_period exists
2026-06-12T15:45:10: ✅ performainvoices.terms_validity exists
2026-06-12T15:45:10: ✅ performainvoices.terms_separate_orders exists
2026-06-12T15:45:10: ✅ performainvoices.terms_payment exists
2026-06-12T15:45:10: ✅ performainvoices.terms_payment_custom exists
2026-06-12T15:45:10: ✅ performainvoices.terms_warranty exists
2026-06-12T15:45:10: ✅ performainvoices.hsn_sac_code exists
2026-06-12T15:45:10: ✅ performainvoices.supplier_branch exists
2026-06-12T15:45:10: ✅ performainvoices.bank_details_id exists
2026-06-12T15:45:10: ✅ performainvoices.bank_company exists
2026-06-12T15:45:10: ✅ performainvoices.bank_name exists
2026-06-12T15:45:10: ✅ performainvoices.bank_account exists
2026-06-12T15:45:10: ✅ performainvoices.bank_ifsc exists
2026-06-12T15:45:10: ✅ performainvoices.bank_branch exists
2026-06-12T15:45:10: ✅ performainvoices.custom_terms exists
2026-06-12T15:45:10: ✅ services.reference_no exists
2026-06-12T15:45:10: ✅ services.from_address_id exists
2026-06-12T15:45:10: ✅ services.from_address_custom exists
2026-06-12T15:45:10: ✅ services.client_company exists
2026-06-12T15:45:10: ✅ services.client_address1 exists
2026-06-12T15:45:10: ✅ services.client_address2 exists
2026-06-12T15:45:10: ✅ services.client_city exists
2026-06-12T15:45:10: ✅ services.client_state exists
2026-06-12T15:45:10: ✅ services.client_pincode exists
2026-06-12T15:45:10: ✅ services.client_country exists
2026-06-12T15:45:10: ✅ services.tax_type exists
2026-06-12T15:45:10: ✅ services.custom_tax exists
2026-06-12T15:45:10: ✅ services.exec_name exists
2026-06-12T15:45:10: ✅ services.exec_phone exists
2026-06-12T15:45:10: ✅ services.exec_email exists
2026-06-12T15:45:10: ✅ services.terms_general exists
2026-06-12T15:45:10: ✅ services.terms_tax exists
2026-06-12T15:45:10: ✅ services.terms_project_period exists
2026-06-12T15:45:10: ✅ services.terms_validity exists
2026-06-12T15:45:10: ✅ services.terms_separate_orders exists
2026-06-12T15:45:10: ✅ services.terms_payment exists
2026-06-12T15:45:10: ✅ services.terms_payment_custom exists
2026-06-12T15:45:10: ✅ services.terms_warranty exists
2026-06-12T15:45:10: ✅ services.hsn_sac_code exists
2026-06-12T15:45:10: ✅ services.supplier_branch exists
2026-06-12T15:45:10: ✅ services.bank_details_id exists
2026-06-12T15:45:10: ✅ services.bank_company exists
2026-06-12T15:45:10: ✅ services.bank_name exists
2026-06-12T15:45:10: ✅ services.bank_account exists
2026-06-12T15:45:10: ✅ services.bank_ifsc exists
2026-06-12T15:45:10: ✅ services.bank_branch exists
2026-06-12T15:45:10: ✅ services.custom_terms exists
2026-06-12T15:45:10: ✅ estimatenew.client_company exists
2026-06-12T15:45:10: ✅ estimatenew.client_address exists
2026-06-12T15:45:10: ✅ estimatenew.client_city exists
2026-06-12T15:45:10: ✅ estimatenew.client_state exists
2026-06-12T15:45:10: ✅ estimatenew.client_gst exists
2026-06-12T15:45:10: ✅ estimatenew.client_phone exists
2026-06-12T15:45:10: ✅ estimatenew.subtotal exists
2026-06-12T15:45:10: ✅ estimatenew.total_tax exists
2026-06-12T15:45:10: ✅ estimatenew.total_discount exists
2026-06-12T15:45:10: ✅ estimatenew.grand_total exists
2026-06-12T15:45:10: ✅ estimateclient.subtotal exists
2026-06-12T15:45:10: ✅ estimateclient.total_tax exists
2026-06-12T15:45:10: ✅ estimateclient.total_discount exists
2026-06-12T15:45:10: ✅ estimateclient.grand_total exists
2026-06-12T15:45:10: ✅ quotation_items.uom exists
2026-06-12T15:45:10: ✅ quotation_items.hsn_sac exists
2026-06-12T15:45:10: ✅ quotation_items.brand_model exists
2026-06-12T15:45:10: ✅ customers.gst_number exists
2026-06-12T15:45:10: ✅ customers.created_by exists
2026-06-12T15:45:10: ✅ users.last_name exists
2026-06-12T15:45:10: ✅ user_email_configs.smtp_secure exists
2026-06-12T15:45:10: ✅ user_email_configs.from_email_address exists
2026-06-12T15:45:10: ✅ user_email_configs.sender_name exists
2026-06-12T15:45:10: ✅ user_email_configs.provider exists
2026-06-12T15:45:10: ✅ user_email_configs.is_enabled exists
2026-06-12T15:45:10: ✅ users.two_factor_enabled exists
2026-06-12T15:45:10: ✅ quotations.gst_mode exists
2026-06-12T15:45:10: ✅ quotations.status exists
2026-06-12T15:45:10: ✅ performainvoices.gst_mode exists
2026-06-12T15:45:10: ✅ performainvoices.status exists
2026-06-12T15:45:10: ✅ estimate_invoices.gst_mode exists
2026-06-12T15:45:10: ✅ estimate_invoices.status exists
2026-06-12T15:45:10: ✅ service_estimations.gst_mode exists
2026-06-12T15:45:10: ✅ service_estimations.status exists
2026-06-12T15:45:10: ✅ services.gst_mode exists
2026-06-12T15:45:10: ✅ estimatenew.gst_mode exists
2026-06-12T15:45:10: Users role column updated
2026-06-12T15:45:10: Teammember emp_role updated
2026-06-12T15:45:11: Default employees seeded successfully.
2026-06-12T15:45:11: [Scheduler] Reminder escalation scheduler started (every 15 min)
2026-06-12T15:45:11: [Scheduler] End-of-day task scheduler started (daily at 6 PM)
2026-06-12T15:45:11: ✅ Server running: http://0.0.0.0:5000 [production]
2026-06-12T15:45:11: OTP email transporter is ready
2026-06-12T15:45:11: User 701 joined notifications channel
2026-06-12T15:45:12: User 708 joined notifications channel
2026-06-12T15:45:12: Admin joined notifications channel
2026-06-12T15:45:21: [Scheduler] Running initial task check...
2026-06-12T15:45:21: [Scheduler] End-of-day task check complete. Evaluated 1 incomplete tasks.
2026-06-12T15:45:21: [Scheduler] Daily summary notification already dispatched for today
2026-06-12T15:45:28: User 708 joined notifications channel
2026-06-12T15:45:28: Admin joined notifications channel
2026-06-12T15:45:28: User 701 joined notifications channel
2026-06-12T15:45:30: Client disconnected from notifications
2026-06-12T15:45:31: Client disconnected from notifications
2026-06-12T15:45:32: Client disconnected from notifications
2026-06-12T15:45:34: Client disconnected from notifications
2026-06-12T15:45:35: User 708 joined notifications channel
2026-06-12T15:45:35: Admin joined notifications channel
2026-06-12T15:46:06: Client disconnected from notifications
2026-06-12T15:46:06: User 708 joined notifications channel
2026-06-12T15:46:06: Admin joined notifications channel
2026-06-12T15:46:06: Client disconnected from notifications
2026-06-12T15:46:08: Client disconnected from notifications
2026-06-12T15:46:08: Client disconnected from notifications
2026-06-12T15:46:09: User 708 joined notifications channel
2026-06-12T15:46:09: Admin joined notifications channel
2026-06-12T15:46:09: Client disconnected from notifications
2026-06-12T15:46:09: User 708 joined notifications channel
2026-06-12T15:46:09: Admin joined notifications channel
2026-06-12T15:46:09: Client disconnected from notifications
2026-06-12T15:46:10: User 708 joined notifications channel
2026-06-12T15:46:10: Admin joined notifications channel
2026-06-12T15:46:46: User 709 joined notifications channel
2026-06-12T15:46:46: Admin joined notifications channel
2026-06-12T15:56:05: Client disconnected from notifications
2026-06-12T15:56:55: ◇ injected env (14) from .env // tip: ⌘ enable debugging { debug: true }
2026-06-12T15:56:55: ◇ injected env (0) from .env // tip: ⌘ custom filepath { path: '/custom/path/.env' }
2026-06-12T15:56:55: MySQL Connected (127.0.0.1:3306)
2026-06-12T15:56:55: Using database achme
2026-06-12T15:56:56: Database initialized successfully
2026-06-12T15:56:56: ✅ lead_reminders.reminder_time exists
2026-06-12T15:56:56: ✅ lead_reminders.missed_count exists
2026-06-12T15:56:56: ✅ lead_reminders.notification_sent exists
2026-06-12T15:56:56: ✅ lead_reminders.employee_id exists
2026-06-12T15:56:56: ✅ lead_escalations.missed_count exists
2026-06-12T15:56:56: ✅ users.status exists
2026-06-12T15:56:56: ✅ users.emp_id exists
2026-06-12T15:56:56: ✅ admin_notifications.related_id exists
2026-06-12T15:56:56: ✅ admin_notifications.related_type exists
2026-06-12T15:56:56: ✅ admin_notifications.created_by exists
2026-06-12T15:56:56: ✅ admin_notifications.priority exists
2026-06-12T15:56:56: ✅ admin_notifications.is_archived exists
2026-06-12T15:56:56: ✅ notifications.user_id exists
2026-06-12T15:56:56: ✅ notifications.type exists
2026-06-12T15:56:56: ✅ notifications.is_archived exists
2026-06-12T15:56:56: ✅ task_assignments.status exists
2026-06-12T15:56:56: ✅ teammember.mobile_number exists
2026-06-12T15:56:56: ✅ teammember.emp_id exists
2026-06-12T15:56:56: ✅ teammember.user_id exists
2026-06-12T15:56:56: ✅ teammember.emp_address exists
2026-06-12T15:56:56: ✅ telecalls.created_by exists
2026-06-12T15:56:56: ✅ telecalls.email exists
2026-06-12T15:56:56: ✅ walkins.assigned_to exists
2026-06-12T15:56:56: ✅ walkins.created_by exists
2026-06-12T15:56:56: ✅ walkins.email exists
2026-06-12T15:56:56: ✅ fields.assigned_to exists
2026-06-12T15:56:56: ✅ fields.created_by exists
2026-06-12T15:56:56: ✅ fields.email exists
2026-06-12T15:56:56: ✅ quotations.lead_id exists
2026-06-12T15:56:56: ✅ quotations.lead_type exists
2026-06-12T15:56:56: ✅ contracts.contract_type exists
2026-06-12T15:56:56: ✅ contracts.quotation_id exists
2026-06-12T15:56:56: ✅ contracts.mobile_number exists
2026-06-12T15:56:56: ✅ contracts.location_city exists
2026-06-12T15:56:56: ✅ amc_alc_services.labour_charges exists
2026-06-12T15:56:56: ✅ amc_alc_services.contract_title exists
2026-06-12T15:56:56: ✅ amc_alc_services.start_time exists
2026-06-12T15:56:56: ✅ amc_alc_services.end_time exists
2026-06-12T15:56:56: ✅ amc_alc_services.km exists
2026-06-12T15:56:56: ✅ amc_alc_services.technician exists
2026-06-12T15:56:56: ✅ amc_alc_services.sales_person exists
2026-06-12T15:56:56: ✅ amc_alc_services.remarks exists
2026-06-12T15:56:56: ✅ amc_alc_services.email exists
2026-06-12T15:56:56: ✅ amc_alc_services.next_service_date exists
2026-06-12T15:56:56: ✅ amc_alc_services.service_type exists
2026-06-12T15:56:56: ✅ task_targets.user_id exists
2026-06-12T15:56:56: ✅ task_targets.created_by_admin exists
2026-06-12T15:56:56: ✅ task_achievements.achieved_amount exists
2026-06-12T15:56:56: ✅ task_updates.amount exists
2026-06-12T15:56:56: ✅ call_reports.start_time exists
2026-06-12T15:56:56: ✅ call_reports.end_time exists
2026-06-12T15:56:56: ✅ call_reports.km exists
2026-06-12T15:56:56: ✅ call_reports.remarks exists
2026-06-12T15:56:56: ✅ call_reports.technician exists
2026-06-12T15:56:56: ✅ call_reports.sales_person exists
2026-06-12T15:56:56: ✅ tasks.assigned_teammember_id exists
2026-06-12T15:56:56: ✅ task_targets.teammember_id exists
2026-06-12T15:56:56: ✅ quotations.reference_no exists
2026-06-12T15:56:56: ✅ task_targets.carry_forward exists
2026-06-12T15:56:56: ✅ task_targets.effective_target exists
2026-06-12T15:56:56: ✅ task_targets.user_id exists
2026-06-12T15:56:56: ✅ task_targets.created_by_admin exists
2026-06-12T15:56:56: ✅ task_achievements.achieved_amount exists
2026-06-12T15:56:56: ✅ clients.created_by exists
2026-06-12T15:56:56: ✅ tasks.created_by exists
2026-06-12T15:56:56: ✅ tasks.task_description exists
2026-06-12T15:56:56: ✅ tasks.assigned_to exists
2026-06-12T15:56:56: ✅ quotations.created_by exists
2026-06-12T15:56:56: ✅ contracts.created_by exists
2026-06-12T15:56:56: ✅ contracts.client_company exists
2026-06-12T15:56:56: ✅ contracts.amount_value exists
2026-06-12T15:56:56: ✅ contracts.remaining exists
2026-06-12T15:56:56: ✅ contracts.email exists
2026-06-12T15:56:56: ✅ clientinvoices.created_by exists
2026-06-12T15:56:56: ✅ performainvoices.created_by exists
2026-06-12T15:56:56: ✅ services.created_by exists
2026-06-12T15:56:56: ✅ call_reports.created_by exists
2026-06-12T15:56:56: ✅ lead_activity.employee_id exists
2026-06-12T15:56:56: ✅ lead_escalations.missed_threshold_reached exists
2026-06-12T15:56:56: ✅ lead_escalations.employee_id exists
2026-06-12T15:56:56: ✅ performainvoices.is_latest exists
2026-06-12T15:56:56: ✅ performainvoices.version exists
2026-06-12T15:56:56: ✅ performainvoices.parent_id exists
2026-06-12T15:56:56: ✅ performa_invoice_items.uom exists
2026-06-12T15:56:56: ✅ performainvoice_items.uom exists
2026-06-12T15:56:56: ✅ task_assignments.response_notes exists
2026-06-12T15:56:56: ✅ call_reports.amount_collected exists
2026-06-12T15:56:56: ✅ call_reports.payment_mode exists
2026-06-12T15:56:56: ✅ call_reports.duration_limit exists
2026-06-12T15:56:56: ✅ call_reports.actual_duration exists
2026-06-12T15:56:56: ✅ call_reports.is_exceeded exists
2026-06-12T15:56:56: ✅ call_reports.assigned_time exists
2026-06-12T15:56:56: ✅ call_reports.call_id exists
2026-06-12T15:56:56: ✅ call_reports.session_id exists
2026-06-12T15:56:56: ✅ call_reports.client_name exists
2026-06-12T15:56:56: ✅ call_reports.staff_name exists
2026-06-12T15:56:56: ✅ call_reports.executive_name exists
2026-06-12T15:56:56: ✅ call_reports.phone exists
2026-06-12T15:56:56: ✅ call_reports.location exists
2026-06-12T15:56:56: ✅ call_reports.call_sequence exists
2026-06-12T15:56:56: ✅ call_reports.report_date exists
2026-06-12T15:56:56: ✅ call_reports.complaint exists
2026-06-12T15:56:56: ✅ call_reports.priority exists
2026-06-12T15:56:56: ✅ call_reports.call_type exists
2026-06-12T15:56:56: ✅ call_reports.payment_type exists
2026-06-12T15:56:56: ✅ call_reports.invoice_value exists
2026-06-12T15:56:56: ✅ call_reports.payment_status exists
2026-06-12T15:56:56: ✅ call_reports.petrol_charges exists
2026-06-12T15:56:56: ✅ call_reports.spare_parts_price exists
2026-06-12T15:56:56: ✅ call_reports.labour_charges exists
2026-06-12T15:56:56: ✅ call_reports.total_expenses exists
2026-06-12T15:56:56: ✅ call_reports.customer_name exists
2026-06-12T15:56:56: ✅ call_reports.mobile_number exists
2026-06-12T15:56:56: ✅ call_reports.location_city exists
2026-06-12T15:56:56: ✅ call_reports.contract_title exists
2026-06-12T15:56:56: ✅ call_reports.service_type exists
2026-06-12T15:56:56: ✅ call_reports.description exists
2026-06-12T15:56:56: ✅ call_reports.service_person exists
2026-06-12T15:56:56: ✅ call_reports.contract_id exists
2026-06-12T15:56:56: ✅ call_reports.call_referrer exists
2026-06-12T15:56:56: ✅ call_reports.step2_completed exists
2026-06-12T15:56:56: ✅ call_reports.email exists
2026-06-12T15:56:56: ✅ call_reports.status exists
2026-06-12T15:56:56: ✅ call_reports.gst_number exists
2026-06-12T15:56:56: ✅ call_reports.company_name exists
2026-06-12T15:56:56: ✅ call_reports.completed_at exists
2026-06-12T15:56:56: ✅ call_reports.carry_forward_date exists
2026-06-12T15:56:56: ✅ amc_alc_services.amount_collected exists
2026-06-12T15:56:56: ✅ amc_alc_services.payment_mode exists
2026-06-12T15:56:56: ✅ amc_alc_services.call_number exists
2026-06-12T15:56:56: ✅ amc_alc_services.breakpoints exists
2026-06-12T15:56:56: ✅ amc_alc_services.duration_limit exists
2026-06-12T15:56:56: ✅ clients.gst_number exists
2026-06-12T15:56:56: ✅ clients.company_name exists
2026-06-12T15:56:56: ✅ clients.service exists
2026-06-12T15:56:56: ✅ clients.alternate_phone exists
2026-06-12T15:56:56: ✅ clients.city exists
2026-06-12T15:56:56: ✅ clients.state exists
2026-06-12T15:56:56: ✅ clients.pincode exists
2026-06-12T15:56:56: ✅ clients.notes exists
2026-06-12T15:56:56: ✅ clients.client_status exists
2026-06-12T15:56:56: ✅ clients.original_lead_id exists
2026-06-12T15:56:56: ✅ clients.original_lead_type exists
2026-06-12T15:56:56: ✅ clients.converted_at exists
2026-06-12T15:56:56: ✅ clients.lead_email exists
2026-06-12T15:56:56: ✅ clients.lead_city exists
2026-06-12T15:56:56: ✅ clients.lead_reference exists
2026-06-12T15:56:56: ✅ clients.lead_purpose exists
2026-06-12T15:56:56: ✅ clients.client_status exists
2026-06-12T15:56:56: ✅ clients.lead_staff_name exists
2026-06-12T15:56:56: ✅ clients.lead_id_display exists
2026-06-12T15:56:56: ✅ clients.assigned_teammember_id exists
2026-06-12T15:56:56: ✅ clients.state exists
2026-06-12T15:56:56: ✅ clients.pincode exists
2026-06-12T15:56:56: ✅ users.emp_id exists
2026-06-12T15:56:56: ✅ quotations.reference_no exists
2026-06-12T15:56:56: ✅ quotations.from_address_id exists
2026-06-12T15:56:56: ✅ quotations.from_address_custom exists
2026-06-12T15:56:56: ✅ quotations.client_company exists
2026-06-12T15:56:56: ✅ quotations.client_address1 exists
2026-06-12T15:56:56: ✅ quotations.client_address2 exists
2026-06-12T15:56:56: ✅ quotations.client_city exists
2026-06-12T15:56:56: ✅ quotations.client_state exists
2026-06-12T15:56:56: ✅ quotations.client_pincode exists
2026-06-12T15:56:56: ✅ quotations.client_country exists
2026-06-12T15:56:56: ✅ quotations.tax_type exists
2026-06-12T15:56:56: ✅ quotations.custom_tax exists
2026-06-12T15:56:56: ✅ quotations.exec_name exists
2026-06-12T15:56:56: ✅ quotations.exec_phone exists
2026-06-12T15:56:56: ✅ quotations.exec_email exists
2026-06-12T15:56:56: ✅ quotations.terms_general exists
2026-06-12T15:56:56: ✅ quotations.terms_tax exists
2026-06-12T15:56:56: ✅ quotations.terms_project_period exists
2026-06-12T15:56:56: ✅ quotations.terms_validity exists
2026-06-12T15:56:56: ✅ quotations.terms_separate_orders exists
2026-06-12T15:56:56: ✅ quotations.terms_payment exists
2026-06-12T15:56:56: ✅ quotations.terms_payment_custom exists
2026-06-12T15:56:56: ✅ quotations.terms_warranty exists
2026-06-12T15:56:56: ✅ quotations.hsn_sac_code exists
2026-06-12T15:56:56: ✅ quotations.supplier_branch exists
2026-06-12T15:56:56: ✅ quotations.bank_details_id exists
2026-06-12T15:56:56: ✅ quotations.bank_company exists
2026-06-12T15:56:56: ✅ quotations.bank_name exists
2026-06-12T15:56:56: ✅ quotations.bank_account exists
2026-06-12T15:56:56: ✅ quotations.bank_ifsc exists
2026-06-12T15:56:56: ✅ quotations.bank_branch exists
2026-06-12T15:56:56: ✅ quotations.custom_terms exists
2026-06-12T15:56:56: ✅ quotations.is_latest exists
2026-06-12T15:56:56: ✅ quotations.parent_id exists
2026-06-12T15:56:56: ✅ quotations.version exists
2026-06-12T15:56:56: ✅ performainvoices.reference_no exists
2026-06-12T15:56:56: ✅ performainvoices.from_address_id exists
2026-06-12T15:56:56: ✅ performainvoices.from_address_custom exists
2026-06-12T15:56:56: ✅ performainvoices.client_company exists
2026-06-12T15:56:56: ✅ performainvoices.client_address1 exists
2026-06-12T15:56:56: ✅ performainvoices.client_address2 exists
2026-06-12T15:56:56: ✅ performainvoices.client_city exists
2026-06-12T15:56:56: ✅ performainvoices.client_state exists
2026-06-12T15:56:56: ✅ performainvoices.client_pincode exists
2026-06-12T15:56:56: ✅ performainvoices.client_country exists
2026-06-12T15:56:56: ✅ performainvoices.tax_type exists
2026-06-12T15:56:56: ✅ performainvoices.custom_tax exists
2026-06-12T15:56:56: ✅ performainvoices.exec_name exists
2026-06-12T15:56:56: ✅ performainvoices.exec_phone exists
2026-06-12T15:56:56: ✅ performainvoices.exec_email exists
2026-06-12T15:56:56: ✅ performainvoices.terms_general exists
2026-06-12T15:56:56: ✅ performainvoices.terms_tax exists
2026-06-12T15:56:56: ✅ performainvoices.terms_project_period exists
2026-06-12T15:56:56: ✅ performainvoices.terms_validity exists
2026-06-12T15:56:56: ✅ performainvoices.terms_separate_orders exists
2026-06-12T15:56:56: ✅ performainvoices.terms_payment exists
2026-06-12T15:56:56: ✅ performainvoices.terms_payment_custom exists
2026-06-12T15:56:56: ✅ performainvoices.terms_warranty exists
2026-06-12T15:56:56: ✅ performainvoices.hsn_sac_code exists
2026-06-12T15:56:56: ✅ performainvoices.supplier_branch exists
2026-06-12T15:56:56: ✅ performainvoices.bank_details_id exists
2026-06-12T15:56:56: ✅ performainvoices.bank_company exists
2026-06-12T15:56:56: ✅ performainvoices.bank_name exists
2026-06-12T15:56:56: ✅ performainvoices.bank_account exists
2026-06-12T15:56:56: ✅ performainvoices.bank_ifsc exists
2026-06-12T15:56:56: ✅ performainvoices.bank_branch exists
2026-06-12T15:56:56: ✅ performainvoices.custom_terms exists
2026-06-12T15:56:56: ✅ services.reference_no exists
2026-06-12T15:56:56: ✅ services.from_address_id exists
2026-06-12T15:56:56: ✅ services.from_address_custom exists
2026-06-12T15:56:56: ✅ services.client_company exists
2026-06-12T15:56:56: ✅ services.client_address1 exists
2026-06-12T15:56:56: ✅ services.client_address2 exists
2026-06-12T15:56:56: ✅ services.client_city exists
2026-06-12T15:56:56: ✅ services.client_state exists
2026-06-12T15:56:56: ✅ services.client_pincode exists
2026-06-12T15:56:56: ✅ services.client_country exists
2026-06-12T15:56:56: ✅ services.tax_type exists
2026-06-12T15:56:56: ✅ services.custom_tax exists
2026-06-12T15:56:56: ✅ services.exec_name exists
2026-06-12T15:56:56: ✅ services.exec_phone exists
2026-06-12T15:56:56: ✅ services.exec_email exists
2026-06-12T15:56:56: ✅ services.terms_general exists
2026-06-12T15:56:56: ✅ services.terms_tax exists
2026-06-12T15:56:56: ✅ services.terms_project_period exists
2026-06-12T15:56:56: ✅ services.terms_validity exists
2026-06-12T15:56:56: ✅ services.terms_separate_orders exists
2026-06-12T15:56:56: ✅ services.terms_payment exists
2026-06-12T15:56:56: ✅ services.terms_payment_custom exists
2026-06-12T15:56:56: ✅ services.terms_warranty exists
2026-06-12T15:56:56: ✅ services.hsn_sac_code exists
2026-06-12T15:56:56: ✅ services.supplier_branch exists
2026-06-12T15:56:56: ✅ services.bank_details_id exists
2026-06-12T15:56:56: ✅ services.bank_company exists
2026-06-12T15:56:56: ✅ services.bank_name exists
2026-06-12T15:56:56: ✅ services.bank_account exists
2026-06-12T15:56:56: ✅ services.bank_ifsc exists
2026-06-12T15:56:56: ✅ services.bank_branch exists
2026-06-12T15:56:56: ✅ services.custom_terms exists
2026-06-12T15:56:56: ✅ estimatenew.client_company exists
2026-06-12T15:56:56: ✅ estimatenew.client_address exists
2026-06-12T15:56:56: ✅ estimatenew.client_city exists
2026-06-12T15:56:56: ✅ estimatenew.client_state exists
2026-06-12T15:56:56: ✅ estimatenew.client_gst exists
2026-06-12T15:56:56: ✅ estimatenew.client_phone exists
2026-06-12T15:56:56: ✅ estimatenew.subtotal exists
2026-06-12T15:56:56: ✅ estimatenew.total_tax exists
2026-06-12T15:56:56: ✅ estimatenew.total_discount exists
2026-06-12T15:56:56: ✅ estimatenew.grand_total exists
2026-06-12T15:56:56: ✅ estimateclient.subtotal exists
2026-06-12T15:56:56: ✅ estimateclient.total_tax exists
2026-06-12T15:56:56: ✅ estimateclient.total_discount exists
2026-06-12T15:56:56: ✅ estimateclient.grand_total exists
2026-06-12T15:56:56: ✅ quotation_items.uom exists
2026-06-12T15:56:56: ✅ quotation_items.hsn_sac exists
2026-06-12T15:56:56: ✅ quotation_items.brand_model exists
2026-06-12T15:56:56: ✅ customers.gst_number exists
2026-06-12T15:56:56: ✅ customers.created_by exists
2026-06-12T15:56:56: ✅ users.last_name exists
2026-06-12T15:56:56: ✅ user_email_configs.smtp_secure exists
2026-06-12T15:56:56: ✅ user_email_configs.from_email_address exists
2026-06-12T15:56:56: ✅ user_email_configs.sender_name exists
2026-06-12T15:56:56: ✅ user_email_configs.provider exists
2026-06-12T15:56:56: ✅ user_email_configs.is_enabled exists
2026-06-12T15:56:56: ✅ users.two_factor_enabled exists
2026-06-12T15:56:56: ✅ quotations.gst_mode exists
2026-06-12T15:56:56: ✅ quotations.status exists
2026-06-12T15:56:56: ✅ performainvoices.gst_mode exists
2026-06-12T15:56:56: ✅ performainvoices.status exists
2026-06-12T15:56:56: ✅ estimate_invoices.gst_mode exists
2026-06-12T15:56:56: ✅ estimate_invoices.status exists
2026-06-12T15:56:56: ✅ service_estimations.gst_mode exists
2026-06-12T15:56:56: ✅ service_estimations.status exists
2026-06-12T15:56:56: ✅ services.gst_mode exists
2026-06-12T15:56:56: ✅ estimatenew.gst_mode exists
2026-06-12T15:56:56: ✅ Create table pi_from_addresses
2026-06-12T15:56:56: ✅ Create table email_otp
2026-06-12T15:56:56: ✅ Create table payments
2026-06-12T15:56:56: ✅ Create table clientinvoices
2026-06-12T15:56:56: ✅ Create table messages
2026-06-12T15:56:56: ✅ Create table service_items
2026-06-12T15:56:56: ✅ Create table service_estimations
2026-06-12T15:56:56: ✅ Create table service_estimation_items
2026-06-12T15:56:56: ✅ Create table estimate_invoices
2026-06-12T15:56:56: ✅ Create table estimate_invoice_items
2026-06-12T15:56:56: ✅ Create table estimate_items
2026-06-12T15:56:56: ✅ Create table performainvoice_items
2026-06-12T15:56:56: ✅ Create table performainvoices
2026-06-12T15:56:56: ✅ Create table services
2026-06-12T15:56:56: ✅ Create table customers
2026-06-12T15:56:56: ✅ Create table quotations
2026-06-12T15:56:56: ✅ Create table quotation_items
2026-06-12T15:56:56: ✅ Create table lead_reminders
2026-06-12T15:56:56: ✅ Create table lead_activity
2026-06-12T15:56:56: ✅ Create table lead_escalations
2026-06-12T15:56:56: ✅ Create table admin_notifications
2026-06-12T15:56:56: ✅ Create table profile_change_requests
2026-06-12T15:56:56: ✅ Create table amc_alc_services
2026-06-12T15:56:56: ✅ Create table service_activity
2026-06-12T15:56:56: ✅ Create table task_targets
2026-06-12T15:56:56: ✅ Create table task_achievements
2026-06-12T15:56:56: ✅ Create table task_updates
2026-06-12T15:56:56: ✅ Create table call_reports
2026-06-12T15:56:56: ✅ Create table task_activity
2026-06-12T15:56:56: ✅ Create table notifications
2026-06-12T15:56:56: ✅ Create table task_assignments
2026-06-12T15:56:56: ✅ Create table clients
2026-06-12T15:56:56: ✅ Create table user_email_configs
2026-06-12T15:56:56: ✅ lead_reminders.reminder_time exists
2026-06-12T15:56:56: ✅ lead_reminders.missed_count exists
2026-06-12T15:56:56: ✅ lead_reminders.notification_sent exists
2026-06-12T15:56:56: ✅ lead_reminders.employee_id exists
2026-06-12T15:56:56: ✅ lead_escalations.missed_count exists
2026-06-12T15:56:56: ✅ users.status exists
2026-06-12T15:56:56: ✅ users.emp_id exists
2026-06-12T15:56:56: ✅ admin_notifications.related_id exists
2026-06-12T15:56:56: ✅ admin_notifications.related_type exists
2026-06-12T15:56:56: ✅ admin_notifications.created_by exists
2026-06-12T15:56:56: ✅ admin_notifications.priority exists
2026-06-12T15:56:56: ✅ admin_notifications.is_archived exists
2026-06-12T15:56:56: ✅ notifications.user_id exists
2026-06-12T15:56:56: ✅ notifications.type exists
2026-06-12T15:56:56: ✅ notifications.is_archived exists
2026-06-12T15:56:56: ✅ task_assignments.status exists
2026-06-12T15:56:56: ✅ teammember.mobile_number exists
2026-06-12T15:56:56: ✅ teammember.emp_id exists
2026-06-12T15:56:56: ✅ teammember.user_id exists
2026-06-12T15:56:56: ✅ teammember.emp_address exists
2026-06-12T15:56:56: ✅ telecalls.created_by exists
2026-06-12T15:56:56: ✅ telecalls.email exists
2026-06-12T15:56:56: ✅ walkins.assigned_to exists
2026-06-12T15:56:56: ✅ walkins.created_by exists
2026-06-12T15:56:56: ✅ walkins.email exists
2026-06-12T15:56:56: ✅ fields.assigned_to exists
2026-06-12T15:56:56: ✅ fields.created_by exists
2026-06-12T15:56:56: ✅ fields.email exists
2026-06-12T15:56:56: ✅ quotations.lead_id exists
2026-06-12T15:56:56: ✅ quotations.lead_type exists
2026-06-12T15:56:56: ✅ contracts.contract_type exists
2026-06-12T15:56:56: ✅ contracts.quotation_id exists
2026-06-12T15:56:56: ✅ contracts.mobile_number exists
2026-06-12T15:56:56: ✅ contracts.location_city exists
2026-06-12T15:56:56: ✅ amc_alc_services.labour_charges exists
2026-06-12T15:56:56: ✅ amc_alc_services.contract_title exists
2026-06-12T15:56:56: ✅ amc_alc_services.start_time exists
2026-06-12T15:56:56: ✅ amc_alc_services.end_time exists
2026-06-12T15:56:56: ✅ amc_alc_services.km exists
2026-06-12T15:56:56: ✅ amc_alc_services.technician exists
2026-06-12T15:56:56: ✅ amc_alc_services.sales_person exists
2026-06-12T15:56:56: ✅ amc_alc_services.remarks exists
2026-06-12T15:56:56: ✅ amc_alc_services.email exists
2026-06-12T15:56:56: ✅ amc_alc_services.next_service_date exists
2026-06-12T15:56:56: ✅ amc_alc_services.service_type exists
2026-06-12T15:56:56: ✅ task_targets.user_id exists
2026-06-12T15:56:56: ✅ task_targets.created_by_admin exists
2026-06-12T15:56:56: ✅ task_achievements.achieved_amount exists
2026-06-12T15:56:56: ✅ task_updates.amount exists
2026-06-12T15:56:56: ✅ call_reports.start_time exists
2026-06-12T15:56:56: ✅ call_reports.end_time exists
2026-06-12T15:56:56: ✅ call_reports.km exists
2026-06-12T15:56:56: ✅ call_reports.remarks exists
2026-06-12T15:56:56: ✅ call_reports.technician exists
2026-06-12T15:56:56: ✅ call_reports.sales_person exists
2026-06-12T15:56:56: ✅ tasks.assigned_teammember_id exists
2026-06-12T15:56:56: ✅ task_targets.teammember_id exists
2026-06-12T15:56:56: ✅ quotations.reference_no exists
2026-06-12T15:56:56: ✅ task_targets.carry_forward exists
2026-06-12T15:56:56: ✅ task_targets.effective_target exists
2026-06-12T15:56:56: ✅ task_targets.user_id exists
2026-06-12T15:56:56: ✅ task_targets.created_by_admin exists
2026-06-12T15:56:56: ✅ task_achievements.achieved_amount exists
2026-06-12T15:56:56: ✅ clients.created_by exists
2026-06-12T15:56:56: ✅ tasks.created_by exists
2026-06-12T15:56:56: ✅ tasks.task_description exists
2026-06-12T15:56:56: ✅ tasks.assigned_to exists
2026-06-12T15:56:56: ✅ quotations.created_by exists
2026-06-12T15:56:56: ✅ contracts.created_by exists
2026-06-12T15:56:56: ✅ contracts.client_company exists
2026-06-12T15:56:56: ✅ contracts.amount_value exists
2026-06-12T15:56:56: ✅ contracts.remaining exists
2026-06-12T15:56:56: ✅ contracts.email exists
2026-06-12T15:56:56: ✅ clientinvoices.created_by exists
2026-06-12T15:56:56: ✅ performainvoices.created_by exists
2026-06-12T15:56:56: ✅ services.created_by exists
2026-06-12T15:56:56: ✅ call_reports.created_by exists
2026-06-12T15:56:56: ✅ lead_activity.employee_id exists
2026-06-12T15:56:56: ✅ lead_escalations.missed_threshold_reached exists
2026-06-12T15:56:56: ✅ lead_escalations.employee_id exists
2026-06-12T15:56:56: ✅ performainvoices.is_latest exists
2026-06-12T15:56:56: ✅ performainvoices.version exists
2026-06-12T15:56:56: ✅ performainvoices.parent_id exists
2026-06-12T15:56:56: ✅ performa_invoice_items.uom exists
2026-06-12T15:56:56: ✅ performainvoice_items.uom exists
2026-06-12T15:56:56: ✅ task_assignments.response_notes exists
2026-06-12T15:56:56: ✅ call_reports.amount_collected exists
2026-06-12T15:56:56: ✅ call_reports.payment_mode exists
2026-06-12T15:56:56: ✅ call_reports.duration_limit exists
2026-06-12T15:56:56: ✅ call_reports.actual_duration exists
2026-06-12T15:56:56: ✅ call_reports.is_exceeded exists
2026-06-12T15:56:56: ✅ call_reports.assigned_time exists
2026-06-12T15:56:56: ✅ call_reports.call_id exists
2026-06-12T15:56:56: ✅ call_reports.session_id exists
2026-06-12T15:56:56: ✅ call_reports.client_name exists
2026-06-12T15:56:56: ✅ call_reports.staff_name exists
2026-06-12T15:56:56: ✅ call_reports.executive_name exists
2026-06-12T15:56:56: ✅ call_reports.phone exists
2026-06-12T15:56:56: ✅ call_reports.location exists
2026-06-12T15:56:56: ✅ call_reports.call_sequence exists
2026-06-12T15:56:56: ✅ call_reports.report_date exists
2026-06-12T15:56:56: ✅ call_reports.complaint exists
2026-06-12T15:56:56: ✅ call_reports.priority exists
2026-06-12T15:56:56: ✅ call_reports.call_type exists
2026-06-12T15:56:56: ✅ call_reports.payment_type exists
2026-06-12T15:56:56: ✅ call_reports.invoice_value exists
2026-06-12T15:56:56: ✅ call_reports.payment_status exists
2026-06-12T15:56:56: ✅ call_reports.petrol_charges exists
2026-06-12T15:56:56: ✅ call_reports.spare_parts_price exists
2026-06-12T15:56:56: ✅ call_reports.labour_charges exists
2026-06-12T15:56:56: ✅ call_reports.total_expenses exists
2026-06-12T15:56:56: ✅ call_reports.customer_name exists
2026-06-12T15:56:56: ✅ call_reports.mobile_number exists
2026-06-12T15:56:56: ✅ call_reports.location_city exists
2026-06-12T15:56:56: ✅ call_reports.contract_title exists
2026-06-12T15:56:56: ✅ call_reports.service_type exists
2026-06-12T15:56:56: ✅ call_reports.description exists
2026-06-12T15:56:56: ✅ call_reports.service_person exists
2026-06-12T15:56:56: ✅ call_reports.contract_id exists
2026-06-12T15:56:56: ✅ call_reports.call_referrer exists
2026-06-12T15:56:56: ✅ call_reports.step2_completed exists
2026-06-12T15:56:56: ✅ call_reports.email exists
2026-06-12T15:56:56: ✅ call_reports.status exists
2026-06-12T15:56:56: ✅ call_reports.gst_number exists
2026-06-12T15:56:56: ✅ call_reports.company_name exists
2026-06-12T15:56:56: ✅ call_reports.completed_at exists
2026-06-12T15:56:56: ✅ call_reports.carry_forward_date exists
2026-06-12T15:56:56: ✅ amc_alc_services.amount_collected exists
2026-06-12T15:56:56: ✅ amc_alc_services.payment_mode exists
2026-06-12T15:56:56: ✅ amc_alc_services.call_number exists
2026-06-12T15:56:56: ✅ amc_alc_services.breakpoints exists
2026-06-12T15:56:56: ✅ amc_alc_services.duration_limit exists
2026-06-12T15:56:56: ✅ clients.gst_number exists
2026-06-12T15:56:56: ✅ clients.company_name exists
2026-06-12T15:56:56: ✅ clients.service exists
2026-06-12T15:56:56: ✅ clients.alternate_phone exists
2026-06-12T15:56:56: ✅ clients.city exists
2026-06-12T15:56:56: ✅ clients.state exists
2026-06-12T15:56:56: ✅ clients.pincode exists
2026-06-12T15:56:56: ✅ clients.notes exists
2026-06-12T15:56:56: ✅ clients.client_status exists
2026-06-12T15:56:56: ✅ clients.original_lead_id exists
2026-06-12T15:56:56: ✅ clients.original_lead_type exists
2026-06-12T15:56:56: ✅ clients.converted_at exists
2026-06-12T15:56:56: ✅ clients.lead_email exists
2026-06-12T15:56:56: ✅ clients.lead_city exists
2026-06-12T15:56:56: ✅ clients.lead_reference exists
2026-06-12T15:56:56: ✅ clients.lead_purpose exists
2026-06-12T15:56:56: ✅ clients.client_status exists
2026-06-12T15:56:56: ✅ clients.lead_staff_name exists
2026-06-12T15:56:56: ✅ clients.lead_id_display exists
2026-06-12T15:56:56: ✅ clients.assigned_teammember_id exists
2026-06-12T15:56:56: ✅ clients.state exists
2026-06-12T15:56:56: ✅ clients.pincode exists
2026-06-12T15:56:56: ✅ users.emp_id exists
2026-06-12T15:56:56: ✅ quotations.reference_no exists
2026-06-12T15:56:56: ✅ quotations.from_address_id exists
2026-06-12T15:56:56: ✅ quotations.from_address_custom exists
2026-06-12T15:56:56: ✅ quotations.client_company exists
2026-06-12T15:56:56: ✅ quotations.client_address1 exists
2026-06-12T15:56:56: ✅ quotations.client_address2 exists
2026-06-12T15:56:56: ✅ quotations.client_city exists
2026-06-12T15:56:56: ✅ quotations.client_state exists
2026-06-12T15:56:57: ✅ quotations.client_pincode exists
2026-06-12T15:56:57: ✅ quotations.client_country exists
2026-06-12T15:56:57: ✅ quotations.tax_type exists
2026-06-12T15:56:57: ✅ quotations.custom_tax exists
2026-06-12T15:56:57: ✅ quotations.exec_name exists
2026-06-12T15:56:57: ✅ quotations.exec_phone exists
2026-06-12T15:56:57: ✅ quotations.exec_email exists
2026-06-12T15:56:57: ✅ quotations.terms_general exists
2026-06-12T15:56:57: ✅ quotations.terms_tax exists
2026-06-12T15:56:57: ✅ quotations.terms_project_period exists
2026-06-12T15:56:57: ✅ quotations.terms_validity exists
2026-06-12T15:56:57: ✅ quotations.terms_separate_orders exists
2026-06-12T15:56:57: ✅ quotations.terms_payment exists
2026-06-12T15:56:57: ✅ quotations.terms_payment_custom exists
2026-06-12T15:56:57: ✅ quotations.terms_warranty exists
2026-06-12T15:56:57: ✅ quotations.hsn_sac_code exists
2026-06-12T15:56:57: ✅ quotations.supplier_branch exists
2026-06-12T15:56:57: ✅ quotations.bank_details_id exists
2026-06-12T15:56:57: ✅ quotations.bank_company exists
2026-06-12T15:56:57: ✅ quotations.bank_name exists
2026-06-12T15:56:57: ✅ quotations.bank_account exists
2026-06-12T15:56:57: ✅ quotations.bank_ifsc exists
2026-06-12T15:56:57: ✅ quotations.bank_branch exists
2026-06-12T15:56:57: ✅ quotations.custom_terms exists
2026-06-12T15:56:57: ✅ quotations.is_latest exists
2026-06-12T15:56:57: ✅ quotations.parent_id exists
2026-06-12T15:56:57: ✅ quotations.version exists
2026-06-12T15:56:57: ✅ performainvoices.reference_no exists
2026-06-12T15:56:57: ✅ performainvoices.from_address_id exists
2026-06-12T15:56:57: ✅ performainvoices.from_address_custom exists
2026-06-12T15:56:57: ✅ performainvoices.client_company exists
2026-06-12T15:56:57: ✅ performainvoices.client_address1 exists
2026-06-12T15:56:57: ✅ performainvoices.client_address2 exists
2026-06-12T15:56:57: ✅ performainvoices.client_city exists
2026-06-12T15:56:57: ✅ performainvoices.client_state exists
2026-06-12T15:56:57: ✅ performainvoices.client_pincode exists
2026-06-12T15:56:57: ✅ performainvoices.client_country exists
2026-06-12T15:56:57: ✅ performainvoices.tax_type exists
2026-06-12T15:56:57: ✅ performainvoices.custom_tax exists
2026-06-12T15:56:57: ✅ performainvoices.exec_name exists
2026-06-12T15:56:57: ✅ performainvoices.exec_phone exists
2026-06-12T15:56:57: ✅ performainvoices.exec_email exists
2026-06-12T15:56:57: ✅ performainvoices.terms_general exists
2026-06-12T15:56:57: ✅ performainvoices.terms_tax exists
2026-06-12T15:56:57: ✅ performainvoices.terms_project_period exists
2026-06-12T15:56:57: ✅ performainvoices.terms_validity exists
2026-06-12T15:56:57: ✅ performainvoices.terms_separate_orders exists
2026-06-12T15:56:57: ✅ performainvoices.terms_payment exists
2026-06-12T15:56:57: ✅ performainvoices.terms_payment_custom exists
2026-06-12T15:56:57: ✅ performainvoices.terms_warranty exists
2026-06-12T15:56:57: ✅ performainvoices.hsn_sac_code exists
2026-06-12T15:56:57: ✅ performainvoices.supplier_branch exists
2026-06-12T15:56:57: ✅ performainvoices.bank_details_id exists
2026-06-12T15:56:57: ✅ performainvoices.bank_company exists
2026-06-12T15:56:57: ✅ performainvoices.bank_name exists
2026-06-12T15:56:57: ✅ performainvoices.bank_account exists
2026-06-12T15:56:57: ✅ performainvoices.bank_ifsc exists
2026-06-12T15:56:57: ✅ performainvoices.bank_branch exists
2026-06-12T15:56:57: ✅ performainvoices.custom_terms exists
2026-06-12T15:56:57: ✅ services.reference_no exists
2026-06-12T15:56:57: ✅ services.from_address_id exists
2026-06-12T15:56:57: ✅ services.from_address_custom exists
2026-06-12T15:56:57: ✅ services.client_company exists
2026-06-12T15:56:57: ✅ services.client_address1 exists
2026-06-12T15:56:57: ✅ services.client_address2 exists
2026-06-12T15:56:57: ✅ services.client_city exists
2026-06-12T15:56:57: ✅ services.client_state exists
2026-06-12T15:56:57: ✅ services.client_pincode exists
2026-06-12T15:56:57: ✅ services.client_country exists
2026-06-12T15:56:57: ✅ services.tax_type exists
2026-06-12T15:56:57: ✅ services.custom_tax exists
2026-06-12T15:56:57: ✅ services.exec_name exists
2026-06-12T15:56:57: ✅ services.exec_phone exists
2026-06-12T15:56:57: ✅ services.exec_email exists
2026-06-12T15:56:57: ✅ services.terms_general exists
2026-06-12T15:56:57: ✅ services.terms_tax exists
2026-06-12T15:56:57: ✅ services.terms_project_period exists
2026-06-12T15:56:57: ✅ services.terms_validity exists
2026-06-12T15:56:57: ✅ services.terms_separate_orders exists
2026-06-12T15:56:57: ✅ services.terms_payment exists
2026-06-12T15:56:57: ✅ services.terms_payment_custom exists
2026-06-12T15:56:57: ✅ services.terms_warranty exists
2026-06-12T15:56:57: ✅ services.hsn_sac_code exists
2026-06-12T15:56:57: ✅ services.supplier_branch exists
2026-06-12T15:56:57: ✅ services.bank_details_id exists
2026-06-12T15:56:57: ✅ services.bank_company exists
2026-06-12T15:56:57: ✅ services.bank_name exists
2026-06-12T15:56:57: ✅ services.bank_account exists
2026-06-12T15:56:57: ✅ services.bank_ifsc exists
2026-06-12T15:56:57: ✅ services.bank_branch exists
2026-06-12T15:56:57: ✅ services.custom_terms exists
2026-06-12T15:56:57: ✅ estimatenew.client_company exists
2026-06-12T15:56:57: ✅ estimatenew.client_address exists
2026-06-12T15:56:57: ✅ estimatenew.client_city exists
2026-06-12T15:56:57: ✅ estimatenew.client_state exists
2026-06-12T15:56:57: ✅ estimatenew.client_gst exists
2026-06-12T15:56:57: ✅ estimatenew.client_phone exists
2026-06-12T15:56:57: ✅ estimatenew.subtotal exists
2026-06-12T15:56:57: ✅ estimatenew.total_tax exists
2026-06-12T15:56:57: ✅ estimatenew.total_discount exists
2026-06-12T15:56:57: ✅ estimatenew.grand_total exists
2026-06-12T15:56:57: ✅ estimateclient.subtotal exists
2026-06-12T15:56:57: ✅ estimateclient.total_tax exists
2026-06-12T15:56:57: ✅ estimateclient.total_discount exists
2026-06-12T15:56:57: ✅ estimateclient.grand_total exists
2026-06-12T15:56:57: ✅ quotation_items.uom exists
2026-06-12T15:56:57: ✅ quotation_items.hsn_sac exists
2026-06-12T15:56:57: ✅ quotation_items.brand_model exists
2026-06-12T15:56:57: ✅ customers.gst_number exists
2026-06-12T15:56:57: ✅ customers.created_by exists
2026-06-12T15:56:57: ✅ users.last_name exists
2026-06-12T15:56:57: ✅ user_email_configs.smtp_secure exists
2026-06-12T15:56:57: ✅ user_email_configs.from_email_address exists
2026-06-12T15:56:57: ✅ user_email_configs.sender_name exists
2026-06-12T15:56:57: ✅ user_email_configs.provider exists
2026-06-12T15:56:57: ✅ user_email_configs.is_enabled exists
2026-06-12T15:56:57: ✅ users.two_factor_enabled exists
2026-06-12T15:56:57: ✅ quotations.gst_mode exists
2026-06-12T15:56:57: ✅ quotations.status exists
2026-06-12T15:56:57: ✅ performainvoices.gst_mode exists
2026-06-12T15:56:57: ✅ performainvoices.status exists
2026-06-12T15:56:57: ✅ estimate_invoices.gst_mode exists
2026-06-12T15:56:57: ✅ estimate_invoices.status exists
2026-06-12T15:56:57: ✅ service_estimations.gst_mode exists
2026-06-12T15:56:57: ✅ service_estimations.status exists
2026-06-12T15:56:57: ✅ services.gst_mode exists
2026-06-12T15:56:57: ✅ estimatenew.gst_mode exists
2026-06-12T15:56:57: Users role column updated
2026-06-12T15:56:57: Teammember emp_role updated
2026-06-12T15:56:57: OTP email transporter is ready
2026-06-12T15:56:57: Default employees seeded successfully.
2026-06-12T15:56:57: [Scheduler] Reminder escalation scheduler started (every 15 min)
2026-06-12T15:56:57: [Scheduler] End-of-day task scheduler started (daily at 6 PM)
2026-06-12T15:57:01: ◇ injected env (14) from .env // tip: ⌁ auth for agents [www.vestauth.com]
2026-06-12T15:57:01: ◇ injected env (0) from .env // tip: ⌘ suppress logs { quiet: true }
2026-06-12T15:57:02: MySQL Connected (127.0.0.1:3306)
2026-06-12T15:57:02: Using database achme
2026-06-12T15:57:02: Database initialized successfully
2026-06-12T15:57:02: ✅ lead_reminders.reminder_time exists
2026-06-12T15:57:02: ✅ lead_reminders.missed_count exists
2026-06-12T15:57:02: ✅ lead_reminders.notification_sent exists
2026-06-12T15:57:02: ✅ lead_reminders.employee_id exists
2026-06-12T15:57:02: ✅ lead_escalations.missed_count exists
2026-06-12T15:57:02: ✅ users.status exists
2026-06-12T15:57:02: ✅ users.emp_id exists
2026-06-12T15:57:02: ✅ admin_notifications.related_id exists
2026-06-12T15:57:02: ✅ admin_notifications.related_type exists
2026-06-12T15:57:02: ✅ admin_notifications.created_by exists
2026-06-12T15:57:02: ✅ admin_notifications.priority exists
2026-06-12T15:57:02: ✅ admin_notifications.is_archived exists
2026-06-12T15:57:02: ✅ notifications.user_id exists
2026-06-12T15:57:02: ✅ notifications.type exists
2026-06-12T15:57:02: ✅ notifications.is_archived exists
2026-06-12T15:57:02: ✅ task_assignments.status exists
2026-06-12T15:57:02: ✅ teammember.mobile_number exists
2026-06-12T15:57:02: ✅ teammember.emp_id exists
2026-06-12T15:57:02: ✅ teammember.user_id exists
2026-06-12T15:57:02: ✅ teammember.emp_address exists
2026-06-12T15:57:02: ✅ telecalls.created_by exists
2026-06-12T15:57:02: ✅ telecalls.email exists
2026-06-12T15:57:02: ✅ walkins.assigned_to exists
2026-06-12T15:57:02: ✅ walkins.created_by exists
2026-06-12T15:57:02: ✅ walkins.email exists
2026-06-12T15:57:02: ✅ fields.assigned_to exists
2026-06-12T15:57:02: ✅ fields.created_by exists
2026-06-12T15:57:02: ✅ fields.email exists
2026-06-12T15:57:02: ✅ quotations.lead_id exists
2026-06-12T15:57:02: ✅ quotations.lead_type exists
2026-06-12T15:57:02: ✅ contracts.contract_type exists
2026-06-12T15:57:02: ✅ contracts.quotation_id exists
2026-06-12T15:57:02: ✅ contracts.mobile_number exists
2026-06-12T15:57:02: ✅ contracts.location_city exists
2026-06-12T15:57:02: ✅ amc_alc_services.labour_charges exists
2026-06-12T15:57:02: ✅ amc_alc_services.contract_title exists
2026-06-12T15:57:02: ✅ amc_alc_services.start_time exists
2026-06-12T15:57:02: ✅ amc_alc_services.end_time exists
2026-06-12T15:57:02: ✅ amc_alc_services.km exists
2026-06-12T15:57:02: ✅ amc_alc_services.technician exists
2026-06-12T15:57:02: ✅ amc_alc_services.sales_person exists
2026-06-12T15:57:02: ✅ amc_alc_services.remarks exists
2026-06-12T15:57:02: ✅ amc_alc_services.email exists
2026-06-12T15:57:02: ✅ amc_alc_services.next_service_date exists
2026-06-12T15:57:02: ✅ amc_alc_services.service_type exists
2026-06-12T15:57:02: ✅ task_targets.user_id exists
2026-06-12T15:57:02: ✅ task_targets.created_by_admin exists
2026-06-12T15:57:02: ✅ task_achievements.achieved_amount exists
2026-06-12T15:57:02: ✅ task_updates.amount exists
2026-06-12T15:57:02: ✅ call_reports.start_time exists
2026-06-12T15:57:02: ✅ call_reports.end_time exists
2026-06-12T15:57:02: ✅ call_reports.km exists
2026-06-12T15:57:02: ✅ call_reports.remarks exists
2026-06-12T15:57:02: ✅ call_reports.technician exists
2026-06-12T15:57:02: ✅ call_reports.sales_person exists
2026-06-12T15:57:02: ✅ tasks.assigned_teammember_id exists
2026-06-12T15:57:02: ✅ task_targets.teammember_id exists
2026-06-12T15:57:02: ✅ quotations.reference_no exists
2026-06-12T15:57:02: ✅ task_targets.carry_forward exists
2026-06-12T15:57:02: ✅ task_targets.effective_target exists
2026-06-12T15:57:02: ✅ task_targets.user_id exists
2026-06-12T15:57:02: ✅ task_targets.created_by_admin exists
2026-06-12T15:57:02: ✅ task_achievements.achieved_amount exists
2026-06-12T15:57:02: ✅ clients.created_by exists
2026-06-12T15:57:02: ✅ tasks.created_by exists
2026-06-12T15:57:02: ✅ tasks.task_description exists
2026-06-12T15:57:02: ✅ tasks.assigned_to exists
2026-06-12T15:57:02: ✅ quotations.created_by exists
2026-06-12T15:57:02: ✅ contracts.created_by exists
2026-06-12T15:57:02: ✅ contracts.client_company exists
2026-06-12T15:57:02: ✅ contracts.amount_value exists
2026-06-12T15:57:02: ✅ contracts.remaining exists
2026-06-12T15:57:02: ✅ contracts.email exists
2026-06-12T15:57:02: ✅ clientinvoices.created_by exists
2026-06-12T15:57:02: ✅ performainvoices.created_by exists
2026-06-12T15:57:02: ✅ services.created_by exists
2026-06-12T15:57:02: ✅ call_reports.created_by exists
2026-06-12T15:57:02: ✅ lead_activity.employee_id exists
2026-06-12T15:57:02: ✅ lead_escalations.missed_threshold_reached exists
2026-06-12T15:57:02: ✅ lead_escalations.employee_id exists
2026-06-12T15:57:02: ✅ performainvoices.is_latest exists
2026-06-12T15:57:02: ✅ performainvoices.version exists
2026-06-12T15:57:02: ✅ performainvoices.parent_id exists
2026-06-12T15:57:02: ✅ performa_invoice_items.uom exists
2026-06-12T15:57:02: ✅ performainvoice_items.uom exists
2026-06-12T15:57:02: ✅ task_assignments.response_notes exists
2026-06-12T15:57:02: ✅ call_reports.amount_collected exists
2026-06-12T15:57:02: ✅ call_reports.payment_mode exists
2026-06-12T15:57:02: ✅ call_reports.duration_limit exists
2026-06-12T15:57:02: ✅ call_reports.actual_duration exists
2026-06-12T15:57:02: ✅ call_reports.is_exceeded exists
2026-06-12T15:57:02: ✅ call_reports.assigned_time exists
2026-06-12T15:57:02: ✅ call_reports.call_id exists
2026-06-12T15:57:02: ✅ call_reports.session_id exists
2026-06-12T15:57:02: ✅ call_reports.client_name exists
2026-06-12T15:57:02: ✅ call_reports.staff_name exists
2026-06-12T15:57:02: ✅ call_reports.executive_name exists
2026-06-12T15:57:02: ✅ call_reports.phone exists
2026-06-12T15:57:02: ✅ call_reports.location exists
2026-06-12T15:57:02: ✅ call_reports.call_sequence exists
2026-06-12T15:57:02: ✅ call_reports.report_date exists
2026-06-12T15:57:02: ✅ call_reports.complaint exists
2026-06-12T15:57:02: ✅ call_reports.priority exists
2026-06-12T15:57:02: ✅ call_reports.call_type exists
2026-06-12T15:57:02: ✅ call_reports.payment_type exists
2026-06-12T15:57:02: ✅ call_reports.invoice_value exists
2026-06-12T15:57:02: ✅ call_reports.payment_status exists
2026-06-12T15:57:02: ✅ call_reports.petrol_charges exists
2026-06-12T15:57:02: ✅ call_reports.spare_parts_price exists
2026-06-12T15:57:02: ✅ call_reports.labour_charges exists
2026-06-12T15:57:02: ✅ call_reports.total_expenses exists
2026-06-12T15:57:02: ✅ call_reports.customer_name exists
2026-06-12T15:57:02: ✅ call_reports.mobile_number exists
2026-06-12T15:57:02: ✅ call_reports.location_city exists
2026-06-12T15:57:02: ✅ call_reports.contract_title exists
2026-06-12T15:57:02: ✅ call_reports.service_type exists
2026-06-12T15:57:02: ✅ call_reports.description exists
2026-06-12T15:57:02: ✅ call_reports.service_person exists
2026-06-12T15:57:02: ✅ call_reports.contract_id exists
2026-06-12T15:57:02: ✅ call_reports.call_referrer exists
2026-06-12T15:57:02: ✅ call_reports.step2_completed exists
2026-06-12T15:57:02: ✅ call_reports.email exists
2026-06-12T15:57:02: ✅ call_reports.status exists
2026-06-12T15:57:02: ✅ call_reports.gst_number exists
2026-06-12T15:57:02: ✅ call_reports.company_name exists
2026-06-12T15:57:02: ✅ call_reports.completed_at exists
2026-06-12T15:57:02: ✅ call_reports.carry_forward_date exists
2026-06-12T15:57:02: ✅ amc_alc_services.amount_collected exists
2026-06-12T15:57:02: ✅ amc_alc_services.payment_mode exists
2026-06-12T15:57:02: ✅ amc_alc_services.call_number exists
2026-06-12T15:57:02: ✅ amc_alc_services.breakpoints exists
2026-06-12T15:57:02: ✅ amc_alc_services.duration_limit exists
2026-06-12T15:57:02: ✅ clients.gst_number exists
2026-06-12T15:57:02: ✅ clients.company_name exists
2026-06-12T15:57:02: ✅ clients.service exists
2026-06-12T15:57:02: ✅ clients.alternate_phone exists
2026-06-12T15:57:02: ✅ clients.city exists
2026-06-12T15:57:02: ✅ clients.state exists
2026-06-12T15:57:02: ✅ clients.pincode exists
2026-06-12T15:57:02: ✅ clients.notes exists
2026-06-12T15:57:02: ✅ clients.client_status exists
2026-06-12T15:57:02: ✅ clients.original_lead_id exists
2026-06-12T15:57:02: ✅ clients.original_lead_type exists
2026-06-12T15:57:02: ✅ clients.converted_at exists
2026-06-12T15:57:02: ✅ clients.lead_email exists
2026-06-12T15:57:02: ✅ clients.lead_city exists
2026-06-12T15:57:02: ✅ clients.lead_reference exists
2026-06-12T15:57:02: ✅ clients.lead_purpose exists
2026-06-12T15:57:02: ✅ clients.client_status exists
2026-06-12T15:57:02: ✅ clients.lead_staff_name exists
2026-06-12T15:57:02: ✅ clients.lead_id_display exists
2026-06-12T15:57:02: ✅ clients.assigned_teammember_id exists
2026-06-12T15:57:02: ✅ clients.state exists
2026-06-12T15:57:02: ✅ clients.pincode exists
2026-06-12T15:57:02: ✅ users.emp_id exists
2026-06-12T15:57:02: ✅ quotations.reference_no exists
2026-06-12T15:57:02: ✅ quotations.from_address_id exists
2026-06-12T15:57:02: ✅ quotations.from_address_custom exists
2026-06-12T15:57:02: ✅ quotations.client_company exists
2026-06-12T15:57:02: ✅ quotations.client_address1 exists
2026-06-12T15:57:02: ✅ quotations.client_address2 exists
2026-06-12T15:57:02: ✅ quotations.client_city exists
2026-06-12T15:57:02: ✅ quotations.client_state exists
2026-06-12T15:57:02: ✅ quotations.client_pincode exists
2026-06-12T15:57:02: ✅ quotations.client_country exists
2026-06-12T15:57:02: ✅ quotations.tax_type exists
2026-06-12T15:57:02: ✅ quotations.custom_tax exists
2026-06-12T15:57:02: ✅ quotations.exec_name exists
2026-06-12T15:57:02: ✅ quotations.exec_phone exists
2026-06-12T15:57:02: ✅ quotations.exec_email exists
2026-06-12T15:57:02: ✅ quotations.terms_general exists
2026-06-12T15:57:02: ✅ quotations.terms_tax exists
2026-06-12T15:57:02: ✅ quotations.terms_project_period exists
2026-06-12T15:57:02: ✅ quotations.terms_validity exists
2026-06-12T15:57:02: ✅ quotations.terms_separate_orders exists
2026-06-12T15:57:02: ✅ quotations.terms_payment exists
2026-06-12T15:57:02: ✅ quotations.terms_payment_custom exists
2026-06-12T15:57:02: ✅ quotations.terms_warranty exists
2026-06-12T15:57:02: ✅ quotations.hsn_sac_code exists
2026-06-12T15:57:02: ✅ quotations.supplier_branch exists
2026-06-12T15:57:02: ✅ quotations.bank_details_id exists
2026-06-12T15:57:02: ✅ quotations.bank_company exists
2026-06-12T15:57:02: ✅ quotations.bank_name exists
2026-06-12T15:57:02: ✅ quotations.bank_account exists
2026-06-12T15:57:02: ✅ quotations.bank_ifsc exists
2026-06-12T15:57:02: ✅ quotations.bank_branch exists
2026-06-12T15:57:02: ✅ quotations.custom_terms exists
2026-06-12T15:57:02: ✅ quotations.is_latest exists
2026-06-12T15:57:02: ✅ quotations.parent_id exists
2026-06-12T15:57:02: ✅ quotations.version exists
2026-06-12T15:57:02: ✅ performainvoices.reference_no exists
2026-06-12T15:57:02: ✅ performainvoices.from_address_id exists
2026-06-12T15:57:02: ✅ performainvoices.from_address_custom exists
2026-06-12T15:57:02: ✅ performainvoices.client_company exists
2026-06-12T15:57:02: ✅ performainvoices.client_address1 exists
2026-06-12T15:57:02: ✅ performainvoices.client_address2 exists
2026-06-12T15:57:02: ✅ performainvoices.client_city exists
2026-06-12T15:57:02: ✅ performainvoices.client_state exists
2026-06-12T15:57:02: ✅ performainvoices.client_pincode exists
2026-06-12T15:57:02: ✅ performainvoices.client_country exists
2026-06-12T15:57:02: ✅ performainvoices.tax_type exists
2026-06-12T15:57:02: ✅ performainvoices.custom_tax exists
2026-06-12T15:57:02: ✅ performainvoices.exec_name exists
2026-06-12T15:57:02: ✅ performainvoices.exec_phone exists
2026-06-12T15:57:02: ✅ performainvoices.exec_email exists
2026-06-12T15:57:02: ✅ performainvoices.terms_general exists
2026-06-12T15:57:02: ✅ performainvoices.terms_tax exists
2026-06-12T15:57:02: ✅ performainvoices.terms_project_period exists
2026-06-12T15:57:02: ✅ performainvoices.terms_validity exists
2026-06-12T15:57:02: ✅ performainvoices.terms_separate_orders exists
2026-06-12T15:57:02: ✅ performainvoices.terms_payment exists
2026-06-12T15:57:02: ✅ performainvoices.terms_payment_custom exists
2026-06-12T15:57:02: ✅ performainvoices.terms_warranty exists
2026-06-12T15:57:02: ✅ performainvoices.hsn_sac_code exists
2026-06-12T15:57:02: ✅ performainvoices.supplier_branch exists
2026-06-12T15:57:02: ✅ performainvoices.bank_details_id exists
2026-06-12T15:57:02: ✅ performainvoices.bank_company exists
2026-06-12T15:57:02: ✅ performainvoices.bank_name exists
2026-06-12T15:57:02: ✅ performainvoices.bank_account exists
2026-06-12T15:57:02: ✅ performainvoices.bank_ifsc exists
2026-06-12T15:57:02: ✅ performainvoices.bank_branch exists
2026-06-12T15:57:02: ✅ performainvoices.custom_terms exists
2026-06-12T15:57:02: ✅ services.reference_no exists
2026-06-12T15:57:02: ✅ services.from_address_id exists
2026-06-12T15:57:02: ✅ services.from_address_custom exists
2026-06-12T15:57:02: ✅ services.client_company exists
2026-06-12T15:57:02: ✅ services.client_address1 exists
2026-06-12T15:57:02: ✅ services.client_address2 exists
2026-06-12T15:57:02: ✅ services.client_city exists
2026-06-12T15:57:02: ✅ services.client_state exists
2026-06-12T15:57:02: ✅ services.client_pincode exists
2026-06-12T15:57:02: ✅ services.client_country exists
2026-06-12T15:57:02: ✅ services.tax_type exists
2026-06-12T15:57:02: ✅ services.custom_tax exists
2026-06-12T15:57:02: ✅ services.exec_name exists
2026-06-12T15:57:02: ✅ services.exec_phone exists
2026-06-12T15:57:02: ✅ services.exec_email exists
2026-06-12T15:57:02: ✅ services.terms_general exists
2026-06-12T15:57:02: ✅ services.terms_tax exists
2026-06-12T15:57:02: ✅ services.terms_project_period exists
2026-06-12T15:57:02: ✅ services.terms_validity exists
2026-06-12T15:57:02: ✅ services.terms_separate_orders exists
2026-06-12T15:57:02: ✅ services.terms_payment exists
2026-06-12T15:57:02: ✅ services.terms_payment_custom exists
2026-06-12T15:57:02: ✅ services.terms_warranty exists
2026-06-12T15:57:02: ✅ services.hsn_sac_code exists
2026-06-12T15:57:02: ✅ services.supplier_branch exists
2026-06-12T15:57:02: ✅ services.bank_details_id exists
2026-06-12T15:57:02: ✅ services.bank_company exists
2026-06-12T15:57:02: ✅ services.bank_name exists
2026-06-12T15:57:02: ✅ services.bank_account exists
2026-06-12T15:57:02: ✅ services.bank_ifsc exists
2026-06-12T15:57:02: ✅ services.bank_branch exists
2026-06-12T15:57:02: ✅ services.custom_terms exists
2026-06-12T15:57:02: ✅ estimatenew.client_company exists
2026-06-12T15:57:02: ✅ estimatenew.client_address exists
2026-06-12T15:57:02: ✅ estimatenew.client_city exists
2026-06-12T15:57:02: ✅ estimatenew.client_state exists
2026-06-12T15:57:02: ✅ estimatenew.client_gst exists
2026-06-12T15:57:02: ✅ estimatenew.client_phone exists
2026-06-12T15:57:02: ✅ estimatenew.subtotal exists
2026-06-12T15:57:02: ✅ estimatenew.total_tax exists
2026-06-12T15:57:02: ✅ estimatenew.total_discount exists
2026-06-12T15:57:02: ✅ estimatenew.grand_total exists
2026-06-12T15:57:02: ✅ estimateclient.subtotal exists
2026-06-12T15:57:02: ✅ estimateclient.total_tax exists
2026-06-12T15:57:02: ✅ estimateclient.total_discount exists
2026-06-12T15:57:02: ✅ estimateclient.grand_total exists
2026-06-12T15:57:02: ✅ quotation_items.uom exists
2026-06-12T15:57:02: ✅ quotation_items.hsn_sac exists
2026-06-12T15:57:02: ✅ quotation_items.brand_model exists
2026-06-12T15:57:02: ✅ customers.gst_number exists
2026-06-12T15:57:02: ✅ customers.created_by exists
2026-06-12T15:57:02: ✅ users.last_name exists
2026-06-12T15:57:02: ✅ user_email_configs.smtp_secure exists
2026-06-12T15:57:02: ✅ user_email_configs.from_email_address exists
2026-06-12T15:57:02: ✅ user_email_configs.sender_name exists
2026-06-12T15:57:02: ✅ user_email_configs.provider exists
2026-06-12T15:57:02: ✅ user_email_configs.is_enabled exists
2026-06-12T15:57:02: ✅ users.two_factor_enabled exists
2026-06-12T15:57:02: ✅ quotations.gst_mode exists
2026-06-12T15:57:02: ✅ quotations.status exists
2026-06-12T15:57:02: ✅ performainvoices.gst_mode exists
2026-06-12T15:57:02: ✅ performainvoices.status exists
2026-06-12T15:57:02: ✅ estimate_invoices.gst_mode exists
2026-06-12T15:57:02: ✅ estimate_invoices.status exists
2026-06-12T15:57:02: ✅ service_estimations.gst_mode exists
2026-06-12T15:57:02: ✅ service_estimations.status exists
2026-06-12T15:57:03: ✅ services.gst_mode exists
2026-06-12T15:57:03: ✅ estimatenew.gst_mode exists
2026-06-12T15:57:03: ✅ Create table pi_from_addresses
2026-06-12T15:57:03: ✅ Create table email_otp
2026-06-12T15:57:03: ✅ Create table payments
2026-06-12T15:57:03: ✅ Create table clientinvoices
2026-06-12T15:57:03: ✅ Create table messages
2026-06-12T15:57:03: ✅ Create table service_items
2026-06-12T15:57:03: ✅ Create table service_estimations
2026-06-12T15:57:03: ✅ Create table service_estimation_items
2026-06-12T15:57:03: ✅ Create table estimate_invoices
2026-06-12T15:57:03: ✅ Create table estimate_invoice_items
2026-06-12T15:57:03: ✅ Create table estimate_items
2026-06-12T15:57:03: ✅ Create table performainvoice_items
2026-06-12T15:57:03: ✅ Create table performainvoices
2026-06-12T15:57:03: ✅ Create table services
2026-06-12T15:57:03: ✅ Create table customers
2026-06-12T15:57:03: ✅ Create table quotations
2026-06-12T15:57:03: ✅ Create table quotation_items
2026-06-12T15:57:03: ✅ Create table lead_reminders
2026-06-12T15:57:03: ✅ Create table lead_activity
2026-06-12T15:57:03: ✅ Create table lead_escalations
2026-06-12T15:57:03: ✅ Create table admin_notifications
2026-06-12T15:57:03: ✅ Create table profile_change_requests
2026-06-12T15:57:03: ✅ Create table amc_alc_services
2026-06-12T15:57:03: ✅ Create table service_activity
2026-06-12T15:57:03: ✅ Create table task_targets
2026-06-12T15:57:03: ✅ Create table task_achievements
2026-06-12T15:57:03: ✅ Create table task_updates
2026-06-12T15:57:03: ✅ Create table call_reports
2026-06-12T15:57:03: ✅ Create table task_activity
2026-06-12T15:57:03: ✅ Create table notifications
2026-06-12T15:57:03: ✅ Create table task_assignments
2026-06-12T15:57:03: ✅ Create table clients
2026-06-12T15:57:03: ✅ Create table user_email_configs
2026-06-12T15:57:03: ✅ lead_reminders.reminder_time exists
2026-06-12T15:57:03: ✅ lead_reminders.missed_count exists
2026-06-12T15:57:03: ✅ lead_reminders.notification_sent exists
2026-06-12T15:57:03: ✅ lead_reminders.employee_id exists
2026-06-12T15:57:03: ✅ lead_escalations.missed_count exists
2026-06-12T15:57:03: ✅ users.status exists
2026-06-12T15:57:03: ✅ users.emp_id exists
2026-06-12T15:57:03: ✅ admin_notifications.related_id exists
2026-06-12T15:57:03: ✅ admin_notifications.related_type exists
2026-06-12T15:57:03: ✅ admin_notifications.created_by exists
2026-06-12T15:57:03: ✅ admin_notifications.priority exists
2026-06-12T15:57:03: ✅ admin_notifications.is_archived exists
2026-06-12T15:57:03: ✅ notifications.user_id exists
2026-06-12T15:57:03: ✅ notifications.type exists
2026-06-12T15:57:03: ✅ notifications.is_archived exists
2026-06-12T15:57:03: ✅ task_assignments.status exists
2026-06-12T15:57:03: ✅ teammember.mobile_number exists
2026-06-12T15:57:03: ✅ teammember.emp_id exists
2026-06-12T15:57:03: ✅ teammember.user_id exists
2026-06-12T15:57:03: ✅ teammember.emp_address exists
2026-06-12T15:57:03: ✅ telecalls.created_by exists
2026-06-12T15:57:03: ✅ telecalls.email exists
2026-06-12T15:57:03: ✅ walkins.assigned_to exists
2026-06-12T15:57:03: ✅ walkins.created_by exists
2026-06-12T15:57:03: ✅ walkins.email exists
2026-06-12T15:57:03: ✅ fields.assigned_to exists
2026-06-12T15:57:03: ✅ fields.created_by exists
2026-06-12T15:57:03: ✅ fields.email exists
2026-06-12T15:57:03: ✅ quotations.lead_id exists
2026-06-12T15:57:03: ✅ quotations.lead_type exists
2026-06-12T15:57:03: ✅ contracts.contract_type exists
2026-06-12T15:57:03: ✅ contracts.quotation_id exists
2026-06-12T15:57:03: ✅ contracts.mobile_number exists
2026-06-12T15:57:03: ✅ contracts.location_city exists
2026-06-12T15:57:03: ✅ amc_alc_services.labour_charges exists
2026-06-12T15:57:03: ✅ amc_alc_services.contract_title exists
2026-06-12T15:57:03: ✅ amc_alc_services.start_time exists
2026-06-12T15:57:03: ✅ amc_alc_services.end_time exists
2026-06-12T15:57:03: ✅ amc_alc_services.km exists
2026-06-12T15:57:03: ✅ amc_alc_services.technician exists
2026-06-12T15:57:03: ✅ amc_alc_services.sales_person exists
2026-06-12T15:57:03: ✅ amc_alc_services.remarks exists
2026-06-12T15:57:03: ✅ amc_alc_services.email exists
2026-06-12T15:57:03: ✅ amc_alc_services.next_service_date exists
2026-06-12T15:57:03: ✅ amc_alc_services.service_type exists
2026-06-12T15:57:03: ✅ task_targets.user_id exists
2026-06-12T15:57:03: ✅ task_targets.created_by_admin exists
2026-06-12T15:57:03: ✅ task_achievements.achieved_amount exists
2026-06-12T15:57:03: ✅ task_updates.amount exists
2026-06-12T15:57:03: ✅ call_reports.start_time exists
2026-06-12T15:57:03: ✅ call_reports.end_time exists
2026-06-12T15:57:03: ✅ call_reports.km exists
2026-06-12T15:57:03: ✅ call_reports.remarks exists
2026-06-12T15:57:03: ✅ call_reports.technician exists
2026-06-12T15:57:03: ✅ call_reports.sales_person exists
2026-06-12T15:57:03: ✅ tasks.assigned_teammember_id exists
2026-06-12T15:57:03: ✅ task_targets.teammember_id exists
2026-06-12T15:57:03: ✅ quotations.reference_no exists
2026-06-12T15:57:03: ✅ task_targets.carry_forward exists
2026-06-12T15:57:03: ✅ task_targets.effective_target exists
2026-06-12T15:57:03: ✅ task_targets.user_id exists
2026-06-12T15:57:03: ✅ task_targets.created_by_admin exists
2026-06-12T15:57:03: ✅ task_achievements.achieved_amount exists
2026-06-12T15:57:03: ✅ clients.created_by exists
2026-06-12T15:57:03: ✅ tasks.created_by exists
2026-06-12T15:57:03: ✅ tasks.task_description exists
2026-06-12T15:57:03: ✅ tasks.assigned_to exists
2026-06-12T15:57:03: ✅ quotations.created_by exists
2026-06-12T15:57:03: ✅ contracts.created_by exists
2026-06-12T15:57:03: ✅ contracts.client_company exists
2026-06-12T15:57:03: ✅ contracts.amount_value exists
2026-06-12T15:57:03: ✅ contracts.remaining exists
2026-06-12T15:57:03: ✅ contracts.email exists
2026-06-12T15:57:03: ✅ clientinvoices.created_by exists
2026-06-12T15:57:03: ✅ performainvoices.created_by exists
2026-06-12T15:57:03: ✅ services.created_by exists
2026-06-12T15:57:03: ✅ call_reports.created_by exists
2026-06-12T15:57:03: ✅ lead_activity.employee_id exists
2026-06-12T15:57:03: ✅ lead_escalations.missed_threshold_reached exists
2026-06-12T15:57:03: ✅ lead_escalations.employee_id exists
2026-06-12T15:57:03: ✅ performainvoices.is_latest exists
2026-06-12T15:57:03: ✅ performainvoices.version exists
2026-06-12T15:57:03: ✅ performainvoices.parent_id exists
2026-06-12T15:57:03: ✅ performa_invoice_items.uom exists
2026-06-12T15:57:03: ✅ performainvoice_items.uom exists
2026-06-12T15:57:03: ✅ task_assignments.response_notes exists
2026-06-12T15:57:03: ✅ call_reports.amount_collected exists
2026-06-12T15:57:03: ✅ call_reports.payment_mode exists
2026-06-12T15:57:03: ✅ call_reports.duration_limit exists
2026-06-12T15:57:03: ✅ call_reports.actual_duration exists
2026-06-12T15:57:03: ✅ call_reports.is_exceeded exists
2026-06-12T15:57:03: ✅ call_reports.assigned_time exists
2026-06-12T15:57:03: ✅ call_reports.call_id exists
2026-06-12T15:57:03: ✅ call_reports.session_id exists
2026-06-12T15:57:03: ✅ call_reports.client_name exists
2026-06-12T15:57:03: ✅ call_reports.staff_name exists
2026-06-12T15:57:03: ✅ call_reports.executive_name exists
2026-06-12T15:57:03: ✅ call_reports.phone exists
2026-06-12T15:57:03: ✅ call_reports.location exists
2026-06-12T15:57:03: ✅ call_reports.call_sequence exists
2026-06-12T15:57:03: ✅ call_reports.report_date exists
2026-06-12T15:57:03: ✅ call_reports.complaint exists
2026-06-12T15:57:03: ✅ call_reports.priority exists
2026-06-12T15:57:03: ✅ call_reports.call_type exists
2026-06-12T15:57:03: ✅ call_reports.payment_type exists
2026-06-12T15:57:03: ✅ call_reports.invoice_value exists
2026-06-12T15:57:03: ✅ call_reports.payment_status exists
2026-06-12T15:57:03: ✅ call_reports.petrol_charges exists
2026-06-12T15:57:03: ✅ call_reports.spare_parts_price exists
2026-06-12T15:57:03: ✅ call_reports.labour_charges exists
2026-06-12T15:57:03: ✅ call_reports.total_expenses exists
2026-06-12T15:57:03: ✅ call_reports.customer_name exists
2026-06-12T15:57:03: ✅ call_reports.mobile_number exists
2026-06-12T15:57:03: ✅ call_reports.location_city exists
2026-06-12T15:57:03: ✅ call_reports.contract_title exists
2026-06-12T15:57:03: ✅ call_reports.service_type exists
2026-06-12T15:57:03: ✅ call_reports.description exists
2026-06-12T15:57:03: ✅ call_reports.service_person exists
2026-06-12T15:57:03: ✅ call_reports.contract_id exists
2026-06-12T15:57:03: ✅ call_reports.call_referrer exists
2026-06-12T15:57:03: ✅ call_reports.step2_completed exists
2026-06-12T15:57:03: ✅ call_reports.email exists
2026-06-12T15:57:03: ✅ call_reports.status exists
2026-06-12T15:57:03: ✅ call_reports.gst_number exists
2026-06-12T15:57:03: ✅ call_reports.company_name exists
2026-06-12T15:57:03: ✅ call_reports.completed_at exists
2026-06-12T15:57:03: ✅ call_reports.carry_forward_date exists
2026-06-12T15:57:03: ✅ amc_alc_services.amount_collected exists
2026-06-12T15:57:03: ✅ amc_alc_services.payment_mode exists
2026-06-12T15:57:03: ✅ amc_alc_services.call_number exists
2026-06-12T15:57:03: ✅ amc_alc_services.breakpoints exists
2026-06-12T15:57:03: ✅ amc_alc_services.duration_limit exists
2026-06-12T15:57:03: ✅ clients.gst_number exists
2026-06-12T15:57:03: ✅ clients.company_name exists
2026-06-12T15:57:03: ✅ clients.service exists
2026-06-12T15:57:03: ✅ clients.alternate_phone exists
2026-06-12T15:57:03: ✅ clients.city exists
2026-06-12T15:57:03: ✅ clients.state exists
2026-06-12T15:57:03: ✅ clients.pincode exists
2026-06-12T15:57:03: ✅ clients.notes exists
2026-06-12T15:57:03: ✅ clients.client_status exists
2026-06-12T15:57:03: ✅ clients.original_lead_id exists
2026-06-12T15:57:03: ✅ clients.original_lead_type exists
2026-06-12T15:57:03: ✅ clients.converted_at exists
2026-06-12T15:57:03: ✅ clients.lead_email exists
2026-06-12T15:57:03: ✅ clients.lead_city exists
2026-06-12T15:57:03: ✅ clients.lead_reference exists
2026-06-12T15:57:03: ✅ clients.lead_purpose exists
2026-06-12T15:57:03: ✅ clients.client_status exists
2026-06-12T15:57:03: ✅ clients.lead_staff_name exists
2026-06-12T15:57:03: ✅ clients.lead_id_display exists
2026-06-12T15:57:03: ✅ clients.assigned_teammember_id exists
2026-06-12T15:57:03: ✅ clients.state exists
2026-06-12T15:57:03: ✅ clients.pincode exists
2026-06-12T15:57:03: ✅ users.emp_id exists
2026-06-12T15:57:03: ✅ quotations.reference_no exists
2026-06-12T15:57:03: ✅ quotations.from_address_id exists
2026-06-12T15:57:03: ✅ quotations.from_address_custom exists
2026-06-12T15:57:03: ✅ quotations.client_company exists
2026-06-12T15:57:03: ✅ quotations.client_address1 exists
2026-06-12T15:57:03: ✅ quotations.client_address2 exists
2026-06-12T15:57:03: ✅ quotations.client_city exists
2026-06-12T15:57:03: ✅ quotations.client_state exists
2026-06-12T15:57:03: ✅ quotations.client_pincode exists
2026-06-12T15:57:03: ✅ quotations.client_country exists
2026-06-12T15:57:03: ✅ quotations.tax_type exists
2026-06-12T15:57:03: ✅ quotations.custom_tax exists
2026-06-12T15:57:03: ✅ quotations.exec_name exists
2026-06-12T15:57:03: ✅ quotations.exec_phone exists
2026-06-12T15:57:03: ✅ quotations.exec_email exists
2026-06-12T15:57:03: ✅ quotations.terms_general exists
2026-06-12T15:57:03: ✅ quotations.terms_tax exists
2026-06-12T15:57:03: ✅ quotations.terms_project_period exists
2026-06-12T15:57:03: ✅ quotations.terms_validity exists
2026-06-12T15:57:03: ✅ quotations.terms_separate_orders exists
2026-06-12T15:57:03: ✅ quotations.terms_payment exists
2026-06-12T15:57:03: ✅ quotations.terms_payment_custom exists
2026-06-12T15:57:03: ✅ quotations.terms_warranty exists
2026-06-12T15:57:03: ✅ quotations.hsn_sac_code exists
2026-06-12T15:57:03: ✅ quotations.supplier_branch exists
2026-06-12T15:57:03: ✅ quotations.bank_details_id exists
2026-06-12T15:57:03: ✅ quotations.bank_company exists
2026-06-12T15:57:03: ✅ quotations.bank_name exists
2026-06-12T15:57:03: ✅ quotations.bank_account exists
2026-06-12T15:57:03: ✅ quotations.bank_ifsc exists
2026-06-12T15:57:03: ✅ quotations.bank_branch exists
2026-06-12T15:57:03: ✅ quotations.custom_terms exists
2026-06-12T15:57:03: ✅ quotations.is_latest exists
2026-06-12T15:57:03: ✅ quotations.parent_id exists
2026-06-12T15:57:03: ✅ quotations.version exists
2026-06-12T15:57:03: ✅ performainvoices.reference_no exists
2026-06-12T15:57:03: ✅ performainvoices.from_address_id exists
2026-06-12T15:57:03: ✅ performainvoices.from_address_custom exists
2026-06-12T15:57:03: ✅ performainvoices.client_company exists
2026-06-12T15:57:03: ✅ performainvoices.client_address1 exists
2026-06-12T15:57:03: ✅ performainvoices.client_address2 exists
2026-06-12T15:57:03: ✅ performainvoices.client_city exists
2026-06-12T15:57:03: ✅ performainvoices.client_state exists
2026-06-12T15:57:03: ✅ performainvoices.client_pincode exists
2026-06-12T15:57:03: ✅ performainvoices.client_country exists
2026-06-12T15:57:03: ✅ performainvoices.tax_type exists
2026-06-12T15:57:03: ✅ performainvoices.custom_tax exists
2026-06-12T15:57:03: ✅ performainvoices.exec_name exists
2026-06-12T15:57:03: ✅ performainvoices.exec_phone exists
2026-06-12T15:57:03: ✅ performainvoices.exec_email exists
2026-06-12T15:57:03: ✅ performainvoices.terms_general exists
2026-06-12T15:57:03: ✅ performainvoices.terms_tax exists
2026-06-12T15:57:03: ✅ performainvoices.terms_project_period exists
2026-06-12T15:57:03: ✅ performainvoices.terms_validity exists
2026-06-12T15:57:03: ✅ performainvoices.terms_separate_orders exists
2026-06-12T15:57:03: ✅ performainvoices.terms_payment exists
2026-06-12T15:57:03: ✅ performainvoices.terms_payment_custom exists
2026-06-12T15:57:03: ✅ performainvoices.terms_warranty exists
2026-06-12T15:57:03: ✅ performainvoices.hsn_sac_code exists
2026-06-12T15:57:03: ✅ performainvoices.supplier_branch exists
2026-06-12T15:57:03: ✅ performainvoices.bank_details_id exists
2026-06-12T15:57:03: ✅ performainvoices.bank_company exists
2026-06-12T15:57:03: ✅ performainvoices.bank_name exists
2026-06-12T15:57:03: ✅ performainvoices.bank_account exists
2026-06-12T15:57:03: ✅ performainvoices.bank_ifsc exists
2026-06-12T15:57:03: ✅ performainvoices.bank_branch exists
2026-06-12T15:57:03: ✅ performainvoices.custom_terms exists
2026-06-12T15:57:03: ✅ services.reference_no exists
2026-06-12T15:57:03: ✅ services.from_address_id exists
2026-06-12T15:57:03: ✅ services.from_address_custom exists
2026-06-12T15:57:03: ✅ services.client_company exists
2026-06-12T15:57:03: ✅ services.client_address1 exists
2026-06-12T15:57:03: ✅ services.client_address2 exists
2026-06-12T15:57:03: ✅ services.client_city exists
2026-06-12T15:57:03: ✅ services.client_state exists
2026-06-12T15:57:03: ✅ services.client_pincode exists
2026-06-12T15:57:03: ✅ services.client_country exists
2026-06-12T15:57:03: ✅ services.tax_type exists
2026-06-12T15:57:03: ✅ services.custom_tax exists
2026-06-12T15:57:03: ✅ services.exec_name exists
2026-06-12T15:57:03: ✅ services.exec_phone exists
2026-06-12T15:57:03: ✅ services.exec_email exists
2026-06-12T15:57:03: ✅ services.terms_general exists
2026-06-12T15:57:03: ✅ services.terms_tax exists
2026-06-12T15:57:03: ✅ services.terms_project_period exists
2026-06-12T15:57:03: ✅ services.terms_validity exists
2026-06-12T15:57:03: ✅ services.terms_separate_orders exists
2026-06-12T15:57:03: ✅ services.terms_payment exists
2026-06-12T15:57:03: ✅ services.terms_payment_custom exists
2026-06-12T15:57:03: ✅ services.terms_warranty exists
2026-06-12T15:57:03: ✅ services.hsn_sac_code exists
2026-06-12T15:57:03: ✅ services.supplier_branch exists
2026-06-12T15:57:03: ✅ services.bank_details_id exists
2026-06-12T15:57:03: ✅ services.bank_company exists
2026-06-12T15:57:03: ✅ services.bank_name exists
2026-06-12T15:57:03: ✅ services.bank_account exists
2026-06-12T15:57:03: ✅ services.bank_ifsc exists
2026-06-12T15:57:03: ✅ services.bank_branch exists
2026-06-12T15:57:03: ✅ services.custom_terms exists
2026-06-12T15:57:03: ✅ estimatenew.client_company exists
2026-06-12T15:57:03: ✅ estimatenew.client_address exists
2026-06-12T15:57:03: ✅ estimatenew.client_city exists
2026-06-12T15:57:03: ✅ estimatenew.client_state exists
2026-06-12T15:57:03: ✅ estimatenew.client_gst exists
2026-06-12T15:57:03: ✅ estimatenew.client_phone exists
2026-06-12T15:57:03: ✅ estimatenew.subtotal exists
2026-06-12T15:57:03: ✅ estimatenew.total_tax exists
2026-06-12T15:57:03: ✅ estimatenew.total_discount exists
2026-06-12T15:57:03: ✅ estimatenew.grand_total exists
2026-06-12T15:57:03: ✅ estimateclient.subtotal exists
2026-06-12T15:57:03: ✅ estimateclient.total_tax exists
2026-06-12T15:57:03: ✅ estimateclient.total_discount exists
2026-06-12T15:57:03: ✅ estimateclient.grand_total exists
2026-06-12T15:57:03: ✅ quotation_items.uom exists
2026-06-12T15:57:03: ✅ quotation_items.hsn_sac exists
2026-06-12T15:57:03: ✅ quotation_items.brand_model exists
2026-06-12T15:57:03: ✅ customers.gst_number exists
2026-06-12T15:57:03: ✅ customers.created_by exists
2026-06-12T15:57:03: ✅ users.last_name exists
2026-06-12T15:57:03: ✅ user_email_configs.smtp_secure exists
2026-06-12T15:57:03: ✅ user_email_configs.from_email_address exists
2026-06-12T15:57:03: ✅ user_email_configs.sender_name exists
2026-06-12T15:57:03: ✅ user_email_configs.provider exists
2026-06-12T15:57:03: ✅ user_email_configs.is_enabled exists
2026-06-12T15:57:03: ✅ users.two_factor_enabled exists
2026-06-12T15:57:03: ✅ quotations.gst_mode exists
2026-06-12T15:57:03: ✅ quotations.status exists
2026-06-12T15:57:03: ✅ performainvoices.gst_mode exists
2026-06-12T15:57:03: ✅ performainvoices.status exists
2026-06-12T15:57:03: ✅ estimate_invoices.gst_mode exists
2026-06-12T15:57:03: ✅ estimate_invoices.status exists
2026-06-12T15:57:03: ✅ service_estimations.gst_mode exists
2026-06-12T15:57:03: ✅ service_estimations.status exists
2026-06-12T15:57:03: ✅ services.gst_mode exists
2026-06-12T15:57:03: ✅ estimatenew.gst_mode exists
2026-06-12T15:57:03: Users role column updated
2026-06-12T15:57:03: Teammember emp_role updated
2026-06-12T15:57:03: OTP email transporter is ready
2026-06-12T15:57:04: Default employees seeded successfully.
2026-06-12T15:57:04: [Scheduler] Reminder escalation scheduler started (every 15 min)
2026-06-12T15:57:04: [Scheduler] End-of-day task scheduler started (daily at 6 PM)
2026-06-12T15:57:04: ✅ Server running: http://0.0.0.0:5000 [production]
2026-06-12T15:57:04: User 701 joined notifications channel
2026-06-12T15:57:06: User 708 joined notifications channel
2026-06-12T15:57:06: Admin joined notifications channel
2026-06-12T15:57:14: [Scheduler] Running initial task check...
2026-06-12T15:57:14: [Scheduler] End-of-day task check complete. Evaluated 1 incomplete tasks.
2026-06-12T15:57:14: [Scheduler] Daily summary notification already dispatched for today
2026-06-12T16:01:14: ◇ injected env (12) from .env // tip: ⌁ auth for agents [www.vestauth.com]
2026-06-12T16:01:14: ◇ injected env (0) from .env // tip: ⌘ multiple files { path: ['.env.local', '.env'] }
2026-06-12T16:01:15: Generating fresh VAPID Keys for Push Notifications...
2026-06-12T16:01:15: VAPID Keys generated and saved to backend/.env
2026-06-12T16:01:15: MySQL Connected (127.0.0.1:3306)
2026-06-12T16:01:15: Using database achme
2026-06-12T16:01:15: Database initialized successfully
2026-06-12T16:01:15: ✅ lead_reminders.reminder_time exists
2026-06-12T16:01:15: ✅ lead_reminders.missed_count exists
2026-06-12T16:01:15: ✅ lead_reminders.notification_sent exists
2026-06-12T16:01:15: ✅ lead_reminders.employee_id exists
2026-06-12T16:01:15: ✅ lead_escalations.missed_count exists
2026-06-12T16:01:15: ✅ users.status exists
2026-06-12T16:01:15: ✅ users.emp_id exists
2026-06-12T16:01:15: ✅ admin_notifications.related_id exists
2026-06-12T16:01:15: ✅ admin_notifications.related_type exists
2026-06-12T16:01:15: ✅ admin_notifications.created_by exists
2026-06-12T16:01:15: ✅ admin_notifications.priority exists
2026-06-12T16:01:15: ✅ admin_notifications.is_archived exists
2026-06-12T16:01:15: ✅ notifications.user_id exists
2026-06-12T16:01:15: ✅ notifications.type exists
2026-06-12T16:01:15: ✅ notifications.is_archived exists
2026-06-12T16:01:15: ✅ task_assignments.status exists
2026-06-12T16:01:15: ✅ teammember.mobile_number exists
2026-06-12T16:01:15: ✅ teammember.emp_id exists
2026-06-12T16:01:15: ✅ teammember.user_id exists
2026-06-12T16:01:15: ✅ teammember.emp_address exists
2026-06-12T16:01:15: ✅ telecalls.created_by exists
2026-06-12T16:01:15: ✅ telecalls.email exists
2026-06-12T16:01:15: ✅ walkins.assigned_to exists
2026-06-12T16:01:15: ✅ walkins.created_by exists
2026-06-12T16:01:15: ✅ walkins.email exists
2026-06-12T16:01:15: ✅ fields.assigned_to exists
2026-06-12T16:01:15: ✅ fields.created_by exists
2026-06-12T16:01:15: ✅ fields.email exists
2026-06-12T16:01:15: ✅ quotations.lead_id exists
2026-06-12T16:01:15: ✅ quotations.lead_type exists
2026-06-12T16:01:15: ✅ contracts.contract_type exists
2026-06-12T16:01:15: ✅ contracts.quotation_id exists
2026-06-12T16:01:15: ✅ contracts.mobile_number exists
2026-06-12T16:01:15: ✅ contracts.location_city exists
2026-06-12T16:01:15: ✅ amc_alc_services.labour_charges exists
2026-06-12T16:01:15: ✅ amc_alc_services.contract_title exists
2026-06-12T16:01:15: ✅ amc_alc_services.start_time exists
2026-06-12T16:01:15: ✅ amc_alc_services.end_time exists
2026-06-12T16:01:15: ✅ amc_alc_services.km exists
2026-06-12T16:01:15: ✅ amc_alc_services.technician exists
2026-06-12T16:01:15: ✅ amc_alc_services.sales_person exists
2026-06-12T16:01:15: ✅ amc_alc_services.remarks exists
2026-06-12T16:01:15: ✅ amc_alc_services.email exists
2026-06-12T16:01:15: ✅ amc_alc_services.next_service_date exists
2026-06-12T16:01:15: ✅ amc_alc_services.service_type exists
2026-06-12T16:01:15: ✅ task_targets.user_id exists
2026-06-12T16:01:15: ✅ task_targets.created_by_admin exists
2026-06-12T16:01:15: ✅ task_achievements.achieved_amount exists
2026-06-12T16:01:15: ✅ task_updates.amount exists
2026-06-12T16:01:15: ✅ call_reports.start_time exists
2026-06-12T16:01:15: ✅ call_reports.end_time exists
2026-06-12T16:01:15: ✅ call_reports.km exists
2026-06-12T16:01:15: ✅ call_reports.remarks exists
2026-06-12T16:01:15: ✅ call_reports.technician exists
2026-06-12T16:01:15: ✅ call_reports.sales_person exists
2026-06-12T16:01:15: ✅ tasks.assigned_teammember_id exists
2026-06-12T16:01:15: ✅ task_targets.teammember_id exists
2026-06-12T16:01:15: ✅ quotations.reference_no exists
2026-06-12T16:01:15: ✅ task_targets.carry_forward exists
2026-06-12T16:01:15: ✅ task_targets.effective_target exists
2026-06-12T16:01:15: ✅ task_targets.user_id exists
2026-06-12T16:01:15: ✅ task_targets.created_by_admin exists
2026-06-12T16:01:15: ✅ task_achievements.achieved_amount exists
2026-06-12T16:01:15: ✅ clients.created_by exists
2026-06-12T16:01:15: ✅ tasks.created_by exists
2026-06-12T16:01:15: ✅ tasks.task_description exists
2026-06-12T16:01:15: ✅ tasks.assigned_to exists
2026-06-12T16:01:15: ✅ quotations.created_by exists
2026-06-12T16:01:15: ✅ contracts.created_by exists
2026-06-12T16:01:15: ✅ contracts.client_company exists
2026-06-12T16:01:15: ✅ contracts.amount_value exists
2026-06-12T16:01:15: ✅ contracts.remaining exists
2026-06-12T16:01:15: ✅ contracts.email exists
2026-06-12T16:01:15: ✅ clientinvoices.created_by exists
2026-06-12T16:01:15: ✅ performainvoices.created_by exists
2026-06-12T16:01:15: ✅ services.created_by exists
2026-06-12T16:01:15: ✅ call_reports.created_by exists
2026-06-12T16:01:15: ✅ lead_activity.employee_id exists
2026-06-12T16:01:15: ✅ lead_escalations.missed_threshold_reached exists
2026-06-12T16:01:15: ✅ lead_escalations.employee_id exists
2026-06-12T16:01:15: ✅ performainvoices.is_latest exists
2026-06-12T16:01:15: ✅ performainvoices.version exists
2026-06-12T16:01:15: ✅ performainvoices.parent_id exists
2026-06-12T16:01:15: ✅ performa_invoice_items.uom exists
2026-06-12T16:01:15: ✅ performainvoice_items.uom exists
2026-06-12T16:01:15: ✅ task_assignments.response_notes exists
2026-06-12T16:01:15: ✅ call_reports.amount_collected exists
2026-06-12T16:01:15: ✅ call_reports.payment_mode exists
2026-06-12T16:01:15: ✅ call_reports.duration_limit exists
2026-06-12T16:01:15: ✅ call_reports.actual_duration exists
2026-06-12T16:01:15: ✅ call_reports.is_exceeded exists
2026-06-12T16:01:15: ✅ call_reports.assigned_time exists
2026-06-12T16:01:15: ✅ call_reports.call_id exists
2026-06-12T16:01:15: ✅ call_reports.session_id exists
2026-06-12T16:01:15: ✅ call_reports.client_name exists
2026-06-12T16:01:15: ✅ call_reports.staff_name exists
2026-06-12T16:01:15: ✅ call_reports.executive_name exists
2026-06-12T16:01:15: ✅ call_reports.phone exists
2026-06-12T16:01:15: ✅ call_reports.location exists
2026-06-12T16:01:15: ✅ call_reports.call_sequence exists
2026-06-12T16:01:15: ✅ call_reports.report_date exists
2026-06-12T16:01:15: ✅ call_reports.complaint exists
2026-06-12T16:01:15: ✅ call_reports.priority exists
2026-06-12T16:01:15: ✅ call_reports.call_type exists
2026-06-12T16:01:16: ✅ call_reports.payment_type exists
2026-06-12T16:01:16: ✅ call_reports.invoice_value exists
2026-06-12T16:01:16: ✅ call_reports.payment_status exists
2026-06-12T16:01:16: ✅ call_reports.petrol_charges exists
2026-06-12T16:01:16: ✅ call_reports.spare_parts_price exists
2026-06-12T16:01:16: ✅ call_reports.labour_charges exists
2026-06-12T16:01:16: ✅ call_reports.total_expenses exists
2026-06-12T16:01:16: ✅ call_reports.customer_name exists
2026-06-12T16:01:16: ✅ call_reports.mobile_number exists
2026-06-12T16:01:16: ✅ call_reports.location_city exists
2026-06-12T16:01:16: ✅ call_reports.contract_title exists
2026-06-12T16:01:16: ✅ call_reports.service_type exists
2026-06-12T16:01:16: ✅ call_reports.description exists
2026-06-12T16:01:16: ✅ call_reports.service_person exists
2026-06-12T16:01:16: ✅ call_reports.contract_id exists
2026-06-12T16:01:16: ✅ call_reports.call_referrer exists
2026-06-12T16:01:16: ✅ call_reports.step2_completed exists
2026-06-12T16:01:16: ✅ call_reports.email exists
2026-06-12T16:01:16: ✅ call_reports.status exists
2026-06-12T16:01:16: ✅ call_reports.gst_number exists
2026-06-12T16:01:16: ✅ call_reports.company_name exists
2026-06-12T16:01:16: ✅ call_reports.completed_at exists
2026-06-12T16:01:16: ✅ call_reports.carry_forward_date exists
2026-06-12T16:01:16: ✅ amc_alc_services.amount_collected exists
2026-06-12T16:01:16: ✅ amc_alc_services.payment_mode exists
2026-06-12T16:01:16: ✅ amc_alc_services.call_number exists
2026-06-12T16:01:16: ✅ amc_alc_services.breakpoints exists
2026-06-12T16:01:16: ✅ amc_alc_services.duration_limit exists
2026-06-12T16:01:16: ✅ clients.gst_number exists
2026-06-12T16:01:16: ✅ clients.company_name exists
2026-06-12T16:01:16: ✅ clients.service exists
2026-06-12T16:01:16: ✅ clients.alternate_phone exists
2026-06-12T16:01:16: ✅ clients.city exists
2026-06-12T16:01:16: ✅ clients.state exists
2026-06-12T16:01:16: ✅ clients.pincode exists
2026-06-12T16:01:16: ✅ clients.notes exists
2026-06-12T16:01:16: ✅ clients.client_status exists
2026-06-12T16:01:16: ✅ clients.original_lead_id exists
2026-06-12T16:01:16: ✅ clients.original_lead_type exists
2026-06-12T16:01:16: ✅ clients.converted_at exists
2026-06-12T16:01:16: ✅ clients.lead_email exists
2026-06-12T16:01:16: ✅ clients.lead_city exists
2026-06-12T16:01:16: ✅ clients.lead_reference exists
2026-06-12T16:01:16: ✅ clients.lead_purpose exists
2026-06-12T16:01:16: ✅ clients.client_status exists
2026-06-12T16:01:16: ✅ clients.lead_staff_name exists
2026-06-12T16:01:16: ✅ clients.lead_id_display exists
2026-06-12T16:01:16: ✅ clients.assigned_teammember_id exists
2026-06-12T16:01:16: ✅ clients.state exists
2026-06-12T16:01:16: ✅ clients.pincode exists
2026-06-12T16:01:16: ✅ users.emp_id exists
2026-06-12T16:01:16: ✅ quotations.reference_no exists
2026-06-12T16:01:16: ✅ quotations.from_address_id exists
2026-06-12T16:01:16: ✅ quotations.from_address_custom exists
2026-06-12T16:01:16: ✅ quotations.client_company exists
2026-06-12T16:01:16: ✅ quotations.client_address1 exists
2026-06-12T16:01:16: ✅ quotations.client_address2 exists
2026-06-12T16:01:16: ✅ quotations.client_city exists
2026-06-12T16:01:16: ✅ quotations.client_state exists
2026-06-12T16:01:16: ✅ quotations.client_pincode exists
2026-06-12T16:01:16: ✅ quotations.client_country exists
2026-06-12T16:01:16: ✅ quotations.tax_type exists
2026-06-12T16:01:16: ✅ quotations.custom_tax exists
2026-06-12T16:01:16: ✅ quotations.exec_name exists
2026-06-12T16:01:16: ✅ quotations.exec_phone exists
2026-06-12T16:01:16: ✅ quotations.exec_email exists
2026-06-12T16:01:16: ✅ quotations.terms_general exists
2026-06-12T16:01:16: ✅ quotations.terms_tax exists
2026-06-12T16:01:16: ✅ quotations.terms_project_period exists
2026-06-12T16:01:16: ✅ quotations.terms_validity exists
2026-06-12T16:01:16: ✅ quotations.terms_separate_orders exists
2026-06-12T16:01:16: ✅ quotations.terms_payment exists
2026-06-12T16:01:16: ✅ quotations.terms_payment_custom exists
2026-06-12T16:01:16: ✅ quotations.terms_warranty exists
2026-06-12T16:01:16: ✅ quotations.hsn_sac_code exists
2026-06-12T16:01:16: ✅ quotations.supplier_branch exists
2026-06-12T16:01:16: ✅ quotations.bank_details_id exists
2026-06-12T16:01:16: ✅ quotations.bank_company exists
2026-06-12T16:01:16: ✅ quotations.bank_name exists
2026-06-12T16:01:16: ✅ quotations.bank_account exists
2026-06-12T16:01:16: ✅ quotations.bank_ifsc exists
2026-06-12T16:01:16: ✅ quotations.bank_branch exists
2026-06-12T16:01:16: ✅ quotations.custom_terms exists
2026-06-12T16:01:16: ✅ quotations.is_latest exists
2026-06-12T16:01:16: ✅ quotations.parent_id exists
2026-06-12T16:01:16: ✅ quotations.version exists
2026-06-12T16:01:16: ✅ performainvoices.reference_no exists
2026-06-12T16:01:16: ✅ performainvoices.from_address_id exists
2026-06-12T16:01:16: ✅ performainvoices.from_address_custom exists
2026-06-12T16:01:16: ✅ performainvoices.client_company exists
2026-06-12T16:01:16: ✅ performainvoices.client_address1 exists
2026-06-12T16:01:16: ✅ performainvoices.client_address2 exists
2026-06-12T16:01:16: ✅ performainvoices.client_city exists
2026-06-12T16:01:16: ✅ performainvoices.client_state exists
2026-06-12T16:01:16: ✅ performainvoices.client_pincode exists
2026-06-12T16:01:16: ✅ performainvoices.client_country exists
2026-06-12T16:01:16: ✅ performainvoices.tax_type exists
2026-06-12T16:01:16: ✅ performainvoices.custom_tax exists
2026-06-12T16:01:16: ✅ performainvoices.exec_name exists
2026-06-12T16:01:16: ✅ performainvoices.exec_phone exists
2026-06-12T16:01:16: ✅ performainvoices.exec_email exists
2026-06-12T16:01:16: ✅ performainvoices.terms_general exists
2026-06-12T16:01:16: ✅ performainvoices.terms_tax exists
2026-06-12T16:01:16: ✅ performainvoices.terms_project_period exists
2026-06-12T16:01:16: ✅ performainvoices.terms_validity exists
2026-06-12T16:01:16: ✅ performainvoices.terms_separate_orders exists
2026-06-12T16:01:16: ✅ performainvoices.terms_payment exists
2026-06-12T16:01:16: ✅ performainvoices.terms_payment_custom exists
2026-06-12T16:01:16: ✅ performainvoices.terms_warranty exists
2026-06-12T16:01:16: ✅ performainvoices.hsn_sac_code exists
2026-06-12T16:01:16: ✅ performainvoices.supplier_branch exists
2026-06-12T16:01:16: ✅ performainvoices.bank_details_id exists
2026-06-12T16:01:16: ✅ performainvoices.bank_company exists
2026-06-12T16:01:16: ✅ performainvoices.bank_name exists
2026-06-12T16:01:16: ✅ performainvoices.bank_account exists
2026-06-12T16:01:16: ✅ performainvoices.bank_ifsc exists
2026-06-12T16:01:16: ✅ performainvoices.bank_branch exists
2026-06-12T16:01:16: ✅ performainvoices.custom_terms exists
2026-06-12T16:01:16: ✅ services.reference_no exists
2026-06-12T16:01:16: ✅ services.from_address_id exists
2026-06-12T16:01:16: ✅ services.from_address_custom exists
2026-06-12T16:01:16: ✅ services.client_company exists
2026-06-12T16:01:16: ✅ services.client_address1 exists
2026-06-12T16:01:16: ✅ services.client_address2 exists
2026-06-12T16:01:16: ✅ services.client_city exists
2026-06-12T16:01:16: ✅ services.client_state exists
2026-06-12T16:01:16: ✅ services.client_pincode exists
2026-06-12T16:01:16: ✅ services.client_country exists
2026-06-12T16:01:16: ✅ services.tax_type exists
2026-06-12T16:01:16: ✅ services.custom_tax exists
2026-06-12T16:01:16: ✅ services.exec_name exists
2026-06-12T16:01:16: ✅ services.exec_phone exists
2026-06-12T16:01:16: ✅ services.exec_email exists
2026-06-12T16:01:16: ✅ services.terms_general exists
2026-06-12T16:01:16: ✅ services.terms_tax exists
2026-06-12T16:01:16: ✅ services.terms_project_period exists
2026-06-12T16:01:16: ✅ services.terms_validity exists
2026-06-12T16:01:16: ✅ services.terms_separate_orders exists
2026-06-12T16:01:16: ✅ services.terms_payment exists
2026-06-12T16:01:16: ✅ services.terms_payment_custom exists
2026-06-12T16:01:16: ✅ services.terms_warranty exists
2026-06-12T16:01:16: ✅ services.hsn_sac_code exists
2026-06-12T16:01:16: ✅ services.supplier_branch exists
2026-06-12T16:01:16: ✅ services.bank_details_id exists
2026-06-12T16:01:16: ✅ services.bank_company exists
2026-06-12T16:01:16: ✅ services.bank_name exists
2026-06-12T16:01:16: ✅ services.bank_account exists
2026-06-12T16:01:16: ✅ services.bank_ifsc exists
2026-06-12T16:01:16: ✅ services.bank_branch exists
2026-06-12T16:01:16: ✅ services.custom_terms exists
2026-06-12T16:01:16: ✅ estimatenew.client_company exists
2026-06-12T16:01:16: ✅ estimatenew.client_address exists
2026-06-12T16:01:16: ✅ estimatenew.client_city exists
2026-06-12T16:01:16: ✅ estimatenew.client_state exists
2026-06-12T16:01:16: ✅ estimatenew.client_gst exists
2026-06-12T16:01:16: ✅ estimatenew.client_phone exists
2026-06-12T16:01:16: ✅ estimatenew.subtotal exists
2026-06-12T16:01:16: ✅ estimatenew.total_tax exists
2026-06-12T16:01:16: ✅ estimatenew.total_discount exists
2026-06-12T16:01:16: ✅ estimatenew.grand_total exists
2026-06-12T16:01:16: ✅ estimateclient.subtotal exists
2026-06-12T16:01:16: ✅ estimateclient.total_tax exists
2026-06-12T16:01:16: ✅ estimateclient.total_discount exists
2026-06-12T16:01:16: ✅ estimateclient.grand_total exists
2026-06-12T16:01:16: ✅ quotation_items.uom exists
2026-06-12T16:01:16: ✅ quotation_items.hsn_sac exists
2026-06-12T16:01:16: ✅ quotation_items.brand_model exists
2026-06-12T16:01:16: ✅ customers.gst_number exists
2026-06-12T16:01:16: ✅ customers.created_by exists
2026-06-12T16:01:16: ✅ users.last_name exists
2026-06-12T16:01:16: ✅ user_email_configs.smtp_secure exists
2026-06-12T16:01:16: ✅ user_email_configs.from_email_address exists
2026-06-12T16:01:16: ✅ user_email_configs.sender_name exists
2026-06-12T16:01:16: ✅ user_email_configs.provider exists
2026-06-12T16:01:16: ✅ user_email_configs.is_enabled exists
2026-06-12T16:01:16: ✅ users.two_factor_enabled exists
2026-06-12T16:01:16: ✅ quotations.gst_mode exists
2026-06-12T16:01:16: ✅ quotations.status exists
2026-06-12T16:01:16: ✅ performainvoices.gst_mode exists
2026-06-12T16:01:16: ✅ performainvoices.status exists
2026-06-12T16:01:16: ✅ estimate_invoices.gst_mode exists
2026-06-12T16:01:16: ✅ estimate_invoices.status exists
2026-06-12T16:01:16: ✅ service_estimations.gst_mode exists
2026-06-12T16:01:16: ✅ service_estimations.status exists
2026-06-12T16:01:16: ✅ services.gst_mode exists
2026-06-12T16:01:16: ✅ estimatenew.gst_mode exists
2026-06-12T16:01:16: ✅ Create table pi_from_addresses
2026-06-12T16:01:16: ✅ Create table email_otp
2026-06-12T16:01:16: ✅ Create table payments
2026-06-12T16:01:16: ✅ Create table clientinvoices
2026-06-12T16:01:16: ✅ Create table messages
2026-06-12T16:01:16: ✅ Create table service_items
2026-06-12T16:01:16: ✅ Create table service_estimations
2026-06-12T16:01:16: ✅ Create table service_estimation_items
2026-06-12T16:01:16: ✅ Create table estimate_invoices
2026-06-12T16:01:16: ✅ Create table estimate_invoice_items
2026-06-12T16:01:16: ✅ Create table estimate_items
2026-06-12T16:01:16: ✅ Create table performainvoice_items
2026-06-12T16:01:16: ✅ Create table performainvoices
2026-06-12T16:01:16: ✅ Create table services
2026-06-12T16:01:16: ✅ Create table customers
2026-06-12T16:01:16: ✅ Create table quotations
2026-06-12T16:01:16: ✅ Create table quotation_items
2026-06-12T16:01:16: ✅ Create table lead_reminders
2026-06-12T16:01:16: ✅ Create table lead_activity
2026-06-12T16:01:16: ✅ Create table lead_escalations
2026-06-12T16:01:16: ✅ Create table admin_notifications
2026-06-12T16:01:16: ✅ Create table profile_change_requests
2026-06-12T16:01:16: ✅ Create table amc_alc_services
2026-06-12T16:01:16: ✅ Create table service_activity
2026-06-12T16:01:16: ✅ Create table task_targets
2026-06-12T16:01:16: ✅ Create table task_achievements
2026-06-12T16:01:16: ✅ Create table task_updates
2026-06-12T16:01:16: ✅ Create table call_reports
2026-06-12T16:01:16: ✅ Create table task_activity
2026-06-12T16:01:16: ✅ Create table notifications
2026-06-12T16:01:16: ✅ Create table task_assignments
2026-06-12T16:01:16: ✅ Create table clients
2026-06-12T16:01:16: ✅ Create table user_email_configs
2026-06-12T16:01:16: ✅ lead_reminders.reminder_time exists
2026-06-12T16:01:16: ✅ lead_reminders.missed_count exists
2026-06-12T16:01:16: ✅ lead_reminders.notification_sent exists
2026-06-12T16:01:16: ✅ lead_reminders.employee_id exists
2026-06-12T16:01:16: ✅ lead_escalations.missed_count exists
2026-06-12T16:01:16: ✅ users.status exists
2026-06-12T16:01:16: ✅ users.emp_id exists
2026-06-12T16:01:16: ✅ admin_notifications.related_id exists
2026-06-12T16:01:16: ✅ admin_notifications.related_type exists
2026-06-12T16:01:16: ✅ admin_notifications.created_by exists
2026-06-12T16:01:16: ✅ admin_notifications.priority exists
2026-06-12T16:01:16: ✅ admin_notifications.is_archived exists
2026-06-12T16:01:16: ✅ notifications.user_id exists
2026-06-12T16:01:16: ✅ notifications.type exists
2026-06-12T16:01:16: ✅ notifications.is_archived exists
2026-06-12T16:01:16: ✅ task_assignments.status exists
2026-06-12T16:01:16: ✅ teammember.mobile_number exists
2026-06-12T16:01:16: ✅ teammember.emp_id exists
2026-06-12T16:01:16: ✅ teammember.user_id exists
2026-06-12T16:01:16: ✅ teammember.emp_address exists
2026-06-12T16:01:16: ✅ telecalls.created_by exists
2026-06-12T16:01:16: ✅ telecalls.email exists
2026-06-12T16:01:16: ✅ walkins.assigned_to exists
2026-06-12T16:01:16: ✅ walkins.created_by exists
2026-06-12T16:01:16: ✅ walkins.email exists
2026-06-12T16:01:16: ✅ fields.assigned_to exists
2026-06-12T16:01:16: ✅ fields.created_by exists
2026-06-12T16:01:16: ✅ fields.email exists
2026-06-12T16:01:16: ✅ quotations.lead_id exists
2026-06-12T16:01:16: ✅ quotations.lead_type exists
2026-06-12T16:01:16: ✅ contracts.contract_type exists
2026-06-12T16:01:16: ✅ contracts.quotation_id exists
2026-06-12T16:01:16: ✅ contracts.mobile_number exists
2026-06-12T16:01:16: ✅ contracts.location_city exists
2026-06-12T16:01:16: ✅ amc_alc_services.labour_charges exists
2026-06-12T16:01:16: ✅ amc_alc_services.contract_title exists
2026-06-12T16:01:16: ✅ amc_alc_services.start_time exists
2026-06-12T16:01:16: ✅ amc_alc_services.end_time exists
2026-06-12T16:01:16: ✅ amc_alc_services.km exists
2026-06-12T16:01:16: ✅ amc_alc_services.technician exists
2026-06-12T16:01:16: ✅ amc_alc_services.sales_person exists
2026-06-12T16:01:16: ✅ amc_alc_services.remarks exists
2026-06-12T16:01:16: ✅ amc_alc_services.email exists
2026-06-12T16:01:16: ✅ amc_alc_services.next_service_date exists
2026-06-12T16:01:16: ✅ amc_alc_services.service_type exists
2026-06-12T16:01:16: ✅ task_targets.user_id exists
2026-06-12T16:01:16: ✅ task_targets.created_by_admin exists
2026-06-12T16:01:16: ✅ task_achievements.achieved_amount exists
2026-06-12T16:01:16: ✅ task_updates.amount exists
2026-06-12T16:01:16: ✅ call_reports.start_time exists
2026-06-12T16:01:16: ✅ call_reports.end_time exists
2026-06-12T16:01:16: ✅ call_reports.km exists
2026-06-12T16:01:16: ✅ call_reports.remarks exists
2026-06-12T16:01:16: ✅ call_reports.technician exists
2026-06-12T16:01:16: ✅ call_reports.sales_person exists
2026-06-12T16:01:16: ✅ tasks.assigned_teammember_id exists
2026-06-12T16:01:16: ✅ task_targets.teammember_id exists
2026-06-12T16:01:16: ✅ quotations.reference_no exists
2026-06-12T16:01:16: ✅ task_targets.carry_forward exists
2026-06-12T16:01:16: ✅ task_targets.effective_target exists
2026-06-12T16:01:16: ✅ task_targets.user_id exists
2026-06-12T16:01:16: ✅ task_targets.created_by_admin exists
2026-06-12T16:01:16: ✅ task_achievements.achieved_amount exists
2026-06-12T16:01:16: ✅ clients.created_by exists
2026-06-12T16:01:16: ✅ tasks.created_by exists
2026-06-12T16:01:16: ✅ tasks.task_description exists
2026-06-12T16:01:16: ✅ tasks.assigned_to exists
2026-06-12T16:01:16: ✅ quotations.created_by exists
2026-06-12T16:01:16: ✅ contracts.created_by exists
2026-06-12T16:01:16: ✅ contracts.client_company exists
2026-06-12T16:01:16: ✅ contracts.amount_value exists
2026-06-12T16:01:16: ✅ contracts.remaining exists
2026-06-12T16:01:16: ✅ contracts.email exists
2026-06-12T16:01:16: ✅ clientinvoices.created_by exists
2026-06-12T16:01:16: ✅ performainvoices.created_by exists
2026-06-12T16:01:16: ✅ services.created_by exists
2026-06-12T16:01:16: ✅ call_reports.created_by exists
2026-06-12T16:01:16: ✅ lead_activity.employee_id exists
2026-06-12T16:01:16: ✅ lead_escalations.missed_threshold_reached exists
2026-06-12T16:01:16: ✅ lead_escalations.employee_id exists
2026-06-12T16:01:16: ✅ performainvoices.is_latest exists
2026-06-12T16:01:16: ✅ performainvoices.version exists
2026-06-12T16:01:16: ✅ performainvoices.parent_id exists
2026-06-12T16:01:16: ✅ performa_invoice_items.uom exists
2026-06-12T16:01:16: ✅ performainvoice_items.uom exists
2026-06-12T16:01:16: ✅ task_assignments.response_notes exists
2026-06-12T16:01:16: ✅ call_reports.amount_collected exists
2026-06-12T16:01:16: ✅ call_reports.payment_mode exists
2026-06-12T16:01:16: ✅ call_reports.duration_limit exists
2026-06-12T16:01:16: ✅ call_reports.actual_duration exists
2026-06-12T16:01:16: ✅ call_reports.is_exceeded exists
2026-06-12T16:01:16: ✅ call_reports.assigned_time exists
2026-06-12T16:01:16: ✅ call_reports.call_id exists
2026-06-12T16:01:16: ✅ call_reports.session_id exists
2026-06-12T16:01:16: ✅ call_reports.client_name exists
2026-06-12T16:01:16: ✅ call_reports.staff_name exists
2026-06-12T16:01:16: ✅ call_reports.executive_name exists
2026-06-12T16:01:16: ✅ call_reports.phone exists
2026-06-12T16:01:16: ✅ call_reports.location exists
2026-06-12T16:01:16: ✅ call_reports.call_sequence exists
2026-06-12T16:01:16: ✅ call_reports.report_date exists
2026-06-12T16:01:16: ✅ call_reports.complaint exists
2026-06-12T16:01:16: ✅ call_reports.priority exists
2026-06-12T16:01:16: ✅ call_reports.call_type exists
2026-06-12T16:01:16: ✅ call_reports.payment_type exists
2026-06-12T16:01:16: ✅ call_reports.invoice_value exists
2026-06-12T16:01:16: ✅ call_reports.payment_status exists
2026-06-12T16:01:16: ✅ call_reports.petrol_charges exists
2026-06-12T16:01:16: ✅ call_reports.spare_parts_price exists
2026-06-12T16:01:16: ✅ call_reports.labour_charges exists
2026-06-12T16:01:16: ✅ call_reports.total_expenses exists
2026-06-12T16:01:16: ✅ call_reports.customer_name exists
2026-06-12T16:01:16: ✅ call_reports.mobile_number exists
2026-06-12T16:01:16: ✅ call_reports.location_city exists
2026-06-12T16:01:16: ✅ call_reports.contract_title exists
2026-06-12T16:01:16: ✅ call_reports.service_type exists
2026-06-12T16:01:16: ✅ call_reports.description exists
2026-06-12T16:01:16: ✅ call_reports.service_person exists
2026-06-12T16:01:16: ✅ call_reports.contract_id exists
2026-06-12T16:01:16: ✅ call_reports.call_referrer exists
2026-06-12T16:01:16: ✅ call_reports.step2_completed exists
2026-06-12T16:01:16: ✅ call_reports.email exists
2026-06-12T16:01:16: ✅ call_reports.status exists
2026-06-12T16:01:16: ✅ call_reports.gst_number exists
2026-06-12T16:01:16: ✅ call_reports.company_name exists
2026-06-12T16:01:16: ✅ call_reports.completed_at exists
2026-06-12T16:01:16: ✅ call_reports.carry_forward_date exists
2026-06-12T16:01:16: ✅ amc_alc_services.amount_collected exists
2026-06-12T16:01:16: ✅ amc_alc_services.payment_mode exists
2026-06-12T16:01:16: ✅ amc_alc_services.call_number exists
2026-06-12T16:01:16: ✅ amc_alc_services.breakpoints exists
2026-06-12T16:01:16: ✅ amc_alc_services.duration_limit exists
2026-06-12T16:01:16: ✅ clients.gst_number exists
2026-06-12T16:01:16: ✅ clients.company_name exists
2026-06-12T16:01:16: ✅ clients.service exists
2026-06-12T16:01:16: ✅ clients.alternate_phone exists
2026-06-12T16:01:16: ✅ clients.city exists
2026-06-12T16:01:16: ✅ clients.state exists
2026-06-12T16:01:16: ✅ clients.pincode exists
2026-06-12T16:01:16: ✅ clients.notes exists
2026-06-12T16:01:16: ✅ clients.client_status exists
2026-06-12T16:01:16: ✅ clients.original_lead_id exists
2026-06-12T16:01:16: ✅ clients.original_lead_type exists
2026-06-12T16:01:16: ✅ clients.converted_at exists
2026-06-12T16:01:16: ✅ clients.lead_email exists
2026-06-12T16:01:16: ✅ clients.lead_city exists
2026-06-12T16:01:16: ✅ clients.lead_reference exists
2026-06-12T16:01:16: ✅ clients.lead_purpose exists
2026-06-12T16:01:16: ✅ clients.client_status exists
2026-06-12T16:01:16: ✅ clients.lead_staff_name exists
2026-06-12T16:01:16: ✅ clients.lead_id_display exists
2026-06-12T16:01:16: ✅ clients.assigned_teammember_id exists
2026-06-12T16:01:16: ✅ clients.state exists
2026-06-12T16:01:16: ✅ clients.pincode exists
2026-06-12T16:01:16: ✅ users.emp_id exists
2026-06-12T16:01:16: ✅ quotations.reference_no exists
2026-06-12T16:01:16: ✅ quotations.from_address_id exists
2026-06-12T16:01:16: ✅ quotations.from_address_custom exists
2026-06-12T16:01:16: ✅ quotations.client_company exists
2026-06-12T16:01:16: ✅ quotations.client_address1 exists
2026-06-12T16:01:16: ✅ quotations.client_address2 exists
2026-06-12T16:01:16: ✅ quotations.client_city exists
2026-06-12T16:01:16: ✅ quotations.client_state exists
2026-06-12T16:01:16: ✅ quotations.client_pincode exists
2026-06-12T16:01:16: ✅ quotations.client_country exists
2026-06-12T16:01:16: ✅ quotations.tax_type exists
2026-06-12T16:01:16: ✅ quotations.custom_tax exists
2026-06-12T16:01:16: ✅ quotations.exec_name exists
2026-06-12T16:01:16: ✅ quotations.exec_phone exists
2026-06-12T16:01:16: ✅ quotations.exec_email exists
2026-06-12T16:01:16: ✅ quotations.terms_general exists
2026-06-12T16:01:16: ✅ quotations.terms_tax exists
2026-06-12T16:01:16: ✅ quotations.terms_project_period exists
2026-06-12T16:01:16: ✅ quotations.terms_validity exists
2026-06-12T16:01:16: ✅ quotations.terms_separate_orders exists
2026-06-12T16:01:16: ✅ quotations.terms_payment exists
2026-06-12T16:01:16: ✅ quotations.terms_payment_custom exists
2026-06-12T16:01:16: ✅ quotations.terms_warranty exists
2026-06-12T16:01:16: ✅ quotations.hsn_sac_code exists
2026-06-12T16:01:16: ✅ quotations.supplier_branch exists
2026-06-12T16:01:16: ✅ quotations.bank_details_id exists
2026-06-12T16:01:16: ✅ quotations.bank_company exists
2026-06-12T16:01:16: ✅ quotations.bank_name exists
2026-06-12T16:01:16: ✅ quotations.bank_account exists
2026-06-12T16:01:16: ✅ quotations.bank_ifsc exists
2026-06-12T16:01:16: ✅ quotations.bank_branch exists
2026-06-12T16:01:16: ✅ quotations.custom_terms exists
2026-06-12T16:01:16: ✅ quotations.is_latest exists
2026-06-12T16:01:16: ✅ quotations.parent_id exists
2026-06-12T16:01:16: ✅ quotations.version exists
2026-06-12T16:01:16: ✅ performainvoices.reference_no exists
2026-06-12T16:01:16: ✅ performainvoices.from_address_id exists
2026-06-12T16:01:16: ✅ performainvoices.from_address_custom exists
2026-06-12T16:01:16: ✅ performainvoices.client_company exists
2026-06-12T16:01:16: ✅ performainvoices.client_address1 exists
2026-06-12T16:01:16: ✅ performainvoices.client_address2 exists
2026-06-12T16:01:16: ✅ performainvoices.client_city exists
2026-06-12T16:01:16: ✅ performainvoices.client_state exists
2026-06-12T16:01:16: ✅ performainvoices.client_pincode exists
2026-06-12T16:01:16: ✅ performainvoices.client_country exists
2026-06-12T16:01:16: ✅ performainvoices.tax_type exists
2026-06-12T16:01:16: ✅ performainvoices.custom_tax exists
2026-06-12T16:01:16: ✅ performainvoices.exec_name exists
2026-06-12T16:01:16: ✅ performainvoices.exec_phone exists
2026-06-12T16:01:16: ✅ performainvoices.exec_email exists
2026-06-12T16:01:16: ✅ performainvoices.terms_general exists
2026-06-12T16:01:16: ✅ performainvoices.terms_tax exists
2026-06-12T16:01:16: ✅ performainvoices.terms_project_period exists
2026-06-12T16:01:16: ✅ performainvoices.terms_validity exists
2026-06-12T16:01:16: ✅ performainvoices.terms_separate_orders exists
2026-06-12T16:01:16: ✅ performainvoices.terms_payment exists
2026-06-12T16:01:16: ✅ performainvoices.terms_payment_custom exists
2026-06-12T16:01:16: ✅ performainvoices.terms_warranty exists
2026-06-12T16:01:16: ✅ performainvoices.hsn_sac_code exists
2026-06-12T16:01:16: ✅ performainvoices.supplier_branch exists
2026-06-12T16:01:16: ✅ performainvoices.bank_details_id exists
2026-06-12T16:01:16: ✅ performainvoices.bank_company exists
2026-06-12T16:01:16: ✅ performainvoices.bank_name exists
2026-06-12T16:01:16: ✅ performainvoices.bank_account exists
2026-06-12T16:01:16: ✅ performainvoices.bank_ifsc exists
2026-06-12T16:01:16: ✅ performainvoices.bank_branch exists
2026-06-12T16:01:16: ✅ performainvoices.custom_terms exists
2026-06-12T16:01:16: ✅ services.reference_no exists
2026-06-12T16:01:16: ✅ services.from_address_id exists
2026-06-12T16:01:16: ✅ services.from_address_custom exists
2026-06-12T16:01:16: ✅ services.client_company exists
2026-06-12T16:01:16: ✅ services.client_address1 exists
2026-06-12T16:01:16: ✅ services.client_address2 exists
2026-06-12T16:01:16: ✅ services.client_city exists
2026-06-12T16:01:16: ✅ services.client_state exists
2026-06-12T16:01:16: ✅ services.client_pincode exists
2026-06-12T16:01:16: ✅ services.client_country exists
2026-06-12T16:01:16: ✅ services.tax_type exists
2026-06-12T16:01:16: ✅ services.custom_tax exists
2026-06-12T16:01:16: ✅ services.exec_name exists
2026-06-12T16:01:16: ✅ services.exec_phone exists
2026-06-12T16:01:16: ✅ services.exec_email exists
2026-06-12T16:01:16: ✅ services.terms_general exists
2026-06-12T16:01:16: ✅ services.terms_tax exists
2026-06-12T16:01:16: ✅ services.terms_project_period exists
2026-06-12T16:01:16: ✅ services.terms_validity exists
2026-06-12T16:01:16: ✅ services.terms_separate_orders exists
2026-06-12T16:01:16: ✅ services.terms_payment exists
2026-06-12T16:01:16: ✅ services.terms_payment_custom exists
2026-06-12T16:01:16: ✅ services.terms_warranty exists
2026-06-12T16:01:16: ✅ services.hsn_sac_code exists
2026-06-12T16:01:16: ✅ services.supplier_branch exists
2026-06-12T16:01:16: ✅ services.bank_details_id exists
2026-06-12T16:01:16: ✅ services.bank_company exists
2026-06-12T16:01:16: ✅ services.bank_name exists
2026-06-12T16:01:16: ✅ services.bank_account exists
2026-06-12T16:01:16: ✅ services.bank_ifsc exists
2026-06-12T16:01:16: ✅ services.bank_branch exists
2026-06-12T16:01:16: ✅ services.custom_terms exists
2026-06-12T16:01:16: ✅ estimatenew.client_company exists
2026-06-12T16:01:16: ✅ estimatenew.client_address exists
2026-06-12T16:01:16: ✅ estimatenew.client_city exists
2026-06-12T16:01:16: ✅ estimatenew.client_state exists
2026-06-12T16:01:16: ✅ estimatenew.client_gst exists
2026-06-12T16:01:16: ✅ estimatenew.client_phone exists
2026-06-12T16:01:16: ✅ estimatenew.subtotal exists
2026-06-12T16:01:16: ✅ estimatenew.total_tax exists
2026-06-12T16:01:16: ✅ estimatenew.total_discount exists
2026-06-12T16:01:16: ✅ estimatenew.grand_total exists
2026-06-12T16:01:17: ✅ estimateclient.subtotal exists
2026-06-12T16:01:17: ✅ estimateclient.total_tax exists
2026-06-12T16:01:17: ✅ estimateclient.total_discount exists
2026-06-12T16:01:17: ✅ estimateclient.grand_total exists
2026-06-12T16:01:17: ✅ quotation_items.uom exists
2026-06-12T16:01:17: ✅ quotation_items.hsn_sac exists
2026-06-12T16:01:17: ✅ quotation_items.brand_model exists
2026-06-12T16:01:17: ✅ customers.gst_number exists
2026-06-12T16:01:17: ✅ customers.created_by exists
2026-06-12T16:01:17: ✅ users.last_name exists
2026-06-12T16:01:17: ✅ user_email_configs.smtp_secure exists
2026-06-12T16:01:17: ✅ user_email_configs.from_email_address exists
2026-06-12T16:01:17: ✅ user_email_configs.sender_name exists
2026-06-12T16:01:17: ✅ user_email_configs.provider exists
2026-06-12T16:01:17: ✅ user_email_configs.is_enabled exists
2026-06-12T16:01:17: ✅ users.two_factor_enabled exists
2026-06-12T16:01:17: ✅ quotations.gst_mode exists
2026-06-12T16:01:17: ✅ quotations.status exists
2026-06-12T16:01:17: ✅ performainvoices.gst_mode exists
2026-06-12T16:01:17: ✅ performainvoices.status exists
2026-06-12T16:01:17: ✅ estimate_invoices.gst_mode exists
2026-06-12T16:01:17: ✅ estimate_invoices.status exists
2026-06-12T16:01:17: ✅ service_estimations.gst_mode exists
2026-06-12T16:01:17: ✅ service_estimations.status exists
2026-06-12T16:01:17: ✅ services.gst_mode exists
2026-06-12T16:01:17: ✅ estimatenew.gst_mode exists
2026-06-12T16:01:17: Users role column updated
2026-06-12T16:01:17: Teammember emp_role updated
2026-06-12T16:01:17: Default employees seeded successfully.
2026-06-12T16:01:17: [Scheduler] Reminder escalation scheduler started (every 15 min)
2026-06-12T16:01:17: [Scheduler] End-of-day task scheduler started (daily at 6 PM)
2026-06-12T16:01:17: ✅ Server running: http://0.0.0.0:5000 [production]
2026-06-12T16:01:17: OTP email transporter is ready
2026-06-12T16:01:18: User 708 joined notifications channel
2026-06-12T16:01:18: Admin joined notifications channel
2026-06-12T16:01:23: User 701 joined notifications channel
2026-06-12T16:01:27: [Scheduler] Running initial task check...
2026-06-12T16:01:27: [Scheduler] End-of-day task check complete. Evaluated 1 incomplete tasks.
2026-06-12T16:01:27: [Scheduler] Daily summary notification already dispatched for today
2026-06-12T16:01:56: User 708 joined notifications channel
2026-06-12T16:01:56: Admin joined notifications channel
2026-06-12T16:01:56: User 701 joined notifications channel
2026-06-12T16:01:58: User 708 joined notifications channel
2026-06-12T16:01:58: Admin joined notifications channel
2026-06-12T16:01:58: Client disconnected from notifications
2026-06-12T16:01:59: User 708 joined notifications channel
2026-06-12T16:01:59: Admin joined notifications channel
2026-06-12T16:02:00: Client disconnected from notifications
2026-06-12T16:02:00: User 708 joined notifications channel
2026-06-12T16:02:00: Admin joined notifications channel
2026-06-12T16:07:41: Client disconnected from notifications
2026-06-12T16:07:41: Client disconnected from notifications
2026-06-12T16:17:09: ◇ injected env (12) from .env // tip: ◈ encrypted .env [www.dotenvx.com]
2026-06-12T16:17:09: ◇ injected env (0) from .env // tip: ◈ encrypted .env [www.dotenvx.com]
2026-06-12T16:17:10: Generating fresh VAPID Keys for Push Notifications...
2026-06-12T16:17:10: VAPID Keys generated and saved to backend/.env
2026-06-12T16:17:10: MySQL Connected (127.0.0.1:3306)
2026-06-12T16:17:10: Using database achme
2026-06-12T16:17:10: Database initialized successfully
2026-06-12T16:17:10: ✅ lead_reminders.reminder_time exists
2026-06-12T16:17:10: ✅ lead_reminders.missed_count exists
2026-06-12T16:17:10: ✅ lead_reminders.notification_sent exists
2026-06-12T16:17:10: ✅ lead_reminders.employee_id exists
2026-06-12T16:17:10: ✅ lead_escalations.missed_count exists
2026-06-12T16:17:10: ✅ users.status exists
2026-06-12T16:17:10: ✅ users.emp_id exists
2026-06-12T16:17:10: ✅ admin_notifications.related_id exists
2026-06-12T16:17:10: ✅ admin_notifications.related_type exists
2026-06-12T16:17:10: ✅ admin_notifications.created_by exists
2026-06-12T16:17:10: ✅ admin_notifications.priority exists
2026-06-12T16:17:10: ✅ admin_notifications.is_archived exists
2026-06-12T16:17:10: ✅ notifications.user_id exists
2026-06-12T16:17:10: ✅ notifications.type exists
2026-06-12T16:17:10: ✅ notifications.is_archived exists
2026-06-12T16:17:10: ✅ task_assignments.status exists
2026-06-12T16:17:10: ✅ teammember.mobile_number exists
2026-06-12T16:17:10: ✅ teammember.emp_id exists
2026-06-12T16:17:10: ✅ teammember.user_id exists
2026-06-12T16:17:10: ✅ teammember.emp_address exists
2026-06-12T16:17:10: ✅ telecalls.created_by exists
2026-06-12T16:17:10: ✅ telecalls.email exists
2026-06-12T16:17:10: ✅ walkins.assigned_to exists
2026-06-12T16:17:10: ✅ walkins.created_by exists
2026-06-12T16:17:10: ✅ walkins.email exists
2026-06-12T16:17:10: ✅ fields.assigned_to exists
2026-06-12T16:17:10: ✅ fields.created_by exists
2026-06-12T16:17:10: ✅ fields.email exists
2026-06-12T16:17:10: ✅ quotations.lead_id exists
2026-06-12T16:17:10: ✅ quotations.lead_type exists
2026-06-12T16:17:10: ✅ contracts.contract_type exists
2026-06-12T16:17:10: ✅ contracts.quotation_id exists
2026-06-12T16:17:10: ✅ contracts.mobile_number exists
2026-06-12T16:17:10: ✅ contracts.location_city exists
2026-06-12T16:17:10: ✅ amc_alc_services.labour_charges exists
2026-06-12T16:17:10: ✅ amc_alc_services.contract_title exists
2026-06-12T16:17:10: ✅ amc_alc_services.start_time exists
2026-06-12T16:17:10: ✅ amc_alc_services.end_time exists
2026-06-12T16:17:10: ✅ amc_alc_services.km exists
2026-06-12T16:17:10: ✅ amc_alc_services.technician exists
2026-06-12T16:17:10: ✅ amc_alc_services.sales_person exists
2026-06-12T16:17:11: ✅ amc_alc_services.remarks exists
2026-06-12T16:17:11: ✅ amc_alc_services.email exists
2026-06-12T16:17:11: ✅ amc_alc_services.next_service_date exists
2026-06-12T16:17:11: ✅ amc_alc_services.service_type exists
2026-06-12T16:17:11: ✅ task_targets.user_id exists
2026-06-12T16:17:11: ✅ task_targets.created_by_admin exists
2026-06-12T16:17:11: ✅ task_achievements.achieved_amount exists
2026-06-12T16:17:11: ✅ task_updates.amount exists
2026-06-12T16:17:11: ✅ call_reports.start_time exists
2026-06-12T16:17:11: ✅ call_reports.end_time exists
2026-06-12T16:17:11: ✅ call_reports.km exists
2026-06-12T16:17:11: ✅ call_reports.remarks exists
2026-06-12T16:17:11: ✅ call_reports.technician exists
2026-06-12T16:17:11: ✅ call_reports.sales_person exists
2026-06-12T16:17:11: ✅ tasks.assigned_teammember_id exists
2026-06-12T16:17:11: ✅ task_targets.teammember_id exists
2026-06-12T16:17:11: ✅ quotations.reference_no exists
2026-06-12T16:17:11: ✅ task_targets.carry_forward exists
2026-06-12T16:17:11: ✅ task_targets.effective_target exists
2026-06-12T16:17:11: ✅ task_targets.user_id exists
2026-06-12T16:17:11: ✅ task_targets.created_by_admin exists
2026-06-12T16:17:11: ✅ task_achievements.achieved_amount exists
2026-06-12T16:17:11: ✅ clients.created_by exists
2026-06-12T16:17:11: ✅ tasks.created_by exists
2026-06-12T16:17:11: ✅ tasks.task_description exists
2026-06-12T16:17:11: ✅ tasks.assigned_to exists
2026-06-12T16:17:11: ✅ quotations.created_by exists
2026-06-12T16:17:11: ✅ contracts.created_by exists
2026-06-12T16:17:11: ✅ contracts.client_company exists
2026-06-12T16:17:11: ✅ contracts.amount_value exists
2026-06-12T16:17:11: ✅ contracts.remaining exists
2026-06-12T16:17:11: ✅ contracts.email exists
2026-06-12T16:17:11: ✅ clientinvoices.created_by exists
2026-06-12T16:17:11: ✅ performainvoices.created_by exists
2026-06-12T16:17:11: ✅ services.created_by exists
2026-06-12T16:17:11: ✅ call_reports.created_by exists
2026-06-12T16:17:11: ✅ lead_activity.employee_id exists
2026-06-12T16:17:11: ✅ lead_escalations.missed_threshold_reached exists
2026-06-12T16:17:11: ✅ lead_escalations.employee_id exists
2026-06-12T16:17:11: ✅ performainvoices.is_latest exists
2026-06-12T16:17:11: ✅ performainvoices.version exists
2026-06-12T16:17:11: ✅ performainvoices.parent_id exists
2026-06-12T16:17:11: ✅ performa_invoice_items.uom exists
2026-06-12T16:17:11: ✅ performainvoice_items.uom exists
2026-06-12T16:17:11: ✅ task_assignments.response_notes exists
2026-06-12T16:17:11: ✅ call_reports.amount_collected exists
2026-06-12T16:17:11: ✅ call_reports.payment_mode exists
2026-06-12T16:17:11: ✅ call_reports.duration_limit exists
2026-06-12T16:17:11: ✅ call_reports.actual_duration exists
2026-06-12T16:17:11: ✅ call_reports.is_exceeded exists
2026-06-12T16:17:11: ✅ call_reports.assigned_time exists
2026-06-12T16:17:11: ✅ call_reports.call_id exists
2026-06-12T16:17:11: ✅ call_reports.session_id exists
2026-06-12T16:17:11: ✅ call_reports.client_name exists
2026-06-12T16:17:11: ✅ call_reports.staff_name exists
2026-06-12T16:17:11: ✅ call_reports.executive_name exists
2026-06-12T16:17:11: ✅ call_reports.phone exists
2026-06-12T16:17:11: ✅ call_reports.location exists
2026-06-12T16:17:11: ✅ call_reports.call_sequence exists
2026-06-12T16:17:11: ✅ call_reports.report_date exists
2026-06-12T16:17:11: ✅ call_reports.complaint exists
2026-06-12T16:17:11: ✅ call_reports.priority exists
2026-06-12T16:17:11: ✅ call_reports.call_type exists
2026-06-12T16:17:11: ✅ call_reports.payment_type exists
2026-06-12T16:17:11: ✅ call_reports.invoice_value exists
2026-06-12T16:17:11: ✅ call_reports.payment_status exists
2026-06-12T16:17:11: ✅ call_reports.petrol_charges exists
2026-06-12T16:17:11: ✅ call_reports.spare_parts_price exists
2026-06-12T16:17:11: ✅ call_reports.labour_charges exists
2026-06-12T16:17:11: ✅ call_reports.total_expenses exists
2026-06-12T16:17:11: ✅ call_reports.customer_name exists
2026-06-12T16:17:11: ✅ call_reports.mobile_number exists
2026-06-12T16:17:11: ✅ call_reports.location_city exists
2026-06-12T16:17:11: ✅ call_reports.contract_title exists
2026-06-12T16:17:11: ✅ call_reports.service_type exists
2026-06-12T16:17:11: ✅ call_reports.description exists
2026-06-12T16:17:11: ✅ call_reports.service_person exists
2026-06-12T16:17:11: ✅ call_reports.contract_id exists
2026-06-12T16:17:11: ✅ call_reports.call_referrer exists
2026-06-12T16:17:11: ✅ call_reports.step2_completed exists
2026-06-12T16:17:11: ✅ call_reports.email exists
2026-06-12T16:17:11: ✅ call_reports.status exists
2026-06-12T16:17:11: ✅ call_reports.gst_number exists
2026-06-12T16:17:11: ✅ call_reports.company_name exists
2026-06-12T16:17:11: ✅ call_reports.completed_at exists
2026-06-12T16:17:11: ✅ call_reports.carry_forward_date exists
2026-06-12T16:17:11: ✅ amc_alc_services.amount_collected exists
2026-06-12T16:17:11: ✅ amc_alc_services.payment_mode exists
2026-06-12T16:17:11: ✅ amc_alc_services.call_number exists
2026-06-12T16:17:11: ✅ amc_alc_services.breakpoints exists
2026-06-12T16:17:11: ✅ amc_alc_services.duration_limit exists
2026-06-12T16:17:11: ✅ clients.gst_number exists
2026-06-12T16:17:11: ✅ clients.company_name exists
2026-06-12T16:17:11: ✅ clients.service exists
2026-06-12T16:17:11: ✅ clients.alternate_phone exists
2026-06-12T16:17:11: ✅ clients.city exists
2026-06-12T16:17:11: ✅ clients.state exists
2026-06-12T16:17:11: ✅ clients.pincode exists
2026-06-12T16:17:11: ✅ clients.notes exists
2026-06-12T16:17:11: ✅ clients.client_status exists
2026-06-12T16:17:11: ✅ clients.original_lead_id exists
2026-06-12T16:17:11: ✅ clients.original_lead_type exists
2026-06-12T16:17:11: ✅ clients.converted_at exists
2026-06-12T16:17:11: ✅ clients.lead_email exists
2026-06-12T16:17:11: ✅ clients.lead_city exists
2026-06-12T16:17:11: ✅ clients.lead_reference exists
2026-06-12T16:17:11: ✅ clients.lead_purpose exists
2026-06-12T16:17:11: ✅ clients.client_status exists
2026-06-12T16:17:11: ✅ clients.lead_staff_name exists
2026-06-12T16:17:11: ✅ clients.lead_id_display exists
2026-06-12T16:17:11: ✅ clients.assigned_teammember_id exists
2026-06-12T16:17:11: ✅ clients.state exists
2026-06-12T16:17:11: ✅ clients.pincode exists
2026-06-12T16:17:11: ✅ users.emp_id exists
2026-06-12T16:17:11: ✅ quotations.reference_no exists
2026-06-12T16:17:11: ✅ quotations.from_address_id exists
2026-06-12T16:17:11: ✅ quotations.from_address_custom exists
2026-06-12T16:17:11: ✅ quotations.client_company exists
2026-06-12T16:17:11: ✅ quotations.client_address1 exists
2026-06-12T16:17:11: ✅ quotations.client_address2 exists
2026-06-12T16:17:11: ✅ quotations.client_city exists
2026-06-12T16:17:11: ✅ quotations.client_state exists
2026-06-12T16:17:11: ✅ quotations.client_pincode exists
2026-06-12T16:17:11: ✅ quotations.client_country exists
2026-06-12T16:17:11: ✅ quotations.tax_type exists
2026-06-12T16:17:11: ✅ quotations.custom_tax exists
2026-06-12T16:17:11: ✅ quotations.exec_name exists
2026-06-12T16:17:11: ✅ quotations.exec_phone exists
2026-06-12T16:17:11: ✅ quotations.exec_email exists
2026-06-12T16:17:11: ✅ quotations.terms_general exists
2026-06-12T16:17:11: ✅ quotations.terms_tax exists
2026-06-12T16:17:11: ✅ quotations.terms_project_period exists
2026-06-12T16:17:11: ✅ quotations.terms_validity exists
2026-06-12T16:17:11: ✅ quotations.terms_separate_orders exists
2026-06-12T16:17:11: ✅ quotations.terms_payment exists
2026-06-12T16:17:11: ✅ quotations.terms_payment_custom exists
2026-06-12T16:17:11: ✅ quotations.terms_warranty exists
2026-06-12T16:17:11: ✅ quotations.hsn_sac_code exists
2026-06-12T16:17:11: ✅ quotations.supplier_branch exists
2026-06-12T16:17:11: ✅ quotations.bank_details_id exists
2026-06-12T16:17:11: ✅ quotations.bank_company exists
2026-06-12T16:17:11: ✅ quotations.bank_name exists
2026-06-12T16:17:11: ✅ quotations.bank_account exists
2026-06-12T16:17:11: ✅ quotations.bank_ifsc exists
2026-06-12T16:17:11: ✅ quotations.bank_branch exists
2026-06-12T16:17:11: ✅ quotations.custom_terms exists
2026-06-12T16:17:11: ✅ quotations.is_latest exists
2026-06-12T16:17:11: ✅ quotations.parent_id exists
2026-06-12T16:17:11: ✅ quotations.version exists
2026-06-12T16:17:11: ✅ performainvoices.reference_no exists
2026-06-12T16:17:11: ✅ performainvoices.from_address_id exists
2026-06-12T16:17:11: ✅ performainvoices.from_address_custom exists
2026-06-12T16:17:11: ✅ performainvoices.client_company exists
2026-06-12T16:17:11: ✅ performainvoices.client_address1 exists
2026-06-12T16:17:11: ✅ performainvoices.client_address2 exists
2026-06-12T16:17:11: ✅ performainvoices.client_city exists
2026-06-12T16:17:11: ✅ performainvoices.client_state exists
2026-06-12T16:17:11: ✅ performainvoices.client_pincode exists
2026-06-12T16:17:11: ✅ performainvoices.client_country exists
2026-06-12T16:17:11: ✅ performainvoices.tax_type exists
2026-06-12T16:17:11: ✅ performainvoices.custom_tax exists
2026-06-12T16:17:11: ✅ performainvoices.exec_name exists
2026-06-12T16:17:11: ✅ performainvoices.exec_phone exists
2026-06-12T16:17:11: ✅ performainvoices.exec_email exists
2026-06-12T16:17:11: ✅ performainvoices.terms_general exists
2026-06-12T16:17:11: ✅ performainvoices.terms_tax exists
2026-06-12T16:17:11: ✅ performainvoices.terms_project_period exists
2026-06-12T16:17:11: ✅ performainvoices.terms_validity exists
2026-06-12T16:17:11: ✅ performainvoices.terms_separate_orders exists
2026-06-12T16:17:11: ✅ performainvoices.terms_payment exists
2026-06-12T16:17:11: ✅ performainvoices.terms_payment_custom exists
2026-06-12T16:17:11: ✅ performainvoices.terms_warranty exists
2026-06-12T16:17:11: ✅ performainvoices.hsn_sac_code exists
2026-06-12T16:17:11: ✅ performainvoices.supplier_branch exists
2026-06-12T16:17:11: ✅ performainvoices.bank_details_id exists
2026-06-12T16:17:11: ✅ performainvoices.bank_company exists
2026-06-12T16:17:11: ✅ performainvoices.bank_name exists
2026-06-12T16:17:11: ✅ performainvoices.bank_account exists
2026-06-12T16:17:11: ✅ performainvoices.bank_ifsc exists
2026-06-12T16:17:11: ✅ performainvoices.bank_branch exists
2026-06-12T16:17:11: ✅ performainvoices.custom_terms exists
2026-06-12T16:17:11: ✅ services.reference_no exists
2026-06-12T16:17:11: ✅ services.from_address_id exists
2026-06-12T16:17:11: ✅ services.from_address_custom exists
2026-06-12T16:17:11: ✅ services.client_company exists
2026-06-12T16:17:11: ✅ services.client_address1 exists
2026-06-12T16:17:11: ✅ services.client_address2 exists
2026-06-12T16:17:11: ✅ services.client_city exists
2026-06-12T16:17:11: ✅ services.client_state exists
2026-06-12T16:17:11: ✅ services.client_pincode exists
2026-06-12T16:17:11: ✅ services.client_country exists
2026-06-12T16:17:11: ✅ services.tax_type exists
2026-06-12T16:17:11: ✅ services.custom_tax exists
2026-06-12T16:17:11: ✅ services.exec_name exists
2026-06-12T16:17:11: ✅ services.exec_phone exists
2026-06-12T16:17:11: ✅ services.exec_email exists
2026-06-12T16:17:11: ✅ services.terms_general exists
2026-06-12T16:17:11: ✅ services.terms_tax exists
2026-06-12T16:17:11: ✅ services.terms_project_period exists
2026-06-12T16:17:11: ✅ services.terms_validity exists
2026-06-12T16:17:11: ✅ services.terms_separate_orders exists
2026-06-12T16:17:11: ✅ services.terms_payment exists
2026-06-12T16:17:11: ✅ services.terms_payment_custom exists
2026-06-12T16:17:11: ✅ services.terms_warranty exists
2026-06-12T16:17:11: ✅ services.hsn_sac_code exists
2026-06-12T16:17:11: ✅ services.supplier_branch exists
2026-06-12T16:17:11: ✅ services.bank_details_id exists
2026-06-12T16:17:11: ✅ services.bank_company exists
2026-06-12T16:17:11: ✅ services.bank_name exists
2026-06-12T16:17:11: ✅ services.bank_account exists
2026-06-12T16:17:11: ✅ services.bank_ifsc exists
2026-06-12T16:17:11: ✅ services.bank_branch exists
2026-06-12T16:17:11: ✅ services.custom_terms exists
2026-06-12T16:17:11: ✅ estimatenew.client_company exists
2026-06-12T16:17:11: ✅ estimatenew.client_address exists
2026-06-12T16:17:11: ✅ estimatenew.client_city exists
2026-06-12T16:17:11: ✅ estimatenew.client_state exists
2026-06-12T16:17:11: ✅ estimatenew.client_gst exists
2026-06-12T16:17:11: ✅ estimatenew.client_phone exists
2026-06-12T16:17:11: ✅ estimatenew.subtotal exists
2026-06-12T16:17:11: ✅ estimatenew.total_tax exists
2026-06-12T16:17:11: ✅ estimatenew.total_discount exists
2026-06-12T16:17:11: ✅ estimatenew.grand_total exists
2026-06-12T16:17:11: ✅ estimateclient.subtotal exists
2026-06-12T16:17:11: ✅ estimateclient.total_tax exists
2026-06-12T16:17:11: ✅ estimateclient.total_discount exists
2026-06-12T16:17:11: ✅ estimateclient.grand_total exists
2026-06-12T16:17:11: ✅ quotation_items.uom exists
2026-06-12T16:17:11: ✅ quotation_items.hsn_sac exists
2026-06-12T16:17:11: ✅ quotation_items.brand_model exists
2026-06-12T16:17:11: ✅ customers.gst_number exists
2026-06-12T16:17:11: ✅ customers.created_by exists
2026-06-12T16:17:11: ✅ users.last_name exists
2026-06-12T16:17:11: ✅ user_email_configs.smtp_secure exists
2026-06-12T16:17:11: ✅ user_email_configs.from_email_address exists
2026-06-12T16:17:11: ✅ user_email_configs.sender_name exists
2026-06-12T16:17:11: ✅ user_email_configs.provider exists
2026-06-12T16:17:11: ✅ user_email_configs.is_enabled exists
2026-06-12T16:17:11: ✅ users.two_factor_enabled exists
2026-06-12T16:17:11: ✅ quotations.gst_mode exists
2026-06-12T16:17:11: ✅ quotations.status exists
2026-06-12T16:17:11: ✅ performainvoices.gst_mode exists
2026-06-12T16:17:11: ✅ performainvoices.status exists
2026-06-12T16:17:11: ✅ estimate_invoices.gst_mode exists
2026-06-12T16:17:11: ✅ estimate_invoices.status exists
2026-06-12T16:17:11: ✅ service_estimations.gst_mode exists
2026-06-12T16:17:11: ✅ service_estimations.status exists
2026-06-12T16:17:11: ✅ services.gst_mode exists
2026-06-12T16:17:11: ✅ estimatenew.gst_mode exists
2026-06-12T16:17:11: ✅ Create table pi_from_addresses
2026-06-12T16:17:11: ✅ Create table email_otp
2026-06-12T16:17:11: ✅ Create table payments
2026-06-12T16:17:11: ✅ Create table clientinvoices
2026-06-12T16:17:11: ✅ Create table messages
2026-06-12T16:17:11: ✅ Create table service_items
2026-06-12T16:17:11: ✅ Create table service_estimations
2026-06-12T16:17:11: ✅ Create table service_estimation_items
2026-06-12T16:17:11: ✅ Create table estimate_invoices
2026-06-12T16:17:11: ✅ Create table estimate_invoice_items
2026-06-12T16:17:11: ✅ Create table estimate_items
2026-06-12T16:17:11: ✅ Create table performainvoice_items
2026-06-12T16:17:11: ✅ Create table performainvoices
2026-06-12T16:17:11: ✅ Create table services
2026-06-12T16:17:11: ✅ Create table customers
2026-06-12T16:17:11: ✅ Create table quotations
2026-06-12T16:17:11: ✅ Create table quotation_items
2026-06-12T16:17:11: ✅ Create table lead_reminders
2026-06-12T16:17:11: ✅ Create table lead_activity
2026-06-12T16:17:11: ✅ Create table lead_escalations
2026-06-12T16:17:11: ✅ Create table admin_notifications
2026-06-12T16:17:11: ✅ Create table profile_change_requests
2026-06-12T16:17:11: ✅ Create table amc_alc_services
2026-06-12T16:17:11: ✅ Create table service_activity
2026-06-12T16:17:11: ✅ Create table task_targets
2026-06-12T16:17:11: ✅ Create table task_achievements
2026-06-12T16:17:11: ✅ Create table task_updates
2026-06-12T16:17:11: ✅ Create table call_reports
2026-06-12T16:17:11: ✅ Create table task_activity
2026-06-12T16:17:11: ✅ Create table notifications
2026-06-12T16:17:11: ✅ Create table task_assignments
2026-06-12T16:17:11: ✅ Create table clients
2026-06-12T16:17:11: ✅ Create table user_email_configs
2026-06-12T16:17:11: ✅ lead_reminders.reminder_time exists
2026-06-12T16:17:11: ✅ lead_reminders.missed_count exists
2026-06-12T16:17:11: ✅ lead_reminders.notification_sent exists
2026-06-12T16:17:11: ✅ lead_reminders.employee_id exists
2026-06-12T16:17:11: ✅ lead_escalations.missed_count exists
2026-06-12T16:17:11: ✅ users.status exists
2026-06-12T16:17:11: ✅ users.emp_id exists
2026-06-12T16:17:11: ✅ admin_notifications.related_id exists
2026-06-12T16:17:11: ✅ admin_notifications.related_type exists
2026-06-12T16:17:11: ✅ admin_notifications.created_by exists
2026-06-12T16:17:11: ✅ admin_notifications.priority exists
2026-06-12T16:17:11: ✅ admin_notifications.is_archived exists
2026-06-12T16:17:11: ✅ notifications.user_id exists
2026-06-12T16:17:11: ✅ notifications.type exists
2026-06-12T16:17:11: ✅ notifications.is_archived exists
2026-06-12T16:17:11: ✅ task_assignments.status exists
2026-06-12T16:17:11: ✅ teammember.mobile_number exists
2026-06-12T16:17:11: ✅ teammember.emp_id exists
2026-06-12T16:17:11: ✅ teammember.user_id exists
2026-06-12T16:17:11: ✅ teammember.emp_address exists
2026-06-12T16:17:11: ✅ telecalls.created_by exists
2026-06-12T16:17:11: ✅ telecalls.email exists
2026-06-12T16:17:11: ✅ walkins.assigned_to exists
2026-06-12T16:17:11: ✅ walkins.created_by exists
2026-06-12T16:17:11: ✅ walkins.email exists
2026-06-12T16:17:11: ✅ fields.assigned_to exists
2026-06-12T16:17:11: ✅ fields.created_by exists
2026-06-12T16:17:11: ✅ fields.email exists
2026-06-12T16:17:11: ✅ quotations.lead_id exists
2026-06-12T16:17:11: ✅ quotations.lead_type exists
2026-06-12T16:17:11: ✅ contracts.contract_type exists
2026-06-12T16:17:11: ✅ contracts.quotation_id exists
2026-06-12T16:17:11: ✅ contracts.mobile_number exists
2026-06-12T16:17:11: ✅ contracts.location_city exists
2026-06-12T16:17:11: ✅ amc_alc_services.labour_charges exists
2026-06-12T16:17:11: ✅ amc_alc_services.contract_title exists
2026-06-12T16:17:11: ✅ amc_alc_services.start_time exists
2026-06-12T16:17:11: ✅ amc_alc_services.end_time exists
2026-06-12T16:17:11: ✅ amc_alc_services.km exists
2026-06-12T16:17:11: ✅ amc_alc_services.technician exists
2026-06-12T16:17:11: ✅ amc_alc_services.sales_person exists
2026-06-12T16:17:11: ✅ amc_alc_services.remarks exists
2026-06-12T16:17:11: ✅ amc_alc_services.email exists
2026-06-12T16:17:11: ✅ amc_alc_services.next_service_date exists
2026-06-12T16:17:11: ✅ amc_alc_services.service_type exists
2026-06-12T16:17:11: ✅ task_targets.user_id exists
2026-06-12T16:17:11: ✅ task_targets.created_by_admin exists
2026-06-12T16:17:11: ✅ task_achievements.achieved_amount exists
2026-06-12T16:17:11: ✅ task_updates.amount exists
2026-06-12T16:17:11: ✅ call_reports.start_time exists
2026-06-12T16:17:11: ✅ call_reports.end_time exists
2026-06-12T16:17:11: ✅ call_reports.km exists
2026-06-12T16:17:11: ✅ call_reports.remarks exists
2026-06-12T16:17:11: ✅ call_reports.technician exists
2026-06-12T16:17:11: ✅ call_reports.sales_person exists
2026-06-12T16:17:11: ✅ tasks.assigned_teammember_id exists
2026-06-12T16:17:11: ✅ task_targets.teammember_id exists
2026-06-12T16:17:11: ✅ quotations.reference_no exists
2026-06-12T16:17:11: ✅ task_targets.carry_forward exists
2026-06-12T16:17:11: ✅ task_targets.effective_target exists
2026-06-12T16:17:11: ✅ task_targets.user_id exists
2026-06-12T16:17:11: ✅ task_targets.created_by_admin exists
2026-06-12T16:17:11: ✅ task_achievements.achieved_amount exists
2026-06-12T16:17:11: ✅ clients.created_by exists
2026-06-12T16:17:11: ✅ tasks.created_by exists
2026-06-12T16:17:11: ✅ tasks.task_description exists
2026-06-12T16:17:11: ✅ tasks.assigned_to exists
2026-06-12T16:17:11: ✅ quotations.created_by exists
2026-06-12T16:17:11: ✅ contracts.created_by exists
2026-06-12T16:17:11: ✅ contracts.client_company exists
2026-06-12T16:17:11: ✅ contracts.amount_value exists
2026-06-12T16:17:11: ✅ contracts.remaining exists
2026-06-12T16:17:11: ✅ contracts.email exists
2026-06-12T16:17:11: ✅ clientinvoices.created_by exists
2026-06-12T16:17:11: ✅ performainvoices.created_by exists
2026-06-12T16:17:11: ✅ services.created_by exists
2026-06-12T16:17:11: ✅ call_reports.created_by exists
2026-06-12T16:17:11: ✅ lead_activity.employee_id exists
2026-06-12T16:17:11: ✅ lead_escalations.missed_threshold_reached exists
2026-06-12T16:17:11: ✅ lead_escalations.employee_id exists
2026-06-12T16:17:11: ✅ performainvoices.is_latest exists
2026-06-12T16:17:11: ✅ performainvoices.version exists
2026-06-12T16:17:11: ✅ performainvoices.parent_id exists
2026-06-12T16:17:11: ✅ performa_invoice_items.uom exists
2026-06-12T16:17:11: ✅ performainvoice_items.uom exists
2026-06-12T16:17:11: ✅ task_assignments.response_notes exists
2026-06-12T16:17:11: ✅ call_reports.amount_collected exists
2026-06-12T16:17:11: ✅ call_reports.payment_mode exists
2026-06-12T16:17:11: ✅ call_reports.duration_limit exists
2026-06-12T16:17:11: ✅ call_reports.actual_duration exists
2026-06-12T16:17:11: ✅ call_reports.is_exceeded exists
2026-06-12T16:17:11: ✅ call_reports.assigned_time exists
2026-06-12T16:17:11: ✅ call_reports.call_id exists
2026-06-12T16:17:11: ✅ call_reports.session_id exists
2026-06-12T16:17:11: ✅ call_reports.client_name exists
2026-06-12T16:17:11: ✅ call_reports.staff_name exists
2026-06-12T16:17:11: ✅ call_reports.executive_name exists
2026-06-12T16:17:11: ✅ call_reports.phone exists
2026-06-12T16:17:11: ✅ call_reports.location exists
2026-06-12T16:17:11: ✅ call_reports.call_sequence exists
2026-06-12T16:17:11: ✅ call_reports.report_date exists
2026-06-12T16:17:11: ✅ call_reports.complaint exists
2026-06-12T16:17:11: ✅ call_reports.priority exists
2026-06-12T16:17:11: ✅ call_reports.call_type exists
2026-06-12T16:17:11: ✅ call_reports.payment_type exists
2026-06-12T16:17:12: ✅ call_reports.invoice_value exists
2026-06-12T16:17:12: ✅ call_reports.payment_status exists
2026-06-12T16:17:12: ✅ call_reports.petrol_charges exists
2026-06-12T16:17:12: ✅ call_reports.spare_parts_price exists
2026-06-12T16:17:12: ✅ call_reports.labour_charges exists
2026-06-12T16:17:12: ✅ call_reports.total_expenses exists
2026-06-12T16:17:12: ✅ call_reports.customer_name exists
2026-06-12T16:17:12: ✅ call_reports.mobile_number exists
2026-06-12T16:17:12: ✅ call_reports.location_city exists
2026-06-12T16:17:12: ✅ call_reports.contract_title exists
2026-06-12T16:17:12: ✅ call_reports.service_type exists
2026-06-12T16:17:12: ✅ call_reports.description exists
2026-06-12T16:17:12: ✅ call_reports.service_person exists
2026-06-12T16:17:12: ✅ call_reports.contract_id exists
2026-06-12T16:17:12: ✅ call_reports.call_referrer exists
2026-06-12T16:17:12: ✅ call_reports.step2_completed exists
2026-06-12T16:17:12: ✅ call_reports.email exists
2026-06-12T16:17:12: ✅ call_reports.status exists
2026-06-12T16:17:12: ✅ call_reports.gst_number exists
2026-06-12T16:17:12: ✅ call_reports.company_name exists
2026-06-12T16:17:12: ✅ call_reports.completed_at exists
2026-06-12T16:17:12: ✅ call_reports.carry_forward_date exists
2026-06-12T16:17:12: ✅ amc_alc_services.amount_collected exists
2026-06-12T16:17:12: ✅ amc_alc_services.payment_mode exists
2026-06-12T16:17:12: ✅ amc_alc_services.call_number exists
2026-06-12T16:17:12: ✅ amc_alc_services.breakpoints exists
2026-06-12T16:17:12: ✅ amc_alc_services.duration_limit exists
2026-06-12T16:17:12: ✅ clients.gst_number exists
2026-06-12T16:17:12: ✅ clients.company_name exists
2026-06-12T16:17:12: ✅ clients.service exists
2026-06-12T16:17:12: ✅ clients.alternate_phone exists
2026-06-12T16:17:12: ✅ clients.city exists
2026-06-12T16:17:12: ✅ clients.state exists
2026-06-12T16:17:12: ✅ clients.pincode exists
2026-06-12T16:17:12: ✅ clients.notes exists
2026-06-12T16:17:12: ✅ clients.client_status exists
2026-06-12T16:17:12: ✅ clients.original_lead_id exists
2026-06-12T16:17:12: ✅ clients.original_lead_type exists
2026-06-12T16:17:12: ✅ clients.converted_at exists
2026-06-12T16:17:12: ✅ clients.lead_email exists
2026-06-12T16:17:12: ✅ clients.lead_city exists
2026-06-12T16:17:12: ✅ clients.lead_reference exists
2026-06-12T16:17:12: ✅ clients.lead_purpose exists
2026-06-12T16:17:12: ✅ clients.client_status exists
2026-06-12T16:17:12: ✅ clients.lead_staff_name exists
2026-06-12T16:17:12: ✅ clients.lead_id_display exists
2026-06-12T16:17:12: ✅ clients.assigned_teammember_id exists
2026-06-12T16:17:12: ✅ clients.state exists
2026-06-12T16:17:12: ✅ clients.pincode exists
2026-06-12T16:17:12: ✅ users.emp_id exists
2026-06-12T16:17:12: ✅ quotations.reference_no exists
2026-06-12T16:17:12: ✅ quotations.from_address_id exists
2026-06-12T16:17:12: ✅ quotations.from_address_custom exists
2026-06-12T16:17:12: ✅ quotations.client_company exists
2026-06-12T16:17:12: ✅ quotations.client_address1 exists
2026-06-12T16:17:12: ✅ quotations.client_address2 exists
2026-06-12T16:17:12: ✅ quotations.client_city exists
2026-06-12T16:17:12: ✅ quotations.client_state exists
2026-06-12T16:17:12: ✅ quotations.client_pincode exists
2026-06-12T16:17:12: ✅ quotations.client_country exists
2026-06-12T16:17:12: ✅ quotations.tax_type exists
2026-06-12T16:17:12: ✅ quotations.custom_tax exists
2026-06-12T16:17:12: ✅ quotations.exec_name exists
2026-06-12T16:17:12: ✅ quotations.exec_phone exists
2026-06-12T16:17:12: ✅ quotations.exec_email exists
2026-06-12T16:17:12: ✅ quotations.terms_general exists
2026-06-12T16:17:12: ✅ quotations.terms_tax exists
2026-06-12T16:17:12: ✅ quotations.terms_project_period exists
2026-06-12T16:17:12: ✅ quotations.terms_validity exists
2026-06-12T16:17:12: ✅ quotations.terms_separate_orders exists
2026-06-12T16:17:12: ✅ quotations.terms_payment exists
2026-06-12T16:17:12: ✅ quotations.terms_payment_custom exists
2026-06-12T16:17:12: ✅ quotations.terms_warranty exists
2026-06-12T16:17:12: ✅ quotations.hsn_sac_code exists
2026-06-12T16:17:12: ✅ quotations.supplier_branch exists
2026-06-12T16:17:12: ✅ quotations.bank_details_id exists
2026-06-12T16:17:12: ✅ quotations.bank_company exists
2026-06-12T16:17:12: ✅ quotations.bank_name exists
2026-06-12T16:17:12: ✅ quotations.bank_account exists
2026-06-12T16:17:12: ✅ quotations.bank_ifsc exists
2026-06-12T16:17:12: ✅ quotations.bank_branch exists
2026-06-12T16:17:12: ✅ quotations.custom_terms exists
2026-06-12T16:17:12: ✅ quotations.is_latest exists
2026-06-12T16:17:12: ✅ quotations.parent_id exists
2026-06-12T16:17:12: ✅ quotations.version exists
2026-06-12T16:17:12: ✅ performainvoices.reference_no exists
2026-06-12T16:17:12: ✅ performainvoices.from_address_id exists
2026-06-12T16:17:12: ✅ performainvoices.from_address_custom exists
2026-06-12T16:17:12: ✅ performainvoices.client_company exists
2026-06-12T16:17:12: ✅ performainvoices.client_address1 exists
2026-06-12T16:17:12: ✅ performainvoices.client_address2 exists
2026-06-12T16:17:12: ✅ performainvoices.client_city exists
2026-06-12T16:17:12: ✅ performainvoices.client_state exists
2026-06-12T16:17:12: ✅ performainvoices.client_pincode exists
2026-06-12T16:17:12: ✅ performainvoices.client_country exists
2026-06-12T16:17:12: ✅ performainvoices.tax_type exists
2026-06-12T16:17:12: ✅ performainvoices.custom_tax exists
2026-06-12T16:17:12: ✅ performainvoices.exec_name exists
2026-06-12T16:17:12: ✅ performainvoices.exec_phone exists
2026-06-12T16:17:12: ✅ performainvoices.exec_email exists
2026-06-12T16:17:12: ✅ performainvoices.terms_general exists
2026-06-12T16:17:12: ✅ performainvoices.terms_tax exists
2026-06-12T16:17:12: ✅ performainvoices.terms_project_period exists
2026-06-12T16:17:12: ✅ performainvoices.terms_validity exists
2026-06-12T16:17:12: ✅ performainvoices.terms_separate_orders exists
2026-06-12T16:17:12: ✅ performainvoices.terms_payment exists
2026-06-12T16:17:12: ✅ performainvoices.terms_payment_custom exists
2026-06-12T16:17:12: ✅ performainvoices.terms_warranty exists
2026-06-12T16:17:12: ✅ performainvoices.hsn_sac_code exists
2026-06-12T16:17:12: ✅ performainvoices.supplier_branch exists
2026-06-12T16:17:12: ✅ performainvoices.bank_details_id exists
2026-06-12T16:17:12: ✅ performainvoices.bank_company exists
2026-06-12T16:17:12: ✅ performainvoices.bank_name exists
2026-06-12T16:17:12: ✅ performainvoices.bank_account exists
2026-06-12T16:17:12: ✅ performainvoices.bank_ifsc exists
2026-06-12T16:17:12: ✅ performainvoices.bank_branch exists
2026-06-12T16:17:12: ✅ performainvoices.custom_terms exists
2026-06-12T16:17:12: ✅ services.reference_no exists
2026-06-12T16:17:12: ✅ services.from_address_id exists
2026-06-12T16:17:12: ✅ services.from_address_custom exists
2026-06-12T16:17:12: ✅ services.client_company exists
2026-06-12T16:17:12: ✅ services.client_address1 exists
2026-06-12T16:17:12: ✅ services.client_address2 exists
2026-06-12T16:17:12: ✅ services.client_city exists
2026-06-12T16:17:12: ✅ services.client_state exists
2026-06-12T16:17:12: ✅ services.client_pincode exists
2026-06-12T16:17:12: ✅ services.client_country exists
2026-06-12T16:17:12: ✅ services.tax_type exists
2026-06-12T16:17:12: ✅ services.custom_tax exists
2026-06-12T16:17:12: ✅ services.exec_name exists
2026-06-12T16:17:12: ✅ services.exec_phone exists
2026-06-12T16:17:12: ✅ services.exec_email exists
2026-06-12T16:17:12: ✅ services.terms_general exists
2026-06-12T16:17:12: ✅ services.terms_tax exists
2026-06-12T16:17:12: ✅ services.terms_project_period exists
2026-06-12T16:17:12: ✅ services.terms_validity exists
2026-06-12T16:17:12: ✅ services.terms_separate_orders exists
2026-06-12T16:17:12: ✅ services.terms_payment exists
2026-06-12T16:17:12: ✅ services.terms_payment_custom exists
2026-06-12T16:17:12: ✅ services.terms_warranty exists
2026-06-12T16:17:12: ✅ services.hsn_sac_code exists
2026-06-12T16:17:12: ✅ services.supplier_branch exists
2026-06-12T16:17:12: ✅ services.bank_details_id exists
2026-06-12T16:17:12: ✅ services.bank_company exists
2026-06-12T16:17:12: ✅ services.bank_name exists
2026-06-12T16:17:12: ✅ services.bank_account exists
2026-06-12T16:17:12: ✅ services.bank_ifsc exists
2026-06-12T16:17:12: ✅ services.bank_branch exists
2026-06-12T16:17:12: ✅ services.custom_terms exists
2026-06-12T16:17:12: ✅ estimatenew.client_company exists
2026-06-12T16:17:12: ✅ estimatenew.client_address exists
2026-06-12T16:17:12: ✅ estimatenew.client_city exists
2026-06-12T16:17:12: ✅ estimatenew.client_state exists
2026-06-12T16:17:12: ✅ estimatenew.client_gst exists
2026-06-12T16:17:12: ✅ estimatenew.client_phone exists
2026-06-12T16:17:12: ✅ estimatenew.subtotal exists
2026-06-12T16:17:12: ✅ estimatenew.total_tax exists
2026-06-12T16:17:12: ✅ estimatenew.total_discount exists
2026-06-12T16:17:12: ✅ estimatenew.grand_total exists
2026-06-12T16:17:12: ✅ estimateclient.subtotal exists
2026-06-12T16:17:12: ✅ estimateclient.total_tax exists
2026-06-12T16:17:12: ✅ estimateclient.total_discount exists
2026-06-12T16:17:12: ✅ estimateclient.grand_total exists
2026-06-12T16:17:12: ✅ quotation_items.uom exists
2026-06-12T16:17:12: ✅ quotation_items.hsn_sac exists
2026-06-12T16:17:12: ✅ quotation_items.brand_model exists
2026-06-12T16:17:12: ✅ customers.gst_number exists
2026-06-12T16:17:12: ✅ customers.created_by exists
2026-06-12T16:17:12: ✅ users.last_name exists
2026-06-12T16:17:12: ✅ user_email_configs.smtp_secure exists
2026-06-12T16:17:12: ✅ user_email_configs.from_email_address exists
2026-06-12T16:17:12: ✅ user_email_configs.sender_name exists
2026-06-12T16:17:12: ✅ user_email_configs.provider exists
2026-06-12T16:17:12: ✅ user_email_configs.is_enabled exists
2026-06-12T16:17:12: ✅ users.two_factor_enabled exists
2026-06-12T16:17:12: ✅ quotations.gst_mode exists
2026-06-12T16:17:12: ✅ quotations.status exists
2026-06-12T16:17:12: ✅ performainvoices.gst_mode exists
2026-06-12T16:17:12: ✅ performainvoices.status exists
2026-06-12T16:17:12: ✅ estimate_invoices.gst_mode exists
2026-06-12T16:17:12: ✅ estimate_invoices.status exists
2026-06-12T16:17:12: ✅ service_estimations.gst_mode exists
2026-06-12T16:17:12: ✅ service_estimations.status exists
2026-06-12T16:17:12: ✅ services.gst_mode exists
2026-06-12T16:17:12: ✅ estimatenew.gst_mode exists
2026-06-12T16:17:12: Users role column updated
2026-06-12T16:17:12: Teammember emp_role updated
2026-06-12T16:17:12: OTP email transporter is ready
2026-06-12T16:17:13: Default employees seeded successfully.
2026-06-12T16:17:13: [Scheduler] Reminder escalation scheduler started (every 15 min)
2026-06-12T16:17:13: [Scheduler] End-of-day task scheduler started (daily at 6 PM)
2026-06-12T16:17:13: ✅ Server running: http://0.0.0.0:5000 [production]
2026-06-12T16:17:17: User 708 joined notifications channel
2026-06-12T16:17:17: Admin joined notifications channel
2026-06-12T16:17:23: [Scheduler] Running initial task check...
2026-06-12T16:17:23: [Scheduler] End-of-day task check complete. Evaluated 1 incomplete tasks.
2026-06-12T16:17:23: [Scheduler] Daily summary notification already dispatched for today
2026-06-12T16:17:30: User 708 joined notifications channel
2026-06-12T16:17:30: Admin joined notifications channel
2026-06-12T16:17:33: User 701 joined notifications channel
2026-06-12T16:18:31: Client disconnected from notifications
2026-06-12T16:18:32: User 708 joined notifications channel
2026-06-12T16:18:32: Admin joined notifications channel
2026-06-12T16:18:32: Client disconnected from notifications
2026-06-12T16:18:32: User 708 joined notifications channel
2026-06-12T16:18:32: Admin joined notifications channel
2026-06-12T16:18:32: Client disconnected from notifications
2026-06-12T16:18:33: User 708 joined notifications channel
2026-06-12T16:18:33: Admin joined notifications channel
2026-06-12T16:18:33: Client disconnected from notifications
2026-06-12T16:18:34: User 708 joined notifications channel
2026-06-12T16:18:34: Admin joined notifications channel
2026-06-12T16:21:59: Client disconnected from notifications
2026-06-12T16:29:16: Client disconnected from notifications
2026-06-12T16:31:12: Client disconnected from notifications
2026-06-12T16:31:43: Client disconnected from notifications
2026-06-12T16:31:43: User 708 joined notifications channel
2026-06-12T16:31:43: Admin joined notifications channel
2026-06-12T16:31:46: Client disconnected from notifications
2026-06-12T16:31:46: User 708 joined notifications channel
2026-06-12T16:31:46: Admin joined notifications channel
2026-06-12T16:32:02: Client disconnected from notifications
2026-06-12T16:32:03: User 708 joined notifications channel
2026-06-12T16:32:03: Admin joined notifications channel
2026-06-12T16:32:05: Client disconnected from notifications
2026-06-12T16:32:05: User 708 joined notifications channel
2026-06-12T16:32:05: Admin joined notifications channel
2026-06-12T16:35:37: Client disconnected from notifications
2026-06-12T16:46:35: User 708 joined notifications channel
2026-06-12T16:46:35: Admin joined notifications channel
2026-06-12T17:00:02: Client disconnected from notifications
2026-06-12T17:00:03: User 708 joined notifications channel
2026-06-12T17:00:03: Admin joined notifications channel
