2026-06-12T11:09:47: OTP email transporter verification failed: queryA ETIMEOUT smtp.gmail.com
2026-06-12T11:24:11: OTP email transporter verification failed: queryA ETIMEOUT smtp.gmail.com
2026-06-12T11:29:24: OTP email transporter verification failed: queryA ETIMEOUT smtp.gmail.com
2026-06-12T12:01:56: OTP email transporter verification failed: queryA ETIMEOUT smtp.gmail.com
2026-06-12T13:45:07: SMTP verification attempt 1 failed, retrying... getaddrinfo ENOTFOUND hgy.jbb.hsu
2026-06-12T13:45:07: SMTP verification attempt 2 failed: Error: getaddrinfo ENOTFOUND hgy.jbb.hsu
2026-06-12T13:45:07:     at GetAddrInfoReqWrap.onlookupall [as oncomplete] (node:dns:121:26) {
2026-06-12T13:45:07:   errno: -3008,
2026-06-12T13:45:07:   code: 'EDNS',
2026-06-12T13:45:07:   syscall: 'getaddrinfo',
2026-06-12T13:45:07:   hostname: 'hgy.jbb.hsu',
2026-06-12T13:45:07:   command: 'CONN'
2026-06-12T13:45:07: }
2026-06-12T15:24:52: OTP email transporter verification failed: getaddrinfo ENOTFOUND smtp.gmail.com
2026-06-12T15:41:01: ❌ Port 5000 is already in use. Either stop the process currently listening on port 5000 or set a different PORT in backend/.env.
2026-06-12T15:56:57: ❌ Port 5000 is already in use. Either stop the process currently listening on port 5000 or set a different PORT in backend/.env.
2026-06-12T18:13:21: Update error: Error: Data truncated for column 'call_outcome' at row 1
2026-06-12T18:13:21:     at Packet.asError (D:\ACHME_COMUNICATION-main\backend\node_modules\mysql2\lib\packets\packet.js:788:17)
2026-06-12T18:13:21:     at Query.execute (D:\ACHME_COMUNICATION-main\backend\node_modules\mysql2\lib\commands\command.js:29:26)
2026-06-12T18:13:21:     at Connection.handlePacket (D:\ACHME_COMUNICATION-main\backend\node_modules\mysql2\lib\base\connection.js:552:34)
2026-06-12T18:13:21:     at PacketParser.onPacket (D:\ACHME_COMUNICATION-main\backend\node_modules\mysql2\lib\base\connection.js:102:12)
2026-06-12T18:13:21:     at PacketParser.executeStart (D:\ACHME_COMUNICATION-main\backend\node_modules\mysql2\lib\packet_parser.js:75:16)
2026-06-12T18:13:21:     at Socket.<anonymous> (D:\ACHME_COMUNICATION-main\backend\node_modules\mysql2\lib\base\connection.js:109:25)
2026-06-12T18:13:21:     at Socket.emit (node:events:509:20)
2026-06-12T18:13:21:     at addChunk (node:internal/streams/readable:568:12)
2026-06-12T18:13:21:     at readableAddChunkPushByteMode (node:internal/streams/readable:519:3)
2026-06-12T18:13:21:     at Readable.push (node:internal/streams/readable:399:5) {
2026-06-12T18:13:21:   code: 'WARN_DATA_TRUNCATED',
2026-06-12T18:13:21:   errno: 1265,
2026-06-12T18:13:21:   sqlState: '01000',
2026-06-12T18:13:21:   sqlMessage: "Data truncated for column 'call_outcome' at row 1",
2026-06-12T18:13:21:   sql: 'UPDATE telecalls SET\n' +
2026-06-12T18:13:21:     "              customer_name='SOCIA by Sparrowdsabfklknasadfsf',\n" +
2026-06-12T18:13:21:     "              mobile_number='0787187553832',\n" +
2026-06-12T18:13:21:     "              location_city='Chennai',\n" +
2026-06-12T18:13:21:     "              call_date='2026-06-10',\n" +
2026-06-12T18:13:21:     "              service_name='',\n" +
2026-06-12T18:13:21:     "              staff_name='Priyanka',\n" +
2026-06-12T18:13:21:     "              call_outcome='Closed',\n" +
2026-06-12T18:13:21:     "              followup_required='Default',\n" +
2026-06-12T18:13:21:     "              followup_date='2026-06-10',\n" +
2026-06-12T18:13:21:     "              followup_notes='',\n" +
2026-06-12T18:13:21:     "              reminder_required='Default',\n" +
2026-06-12T18:13:21:     "              reminder_date='2026-06-10',\n" +
2026-06-12T18:13:21:     "              reminder_notes='',\n" +
2026-06-12T18:13:21:     "              reference='',\n" +
2026-06-12T18:13:21:     "              gst_number='',\n" +
2026-06-12T18:13:21:     "              email='thanan757@gm31432ail423.com',\n" +
2026-06-12T18:13:21:     '              assigned_to=706\n' +
2026-06-12T18:13:21:     "             WHERE id='29'"
2026-06-12T18:13:21: }
2026-06-12T18:14:59: Update error: Error: Data truncated for column 'call_outcome' at row 1
2026-06-12T18:14:59:     at Packet.asError (D:\ACHME_COMUNICATION-main\backend\node_modules\mysql2\lib\packets\packet.js:788:17)
2026-06-12T18:14:59:     at Query.execute (D:\ACHME_COMUNICATION-main\backend\node_modules\mysql2\lib\commands\command.js:29:26)
2026-06-12T18:14:59:     at Connection.handlePacket (D:\ACHME_COMUNICATION-main\backend\node_modules\mysql2\lib\base\connection.js:552:34)
2026-06-12T18:14:59:     at PacketParser.onPacket (D:\ACHME_COMUNICATION-main\backend\node_modules\mysql2\lib\base\connection.js:102:12)
2026-06-12T18:14:59:     at PacketParser.executeStart (D:\ACHME_COMUNICATION-main\backend\node_modules\mysql2\lib\packet_parser.js:75:16)
2026-06-12T18:14:59:     at Socket.<anonymous> (D:\ACHME_COMUNICATION-main\backend\node_modules\mysql2\lib\base\connection.js:109:25)
2026-06-12T18:14:59:     at Socket.emit (node:events:509:20)
2026-06-12T18:14:59:     at addChunk (node:internal/streams/readable:568:12)
2026-06-12T18:14:59:     at readableAddChunkPushByteMode (node:internal/streams/readable:519:3)
2026-06-12T18:14:59:     at Readable.push (node:internal/streams/readable:399:5) {
2026-06-12T18:14:59:   code: 'WARN_DATA_TRUNCATED',
2026-06-12T18:14:59:   errno: 1265,
2026-06-12T18:14:59:   sqlState: '01000',
2026-06-12T18:14:59:   sqlMessage: "Data truncated for column 'call_outcome' at row 1",
2026-06-12T18:14:59:   sql: 'UPDATE telecalls SET\n' +
2026-06-12T18:14:59:     "              customer_name='SOCIA by Sparrowdsabfklknasadfsf',\n" +
2026-06-12T18:14:59:     "              mobile_number='0787187553832',\n" +
2026-06-12T18:14:59:     "              location_city='Chennai',\n" +
2026-06-12T18:14:59:     "              call_date='2026-06-09',\n" +
2026-06-12T18:14:59:     "              service_name='',\n" +
2026-06-12T18:14:59:     "              staff_name='Priyanka',\n" +
2026-06-12T18:14:59:     "              call_outcome='Billed',\n" +
2026-06-12T18:14:59:     "              followup_required='Default',\n" +
2026-06-12T18:14:59:     "              followup_date='2026-06-09',\n" +
2026-06-12T18:14:59:     "              followup_notes='',\n" +
2026-06-12T18:14:59:     "              reminder_required='Default',\n" +
2026-06-12T18:14:59:     "              reminder_date='2026-06-09',\n" +
2026-06-12T18:14:59:     "              reminder_notes='',\n" +
2026-06-12T18:14:59:     "              reference='',\n" +
2026-06-12T18:14:59:     "              gst_number='',\n" +
2026-06-12T18:14:59:     "              email='thanan757@gm31432ail423.com',\n" +
2026-06-12T18:14:59:     '              assigned_to=706\n' +
2026-06-12T18:14:59:     "             WHERE id='29'"
2026-06-12T18:14:59: }
2026-06-12T18:15:15: Update error: Error: Data truncated for column 'call_outcome' at row 1
2026-06-12T18:15:15:     at Packet.asError (D:\ACHME_COMUNICATION-main\backend\node_modules\mysql2\lib\packets\packet.js:788:17)
2026-06-12T18:15:15:     at Query.execute (D:\ACHME_COMUNICATION-main\backend\node_modules\mysql2\lib\commands\command.js:29:26)
2026-06-12T18:15:15:     at Connection.handlePacket (D:\ACHME_COMUNICATION-main\backend\node_modules\mysql2\lib\base\connection.js:552:34)
2026-06-12T18:15:15:     at PacketParser.onPacket (D:\ACHME_COMUNICATION-main\backend\node_modules\mysql2\lib\base\connection.js:102:12)
2026-06-12T18:15:15:     at PacketParser.executeStart (D:\ACHME_COMUNICATION-main\backend\node_modules\mysql2\lib\packet_parser.js:75:16)
2026-06-12T18:15:15:     at Socket.<anonymous> (D:\ACHME_COMUNICATION-main\backend\node_modules\mysql2\lib\base\connection.js:109:25)
2026-06-12T18:15:15:     at Socket.emit (node:events:509:20)
2026-06-12T18:15:15:     at addChunk (node:internal/streams/readable:568:12)
2026-06-12T18:15:15:     at readableAddChunkPushByteMode (node:internal/streams/readable:519:3)
2026-06-12T18:15:15:     at Readable.push (node:internal/streams/readable:399:5) {
2026-06-12T18:15:15:   code: 'WARN_DATA_TRUNCATED',
2026-06-12T18:15:15:   errno: 1265,
2026-06-12T18:15:15:   sqlState: '01000',
2026-06-12T18:15:15:   sqlMessage: "Data truncated for column 'call_outcome' at row 1",
2026-06-12T18:15:15:   sql: 'UPDATE telecalls SET\n' +
2026-06-12T18:15:15:     "              customer_name='SOCIA by Sparrowdsabfklknasadfsf',\n" +
2026-06-12T18:15:15:     "              mobile_number='0787187553832',\n" +
2026-06-12T18:15:15:     "              location_city='Chennai',\n" +
2026-06-12T18:15:15:     "              call_date='2026-06-09',\n" +
2026-06-12T18:15:15:     "              service_name='',\n" +
2026-06-12T18:15:15:     "              staff_name='Priyanka',\n" +
2026-06-12T18:15:15:     "              call_outcome='n',\n" +
2026-06-12T18:15:15:     "              followup_required='Default',\n" +
2026-06-12T18:15:15:     "              followup_date='2026-06-09',\n" +
2026-06-12T18:15:15:     "              followup_notes='',\n" +
2026-06-12T18:15:15:     "              reminder_required='Default',\n" +
2026-06-12T18:15:15:     "              reminder_date='2026-06-09',\n" +
2026-06-12T18:15:15:     "              reminder_notes='',\n" +
2026-06-12T18:15:15:     "              reference='',\n" +
2026-06-12T18:15:15:     "              gst_number='',\n" +
2026-06-12T18:15:15:     "              email='thanan757@gm31432ail423.com',\n" +
2026-06-12T18:15:15:     '              assigned_to=706\n' +
2026-06-12T18:15:15:     "             WHERE id='29'"
2026-06-12T18:15:15: }
2026-06-18T11:23:24: ❌ user_email_configs.smtp_secure: Table 'achme.user_email_configs' doesn't exist
2026-06-18T11:23:24: Database is not ready. Server not started.
2026-06-18T11:23:24: Check DB_HOST, DB_PORT, DB_USER, DB_PASS, and DB_NAME in backend/.env. Details: Table 'achme.user_email_configs' doesn't exist
2026-06-18T11:23:28: ❌ user_email_configs.smtp_secure: Table 'achme.user_email_configs' doesn't exist
2026-06-18T11:23:28: Database is not ready. Server not started.
2026-06-18T11:23:28: Check DB_HOST, DB_PORT, DB_USER, DB_PASS, and DB_NAME in backend/.env. Details: Table 'achme.user_email_configs' doesn't exist
2026-06-18T11:23:33: ❌ user_email_configs.smtp_secure: Table 'achme.user_email_configs' doesn't exist
2026-06-18T11:23:33: Database is not ready. Server not started.
2026-06-18T11:23:33: Check DB_HOST, DB_PORT, DB_USER, DB_PASS, and DB_NAME in backend/.env. Details: Table 'achme.user_email_configs' doesn't exist
2026-06-18T11:23:37: ❌ user_email_configs.smtp_secure: Table 'achme.user_email_configs' doesn't exist
2026-06-18T11:23:37: Database is not ready. Server not started.
2026-06-18T11:23:37: Check DB_HOST, DB_PORT, DB_USER, DB_PASS, and DB_NAME in backend/.env. Details: Table 'achme.user_email_configs' doesn't exist
2026-06-18T11:23:41: ❌ user_email_configs.smtp_secure: Table 'achme.user_email_configs' doesn't exist
2026-06-18T11:23:41: Database is not ready. Server not started.
2026-06-18T11:23:41: Check DB_HOST, DB_PORT, DB_USER, DB_PASS, and DB_NAME in backend/.env. Details: Table 'achme.user_email_configs' doesn't exist
2026-06-18T11:23:45: ❌ user_email_configs.smtp_secure: Table 'achme.user_email_configs' doesn't exist
2026-06-18T11:23:45: Database is not ready. Server not started.
2026-06-18T11:23:45: Check DB_HOST, DB_PORT, DB_USER, DB_PASS, and DB_NAME in backend/.env. Details: Table 'achme.user_email_configs' doesn't exist
2026-06-18T11:23:49: ❌ user_email_configs.smtp_secure: Table 'achme.user_email_configs' doesn't exist
2026-06-18T11:23:49: Database is not ready. Server not started.
2026-06-18T11:23:49: Check DB_HOST, DB_PORT, DB_USER, DB_PASS, and DB_NAME in backend/.env. Details: Table 'achme.user_email_configs' doesn't exist
2026-06-18T11:23:54: ❌ user_email_configs.smtp_secure: Table 'achme.user_email_configs' doesn't exist
2026-06-18T11:23:54: Database is not ready. Server not started.
2026-06-18T11:23:54: Check DB_HOST, DB_PORT, DB_USER, DB_PASS, and DB_NAME in backend/.env. Details: Table 'achme.user_email_configs' doesn't exist
2026-06-18T11:23:58: ❌ user_email_configs.smtp_secure: Table 'achme.user_email_configs' doesn't exist
2026-06-18T11:23:58: Database is not ready. Server not started.
2026-06-18T11:23:58: Check DB_HOST, DB_PORT, DB_USER, DB_PASS, and DB_NAME in backend/.env. Details: Table 'achme.user_email_configs' doesn't exist
2026-06-18T11:24:02: ❌ user_email_configs.smtp_secure: Table 'achme.user_email_configs' doesn't exist
2026-06-18T11:24:02: Database is not ready. Server not started.
2026-06-18T11:24:02: Check DB_HOST, DB_PORT, DB_USER, DB_PASS, and DB_NAME in backend/.env. Details: Table 'achme.user_email_configs' doesn't exist
2026-06-18T15:05:13: ❌ Port 5000 is already in use. Either stop the process currently listening on port 5000 or set a different PORT in backend/.env.
2026-06-18T15:05:19: ❌ Port 5000 is already in use. Either stop the process currently listening on port 5000 or set a different PORT in backend/.env.
2026-06-18T15:05:25: ❌ Port 5000 is already in use. Either stop the process currently listening on port 5000 or set a different PORT in backend/.env.
2026-06-18T15:05:30: ❌ Port 5000 is already in use. Either stop the process currently listening on port 5000 or set a different PORT in backend/.env.
2026-06-18T15:05:38: ❌ Port 5000 is already in use. Either stop the process currently listening on port 5000 or set a different PORT in backend/.env.
2026-06-18T15:05:44: ❌ Port 5000 is already in use. Either stop the process currently listening on port 5000 or set a different PORT in backend/.env.
2026-06-18T15:05:49: ❌ Port 5000 is already in use. Either stop the process currently listening on port 5000 or set a different PORT in backend/.env.
2026-06-18T15:05:55: ❌ Port 5000 is already in use. Either stop the process currently listening on port 5000 or set a different PORT in backend/.env.
2026-06-18T15:06:01: ❌ Port 5000 is already in use. Either stop the process currently listening on port 5000 or set a different PORT in backend/.env.
2026-06-18T15:06:06: ❌ Port 5000 is already in use. Either stop the process currently listening on port 5000 or set a different PORT in backend/.env.
2026-06-18T15:06:13: ❌ Port 5000 is already in use. Either stop the process currently listening on port 5000 or set a different PORT in backend/.env.
2026-06-18T15:06:19: ❌ Port 5000 is already in use. Either stop the process currently listening on port 5000 or set a different PORT in backend/.env.
2026-06-18T15:06:25: ❌ Port 5000 is already in use. Either stop the process currently listening on port 5000 or set a different PORT in backend/.env.
2026-06-18T15:06:30: ❌ Port 5000 is already in use. Either stop the process currently listening on port 5000 or set a different PORT in backend/.env.
2026-06-18T15:06:36: ❌ Port 5000 is already in use. Either stop the process currently listening on port 5000 or set a different PORT in backend/.env.
2026-06-18T15:06:42: ❌ Port 5000 is already in use. Either stop the process currently listening on port 5000 or set a different PORT in backend/.env.
2026-06-18T15:06:47: ❌ Port 5000 is already in use. Either stop the process currently listening on port 5000 or set a different PORT in backend/.env.
2026-06-18T15:06:53: ❌ Port 5000 is already in use. Either stop the process currently listening on port 5000 or set a different PORT in backend/.env.
2026-06-18T15:06:59: ❌ Port 5000 is already in use. Either stop the process currently listening on port 5000 or set a different PORT in backend/.env.
2026-06-18T15:07:05: ❌ Port 5000 is already in use. Either stop the process currently listening on port 5000 or set a different PORT in backend/.env.
2026-06-18T15:07:11: ❌ Port 5000 is already in use. Either stop the process currently listening on port 5000 or set a different PORT in backend/.env.
2026-06-18T15:07:16: ❌ Port 5000 is already in use. Either stop the process currently listening on port 5000 or set a different PORT in backend/.env.
2026-06-18T15:07:22: ❌ Port 5000 is already in use. Either stop the process currently listening on port 5000 or set a different PORT in backend/.env.
2026-06-18T15:07:28: ❌ Port 5000 is already in use. Either stop the process currently listening on port 5000 or set a different PORT in backend/.env.
2026-06-18T15:07:33: ❌ Port 5000 is already in use. Either stop the process currently listening on port 5000 or set a different PORT in backend/.env.
2026-06-18T15:07:39: ❌ Port 5000 is already in use. Either stop the process currently listening on port 5000 or set a different PORT in backend/.env.
2026-06-18T15:07:45: ❌ Port 5000 is already in use. Either stop the process currently listening on port 5000 or set a different PORT in backend/.env.
2026-06-18T15:07:50: ❌ Port 5000 is already in use. Either stop the process currently listening on port 5000 or set a different PORT in backend/.env.
2026-06-18T15:07:56: ❌ Port 5000 is already in use. Either stop the process currently listening on port 5000 or set a different PORT in backend/.env.
2026-06-18T15:08:02: ❌ Port 5000 is already in use. Either stop the process currently listening on port 5000 or set a different PORT in backend/.env.
2026-06-18T15:08:07: ❌ Port 5000 is already in use. Either stop the process currently listening on port 5000 or set a different PORT in backend/.env.
2026-06-18T15:08:13: ❌ Port 5000 is already in use. Either stop the process currently listening on port 5000 or set a different PORT in backend/.env.
2026-06-18T15:08:19: ❌ Port 5000 is already in use. Either stop the process currently listening on port 5000 or set a different PORT in backend/.env.
2026-06-18T15:08:25: ❌ Port 5000 is already in use. Either stop the process currently listening on port 5000 or set a different PORT in backend/.env.
2026-06-18T15:08:30: ❌ Port 5000 is already in use. Either stop the process currently listening on port 5000 or set a different PORT in backend/.env.
2026-06-18T15:08:38: ❌ Port 5000 is already in use. Either stop the process currently listening on port 5000 or set a different PORT in backend/.env.
2026-06-18T15:08:44: ❌ Port 5000 is already in use. Either stop the process currently listening on port 5000 or set a different PORT in backend/.env.
2026-06-18T15:08:50: ❌ Port 5000 is already in use. Either stop the process currently listening on port 5000 or set a different PORT in backend/.env.
2026-06-18T15:08:56: ❌ Port 5000 is already in use. Either stop the process currently listening on port 5000 or set a different PORT in backend/.env.
2026-06-18T15:09:01: ❌ Port 5000 is already in use. Either stop the process currently listening on port 5000 or set a different PORT in backend/.env.
2026-06-18T15:09:07: ❌ Port 5000 is already in use. Either stop the process currently listening on port 5000 or set a different PORT in backend/.env.
2026-06-18T15:09:13: ❌ Port 5000 is already in use. Either stop the process currently listening on port 5000 or set a different PORT in backend/.env.
2026-06-18T15:09:19: ❌ Port 5000 is already in use. Either stop the process currently listening on port 5000 or set a different PORT in backend/.env.
2026-06-18T15:09:25: ❌ Port 5000 is already in use. Either stop the process currently listening on port 5000 or set a different PORT in backend/.env.
2026-06-18T15:09:31: ❌ Port 5000 is already in use. Either stop the process currently listening on port 5000 or set a different PORT in backend/.env.
2026-06-18T15:09:38: ❌ Port 5000 is already in use. Either stop the process currently listening on port 5000 or set a different PORT in backend/.env.
2026-06-18T15:09:44: ❌ Port 5000 is already in use. Either stop the process currently listening on port 5000 or set a different PORT in backend/.env.
2026-06-18T15:09:50: ❌ Port 5000 is already in use. Either stop the process currently listening on port 5000 or set a different PORT in backend/.env.
2026-06-18T15:09:56: ❌ Port 5000 is already in use. Either stop the process currently listening on port 5000 or set a different PORT in backend/.env.
2026-06-18T15:10:01: ❌ Port 5000 is already in use. Either stop the process currently listening on port 5000 or set a different PORT in backend/.env.
2026-06-18T15:10:07: ❌ Port 5000 is already in use. Either stop the process currently listening on port 5000 or set a different PORT in backend/.env.
2026-06-18T15:10:13: ❌ Port 5000 is already in use. Either stop the process currently listening on port 5000 or set a different PORT in backend/.env.
2026-06-18T15:10:19: ❌ Port 5000 is already in use. Either stop the process currently listening on port 5000 or set a different PORT in backend/.env.
2026-06-18T15:10:25: ❌ Port 5000 is already in use. Either stop the process currently listening on port 5000 or set a different PORT in backend/.env.
2026-06-18T15:10:31: ❌ Port 5000 is already in use. Either stop the process currently listening on port 5000 or set a different PORT in backend/.env.
2026-06-18T15:10:37: ❌ Port 5000 is already in use. Either stop the process currently listening on port 5000 or set a different PORT in backend/.env.
2026-06-18T15:10:43: ❌ Port 5000 is already in use. Either stop the process currently listening on port 5000 or set a different PORT in backend/.env.
2026-06-18T15:10:50: ❌ Port 5000 is already in use. Either stop the process currently listening on port 5000 or set a different PORT in backend/.env.
2026-06-18T15:10:56: ❌ Port 5000 is already in use. Either stop the process currently listening on port 5000 or set a different PORT in backend/.env.
2026-06-18T15:11:03: ❌ Port 5000 is already in use. Either stop the process currently listening on port 5000 or set a different PORT in backend/.env.
2026-06-18T15:11:09: ❌ Port 5000 is already in use. Either stop the process currently listening on port 5000 or set a different PORT in backend/.env.
2026-06-18T15:11:15: ❌ Port 5000 is already in use. Either stop the process currently listening on port 5000 or set a different PORT in backend/.env.
2026-06-18T15:11:21: ❌ Port 5000 is already in use. Either stop the process currently listening on port 5000 or set a different PORT in backend/.env.
2026-06-18T15:11:28: ❌ Port 5000 is already in use. Either stop the process currently listening on port 5000 or set a different PORT in backend/.env.
2026-06-18T15:11:34: ❌ Port 5000 is already in use. Either stop the process currently listening on port 5000 or set a different PORT in backend/.env.
2026-06-18T15:11:40: ❌ Port 5000 is already in use. Either stop the process currently listening on port 5000 or set a different PORT in backend/.env.
2026-06-18T15:11:47: ❌ Port 5000 is already in use. Either stop the process currently listening on port 5000 or set a different PORT in backend/.env.
2026-06-18T15:11:53: ❌ Port 5000 is already in use. Either stop the process currently listening on port 5000 or set a different PORT in backend/.env.
2026-06-18T15:11:59: ❌ Port 5000 is already in use. Either stop the process currently listening on port 5000 or set a different PORT in backend/.env.
2026-06-18T15:12:05: ❌ Port 5000 is already in use. Either stop the process currently listening on port 5000 or set a different PORT in backend/.env.
2026-06-18T15:12:11: ❌ Port 5000 is already in use. Either stop the process currently listening on port 5000 or set a different PORT in backend/.env.
2026-06-18T15:12:18: ❌ Port 5000 is already in use. Either stop the process currently listening on port 5000 or set a different PORT in backend/.env.
2026-06-18T15:12:23: ❌ Port 5000 is already in use. Either stop the process currently listening on port 5000 or set a different PORT in backend/.env.
2026-06-18T15:12:30: ❌ Port 5000 is already in use. Either stop the process currently listening on port 5000 or set a different PORT in backend/.env.
2026-06-18T15:12:36: ❌ Port 5000 is already in use. Either stop the process currently listening on port 5000 or set a different PORT in backend/.env.
2026-06-18T15:12:42: ❌ Port 5000 is already in use. Either stop the process currently listening on port 5000 or set a different PORT in backend/.env.
2026-06-18T15:12:48: ❌ Port 5000 is already in use. Either stop the process currently listening on port 5000 or set a different PORT in backend/.env.
2026-06-18T15:12:54: ❌ Port 5000 is already in use. Either stop the process currently listening on port 5000 or set a different PORT in backend/.env.
2026-06-18T15:13:00: ❌ Port 5000 is already in use. Either stop the process currently listening on port 5000 or set a different PORT in backend/.env.
2026-06-18T15:13:06: ❌ Port 5000 is already in use. Either stop the process currently listening on port 5000 or set a different PORT in backend/.env.
2026-06-18T15:13:12: ❌ Port 5000 is already in use. Either stop the process currently listening on port 5000 or set a different PORT in backend/.env.
2026-06-18T15:13:18: ❌ Port 5000 is already in use. Either stop the process currently listening on port 5000 or set a different PORT in backend/.env.
2026-06-18T15:13:25: ❌ Port 5000 is already in use. Either stop the process currently listening on port 5000 or set a different PORT in backend/.env.
2026-06-18T15:13:31: ❌ Port 5000 is already in use. Either stop the process currently listening on port 5000 or set a different PORT in backend/.env.
2026-06-18T15:13:37: ❌ Port 5000 is already in use. Either stop the process currently listening on port 5000 or set a different PORT in backend/.env.
2026-06-18T15:13:43: ❌ Port 5000 is already in use. Either stop the process currently listening on port 5000 or set a different PORT in backend/.env.
2026-06-18T15:13:49: ❌ Port 5000 is already in use. Either stop the process currently listening on port 5000 or set a different PORT in backend/.env.
2026-06-18T15:13:55: ❌ Port 5000 is already in use. Either stop the process currently listening on port 5000 or set a different PORT in backend/.env.
2026-06-18T15:14:02: ❌ Port 5000 is already in use. Either stop the process currently listening on port 5000 or set a different PORT in backend/.env.
2026-06-18T15:14:08: ❌ Port 5000 is already in use. Either stop the process currently listening on port 5000 or set a different PORT in backend/.env.
2026-06-18T15:14:14: ❌ Port 5000 is already in use. Either stop the process currently listening on port 5000 or set a different PORT in backend/.env.
2026-06-18T15:14:21: ❌ Port 5000 is already in use. Either stop the process currently listening on port 5000 or set a different PORT in backend/.env.
2026-06-18T15:14:27: ❌ Port 5000 is already in use. Either stop the process currently listening on port 5000 or set a different PORT in backend/.env.
2026-06-18T15:14:33: ❌ Port 5000 is already in use. Either stop the process currently listening on port 5000 or set a different PORT in backend/.env.
2026-06-18T15:14:39: ❌ Port 5000 is already in use. Either stop the process currently listening on port 5000 or set a different PORT in backend/.env.
2026-06-18T15:14:45: ❌ Port 5000 is already in use. Either stop the process currently listening on port 5000 or set a different PORT in backend/.env.
2026-06-18T15:14:51: ❌ Port 5000 is already in use. Either stop the process currently listening on port 5000 or set a different PORT in backend/.env.
2026-06-18T16:00:52: ❌ Port 5000 is already in use. Either stop the process currently listening on port 5000 or set a different PORT in backend/.env.
2026-06-18T16:00:58: ❌ Port 5000 is already in use. Either stop the process currently listening on port 5000 or set a different PORT in backend/.env.
2026-06-18T16:01:04: ❌ Port 5000 is already in use. Either stop the process currently listening on port 5000 or set a different PORT in backend/.env.
2026-06-18T16:01:12: ❌ Port 5000 is already in use. Either stop the process currently listening on port 5000 or set a different PORT in backend/.env.
2026-06-18T16:01:18: ❌ Port 5000 is already in use. Either stop the process currently listening on port 5000 or set a different PORT in backend/.env.
2026-06-18T16:01:24: ❌ Port 5000 is already in use. Either stop the process currently listening on port 5000 or set a different PORT in backend/.env.
2026-06-18T16:01:31: ❌ Port 5000 is already in use. Either stop the process currently listening on port 5000 or set a different PORT in backend/.env.
2026-06-18T16:01:37: ❌ Port 5000 is already in use. Either stop the process currently listening on port 5000 or set a different PORT in backend/.env.
2026-06-18T16:01:43: ❌ Port 5000 is already in use. Either stop the process currently listening on port 5000 or set a different PORT in backend/.env.
2026-06-18T16:01:49: ❌ Port 5000 is already in use. Either stop the process currently listening on port 5000 or set a different PORT in backend/.env.
2026-06-18T16:01:56: ❌ Port 5000 is already in use. Either stop the process currently listening on port 5000 or set a different PORT in backend/.env.
2026-06-18T16:02:02: ❌ Port 5000 is already in use. Either stop the process currently listening on port 5000 or set a different PORT in backend/.env.
2026-06-18T16:02:08: ❌ Port 5000 is already in use. Either stop the process currently listening on port 5000 or set a different PORT in backend/.env.
2026-06-18T16:02:14: ❌ Port 5000 is already in use. Either stop the process currently listening on port 5000 or set a different PORT in backend/.env.
2026-06-18T16:02:20: ❌ Port 5000 is already in use. Either stop the process currently listening on port 5000 or set a different PORT in backend/.env.
2026-06-18T16:02:27: ❌ Port 5000 is already in use. Either stop the process currently listening on port 5000 or set a different PORT in backend/.env.
2026-06-18T16:02:33: ❌ Port 5000 is already in use. Either stop the process currently listening on port 5000 or set a different PORT in backend/.env.
2026-06-18T16:02:39: ❌ Port 5000 is already in use. Either stop the process currently listening on port 5000 or set a different PORT in backend/.env.
2026-06-18T16:02:45: ❌ Port 5000 is already in use. Either stop the process currently listening on port 5000 or set a different PORT in backend/.env.
2026-06-18T16:02:51: ❌ Port 5000 is already in use. Either stop the process currently listening on port 5000 or set a different PORT in backend/.env.
2026-06-18T16:02:57: ❌ Port 5000 is already in use. Either stop the process currently listening on port 5000 or set a different PORT in backend/.env.
2026-06-18T16:03:04: ❌ Port 5000 is already in use. Either stop the process currently listening on port 5000 or set a different PORT in backend/.env.
2026-06-18T16:03:10: ❌ Port 5000 is already in use. Either stop the process currently listening on port 5000 or set a different PORT in backend/.env.
2026-06-18T16:03:16: ❌ Port 5000 is already in use. Either stop the process currently listening on port 5000 or set a different PORT in backend/.env.
2026-06-18T16:03:22: ❌ Port 5000 is already in use. Either stop the process currently listening on port 5000 or set a different PORT in backend/.env.
2026-06-18T16:03:28: ❌ Port 5000 is already in use. Either stop the process currently listening on port 5000 or set a different PORT in backend/.env.
2026-06-18T16:03:34: ❌ Port 5000 is already in use. Either stop the process currently listening on port 5000 or set a different PORT in backend/.env.
2026-06-18T16:03:40: ❌ Port 5000 is already in use. Either stop the process currently listening on port 5000 or set a different PORT in backend/.env.
2026-06-18T16:03:46: ❌ Port 5000 is already in use. Either stop the process currently listening on port 5000 or set a different PORT in backend/.env.
2026-06-18T16:03:53: ❌ Port 5000 is already in use. Either stop the process currently listening on port 5000 or set a different PORT in backend/.env.
2026-06-18T16:03:59: ❌ Port 5000 is already in use. Either stop the process currently listening on port 5000 or set a different PORT in backend/.env.
2026-06-18T16:04:05: ❌ Port 5000 is already in use. Either stop the process currently listening on port 5000 or set a different PORT in backend/.env.
2026-06-18T16:04:11: ❌ Port 5000 is already in use. Either stop the process currently listening on port 5000 or set a different PORT in backend/.env.
2026-06-18T16:04:17: ❌ Port 5000 is already in use. Either stop the process currently listening on port 5000 or set a different PORT in backend/.env.
2026-06-18T16:04:23: ❌ Port 5000 is already in use. Either stop the process currently listening on port 5000 or set a different PORT in backend/.env.
2026-06-18T16:04:29: ❌ Port 5000 is already in use. Either stop the process currently listening on port 5000 or set a different PORT in backend/.env.
2026-06-18T16:04:36: ❌ Port 5000 is already in use. Either stop the process currently listening on port 5000 or set a different PORT in backend/.env.
2026-06-18T16:04:42: ❌ Port 5000 is already in use. Either stop the process currently listening on port 5000 or set a different PORT in backend/.env.
2026-06-18T16:04:47: ❌ Port 5000 is already in use. Either stop the process currently listening on port 5000 or set a different PORT in backend/.env.
2026-06-18T16:04:54: ❌ Port 5000 is already in use. Either stop the process currently listening on port 5000 or set a different PORT in backend/.env.
2026-06-18T16:05:00: ❌ Port 5000 is already in use. Either stop the process currently listening on port 5000 or set a different PORT in backend/.env.
2026-06-18T16:05:06: ❌ Port 5000 is already in use. Either stop the process currently listening on port 5000 or set a different PORT in backend/.env.
2026-06-18T16:05:12: ❌ Port 5000 is already in use. Either stop the process currently listening on port 5000 or set a different PORT in backend/.env.
2026-06-18T16:05:18: ❌ Port 5000 is already in use. Either stop the process currently listening on port 5000 or set a different PORT in backend/.env.
2026-06-18T16:05:25: ❌ Port 5000 is already in use. Either stop the process currently listening on port 5000 or set a different PORT in backend/.env.
2026-06-18T16:05:31: ❌ Port 5000 is already in use. Either stop the process currently listening on port 5000 or set a different PORT in backend/.env.
2026-06-18T16:05:37: ❌ Port 5000 is already in use. Either stop the process currently listening on port 5000 or set a different PORT in backend/.env.
2026-06-18T16:05:43: ❌ Port 5000 is already in use. Either stop the process currently listening on port 5000 or set a different PORT in backend/.env.
2026-06-18T16:05:49: ❌ Port 5000 is already in use. Either stop the process currently listening on port 5000 or set a different PORT in backend/.env.
2026-06-18T16:05:55: ❌ Port 5000 is already in use. Either stop the process currently listening on port 5000 or set a different PORT in backend/.env.
2026-06-18T16:06:02: ❌ Port 5000 is already in use. Either stop the process currently listening on port 5000 or set a different PORT in backend/.env.
2026-06-18T16:06:08: ❌ Port 5000 is already in use. Either stop the process currently listening on port 5000 or set a different PORT in backend/.env.
2026-06-18T16:06:14: ❌ Port 5000 is already in use. Either stop the process currently listening on port 5000 or set a different PORT in backend/.env.
2026-06-18T16:06:20: ❌ Port 5000 is already in use. Either stop the process currently listening on port 5000 or set a different PORT in backend/.env.
2026-06-18T16:06:26: ❌ Port 5000 is already in use. Either stop the process currently listening on port 5000 or set a different PORT in backend/.env.
2026-06-18T16:06:32: ❌ Port 5000 is already in use. Either stop the process currently listening on port 5000 or set a different PORT in backend/.env.
2026-06-18T16:06:39: ❌ Port 5000 is already in use. Either stop the process currently listening on port 5000 or set a different PORT in backend/.env.
2026-06-18T16:06:45: ❌ Port 5000 is already in use. Either stop the process currently listening on port 5000 or set a different PORT in backend/.env.
2026-06-18T16:06:51: ❌ Port 5000 is already in use. Either stop the process currently listening on port 5000 or set a different PORT in backend/.env.
2026-06-18T16:06:57: ❌ Port 5000 is already in use. Either stop the process currently listening on port 5000 or set a different PORT in backend/.env.
2026-06-18T16:07:04: ❌ Port 5000 is already in use. Either stop the process currently listening on port 5000 or set a different PORT in backend/.env.
2026-06-18T16:07:10: ❌ Port 5000 is already in use. Either stop the process currently listening on port 5000 or set a different PORT in backend/.env.
2026-06-18T16:07:16: ❌ Port 5000 is already in use. Either stop the process currently listening on port 5000 or set a different PORT in backend/.env.
2026-06-18T16:07:22: ❌ Port 5000 is already in use. Either stop the process currently listening on port 5000 or set a different PORT in backend/.env.
2026-06-18T16:07:28: ❌ Port 5000 is already in use. Either stop the process currently listening on port 5000 or set a different PORT in backend/.env.
2026-06-18T16:07:34: ❌ Port 5000 is already in use. Either stop the process currently listening on port 5000 or set a different PORT in backend/.env.
2026-06-18T16:07:40: ❌ Port 5000 is already in use. Either stop the process currently listening on port 5000 or set a different PORT in backend/.env.
2026-06-18T16:07:46: ❌ Port 5000 is already in use. Either stop the process currently listening on port 5000 or set a different PORT in backend/.env.
2026-06-18T16:07:52: ❌ Port 5000 is already in use. Either stop the process currently listening on port 5000 or set a different PORT in backend/.env.
2026-06-18T16:07:58: ❌ Port 5000 is already in use. Either stop the process currently listening on port 5000 or set a different PORT in backend/.env.
2026-06-18T16:08:04: ❌ Port 5000 is already in use. Either stop the process currently listening on port 5000 or set a different PORT in backend/.env.
2026-06-18T16:08:11: ❌ Port 5000 is already in use. Either stop the process currently listening on port 5000 or set a different PORT in backend/.env.
2026-06-18T16:08:17: ❌ Port 5000 is already in use. Either stop the process currently listening on port 5000 or set a different PORT in backend/.env.
2026-06-18T16:08:23: ❌ Port 5000 is already in use. Either stop the process currently listening on port 5000 or set a different PORT in backend/.env.
2026-06-18T16:08:29: ❌ Port 5000 is already in use. Either stop the process currently listening on port 5000 or set a different PORT in backend/.env.
2026-06-18T16:08:35: ❌ Port 5000 is already in use. Either stop the process currently listening on port 5000 or set a different PORT in backend/.env.
2026-06-18T16:08:41: ❌ Port 5000 is already in use. Either stop the process currently listening on port 5000 or set a different PORT in backend/.env.
2026-06-18T16:08:47: ❌ Port 5000 is already in use. Either stop the process currently listening on port 5000 or set a different PORT in backend/.env.
2026-06-18T16:08:54: ❌ Port 5000 is already in use. Either stop the process currently listening on port 5000 or set a different PORT in backend/.env.
2026-06-18T16:09:00: ❌ Port 5000 is already in use. Either stop the process currently listening on port 5000 or set a different PORT in backend/.env.
2026-06-18T16:09:06: ❌ Port 5000 is already in use. Either stop the process currently listening on port 5000 or set a different PORT in backend/.env.
2026-06-18T16:09:12: ❌ Port 5000 is already in use. Either stop the process currently listening on port 5000 or set a different PORT in backend/.env.
2026-06-18T16:09:18: ❌ Port 5000 is already in use. Either stop the process currently listening on port 5000 or set a different PORT in backend/.env.
2026-06-18T16:09:24: ❌ Port 5000 is already in use. Either stop the process currently listening on port 5000 or set a different PORT in backend/.env.
2026-06-18T16:09:31: ❌ Port 5000 is already in use. Either stop the process currently listening on port 5000 or set a different PORT in backend/.env.
2026-06-18T16:09:37: ❌ Port 5000 is already in use. Either stop the process currently listening on port 5000 or set a different PORT in backend/.env.
2026-06-18T16:09:43: ❌ Port 5000 is already in use. Either stop the process currently listening on port 5000 or set a different PORT in backend/.env.
2026-06-18T16:09:49: ❌ Port 5000 is already in use. Either stop the process currently listening on port 5000 or set a different PORT in backend/.env.
2026-06-18T16:09:55: ❌ Port 5000 is already in use. Either stop the process currently listening on port 5000 or set a different PORT in backend/.env.
2026-06-18T16:10:01: ❌ Port 5000 is already in use. Either stop the process currently listening on port 5000 or set a different PORT in backend/.env.
2026-06-18T16:10:07: ❌ Port 5000 is already in use. Either stop the process currently listening on port 5000 or set a different PORT in backend/.env.
2026-06-18T16:10:14: ❌ Port 5000 is already in use. Either stop the process currently listening on port 5000 or set a different PORT in backend/.env.
2026-06-18T16:10:20: ❌ Port 5000 is already in use. Either stop the process currently listening on port 5000 or set a different PORT in backend/.env.
2026-06-18T16:10:26: ❌ Port 5000 is already in use. Either stop the process currently listening on port 5000 or set a different PORT in backend/.env.
2026-06-18T16:10:32: ❌ Port 5000 is already in use. Either stop the process currently listening on port 5000 or set a different PORT in backend/.env.
2026-06-18T16:10:38: ❌ Port 5000 is already in use. Either stop the process currently listening on port 5000 or set a different PORT in backend/.env.
2026-06-18T16:10:45: ❌ Port 5000 is already in use. Either stop the process currently listening on port 5000 or set a different PORT in backend/.env.
2026-06-18T16:10:51: ❌ Port 5000 is already in use. Either stop the process currently listening on port 5000 or set a different PORT in backend/.env.
2026-06-18T16:10:57: ❌ Port 5000 is already in use. Either stop the process currently listening on port 5000 or set a different PORT in backend/.env.
2026-06-18T16:11:03: ❌ Port 5000 is already in use. Either stop the process currently listening on port 5000 or set a different PORT in backend/.env.
2026-06-18T16:11:09: ❌ Port 5000 is already in use. Either stop the process currently listening on port 5000 or set a different PORT in backend/.env.
2026-06-18T16:11:15: ❌ Port 5000 is already in use. Either stop the process currently listening on port 5000 or set a different PORT in backend/.env.
2026-06-18T16:11:22: ❌ Port 5000 is already in use. Either stop the process currently listening on port 5000 or set a different PORT in backend/.env.
2026-06-18T16:11:28: ❌ Port 5000 is already in use. Either stop the process currently listening on port 5000 or set a different PORT in backend/.env.
2026-06-18T16:11:34: ❌ Port 5000 is already in use. Either stop the process currently listening on port 5000 or set a different PORT in backend/.env.
2026-06-18T16:11:40: ❌ Port 5000 is already in use. Either stop the process currently listening on port 5000 or set a different PORT in backend/.env.
2026-06-18T16:11:46: ❌ Port 5000 is already in use. Either stop the process currently listening on port 5000 or set a different PORT in backend/.env.
2026-06-18T16:11:52: ❌ Port 5000 is already in use. Either stop the process currently listening on port 5000 or set a different PORT in backend/.env.
2026-06-18T16:11:58: ❌ Port 5000 is already in use. Either stop the process currently listening on port 5000 or set a different PORT in backend/.env.
2026-06-18T16:12:05: ❌ Port 5000 is already in use. Either stop the process currently listening on port 5000 or set a different PORT in backend/.env.
2026-06-18T16:12:11: ❌ Port 5000 is already in use. Either stop the process currently listening on port 5000 or set a different PORT in backend/.env.
2026-06-18T16:12:17: ❌ Port 5000 is already in use. Either stop the process currently listening on port 5000 or set a different PORT in backend/.env.
2026-06-18T16:12:23: ❌ Port 5000 is already in use. Either stop the process currently listening on port 5000 or set a different PORT in backend/.env.
2026-06-18T16:12:29: ❌ Port 5000 is already in use. Either stop the process currently listening on port 5000 or set a different PORT in backend/.env.
2026-06-18T16:12:36: ❌ Port 5000 is already in use. Either stop the process currently listening on port 5000 or set a different PORT in backend/.env.
2026-06-18T16:12:42: ❌ Port 5000 is already in use. Either stop the process currently listening on port 5000 or set a different PORT in backend/.env.
2026-06-18T16:12:48: ❌ Port 5000 is already in use. Either stop the process currently listening on port 5000 or set a different PORT in backend/.env.
2026-06-18T16:12:54: ❌ Port 5000 is already in use. Either stop the process currently listening on port 5000 or set a different PORT in backend/.env.
2026-06-18T16:13:00: ❌ Port 5000 is already in use. Either stop the process currently listening on port 5000 or set a different PORT in backend/.env.
2026-06-18T16:13:06: ❌ Port 5000 is already in use. Either stop the process currently listening on port 5000 or set a different PORT in backend/.env.
2026-06-18T16:13:12: ❌ Port 5000 is already in use. Either stop the process currently listening on port 5000 or set a different PORT in backend/.env.
2026-06-18T16:13:19: ❌ Port 5000 is already in use. Either stop the process currently listening on port 5000 or set a different PORT in backend/.env.
2026-06-18T16:13:25: ❌ Port 5000 is already in use. Either stop the process currently listening on port 5000 or set a different PORT in backend/.env.
2026-06-18T16:13:31: ❌ Port 5000 is already in use. Either stop the process currently listening on port 5000 or set a different PORT in backend/.env.
2026-06-18T16:13:37: ❌ Port 5000 is already in use. Either stop the process currently listening on port 5000 or set a different PORT in backend/.env.
2026-06-18T16:13:43: ❌ Port 5000 is already in use. Either stop the process currently listening on port 5000 or set a different PORT in backend/.env.
2026-06-18T16:13:49: ❌ Port 5000 is already in use. Either stop the process currently listening on port 5000 or set a different PORT in backend/.env.
2026-06-18T16:13:55: ❌ Port 5000 is already in use. Either stop the process currently listening on port 5000 or set a different PORT in backend/.env.
2026-06-18T16:14:02: ❌ Port 5000 is already in use. Either stop the process currently listening on port 5000 or set a different PORT in backend/.env.
2026-06-18T16:14:08: ❌ Port 5000 is already in use. Either stop the process currently listening on port 5000 or set a different PORT in backend/.env.
2026-06-18T16:14:14: ❌ Port 5000 is already in use. Either stop the process currently listening on port 5000 or set a different PORT in backend/.env.
2026-06-18T16:14:20: ❌ Port 5000 is already in use. Either stop the process currently listening on port 5000 or set a different PORT in backend/.env.
2026-06-18T16:14:26: ❌ Port 5000 is already in use. Either stop the process currently listening on port 5000 or set a different PORT in backend/.env.
2026-06-18T16:14:33: ❌ Port 5000 is already in use. Either stop the process currently listening on port 5000 or set a different PORT in backend/.env.
2026-06-18T16:14:39: ❌ Port 5000 is already in use. Either stop the process currently listening on port 5000 or set a different PORT in backend/.env.
2026-06-18T16:14:45: ❌ Port 5000 is already in use. Either stop the process currently listening on port 5000 or set a different PORT in backend/.env.
2026-06-18T16:14:51: ❌ Port 5000 is already in use. Either stop the process currently listening on port 5000 or set a different PORT in backend/.env.
2026-06-18T16:14:57: ❌ Port 5000 is already in use. Either stop the process currently listening on port 5000 or set a different PORT in backend/.env.
2026-06-18T16:15:03: ❌ Port 5000 is already in use. Either stop the process currently listening on port 5000 or set a different PORT in backend/.env.
2026-06-18T16:15:10: ❌ Port 5000 is already in use. Either stop the process currently listening on port 5000 or set a different PORT in backend/.env.
2026-06-18T16:15:16: ❌ Port 5000 is already in use. Either stop the process currently listening on port 5000 or set a different PORT in backend/.env.
2026-06-18T16:15:22: ❌ Port 5000 is already in use. Either stop the process currently listening on port 5000 or set a different PORT in backend/.env.
2026-06-18T16:15:28: ❌ Port 5000 is already in use. Either stop the process currently listening on port 5000 or set a different PORT in backend/.env.
2026-06-18T16:15:34: ❌ Port 5000 is already in use. Either stop the process currently listening on port 5000 or set a different PORT in backend/.env.
2026-06-18T16:15:40: ❌ Port 5000 is already in use. Either stop the process currently listening on port 5000 or set a different PORT in backend/.env.
2026-06-18T16:15:47: ❌ Port 5000 is already in use. Either stop the process currently listening on port 5000 or set a different PORT in backend/.env.
2026-06-18T16:15:53: ❌ Port 5000 is already in use. Either stop the process currently listening on port 5000 or set a different PORT in backend/.env.
2026-06-18T16:15:59: ❌ Port 5000 is already in use. Either stop the process currently listening on port 5000 or set a different PORT in backend/.env.
2026-06-18T16:16:05: ❌ Port 5000 is already in use. Either stop the process currently listening on port 5000 or set a different PORT in backend/.env.
2026-06-18T16:16:11: ❌ Port 5000 is already in use. Either stop the process currently listening on port 5000 or set a different PORT in backend/.env.
2026-06-18T16:16:17: ❌ Port 5000 is already in use. Either stop the process currently listening on port 5000 or set a different PORT in backend/.env.
2026-06-18T16:16:24: ❌ Port 5000 is already in use. Either stop the process currently listening on port 5000 or set a different PORT in backend/.env.
2026-06-18T16:16:30: ❌ Port 5000 is already in use. Either stop the process currently listening on port 5000 or set a different PORT in backend/.env.
2026-06-18T16:16:36: ❌ Port 5000 is already in use. Either stop the process currently listening on port 5000 or set a different PORT in backend/.env.
2026-06-18T16:16:42: ❌ Port 5000 is already in use. Either stop the process currently listening on port 5000 or set a different PORT in backend/.env.
2026-06-18T16:16:48: ❌ Port 5000 is already in use. Either stop the process currently listening on port 5000 or set a different PORT in backend/.env.
2026-06-18T16:16:55: ❌ Port 5000 is already in use. Either stop the process currently listening on port 5000 or set a different PORT in backend/.env.
2026-06-18T16:17:01: ❌ Port 5000 is already in use. Either stop the process currently listening on port 5000 or set a different PORT in backend/.env.
2026-06-18T16:17:07: ❌ Port 5000 is already in use. Either stop the process currently listening on port 5000 or set a different PORT in backend/.env.
2026-06-18T16:17:13: ❌ Port 5000 is already in use. Either stop the process currently listening on port 5000 or set a different PORT in backend/.env.
2026-06-18T16:17:20: ❌ Port 5000 is already in use. Either stop the process currently listening on port 5000 or set a different PORT in backend/.env.
2026-06-18T16:17:26: ❌ Port 5000 is already in use. Either stop the process currently listening on port 5000 or set a different PORT in backend/.env.
2026-06-18T16:17:32: ❌ Port 5000 is already in use. Either stop the process currently listening on port 5000 or set a different PORT in backend/.env.
2026-06-18T16:17:38: ❌ Port 5000 is already in use. Either stop the process currently listening on port 5000 or set a different PORT in backend/.env.
2026-06-18T16:17:45: ❌ Port 5000 is already in use. Either stop the process currently listening on port 5000 or set a different PORT in backend/.env.
2026-06-18T16:17:51: ❌ Port 5000 is already in use. Either stop the process currently listening on port 5000 or set a different PORT in backend/.env.
2026-06-18T16:17:57: ❌ Port 5000 is already in use. Either stop the process currently listening on port 5000 or set a different PORT in backend/.env.
2026-06-18T16:18:03: ❌ Port 5000 is already in use. Either stop the process currently listening on port 5000 or set a different PORT in backend/.env.
2026-06-18T16:18:09: ❌ Port 5000 is already in use. Either stop the process currently listening on port 5000 or set a different PORT in backend/.env.
2026-06-18T16:18:15: ❌ Port 5000 is already in use. Either stop the process currently listening on port 5000 or set a different PORT in backend/.env.
2026-06-18T16:18:22: ❌ Port 5000 is already in use. Either stop the process currently listening on port 5000 or set a different PORT in backend/.env.
2026-06-18T16:18:28: ❌ Port 5000 is already in use. Either stop the process currently listening on port 5000 or set a different PORT in backend/.env.
2026-06-18T16:18:34: ❌ Port 5000 is already in use. Either stop the process currently listening on port 5000 or set a different PORT in backend/.env.
2026-06-18T16:18:40: ❌ Port 5000 is already in use. Either stop the process currently listening on port 5000 or set a different PORT in backend/.env.
2026-06-18T16:18:46: ❌ Port 5000 is already in use. Either stop the process currently listening on port 5000 or set a different PORT in backend/.env.
2026-06-18T16:18:55: ❌ Port 5000 is already in use. Either stop the process currently listening on port 5000 or set a different PORT in backend/.env.
2026-06-18T16:19:05: ❌ Port 5000 is already in use. Either stop the process currently listening on port 5000 or set a different PORT in backend/.env.
2026-06-18T16:19:11: ❌ Port 5000 is already in use. Either stop the process currently listening on port 5000 or set a different PORT in backend/.env.
2026-06-18T16:19:17: ❌ Port 5000 is already in use. Either stop the process currently listening on port 5000 or set a different PORT in backend/.env.
2026-06-18T16:19:23: ❌ Port 5000 is already in use. Either stop the process currently listening on port 5000 or set a different PORT in backend/.env.
2026-06-18T16:19:30: ❌ Port 5000 is already in use. Either stop the process currently listening on port 5000 or set a different PORT in backend/.env.
2026-06-18T16:19:36: ❌ Port 5000 is already in use. Either stop the process currently listening on port 5000 or set a different PORT in backend/.env.
2026-06-18T16:19:43: ❌ Port 5000 is already in use. Either stop the process currently listening on port 5000 or set a different PORT in backend/.env.
2026-06-18T16:19:49: ❌ Port 5000 is already in use. Either stop the process currently listening on port 5000 or set a different PORT in backend/.env.
2026-06-18T16:19:55: ❌ Port 5000 is already in use. Either stop the process currently listening on port 5000 or set a different PORT in backend/.env.
2026-06-18T16:20:01: ❌ Port 5000 is already in use. Either stop the process currently listening on port 5000 or set a different PORT in backend/.env.
2026-06-18T16:20:07: ❌ Port 5000 is already in use. Either stop the process currently listening on port 5000 or set a different PORT in backend/.env.
2026-06-18T16:20:14: ❌ Port 5000 is already in use. Either stop the process currently listening on port 5000 or set a different PORT in backend/.env.
2026-06-18T16:20:20: ❌ Port 5000 is already in use. Either stop the process currently listening on port 5000 or set a different PORT in backend/.env.
2026-06-18T16:20:26: ❌ Port 5000 is already in use. Either stop the process currently listening on port 5000 or set a different PORT in backend/.env.
2026-06-18T16:20:32: ❌ Port 5000 is already in use. Either stop the process currently listening on port 5000 or set a different PORT in backend/.env.
2026-06-18T16:20:38: ❌ Port 5000 is already in use. Either stop the process currently listening on port 5000 or set a different PORT in backend/.env.
2026-06-18T16:20:45: ❌ Port 5000 is already in use. Either stop the process currently listening on port 5000 or set a different PORT in backend/.env.
2026-06-18T16:20:51: ❌ Port 5000 is already in use. Either stop the process currently listening on port 5000 or set a different PORT in backend/.env.
2026-06-18T16:20:57: ❌ Port 5000 is already in use. Either stop the process currently listening on port 5000 or set a different PORT in backend/.env.
2026-06-18T16:21:03: ❌ Port 5000 is already in use. Either stop the process currently listening on port 5000 or set a different PORT in backend/.env.
2026-06-18T16:21:09: ❌ Port 5000 is already in use. Either stop the process currently listening on port 5000 or set a different PORT in backend/.env.
2026-06-18T16:21:15: ❌ Port 5000 is already in use. Either stop the process currently listening on port 5000 or set a different PORT in backend/.env.
2026-06-18T16:21:21: ❌ Port 5000 is already in use. Either stop the process currently listening on port 5000 or set a different PORT in backend/.env.
2026-06-18T16:21:27: ❌ Port 5000 is already in use. Either stop the process currently listening on port 5000 or set a different PORT in backend/.env.
2026-06-18T16:21:33: ❌ Port 5000 is already in use. Either stop the process currently listening on port 5000 or set a different PORT in backend/.env.
2026-06-18T16:21:39: ❌ Port 5000 is already in use. Either stop the process currently listening on port 5000 or set a different PORT in backend/.env.
2026-06-18T16:21:45: ❌ Port 5000 is already in use. Either stop the process currently listening on port 5000 or set a different PORT in backend/.env.
2026-06-18T16:21:51: ❌ Port 5000 is already in use. Either stop the process currently listening on port 5000 or set a different PORT in backend/.env.
2026-06-18T16:21:57: ❌ Port 5000 is already in use. Either stop the process currently listening on port 5000 or set a different PORT in backend/.env.
2026-06-18T16:22:03: ❌ Port 5000 is already in use. Either stop the process currently listening on port 5000 or set a different PORT in backend/.env.
2026-06-18T16:22:09: ❌ Port 5000 is already in use. Either stop the process currently listening on port 5000 or set a different PORT in backend/.env.
2026-06-18T16:22:15: ❌ Port 5000 is already in use. Either stop the process currently listening on port 5000 or set a different PORT in backend/.env.
2026-06-18T16:22:21: ❌ Port 5000 is already in use. Either stop the process currently listening on port 5000 or set a different PORT in backend/.env.
2026-06-18T16:22:27: ❌ Port 5000 is already in use. Either stop the process currently listening on port 5000 or set a different PORT in backend/.env.
2026-06-18T16:22:33: ❌ Port 5000 is already in use. Either stop the process currently listening on port 5000 or set a different PORT in backend/.env.
2026-06-18T16:22:40: ❌ Port 5000 is already in use. Either stop the process currently listening on port 5000 or set a different PORT in backend/.env.
2026-06-18T16:22:46: ❌ Port 5000 is already in use. Either stop the process currently listening on port 5000 or set a different PORT in backend/.env.
2026-06-18T16:22:52: ❌ Port 5000 is already in use. Either stop the process currently listening on port 5000 or set a different PORT in backend/.env.
2026-06-18T16:22:58: ❌ Port 5000 is already in use. Either stop the process currently listening on port 5000 or set a different PORT in backend/.env.
2026-06-18T16:23:05: ❌ Port 5000 is already in use. Either stop the process currently listening on port 5000 or set a different PORT in backend/.env.
2026-06-18T16:23:11: ❌ Port 5000 is already in use. Either stop the process currently listening on port 5000 or set a different PORT in backend/.env.
2026-06-18T16:23:17: ❌ Port 5000 is already in use. Either stop the process currently listening on port 5000 or set a different PORT in backend/.env.
2026-06-18T16:23:23: ❌ Port 5000 is already in use. Either stop the process currently listening on port 5000 or set a different PORT in backend/.env.
2026-06-18T16:23:29: ❌ Port 5000 is already in use. Either stop the process currently listening on port 5000 or set a different PORT in backend/.env.
2026-06-18T17:34:46: ❌ Port 5000 is already in use. Either stop the process currently listening on port 5000 or set a different PORT in backend/.env.
2026-06-18T17:34:52: ❌ Port 5000 is already in use. Either stop the process currently listening on port 5000 or set a different PORT in backend/.env.
2026-06-18T17:34:58: ❌ Port 5000 is already in use. Either stop the process currently listening on port 5000 or set a different PORT in backend/.env.
2026-06-18T17:35:07: ❌ Port 5000 is already in use. Either stop the process currently listening on port 5000 or set a different PORT in backend/.env.
2026-06-18T17:35:13: ❌ Port 5000 is already in use. Either stop the process currently listening on port 5000 or set a different PORT in backend/.env.
2026-06-18T17:35:19: ❌ Port 5000 is already in use. Either stop the process currently listening on port 5000 or set a different PORT in backend/.env.
2026-06-18T17:35:25: ❌ Port 5000 is already in use. Either stop the process currently listening on port 5000 or set a different PORT in backend/.env.
2026-06-18T17:35:32: ❌ Port 5000 is already in use. Either stop the process currently listening on port 5000 or set a different PORT in backend/.env.
2026-06-18T17:35:38: ❌ Port 5000 is already in use. Either stop the process currently listening on port 5000 or set a different PORT in backend/.env.
2026-06-18T17:35:44: ❌ Port 5000 is already in use. Either stop the process currently listening on port 5000 or set a different PORT in backend/.env.
2026-06-18T17:35:50: ❌ Port 5000 is already in use. Either stop the process currently listening on port 5000 or set a different PORT in backend/.env.
2026-06-18T17:35:57: ❌ Port 5000 is already in use. Either stop the process currently listening on port 5000 or set a different PORT in backend/.env.
2026-06-18T17:36:03: ❌ Port 5000 is already in use. Either stop the process currently listening on port 5000 or set a different PORT in backend/.env.
2026-06-18T17:36:09: ❌ Port 5000 is already in use. Either stop the process currently listening on port 5000 or set a different PORT in backend/.env.
2026-06-18T17:36:15: ❌ Port 5000 is already in use. Either stop the process currently listening on port 5000 or set a different PORT in backend/.env.
2026-06-18T17:36:22: ❌ Port 5000 is already in use. Either stop the process currently listening on port 5000 or set a different PORT in backend/.env.
2026-06-18T17:36:28: ❌ Port 5000 is already in use. Either stop the process currently listening on port 5000 or set a different PORT in backend/.env.
2026-06-18T17:36:34: ❌ Port 5000 is already in use. Either stop the process currently listening on port 5000 or set a different PORT in backend/.env.
2026-06-18T17:36:41: ❌ Port 5000 is already in use. Either stop the process currently listening on port 5000 or set a different PORT in backend/.env.
2026-06-18T17:36:47: ❌ Port 5000 is already in use. Either stop the process currently listening on port 5000 or set a different PORT in backend/.env.
2026-06-18T17:36:53: ❌ Port 5000 is already in use. Either stop the process currently listening on port 5000 or set a different PORT in backend/.env.
2026-06-18T17:37:00: ❌ Port 5000 is already in use. Either stop the process currently listening on port 5000 or set a different PORT in backend/.env.
2026-06-18T17:37:06: ❌ Port 5000 is already in use. Either stop the process currently listening on port 5000 or set a different PORT in backend/.env.
2026-06-18T17:37:12: ❌ Port 5000 is already in use. Either stop the process currently listening on port 5000 or set a different PORT in backend/.env.
2026-06-18T17:37:18: ❌ Port 5000 is already in use. Either stop the process currently listening on port 5000 or set a different PORT in backend/.env.
2026-06-18T17:37:25: ❌ Port 5000 is already in use. Either stop the process currently listening on port 5000 or set a different PORT in backend/.env.
2026-06-18T17:37:31: ❌ Port 5000 is already in use. Either stop the process currently listening on port 5000 or set a different PORT in backend/.env.
2026-06-18T17:37:37: ❌ Port 5000 is already in use. Either stop the process currently listening on port 5000 or set a different PORT in backend/.env.
2026-06-18T17:37:44: ❌ Port 5000 is already in use. Either stop the process currently listening on port 5000 or set a different PORT in backend/.env.
2026-06-18T17:37:50: ❌ Port 5000 is already in use. Either stop the process currently listening on port 5000 or set a different PORT in backend/.env.
2026-06-18T17:37:57: ❌ Port 5000 is already in use. Either stop the process currently listening on port 5000 or set a different PORT in backend/.env.
2026-06-18T17:38:03: ❌ Port 5000 is already in use. Either stop the process currently listening on port 5000 or set a different PORT in backend/.env.
2026-06-18T17:38:09: ❌ Port 5000 is already in use. Either stop the process currently listening on port 5000 or set a different PORT in backend/.env.
2026-06-18T17:38:15: ❌ Port 5000 is already in use. Either stop the process currently listening on port 5000 or set a different PORT in backend/.env.
2026-06-18T17:38:21: ❌ Port 5000 is already in use. Either stop the process currently listening on port 5000 or set a different PORT in backend/.env.
2026-06-18T17:38:28: ❌ Port 5000 is already in use. Either stop the process currently listening on port 5000 or set a different PORT in backend/.env.
2026-06-18T17:38:34: ❌ Port 5000 is already in use. Either stop the process currently listening on port 5000 or set a different PORT in backend/.env.
2026-06-18T17:38:41: ❌ Port 5000 is already in use. Either stop the process currently listening on port 5000 or set a different PORT in backend/.env.
2026-06-18T17:38:48: ❌ Port 5000 is already in use. Either stop the process currently listening on port 5000 or set a different PORT in backend/.env.
2026-06-18T17:38:54: ❌ Port 5000 is already in use. Either stop the process currently listening on port 5000 or set a different PORT in backend/.env.
2026-06-18T17:39:01: ❌ Port 5000 is already in use. Either stop the process currently listening on port 5000 or set a different PORT in backend/.env.
2026-06-18T17:39:08: ❌ Port 5000 is already in use. Either stop the process currently listening on port 5000 or set a different PORT in backend/.env.
2026-06-18T17:39:14: ❌ Port 5000 is already in use. Either stop the process currently listening on port 5000 or set a different PORT in backend/.env.
2026-06-18T17:39:20: ❌ Port 5000 is already in use. Either stop the process currently listening on port 5000 or set a different PORT in backend/.env.
2026-06-18T17:39:27: ❌ Port 5000 is already in use. Either stop the process currently listening on port 5000 or set a different PORT in backend/.env.
2026-06-18T17:39:33: ❌ Port 5000 is already in use. Either stop the process currently listening on port 5000 or set a different PORT in backend/.env.
2026-06-18T17:39:39: ❌ Port 5000 is already in use. Either stop the process currently listening on port 5000 or set a different PORT in backend/.env.
2026-06-18T17:39:45: ❌ Port 5000 is already in use. Either stop the process currently listening on port 5000 or set a different PORT in backend/.env.
2026-06-18T17:39:52: ❌ Port 5000 is already in use. Either stop the process currently listening on port 5000 or set a different PORT in backend/.env.
2026-06-18T17:39:58: ❌ Port 5000 is already in use. Either stop the process currently listening on port 5000 or set a different PORT in backend/.env.
2026-06-18T17:40:04: ❌ Port 5000 is already in use. Either stop the process currently listening on port 5000 or set a different PORT in backend/.env.
2026-06-18T17:40:11: ❌ Port 5000 is already in use. Either stop the process currently listening on port 5000 or set a different PORT in backend/.env.
2026-06-18T17:40:17: ❌ Port 5000 is already in use. Either stop the process currently listening on port 5000 or set a different PORT in backend/.env.
2026-06-18T17:40:23: ❌ Port 5000 is already in use. Either stop the process currently listening on port 5000 or set a different PORT in backend/.env.
2026-06-18T17:40:29: ❌ Port 5000 is already in use. Either stop the process currently listening on port 5000 or set a different PORT in backend/.env.
2026-06-18T17:40:36: ❌ Port 5000 is already in use. Either stop the process currently listening on port 5000 or set a different PORT in backend/.env.
2026-06-18T17:40:42: ❌ Port 5000 is already in use. Either stop the process currently listening on port 5000 or set a different PORT in backend/.env.
2026-06-18T17:40:49: ❌ Port 5000 is already in use. Either stop the process currently listening on port 5000 or set a different PORT in backend/.env.
2026-06-18T17:40:55: ❌ Port 5000 is already in use. Either stop the process currently listening on port 5000 or set a different PORT in backend/.env.
2026-06-18T17:41:02: ❌ Port 5000 is already in use. Either stop the process currently listening on port 5000 or set a different PORT in backend/.env.
2026-06-18T17:41:08: ❌ Port 5000 is already in use. Either stop the process currently listening on port 5000 or set a different PORT in backend/.env.
2026-06-18T17:41:14: ❌ Port 5000 is already in use. Either stop the process currently listening on port 5000 or set a different PORT in backend/.env.
2026-06-18T17:41:21: ❌ Port 5000 is already in use. Either stop the process currently listening on port 5000 or set a different PORT in backend/.env.
2026-06-18T17:41:28: ❌ Port 5000 is already in use. Either stop the process currently listening on port 5000 or set a different PORT in backend/.env.
2026-06-18T17:41:34: ❌ Port 5000 is already in use. Either stop the process currently listening on port 5000 or set a different PORT in backend/.env.
2026-06-18T17:41:41: ❌ Port 5000 is already in use. Either stop the process currently listening on port 5000 or set a different PORT in backend/.env.
2026-06-18T17:41:47: ❌ Port 5000 is already in use. Either stop the process currently listening on port 5000 or set a different PORT in backend/.env.
2026-06-18T17:41:54: ❌ Port 5000 is already in use. Either stop the process currently listening on port 5000 or set a different PORT in backend/.env.
2026-06-18T17:43:05: ❌ Port 5000 is already in use. Either stop the process currently listening on port 5000 or set a different PORT in backend/.env.
2026-06-18T17:43:11: ❌ Port 5000 is already in use. Either stop the process currently listening on port 5000 or set a different PORT in backend/.env.
2026-06-18T17:43:17: ❌ Port 5000 is already in use. Either stop the process currently listening on port 5000 or set a different PORT in backend/.env.
2026-06-18T17:43:25: ❌ Port 5000 is already in use. Either stop the process currently listening on port 5000 or set a different PORT in backend/.env.
2026-06-18T17:43:31: ❌ Port 5000 is already in use. Either stop the process currently listening on port 5000 or set a different PORT in backend/.env.
2026-06-18T17:43:37: ❌ Port 5000 is already in use. Either stop the process currently listening on port 5000 or set a different PORT in backend/.env.
2026-06-18T17:43:45: ❌ Port 5000 is already in use. Either stop the process currently listening on port 5000 or set a different PORT in backend/.env.
2026-06-18T17:43:51: ❌ Port 5000 is already in use. Either stop the process currently listening on port 5000 or set a different PORT in backend/.env.
2026-06-18T17:43:57: ❌ Port 5000 is already in use. Either stop the process currently listening on port 5000 or set a different PORT in backend/.env.
2026-06-18T17:44:03: ❌ Port 5000 is already in use. Either stop the process currently listening on port 5000 or set a different PORT in backend/.env.
2026-06-18T17:44:09: ❌ Port 5000 is already in use. Either stop the process currently listening on port 5000 or set a different PORT in backend/.env.
2026-06-18T17:44:16: ❌ Port 5000 is already in use. Either stop the process currently listening on port 5000 or set a different PORT in backend/.env.
2026-06-18T17:44:22: ❌ Port 5000 is already in use. Either stop the process currently listening on port 5000 or set a different PORT in backend/.env.
2026-06-18T17:44:28: ❌ Port 5000 is already in use. Either stop the process currently listening on port 5000 or set a different PORT in backend/.env.
2026-06-18T17:44:34: ❌ Port 5000 is already in use. Either stop the process currently listening on port 5000 or set a different PORT in backend/.env.
2026-06-18T17:44:40: ❌ Port 5000 is already in use. Either stop the process currently listening on port 5000 or set a different PORT in backend/.env.
2026-06-18T17:44:46: ❌ Port 5000 is already in use. Either stop the process currently listening on port 5000 or set a different PORT in backend/.env.
2026-06-18T17:44:53: ❌ Port 5000 is already in use. Either stop the process currently listening on port 5000 or set a different PORT in backend/.env.
2026-06-18T17:44:59: ❌ Port 5000 is already in use. Either stop the process currently listening on port 5000 or set a different PORT in backend/.env.
2026-06-18T17:45:04: ❌ Port 5000 is already in use. Either stop the process currently listening on port 5000 or set a different PORT in backend/.env.
2026-06-18T17:45:10: ❌ Port 5000 is already in use. Either stop the process currently listening on port 5000 or set a different PORT in backend/.env.
2026-06-18T17:45:16: ❌ Port 5000 is already in use. Either stop the process currently listening on port 5000 or set a different PORT in backend/.env.
2026-06-18T17:45:23: ❌ Port 5000 is already in use. Either stop the process currently listening on port 5000 or set a different PORT in backend/.env.
2026-06-18T19:32:09: Error: Cannot find module 'dotenv'
2026-06-18T19:32:09: Require stack:
2026-06-18T19:32:09: - D:\ACHME_COMUNICATION-main\backend\server.js
2026-06-18T19:32:09:     at Module._resolveFilename (node:internal/modules/cjs/loader:1502:15)
2026-06-18T19:32:09:     at wrapResolveFilename (node:internal/modules/cjs/loader:1073:27)
2026-06-18T19:32:09:     at defaultResolveImplForCJSLoading (node:internal/modules/cjs/loader:1097:10)
2026-06-18T19:32:09:     at resolveForCJSWithHooks (node:internal/modules/cjs/loader:1118:12)
2026-06-18T19:32:09:     at Module._load (node:internal/modules/cjs/loader:1287:25)
2026-06-18T19:32:09:     at wrapModuleLoad (node:internal/modules/cjs/loader:255:19)
2026-06-18T19:32:09:     at Module.require (node:internal/modules/cjs/loader:1602:12)
2026-06-18T19:32:09:     at require (node:internal/modules/helpers:191:16)
2026-06-18T19:32:09:     at Object.<anonymous> (D:\ACHME_COMUNICATION-main\backend\server.js:2:1)
2026-06-18T19:32:09:     at Module._compile (node:internal/modules/cjs/loader:1856:14) {
2026-06-18T19:32:09:   code: 'MODULE_NOT_FOUND',
2026-06-18T19:32:09:   requireStack: [ 'D:\\ACHME_COMUNICATION-main\\backend\\server.js' ]
2026-06-18T19:32:09: }
2026-06-18T20:45:59: Error: Cannot find module 'dotenv'
2026-06-18T20:45:59: Require stack:
2026-06-18T20:45:59: - D:\ACHME_COMUNICATION-main\backend\server.js
2026-06-18T20:45:59:     at Module._resolveFilename (node:internal/modules/cjs/loader:1502:15)
2026-06-18T20:45:59:     at wrapResolveFilename (node:internal/modules/cjs/loader:1073:27)
2026-06-18T20:45:59:     at defaultResolveImplForCJSLoading (node:internal/modules/cjs/loader:1097:10)
2026-06-18T20:45:59:     at resolveForCJSWithHooks (node:internal/modules/cjs/loader:1118:12)
2026-06-18T20:45:59:     at Module._load (node:internal/modules/cjs/loader:1287:25)
2026-06-18T20:45:59:     at wrapModuleLoad (node:internal/modules/cjs/loader:255:19)
2026-06-18T20:45:59:     at Module.require (node:internal/modules/cjs/loader:1602:12)
2026-06-18T20:45:59:     at require (node:internal/modules/helpers:191:16)
2026-06-18T20:45:59:     at Object.<anonymous> (D:\ACHME_COMUNICATION-main\backend\server.js:2:1)
2026-06-18T20:45:59:     at Module._compile (node:internal/modules/cjs/loader:1856:14) {
2026-06-18T20:45:59:   code: 'MODULE_NOT_FOUND',
2026-06-18T20:45:59:   requireStack: [ 'D:\\ACHME_COMUNICATION-main\\backend\\server.js' ]
2026-06-18T20:45:59: }
2026-06-18T20:47:20: Error: Cannot find module 'dotenv'
2026-06-18T20:47:20: Require stack:
2026-06-18T20:47:20: - D:\ACHME_COMUNICATION-main\backend\server.js
2026-06-18T20:47:20:     at Module._resolveFilename (node:internal/modules/cjs/loader:1502:15)
2026-06-18T20:47:20:     at wrapResolveFilename (node:internal/modules/cjs/loader:1073:27)
2026-06-18T20:47:20:     at defaultResolveImplForCJSLoading (node:internal/modules/cjs/loader:1097:10)
2026-06-18T20:47:20:     at resolveForCJSWithHooks (node:internal/modules/cjs/loader:1118:12)
2026-06-18T20:47:20:     at Module._load (node:internal/modules/cjs/loader:1287:25)
2026-06-18T20:47:20:     at wrapModuleLoad (node:internal/modules/cjs/loader:255:19)
2026-06-18T20:47:20:     at Module.require (node:internal/modules/cjs/loader:1602:12)
2026-06-18T20:47:20:     at require (node:internal/modules/helpers:191:16)
2026-06-18T20:47:20:     at Object.<anonymous> (D:\ACHME_COMUNICATION-main\backend\server.js:2:1)
2026-06-18T20:47:20:     at Module._compile (node:internal/modules/cjs/loader:1856:14) {
2026-06-18T20:47:20:   code: 'MODULE_NOT_FOUND',
2026-06-18T20:47:20:   requireStack: [ 'D:\\ACHME_COMUNICATION-main\\backend\\server.js' ]
2026-06-18T20:47:20: }
2026-06-19T10:21:23: [Web Push] Failed to fetch subscriptions for user: 708 Error: Table 'achme.push_subscriptions' doesn't exist
2026-06-19T10:21:23:     at Packet.asError (D:\ACHME_COMUNICATION-main\backend\node_modules\mysql2\lib\packets\packet.js:788:17)
2026-06-19T10:21:23:     at Query.execute (D:\ACHME_COMUNICATION-main\backend\node_modules\mysql2\lib\commands\command.js:29:26)
2026-06-19T10:21:23:     at Connection.handlePacket (D:\ACHME_COMUNICATION-main\backend\node_modules\mysql2\lib\base\connection.js:552:34)
2026-06-19T10:21:23:     at PacketParser.onPacket (D:\ACHME_COMUNICATION-main\backend\node_modules\mysql2\lib\base\connection.js:102:12)
2026-06-19T10:21:23:     at PacketParser.executeStart (D:\ACHME_COMUNICATION-main\backend\node_modules\mysql2\lib\packet_parser.js:75:16)
2026-06-19T10:21:23:     at Socket.<anonymous> (D:\ACHME_COMUNICATION-main\backend\node_modules\mysql2\lib\base\connection.js:109:25)
2026-06-19T10:21:23:     at Socket.emit (node:events:509:20)
2026-06-19T10:21:23:     at addChunk (node:internal/streams/readable:568:12)
2026-06-19T10:21:23:     at readableAddChunkPushByteMode (node:internal/streams/readable:519:3)
2026-06-19T10:21:23:     at Readable.push (node:internal/streams/readable:399:5) {
2026-06-19T10:21:23:   code: 'ER_NO_SUCH_TABLE',
2026-06-19T10:21:23:   errno: 1146,
2026-06-19T10:21:23:   sqlState: '42S02',
2026-06-19T10:21:23:   sqlMessage: "Table 'achme.push_subscriptions' doesn't exist",
2026-06-19T10:21:23:   sql: 'SELECT endpoint, p256dh, auth FROM push_subscriptions WHERE user_id = 708'
2026-06-19T10:21:23: }
2026-06-19T10:21:23: [Web Push] Failed to fetch admin subscriptions: Error: Table 'achme.push_subscriptions' doesn't exist
2026-06-19T10:21:23:     at Packet.asError (D:\ACHME_COMUNICATION-main\backend\node_modules\mysql2\lib\packets\packet.js:788:17)
2026-06-19T10:21:23:     at Query.execute (D:\ACHME_COMUNICATION-main\backend\node_modules\mysql2\lib\commands\command.js:29:26)
2026-06-19T10:21:23:     at Connection.handlePacket (D:\ACHME_COMUNICATION-main\backend\node_modules\mysql2\lib\base\connection.js:552:34)
2026-06-19T10:21:23:     at PacketParser.onPacket (D:\ACHME_COMUNICATION-main\backend\node_modules\mysql2\lib\base\connection.js:102:12)
2026-06-19T10:21:23:     at PacketParser.executeStart (D:\ACHME_COMUNICATION-main\backend\node_modules\mysql2\lib\packet_parser.js:75:16)
2026-06-19T10:21:23:     at Socket.<anonymous> (D:\ACHME_COMUNICATION-main\backend\node_modules\mysql2\lib\base\connection.js:109:25)
2026-06-19T10:21:23:     at Socket.emit (node:events:509:20)
2026-06-19T10:21:23:     at addChunk (node:internal/streams/readable:568:12)
2026-06-19T10:21:23:     at readableAddChunkPushByteMode (node:internal/streams/readable:519:3)
2026-06-19T10:21:23:     at Readable.push (node:internal/streams/readable:399:5) {
2026-06-19T10:21:23:   code: 'ER_NO_SUCH_TABLE',
2026-06-19T10:21:23:   errno: 1146,
2026-06-19T10:21:23:   sqlState: '42S02',
2026-06-19T10:21:23:   sqlMessage: "Table 'achme.push_subscriptions' doesn't exist",
2026-06-19T10:21:23:   sql: '\n' +
2026-06-19T10:21:23:     '    SELECT ps.endpoint, ps.p256dh, ps.auth \n' +
2026-06-19T10:21:23:     '    FROM push_subscriptions ps\n' +
2026-06-19T10:21:23:     '    JOIN teammember tm ON ps.user_id = tm.user_id\n' +
2026-06-19T10:21:23:     "    WHERE tm.emp_role IN ('admin', 'subadmin')\n" +
2026-06-19T10:21:23:     '  '
2026-06-19T10:21:23: }
2026-06-19T12:42:59: Bulk insert error: Error: Data too long for column 'name' at row 3
2026-06-19T12:42:59:     at Packet.asError (D:\ACHME_COMUNICATION-main\backend\node_modules\mysql2\lib\packets\packet.js:788:17)
2026-06-19T12:42:59:     at Query.execute (D:\ACHME_COMUNICATION-main\backend\node_modules\mysql2\lib\commands\command.js:29:26)
2026-06-19T12:42:59:     at Connection.handlePacket (D:\ACHME_COMUNICATION-main\backend\node_modules\mysql2\lib\base\connection.js:552:34)
2026-06-19T12:42:59:     at PacketParser.onPacket (D:\ACHME_COMUNICATION-main\backend\node_modules\mysql2\lib\base\connection.js:102:12)
2026-06-19T12:42:59:     at PacketParser.executeStart (D:\ACHME_COMUNICATION-main\backend\node_modules\mysql2\lib\packet_parser.js:75:16)
2026-06-19T12:42:59:     at Socket.<anonymous> (D:\ACHME_COMUNICATION-main\backend\node_modules\mysql2\lib\base\connection.js:109:25)
2026-06-19T12:42:59:     at Socket.emit (node:events:509:20)
2026-06-19T12:42:59:     at addChunk (node:internal/streams/readable:568:12)
2026-06-19T12:42:59:     at readableAddChunkPushByteMode (node:internal/streams/readable:519:3)
2026-06-19T12:42:59:     at Readable.push (node:internal/streams/readable:399:5) {
2026-06-19T12:42:59:   code: 'ER_DATA_TOO_LONG',
2026-06-19T12:42:59:   errno: 1406,
2026-06-19T12:42:59:   sqlState: '22001',
2026-06-19T12:42:59:   sqlMessage: "Data too long for column 'name' at row 3",
2026-06-19T12:42:59:   sql: '\n' +
2026-06-19T12:42:59:     '        INSERT INTO clients \n' +
2026-06-19T12:42:59:     '        (name, company_name, email, phone, alternate_phone, contact_person, address, address_2, city, state, pincode, service, gst_number, notes, client_status, created_by, assigned_teammember_id)\n' +
2026-06-19T12:42:59:     "        VALUES ('?�9L�ҙ\x15�sbgٮ|�l!��\\ZUSh9i�b�r:y_dl��D��\x13�|-N��R4\x12�2�G�%��\x7FZ�4�˝y�7\\të��ɂ�\x1F��\x01\\0\\0��\x03\\0PK\x03\x04\x14\\0\x06\\0\\b\\0\\0\\0!\\0x��`�\x02\\0\\0\x10\x06\\0\\0\x0F\\0\\0\\0xl/workbook.xml�Tmo�0\x10�>i���w', '', '', '', '', '', '', '', '', '', '', '', '', '', 'active', 708, NULL), ('&\\t[QI��D��N���I�*\x07�`���6M���}g\\bi�|�Z\x046������M)�\x03ӆ+�`r\x14`�d�r.W\\t���z�12�ʜ', '', '', '', '', '', '', '', '', '', '', '', '', '', 'active', 708, NULL), ('%Y�\x1F���ï_N�J�/��G\\0 M�\x0Bk���MV���#U1\\t���%���+�T���\x14��R�a\x10D~I��-B�߃��K��TeuɤmA4\x13�\x02}S��the�\x1E������2UV\\0�����\x06\x14�2�g+�4]\\bp{C\x06h���!\x01\faw\x12�\x0E�*y��QK{\x04�~K��\x7F\x12���`s\x18��!�}�\x1E��᎕�>�*�aE/`$�4\\Z\x01i5Z�!x\x1FD\x1B츅xx��ݴ�E��~��eJ`$����[�\\'�\x1B', '', '', '', '', '', '', '', '', '', '', '', '', '', 'active', 708, NULL), ('l�J���\f�C�4s\x0E��q˪}\x7F�=��q��\x0B�\x11��ҟ��K�\\0\x19���ۂ�A�I�Nf:&wO�I0', '', '', '', '', '', '', '', '', '', '', '', '', '', 'active', 708, NULL), ('\x07���O{#�\x1FM���0�y�\x01�LƓ�l2M��\x19\x1Dř��-��v�\\t�Cf\x0FL�t�YH\x10�<\x7F��\x14l/��o����\x1Cvm톳�y��[��-��Z\\'�#\x01�����1���\x16\\t\x0E{�\\0ʧ�����\\0�$�M��c��=Fi�h', '', '', '', '', '', '', '', '', '', '', '', '', '', 'active', 708, NULL), ('��=F�+JM\x03\x05j͌d#�K�T\\ttj77A�H��\f=�I���\fD�&�a�\x18�f>�\x07\\0\\0��\x03\\0PK\x03\x04\x14\\0\x06\\0\\b\\0\\0\\0!\\0�>���\\0\\0\\0�\x02\\0\\0\\Z\\0\\b\x01xl/_rels/workbook.xml.rels �\x04\x01(�\\0\x01\\0\\0\\0\\0\\0\\0\\0\\0\\0\\0\\0\\0\\0\\0\\0\\0\\0\\0\\0\\0\\0\\0\\0\\0\\0\\0\\0\\0\\0\\0\\0\\0\\0\\0\\0\\0\\0\\0\\0\\0\\0\\0\\0\\0\\0\\0\\0\\0\\0\\0\\0\\0\\0\\0\\0\\0\\0\\0\\0\\0\\0\\0\\0\\0\\0\\0\\0\\0\\0\\0\\0\\0\\0\\0\\0\\0\\0\\0\\0\\0\\0\\0\\0\\0\\0\\0\\0\\0\\0\\0\\0\\0\\0\\0\\0\\0\\0\\0\\0\\0\\0\\0\\0\\0\\0\\0\\0\\0\\0\\0\\0\\0\\0\\0\\0\\0\\0\\0\\0\\0\\0\\0\\0\\0\\0\\0\\0\\0\\0\\0\\0\\0\\0\\0\\0\\0\\0\\0\\0\\0\\0\\0\\0\\0\\0\\0\\0\\0\\0\\0\\0\\0\\0\\0\\0\\0\\0\\0\\0\\0\\0\\0\\0\\0\\0\\0\\0\\0\\0\\0\\0\\0\\0\\0\\0\\0\\0\\0\\0\\0\\0\\0\\0\\0\\0\\0\\0\\0\\0\\0\\0\\0\\0\\0\\0\\0\\0\\0\\0\\0\\0\\0\\0\\0\\0\\0\\0\\0\\0\\0\\0\\0\\0\\0\\0\\0\\0\\0\\0\\0\\0\\0\\0\\0\\0\\0\\0\\0\\0\\0\\0\\0\\0\\0\\0\\0\\0\\0\\0\\0\\0\\0\\0\\0\\0\\0\\0\\0\\0\\0\\0\\0\\0\\0\\0\\0�RMK�0\x10�\x0B��0w�v\x15\x11�t/�U�\x0F\\bɴ)�&!3~��\x1B*�]X�K/\x03o�y���v�5\x0E�\x03\x13��+��\x12\x04z\x13l�;\x05o���\x03\\bb��\x1E�G\x05\x13\x12����\x0B\x0E�s\x13�>��,�\x148��(%\x19���D��҆4j�0u2js�\x1D�MY�˴���S쭂��� �)f���C��\x06��y\x1F��\x19\\tI<', '', '', '', '', '', '', '', '', '', '', '', '', '', 'active', 708, NULL), ('y\\0���!+��E�\\b��fMy�k���\f�\x1C�K\x1E�5=|�t ��G\x1F\x7F)�s墙�U��tB��)���', '', '', '', '', '', '', '', '', '', '', '', '', '', 'active', 708, NULL), ('��{�1�\x19�9˿�su�T�r�����!��ە���y��cz���\x07��ݵч\x13-��i��S�\x0F����!y��k�\x0F\\'[�_�m�p����O\x18�a��˼KGW��F��;����\\Zwj����_?��0��?��5�0��e�&\x1C�0m��_���0m�?\x06�\\'���;Q\\\\~(�����y������~��퟿���_Ϥ', '', '', '', '', '', '', '', '', '', '', '', '', '', 'active', 708, NULL), ('ۼ���c�ױ65����i��w�6\x0Bls\x1FiS-����~T��H�2�~\x1Ecmrl���)��\x0F�6j.ֱ6j.�\x12k����X\x1B5\x17\x7F��Qs�&�F��&�F��66_j�\x7F��Q㼋�Q㼏�Q���ڨq>�ڨq>�ڨq>�ڨq���Z]F���\x10�\x7F', '', '', '', '', '', '', '', '', '', '', '', '', '', 'active', 708, NULL), ('�g\\b~', '', '', '', '', '', '', '', '', '', '', '', '', '', 'active', 708, NULL), ('�o@�a��y�Ue���|ٛ�r]���J��D:�(��z�;.�y���|�f��%�+�oN5�*\x15�;�VV\x17���>��N���nˮ[��\x10��t\x1E��*�S\\'�\x0F�_\x15��\x0E�4��M�\x19�4�}�y\x1FoV�2>��$��Q�!�m�m\x1B��\x19�\x13q�1�=ql��@lGb;���\x1D��^*�G��\x04x�\x13-\\tOoN�#����Ix\\\\�\f\x1E�V\f�0�����Ǟ�u�\f�ԙ�\x10v�i', '', '', '', '', '', '', '', '', '', '', '', '', '', 'active', 708, NULL), (';R�U�i��z���r9��b�\x0E�5S�M3\x15�4S}�k�\\Z�q\x13�(ˢ��U�m���\x05�u9[�b�c��1�6l�~!\x0F�v\fmM��Ju��������\x167�t��[\x7Ff$q��\\t�$R\x12��1��K��6�Ue�:��è\\Z���x�', '', '', '', '', '', '', '', '', '', '', '', '', '', 'active', 708, NULL), ('����#�[�~��\x1Fz�x�', '', '', '', '', '', '', '', '', '', '', '', '', '', 'active', 708, NULL), ('�4W�Ms\x15�4W}�k��m�m\x1B�\fK�q�\x1C�ı%�\x03�\x1D��D����w��ȝ�\x04x��H�ӛ\x13�H�$<�c\x12\x1E�$�gH+\x02O\x18U��w��#����?��\\Z��Wߩ�~\\Z��o�=�f�*n��[c\x14�4F�Mc�G�\x16��\x1C7Т���jx��\\0�R\x7F\x02㼚�ex���w�����ڰ��Z�v\fme��jULOd�no{o\x0B�<X�\\0^�wXj�_�f��\x174\x1B}�%����_��g���v�d���2��P��}\x18U�~}��\x1B/[��z$���Q_\x15�~�\x15�i� \x19u�?�FM\\\\\x1F�L\\\\Qd���\x15˥�UxC��\x10�6���E\x1Cw�qO\x1C[b;\x10ۑ�Nd\x02d9̟�n�*�ɒG�\x13�i8?�9��DJ��;&�qI2~|Z1~¨���ߡrՋ�r�n��\x1F�\\'\\rTؓ�c��\x06���u�̋Y�o�Bo�\x15���\\n�\\Z�>�X�&��\x16r�:��}\x16�P��\x13\x18\x17�)\\r;�\x1F�n�\x06�b\x11�1��u3+�ܜ�����޶b9�D�B��\\t.8q�9A�DJ\x12�;&�sI2�|ZY��\x0B��0�!��7^��Q��H\x1CW��\x06���W��O�\x05�h�B�F�\x0Fx-Z$�\\r�mC��X�q�\x1C�ı%�\x03�\x1D��D&���w��8����,9?�9��DJ��;&�qI2~|Z1~¨���_�P����(Y��\x0Bz�@�=��\x7F\x15:j�z���N���\x07-��[c\x05)i�B�ƪ\x0F{-V�In�\x16u�7��^\\b\x0B[\x18�BcSV�Fݹ��~̻', '', '', '', '', '', '', '', '', '', '', '', '', '', 'active', 708, NULL), ('\x1B�ElG�Z�S[5\x01\\'29����E�IQ&0\\'��Z��������\x04u.X\x12;��˔�7���B�r\x0F�', '', '', '', '', '', '', '', '', '', '', '', '', '', 'active', 708, NULL), ('z��x�BW5��u\x05��6�\x19�_�IÌ4j`5��n�_�\\\\\x0B\x1B�qÌ[0\\ZƘ뎺�kˌ\x07f<2�͆�\\Z�c\\Za�-:__�D�����)�$X���5�V�<�^(\x1Er��\x15F�l�]�l\x15�Y�����휸>S\x1E�UN�a�M+>B_\x03X��\x03�hd��Y^J��\\tkH�\x10\x079\\Z�B�!���j�$��3<', '', '', '', '', '', '', '', '', '', '', '', '', '', 'active', 708, NULL), ('��\\Z:0�\x0E\x123��V�Y\x1Fz(w���f��Υ\x177��-3ui�E��oa���A};G��`�����T�0�2\x1E����F�ұY���{8��\x14���C��K�+nN�(?�Z�\x1C��\x17Z��}��g���R���\\'��s-��w�\x17�\f~��~��A�����*꺂�梓�\x0F��i����5fh5��AC�\x16Ţ�GP�L���G\x17��\x1Bf܂��6r�;�gQ[f<0�\x19Ol6\x04��\x1EĽ�2\x05.�\\b1p\x05��\\b\\\\�ʹ�\x0BT!\x11����dm��E�\\nCkQ���(\f�e�,��\x02��ǃ�0��i���B_�\x1B�\x1B�e���Z.�R=�J\x18� 3C]h5�����n<Ս\x1FU��Wey5�+�[�F)G�:/���\x1C$�\x06d?�A\x0BML�\x0B{7\x15/4���&.��\x1B�-�r8����[\x05��E�ET\x16/共s�3/�r����(]�^{ߡ�\x15�t�s�t\x05�w�gM��wn�Жʾk\x7F�;[f�\x03�,S?=\x0Fx\x18��fؗ�n\x05�\x06�P�P,KYHP���o���5L�V�d\x1F��dSeE��d=EK��T��E3�@����V�m�����hT�hz�\x15h�B����\x7F\x0B-\f�Ls\x02�\x0By��.\x15Nl��Ɣ�$w+�\x13hT�\x13C�W�t��h�^�`�F\x10�\x14��a1?Y#\x07\\tJ��0����:q\x01\\nY\x1B���\\n\x0E��Gd\x0Fk�4�AF\x06��j��^�\x1D�qӝ;���:��`���~w�uϢ��x`�#3��l\\b\\\\)��{�y\\n\\\\Jgb��B�\x04\\\\�B�-u�5��5��\\'�\\Z�&�\x06�:���q����k\x7F�XϚ9�H�\x1F��a�_��nD��Yun�0\\r�%\x14A̳�����\x02�B�\x05z/\ft����\x0F}5t��n�8�尮*�x4�X\\0Ck#�mS��\x1E�G�[h`*]ط�����ea\x1E��y\x12\x1C�S�\\\\y���\\t�N�V\f�^���1\\\\�8�t%��\x02H�8�Wb8��m��N�:���G\\\\Wnǅˏ���(&��j�\x1D�d�\x0B���>��ܑ\x1C7.G�\x17�>�قѲF\\\\w�uϢ��x`�#3��l\\b])}��<c\x02]�\x1C��5]�޿�c�$]�����M��u�ҷ�}r�׭�І.��p_7��(\x1E��H\x01���\\n੯,���Yr/�.\x15Uk���aZ\\Z9�j�|�k�\x1B�t\x03M��G���[hb_��U\x1F�h��7H��\x1E\x13����B\x17;f<�1�\\Z)�(ym;�hq{�L�Q)Z\f�^�\x12�u.\x18�\x11$-��u�R\\Z}rQ\\ZA�\x17\x16|��Z�Yk�B5���\x15x\\Z�B]��\\\\���\x0E��`Ǵ+�@�Ǝ��}�+\x1D\x18-j��\x1Duݳ�-3\x1E��Ȍ\\'6\x1B�VJ���g�\x96R�\x18��=El�\x0BU\x16�:RRqU4]�u����E�S�{w��ۺn\x14��', '', '', '', '', '', '', '', '', '', '', '', '', '', 'active', 708, NULL), ('�l�/�W\x1F�A>@_z��\x11�R72+p5��*�e�', '', '', '', '', '', '', '', '', '', '', '', '', '', 'active', 708, NULL), ('�B~B+�d', '', '', '', '', '', '', '', '', '', '', '', '', '', 'active', 708, NULL), ('�', '', '', '', '', '', '', '', '', '', '', '', '', '', 'active', 708, NULL), ('sT�\x02���i�\x14\x7F��z��\x06�Բ��Ԛhlbn�`4\\ZY;5wsT���G�[haj\x1DS��g9���\x06xl��Ɣ�m�<��\x11E�t�h��\x14�~�2�H�\x1D�i���n\x14\x06�L�\x03W\x03\x1FS��~ӥ�)R��`G\x15)�j���H�\x03\x13�D3�\x16���1E', '', '', '', '', '', '', '', '', '', '', '', '', '', 'active', 708, NULL), ('uݳ�-3\x1E��Ȍ\\'6\x1B\x02WJ�R������9_���\x14\x17���\x11EJ�*}N2(R�~��\x1EB�R\x17*R\\Zyݧ', '', '', '', '', '', '', '', '', '', '', '', '', '', 'active', 708, NULL), ('7mӛ��a�K�G��\x7Ff�K\x1D����\x07���j�uZc���\x06:��\\\\_2E�\x0F}��e��(b�n�`Dc�07�[hb\x01\fc��\f��=���1�uo���tL�\x02��CYS� �|&kAJ1M��9�T��\x11\\ZG\x04)]���A�\x12��\\nR|׉E:����\x04)x�\x06>&H\x01W�\x1D\x15����u�\x04)~d\x12��\\tR�Ӣ�\x04)�u�Rj����Gf<�ِZ�\x12���+M�uҜ���\\tA�\x0B����&/$�T�\x0E� E�^T��=�6��w}V_��A�\x7Fz�\x0E�2������\\n���/��\x1F��F�3}V��\x03\\r\x1D���u`�����ֺ�L7Ф^\x16��\\n��&\x06@��\x1EV�\\\\��\x1D�ߏ���BW;f<b�y�ۗ]�L���)MJ9M��9�T��\x11 G4)]�\x14�A�\x12\x03�jR|��r\x07Y[��(\x05\\\\��H?���R�\x06WC\x1EU���!���j�*�\x1D�\x16��6�J��{\x16�e�\x033\x1E���fC�J�R�i�\x14i�颪\x14\x17��5�J�R�t', '', '', '', '', '', '', '', '', '', '', '', '', '', 'active', 708, NULL), ('�����U:\\bm�]�\x10��r�˦\x85��MX\x1E}f�Zj�%�.��\x07��\x1F\\bV�B�^�_C\x07\x064\x18SS�\x14Ň�\\Z�P���2����~�3-tت�UK�`�oǊ>H�8�\x02��Q�\x16Z�\x12�t(�)�\x1D�\x16�m:6Q�`J�RN��Hs� ���`��\x11\x19J�*ep���\x18�2\x14�u�\x85��?&C�\x03��1\x1D', '', '', '', '', '', '', '', '', '', '', '', '', '', 'active', 708, NULL), ('�\\Z�\x0E\x05\\\\M��^', '', '', '', '', '', '', '', '', '', '', '', '', '', 'active', 708, NULL), ('\x1Eӡ�a��P�h+\x1C�wG]�', '', '', '', '', '', '', '', '', '', '', '', '', '', 'active', 708, NULL), ('E�s\x10�', '', '', '', '', '', '', '', '', '', '', '', '', '', 'active', 708, NULL), ('�\x05# *\x15�\x01qX�O�8$\x17\x03��P�QH��A�\x16B�BAW� \x13������P���gD(��1\x11�\x1F��]\x1C\x18m�c\x14�gQ[f<0�\x19Ol6\x04��\\b��&B��\x1C.*Bq�\\b\\\\J�b�\\ZV�p\\r�\\t\\\\ꤺ�жʅ\x14yR�e�\x1Bt��\x07�K\x7F���\x1B�����i\x0B\x05\x10S���_�o���\x14p5�\x19A\\ngn4Ӎ\x1F\x06?%M)�\\ru\x7F��&��A\f�k*�\x1C����\\Z�o��)vL�\x02��3���D\\t�)1J5M��9�T��\x11\x1C�\x18��8��\\'q\x1C���H�(�($k\x1D�Q�+t�u\x05\x07��(�3Z*��i��b\x14p5�\x191\\n玈F6�\\0�`����Q��Em����Gf<��\x10�Rb�j�\x18E�s���(.\x18�Km�b�\\Z\x16�p\\rɉ\x0EB��Ah[����\x0B�r�7P�����0J%[y�F4Y��U�:\x10Zd�', '', '', '', '', '', '', '', '', '', '', '', '', '', 'active', 708, NULL), ('\x15i�!�', '', '', '', '', '', '', '', '', '', '', '', '', '', 'active', 708, NULL), ('\x15\x17�@:�P�R��4��b�R���:�L3t�L2�', '', '', '', '', '', '', '', '', '', '', '', '', '', 'active', 708, NULL), ('\x1C���L�\x02�\x06A�P\x01W��4��\x1F��3Mr\\0[�\x15�)T�랥�2�\x19��xb�!p�\x14*�4��4�pQ��\x0BF�\\ZQ�t�R���D', '', '', '', '', '', '', '', '', '', '', '', '', '', 'active', 708, NULL), ('���=��\x150T�T�ln���+����3K�r\\0�', '', '', '', '', '', '', '', '', '', '', '', '', '', 'active', 708, NULL), ('a�\x0E/\x17U5ӟ\x15^C\x07\x064�J\x01W\x03�4U�?J_뢩n�M�\x14R\x06�f�<݄�7�\x0E���}Zd��p��=Zc\x1D��Ĕ;�Q\x01OY\x93ySK�\\'6o�dJ�RM\x13�Hs�$\x15��`\x04�\x11�J�*ErH.�$\x15���\x13�.t�82�\\n\x1C���iT��`H5*�j0��Q�\x03��w�\\0��i�\x1DӨP�=K�e�\x033\x1E���fC�JiT��4*�<�K\x7F����ϻ�8����\x05;åw�x�}\x07�����]�*��\\\\��=S ��w��8\\\\���Q{d�+p��K�\x19\x7F��A���/x0���\\bV\\r�\x0F:��5��� ;Z�\x7F�.�oX�\x1Bf܂���\\\\w�u�\\\\[f<0�\x19Ol6no�kq���i�\x13i����\x04\\\\�j�\x85�\x13\x0Bװȟz�rN.\x06\x17U�t�p�n�|�|\x1E�3�xzp�/�\x11��P��h9\x18�\\Z�BM�\\b�s��@U�5\x06���Q\\Z�B��\x0Ee)�ԍ���:,�\x14�\\\\)�]\x11��H_P��(j��޳������\x16��KJf<���ꪔO��v�:��\x13FS��4\x11�4\x07F�x���T\x01\f\x05\x17�Q\x10���\\Z��.UZ\\0�]T�Cv����|׉\x02\\b2\x11u\x16=2�\x15D�W��3Q\\0a�4�p0\x06��jPD�Cq>���dj>߰\x1C7̸\x05�-�D)���{\x16�e�\x033\x1E��\x04��\\0�+%L�O\x13�Hs\x0E�\x17�$\\n`(��p�0%\x02ט0eH.��E�)�(�\x0B���*\x10\x1E\\\\��M�\x01,\x14�ȡ#\x0B+p6��\x12\\ry%4+��3�Ѓ��\x03�~+�G�\\Z�P�2��\x15�n�X\x0E\x0F]��R���\x11�b\x1BS� LU,�I��|G{�+k��\x16ژ�G�3G�,\x16�r!�e�\x1E\x19���\\t�)Q�|��E�\x03��쥷��^���`���Կ�w]���\x05�\x165��ΙT�P�R�$��\f�)\x05\x0FЗ�H��O���Q��\\n\\\\\\r� ��8�-�\x17�0���p��\\Z�V�(�Z\x1C�͢�oIde-WZ�\\Z��?�a�c�n�MU��j��c[�\x06��\\'�ֲ]�\x16��h\x07��\x0EZhb�d�\x16�5˥���\x01��l\\t�)i�|��E�s(��%Q-CI��\x12�-\x11(Ǥ-��D�b��Җn\x14R�\x16g��\x1D*�\x1E��\\n\\\\\\r�DޱƠ\\Z>8\x18\x03_h5�e\x14>&m�\x1E��ނ�^�2i\x0Buݳ�-3\x1E��Ȍ\\'6\x1B\x02WJ�2�&m��\x1C./mI�\x15\\n.,\\\\ m��5&m\x19���L\x7F\x1F��\x1D\\'�x��e^���\x17H�\\\\��޹�\x10ej�n��oR�M]ճ�U��O��\x07\x07a�H�\\b\\rq��\x10�j�Q�@^2��\x06\x0E�mO���\x17\x07�8\f��4�WT�\x12�\\\\nT�?5W;��\x1E�\x19髅֦\x1C2�\x0BxVK�Zz\x1D|\\\\CM��M�����̧I^�9��K^\x12��R\\r\x0B/H^�\x0Eʂ�T�\\\\\x14^*y�F!Y\x19!kC.���~�?\x19�22�\x0Bx\\ZN�`\f���p���QNI�\x1B?j��\x18z���$/ЯyM�Em����Gf<��\x10�R���4ɋ4�py�K\x02.\x10���m�}�~\\t0\x02נ\x11H�5|��j���;NR\x19C�˼4�?���)>v��|�\x0F|\\ra��X�\x0F�e��\\Z��KP80\x03Zh5���e\x14��T7~$zފ�l��\x06i\x0Bm,va�b>�K�&�\x05�\x1D�k�ٌ��BkS\x06��\x05<�w\x17��ى͡����̧�_�9���_\x12x����\\t�\\b��� ���͠\x18�T�ҍB��A�jU𑹮�1]���\x05<M탃1H�V�$�_F�$9n��\\'j_�i!d�\x17���>�ڲ�\x0E�xd�\x13�\\r�+%\x7F���_�9��~�_z{�9�\x0B���x�s�S��w]��9�\\\\6��\x13�{\\bm�/����\x1Ff���G�\x02�B\x7F�˻Ɨ�0�*xx4�.�j�|�@��������c\x1Fx�\x1C7̸\x05�����랹��x`�#3��l��zW�\x7F���_�9���_\\\\0B\x17�_J�M��R�t\\r����E�/��.��o�\x1F�>`�\x06�P�\\n�\\n\\\\-b($"... 217455 more characters
2026-06-19T12:42:59: }
2026-06-19T12:42:59: Import global error, transaction rolled back: Error: Data too long for column 'name' at row 3
2026-06-19T12:42:59:     at Packet.asError (D:\ACHME_COMUNICATION-main\backend\node_modules\mysql2\lib\packets\packet.js:788:17)
2026-06-19T12:42:59:     at Query.execute (D:\ACHME_COMUNICATION-main\backend\node_modules\mysql2\lib\commands\command.js:29:26)
2026-06-19T12:42:59:     at Connection.handlePacket (D:\ACHME_COMUNICATION-main\backend\node_modules\mysql2\lib\base\connection.js:552:34)
2026-06-19T12:42:59:     at PacketParser.onPacket (D:\ACHME_COMUNICATION-main\backend\node_modules\mysql2\lib\base\connection.js:102:12)
2026-06-19T12:42:59:     at PacketParser.executeStart (D:\ACHME_COMUNICATION-main\backend\node_modules\mysql2\lib\packet_parser.js:75:16)
2026-06-19T12:42:59:     at Socket.<anonymous> (D:\ACHME_COMUNICATION-main\backend\node_modules\mysql2\lib\base\connection.js:109:25)
2026-06-19T12:42:59:     at Socket.emit (node:events:509:20)
2026-06-19T12:42:59:     at addChunk (node:internal/streams/readable:568:12)
2026-06-19T12:42:59:     at readableAddChunkPushByteMode (node:internal/streams/readable:519:3)
2026-06-19T12:42:59:     at Readable.push (node:internal/streams/readable:399:5) {
2026-06-19T12:42:59:   code: 'ER_DATA_TOO_LONG',
2026-06-19T12:42:59:   errno: 1406,
2026-06-19T12:42:59:   sqlState: '22001',
2026-06-19T12:42:59:   sqlMessage: "Data too long for column 'name' at row 3",
2026-06-19T12:42:59:   sql: '\n' +
2026-06-19T12:42:59:     '        INSERT INTO clients \n' +
2026-06-19T12:42:59:     '        (name, company_name, email, phone, alternate_phone, contact_person, address, address_2, city, state, pincode, service, gst_number, notes, client_status, created_by, assigned_teammember_id)\n' +
2026-06-19T12:42:59:     "        VALUES ('?�9L�ҙ\x15�sbgٮ|�l!��\\ZUSh9i�b�r:y_dl��D��\x13�|-N��R4\x12�2�G�%��\x7FZ�4�˝y�7\\të��ɂ�\x1F��\x01\\0\\0��\x03\\0PK\x03\x04\x14\\0\x06\\0\\b\\0\\0\\0!\\0x��`�\x02\\0\\0\x10\x06\\0\\0\x0F\\0\\0\\0xl/workbook.xml�Tmo�0\x10�>i���w', '', '', '', '', '', '', '', '', '', '', '', '', '', 'active', 708, NULL), ('&\\t[QI��D��N���I�*\x07�`���6M���}g\\bi�|�Z\x046������M)�\x03ӆ+�`r\x14`�d�r.W\\t���z�12�ʜ', '', '', '', '', '', '', '', '', '', '', '', '', '', 'active', 708, NULL), ('%Y�\x1F���ï_N�J�/��G\\0 M�\x0Bk���MV���#U1\\t���%���+�T���\x14��R�a\x10D~I��-B�߃��K��TeuɤmA4\x13�\x02}S��the�\x1E������2UV\\0�����\x06\x14�2�g+�4]\\bp{C\x06h���!\x01\faw\x12�\x0E�*y��QK{\x04�~K��\x7F\x12���`s\x18��!�}�\x1E��᎕�>�*�aE/`$�4\\Z\x01i5Z�!x\x1FD\x1B츅xx��ݴ�E��~��eJ`$����[�\\'�\x1B', '', '', '', '', '', '', '', '', '', '', '', '', '', 'active', 708, NULL), ('l�J���\f�C�4s\x0E��q˪}\x7F�=��q��\x0B�\x11��ҟ��K�\\0\x19���ۂ�A�I�Nf:&wO�I0', '', '', '', '', '', '', '', '', '', '', '', '', '', 'active', 708, NULL), ('\x07���O{#�\x1FM���0�y�\x01�LƓ�l2M��\x19\x1Dř��-��v�\\t�Cf\x0FL�t�YH\x10�<\x7F��\x14l/��o����\x1Cvm톳�y��[��-��Z\\'�#\x01�����1���\x16\\t\x0E{�\\0ʧ�����\\0�$�M��c��=Fi�h', '', '', '', '', '', '', '', '', '', '', '', '', '', 'active', 708, NULL), ('��=F�+JM\x03\x05j͌d#�K�T\\ttj77A�H��\f=�I���\fD�&�a�\x18�f>�\x07\\0\\0��\x03\\0PK\x03\x04\x14\\0\x06\\0\\b\\0\\0\\0!\\0�>���\\0\\0\\0�\x02\\0\\0\\Z\\0\\b\x01xl/_rels/workbook.xml.rels �\x04\x01(�\\0\x01\\0\\0\\0\\0\\0\\0\\0\\0\\0\\0\\0\\0\\0\\0\\0\\0\\0\\0\\0\\0\\0\\0\\0\\0\\0\\0\\0\\0\\0\\0\\0\\0\\0\\0\\0\\0\\0\\0\\0\\0\\0\\0\\0\\0\\0\\0\\0\\0\\0\\0\\0\\0\\0\\0\\0\\0\\0\\0\\0\\0\\0\\0\\0\\0\\0\\0\\0\\0\\0\\0\\0\\0\\0\\0\\0\\0\\0\\0\\0\\0\\0\\0\\0\\0\\0\\0\\0\\0\\0\\0\\0\\0\\0\\0\\0\\0\\0\\0\\0\\0\\0\\0\\0\\0\\0\\0\\0\\0\\0\\0\\0\\0\\0\\0\\0\\0\\0\\0\\0\\0\\0\\0\\0\\0\\0\\0\\0\\0\\0\\0\\0\\0\\0\\0\\0\\0\\0\\0\\0\\0\\0\\0\\0\\0\\0\\0\\0\\0\\0\\0\\0\\0\\0\\0\\0\\0\\0\\0\\0\\0\\0\\0\\0\\0\\0\\0\\0\\0\\0\\0\\0\\0\\0\\0\\0\\0\\0\\0\\0\\0\\0\\0\\0\\0\\0\\0\\0\\0\\0\\0\\0\\0\\0\\0\\0\\0\\0\\0\\0\\0\\0\\0\\0\\0\\0\\0\\0\\0\\0\\0\\0\\0\\0\\0\\0\\0\\0\\0\\0\\0\\0\\0\\0\\0\\0\\0\\0\\0\\0\\0\\0\\0\\0\\0\\0\\0\\0\\0\\0\\0\\0\\0\\0\\0\\0\\0\\0\\0\\0\\0\\0\\0\\0\\0\\0\\0�RMK�0\x10�\x0B��0w�v\x15\x11�t/�U�\x0F\\bɴ)�&!3~��\x1B*�]X�K/\x03o�y���v�5\x0E�\x03\x13��+��\x12\x04z\x13l�;\x05o���\x03\\bb��\x1E�G\x05\x13\x12����\x0B\x0E�s\x13�>��,�\x148��(%\x19���D��҆4j�0u2js�\x1D�MY�˴���S쭂��� �)f���C��\x06��y\x1F��\x19\\tI<', '', '', '', '', '', '', '', '', '', '', '', '', '', 'active', 708, NULL), ('y\\0���!+��E�\\b��fMy�k���\f�\x1C�K\x1E�5=|�t ��G\x1F\x7F)�s墙�U��tB��)���', '', '', '', '', '', '', '', '', '', '', '', '', '', 'active', 708, NULL), ('��{�1�\x19�9˿�su�T�r�����!��ە���y��cz���\x07��ݵч\x13-��i��S�\x0F����!y��k�\x0F\\'[�_�m�p����O\x18�a��˼KGW��F��;����\\Zwj����_?��0��?��5�0��e�&\x1C�0m��_���0m�?\x06�\\'���;Q\\\\~(�����y������~��퟿���_Ϥ', '', '', '', '', '', '', '', '', '', '', '', '', '', 'active', 708, NULL), ('ۼ���c�ױ65����i��w�6\x0Bls\x1FiS-����~T��H�2�~\x1Ecmrl���)��\x0F�6j.ֱ6j.�\x12k����X\x1B5\x17\x7F��Qs�&�F��&�F��66_j�\x7F��Q㼋�Q㼏�Q���ڨq>�ڨq>�ڨq>�ڨq���Z]F���\x10�\x7F', '', '', '', '', '', '', '', '', '', '', '', '', '', 'active', 708, NULL), ('�g\\b~', '', '', '', '', '', '', '', '', '', '', '', '', '', 'active', 708, NULL), ('�o@�a��y�Ue���|ٛ�r]���J��D:�(��z�;.�y���|�f��%�+�oN5�*\x15�;�VV\x17���>��N���nˮ[��\x10��t\x1E��*�S\\'�\x0F�_\x15��\x0E�4��M�\x19�4�}�y\x1FoV�2>��$��Q�!�m�m\x1B��\x19�\x13q�1�=ql��@lGb;���\x1D��^*�G��\x04x�\x13-\\tOoN�#����Ix\\\\�\f\x1E�V\f�0�����Ǟ�u�\f�ԙ�\x10v�i', '', '', '', '', '', '', '', '', '', '', '', '', '', 'active', 708, NULL), (';R�U�i��z���r9��b�\x0E�5S�M3\x15�4S}�k�\\Z�q\x13�(ˢ��U�m���\x05�u9[�b�c��1�6l�~!\x0F�v\fmM��Ju��������\x167�t��[\x7Ff$q��\\t�$R\x12��1��K��6�Ue�:��è\\Z���x�', '', '', '', '', '', '', '', '', '', '', '', '', '', 'active', 708, NULL), ('����#�[�~��\x1Fz�x�', '', '', '', '', '', '', '', '', '', '', '', '', '', 'active', 708, NULL), ('�4W�Ms\x15�4W}�k��m�m\x1B�\fK�q�\x1C�ı%�\x03�\x1D��D����w��ȝ�\x04x��H�ӛ\x13�H�$<�c\x12\x1E�$�gH+\x02O\x18U��w��#����?��\\Z��Wߩ�~\\Z��o�=�f�*n��[c\x14�4F�Mc�G�\x16��\x1C7Т���jx��\\0�R\x7F\x02㼚�ex���w�����ڰ��Z�v\fme��jULOd�no{o\x0B�<X�\\0^�wXj�_�f��\x174\x1B}�%����_��g���v�d���2��P��}\x18U�~}��\x1B/[��z$���Q_\x15�~�\x15�i� \x19u�?�FM\\\\\x1F�L\\\\Qd���\x15˥�UxC��\x10�6���E\x1Cw�qO\x1C[b;\x10ۑ�Nd\x02d9̟�n�*�ɒG�\x13�i8?�9��DJ��;&�qI2~|Z1~¨���ߡrՋ�r�n��\x1F�\\'\\rTؓ�c��\x06���u�̋Y�o�Bo�\x15���\\n�\\Z�>�X�&��\x16r�:��}\x16�P��\x13\x18\x17�)\\r;�\x1F�n�\x06�b\x11�1��u3+�ܜ�����޶b9�D�B��\\t.8q�9A�DJ\x12�;&�sI2�|ZY��\x0B��0�!��7^��Q��H\x1CW��\x06���W��O�\x05�h�B�F�\x0Fx-Z$�\\r�mC��X�q�\x1C�ı%�\x03�\x1D��D&���w��8����,9?�9��DJ��;&�qI2~|Z1~¨���_�P����(Y��\x0Bz�@�=��\x7F\x15:j�z���N���\x07-��[c\x05)i�B�ƪ\x0F{-V�In�\x16u�7��^\\b\x0B[\x18�BcSV�Fݹ��~̻', '', '', '', '', '', '', '', '', '', '', '', '', '', 'active', 708, NULL), ('\x1B�ElG�Z�S[5\x01\\'29����E�IQ&0\\'��Z��������\x04u.X\x12;��˔�7���B�r\x0F�', '', '', '', '', '', '', '', '', '', '', '', '', '', 'active', 708, NULL), ('z��x�BW5��u\x05��6�\x19�_�IÌ4j`5��n�_�\\\\\x0B\x1B�qÌ[0\\ZƘ뎺�kˌ\x07f<2�͆�\\Z�c\\Za�-:__�D�����)�$X���5�V�<�^(\x1Er��\x15F�l�]�l\x15�Y�����휸>S\x1E�UN�a�M+>B_\x03X��\x03�hd��Y^J��\\tkH�\x10\x079\\Z�B�!���j�$��3<', '', '', '', '', '', '', '', '', '', '', '', '', '', 'active', 708, NULL), ('��\\Z:0�\x0E\x123��V�Y\x1Fz(w���f��Υ\x177��-3ui�E��oa���A};G��`�����T�0�2\x1E����F�ұY���{8��\x14���C��K�+nN�(?�Z�\x1C��\x17Z��}��g���R���\\'��s-��w�\x17�\f~��~��A�����*꺂�梓�\x0F��i����5fh5��AC�\x16Ţ�GP�L���G\x17��\x1Bf܂��6r�;�gQ[f<0�\x19Ol6\x04��\x1EĽ�2\x05.�\\b1p\x05��\\b\\\\�ʹ�\x0BT!\x11����dm��E�\\nCkQ���(\f�e�,��\x02��ǃ�0��i���B_�\x1B�\x1B�e���Z.�R=�J\x18� 3C]h5�����n<Ս\x1FU��Wey5�+�[�F)G�:/���\x1C$�\x06d?�A\x0BML�\x0B{7\x15/4���&.��\x1B�-�r8����[\x05��E�ET\x16/共s�3/�r����(]�^{ߡ�\x15�t�s�t\x05�w�gM��wn�Жʾk\x7F�;[f�\x03�,S?=\x0Fx\x18��fؗ�n\x05�\x06�P�P,KYHP���o���5L�V�d\x1F��dSeE��d=EK��T��E3�@����V�m�����hT�hz�\x15h�B����\x7F\x0B-\f�Ls\x02�\x0By��.\x15Nl��Ɣ�$w+�\x13hT�\x13C�W�t��h�^�`�F\x10�\x14��a1?Y#\x07\\tJ��0����:q\x01\\nY\x1B���\\n\x0E��Gd\x0Fk�4�AF\x06��j��^�\x1D�qӝ;���:��`���~w�uϢ��x`�#3��l\\b\\\\)��{�y\\n\\\\Jgb��B�\x04\\\\�B�-u�5��5��\\'�\\Z�&�\x06�:���q����k\x7F�XϚ9�H�\x1F��a�_��nD��Yun�0\\r�%\x14A̳�����\x02�B�\x05z/\ft����\x0F}5t��n�8�尮*�x4�X\\0Ck#�mS��\x1E�G�[h`*]ط�����ea\x1E��y\x12\x1C�S�\\\\y���\\t�N�V\f�^���1\\\\�8�t%��\x02H�8�Wb8��m��N�:���G\\\\Wnǅˏ���(&��j�\x1D�d�\x0B���>��ܑ\x1C7.G�\x17�>�قѲF\\\\w�uϢ��x`�#3��l\\b])}��<c\x02]�\x1C��5]�޿�c�$]�����M��u�ҷ�}r�׭�І.��p_7��(\x1E��H\x01���\\n੯,���Yr/�.\x15Uk���aZ\\Z9�j�|�k�\x1B�t\x03M��G���[hb_��U\x1F�h��7H��\x1E\x13����B\x17;f<�1�\\Z)�(ym;�hq{�L�Q)Z\f�^�\x12�u.\x18�\x11$-��u�R\\Z}rQ\\ZA�\x17\x16|��Z�Yk�B5���\x15x\\Z�B]��\\\\���\x0E��`Ǵ+�@�Ǝ��}�+\x1D\x18-j��\x1Duݳ�-3\x1E��Ȍ\\'6\x1B�VJ���g�\x96R�\x18��=El�\x0BU\x16�:RRqU4]�u����E�S�{w��ۺn\x14��', '', '', '', '', '', '', '', '', '', '', '', '', '', 'active', 708, NULL), ('�l�/�W\x1F�A>@_z��\x11�R72+p5��*�e�', '', '', '', '', '', '', '', '', '', '', '', '', '', 'active', 708, NULL), ('�B~B+�d', '', '', '', '', '', '', '', '', '', '', '', '', '', 'active', 708, NULL), ('�', '', '', '', '', '', '', '', '', '', '', '', '', '', 'active', 708, NULL), ('sT�\x02���i�\x14\x7F��z��\x06�Բ��Ԛhlbn�`4\\ZY;5wsT���G�[haj\x1DS��g9���\x06xl��Ɣ�m�<��\x11E�t�h��\x14�~�2�H�\x1D�i���n\x14\x06�L�\x03W\x03\x1FS��~ӥ�)R��`G\x15)�j���H�\x03\x13�D3�\x16���1E', '', '', '', '', '', '', '', '', '', '', '', '', '', 'active', 708, NULL), ('uݳ�-3\x1E��Ȍ\\'6\x1B\x02WJ�R������9_���\x14\x17���\x11EJ�*}N2(R�~��\x1EB�R\x17*R\\Zyݧ', '', '', '', '', '', '', '', '', '', '', '', '', '', 'active', 708, NULL), ('7mӛ��a�K�G��\x7Ff�K\x1D����\x07���j�uZc���\x06:��\\\\_2E�\x0F}��e��(b�n�`Dc�07�[hb\x01\fc��\f��=���1�uo���tL�\x02��CYS� �|&kAJ1M��9�T��\x11\\ZG\x04)]���A�\x12��\\nR|׉E:����\x04)x�\x06>&H\x01W�\x1D\x15����u�\x04)~d\x12��\\tR�Ӣ�\x04)�u�Rj����Gf<�ِZ�\x12���+M�uҜ���\\tA�\x0B����&/$�T�\x0E� E�^T��=�6��w}V_��A�\x7Fz�\x0E�2������\\n���/��\x1F��F�3}V��\x03\\r\x1D���u`�����ֺ�L7Ф^\x16��\\n��&\x06@��\x1EV�\\\\��\x1D�ߏ���BW;f<b�y�ۗ]�L���)MJ9M��9�T��\x11 G4)]�\x14�A�\x12\x03�jR|��r\x07Y[��(\x05\\\\��H?���R�\x06WC\x1EU���!���j�*�\x1D�\x16��6�J��{\x16�e�\x033\x1E���fC�J�R�i�\x14i�颪\x14\x17��5�J�R�t', '', '', '', '', '', '', '', '', '', '', '', '', '', 'active', 708, NULL), ('�����U:\\bm�]�\x10��r�˦\x85��MX\x1E}f�Zj�%�.��\x07��\x1F\\bV�B�^�_C\x07\x064\x18SS�\x14Ň�\\Z�P���2����~�3-tت�UK�`�oǊ>H�8�\x02��Q�\x16Z�\x12�t(�)�\x1D�\x16�m:6Q�`J�RN��Hs� ���`��\x11\x19J�*ep���\x18�2\x14�u�\x85��?&C�\x03��1\x1D', '', '', '', '', '', '', '', '', '', '', '', '', '', 'active', 708, NULL), ('�\\Z�\x0E\x05\\\\M��^', '', '', '', '', '', '', '', '', '', '', '', '', '', 'active', 708, NULL), ('\x1Eӡ�a��P�h+\x1C�wG]�', '', '', '', '', '', '', '', '', '', '', '', '', '', 'active', 708, NULL), ('E�s\x10�', '', '', '', '', '', '', '', '', '', '', '', '', '', 'active', 708, NULL), ('�\x05# *\x15�\x01qX�O�8$\x17\x03��P�QH��A�\x16B�BAW� \x13������P���gD(��1\x11�\x1F��]\x1C\x18m�c\x14�gQ[f<0�\x19Ol6\x04��\\b��&B��\x1C.*Bq�\\b\\\\J�b�\\ZV�p\\r�\\t\\\\ꤺ�жʅ\x14yR�e�\x1Bt��\x07�K\x7F���\x1B�����i\x0B\x05\x10S���_�o���\x14p5�\x19A\\ngn4Ӎ\x1F\x06?%M)�\\ru\x7F��&��A\f�k*�\x1C����\\Z�o��)vL�\x02��3���D\\t�)1J5M��9�T��\x11\x1C�\x18��8��\\'q\x1C���H�(�($k\x1D�Q�+t�u\x05\x07��(�3Z*��i��b\x14p5�\x191\\n玈F6�\\0�`����Q��Em����Gf<��\x10�Rb�j�\x18E�s���(.\x18�Km�b�\\Z\x16�p\\rɉ\x0EB��Ah[����\x0B�r�7P�����0J%[y�F4Y��U�:\x10Zd�', '', '', '', '', '', '', '', '', '', '', '', '', '', 'active', 708, NULL), ('\x15i�!�', '', '', '', '', '', '', '', '', '', '', '', '', '', 'active', 708, NULL), ('\x15\x17�@:�P�R��4��b�R���:�L3t�L2�', '', '', '', '', '', '', '', '', '', '', '', '', '', 'active', 708, NULL), ('\x1C���L�\x02�\x06A�P\x01W��4��\x1F��3Mr\\0[�\x15�)T�랥�2�\x19��xb�!p�\x14*�4��4�pQ��\x0BF�\\ZQ�t�R���D', '', '', '', '', '', '', '', '', '', '', '', '', '', 'active', 708, NULL), ('���=��\x150T�T�ln���+����3K�r\\0�', '', '', '', '', '', '', '', '', '', '', '', '', '', 'active', 708, NULL), ('a�\x0E/\x17U5ӟ\x15^C\x07\x064�J\x01W\x03�4U�?J_뢩n�M�\x14R\x06�f�<݄�7�\x0E���}Zd��p��=Zc\x1D��Ĕ;�Q\x01OY\x93ySK�\\'6o�dJ�RM\x13�Hs�$\x15��`\x04�\x11�J�*ErH.�$\x15���\x13�.t�82�\\n\x1C���iT��`H5*�j0��Q�\x03��w�\\0��i�\x1DӨP�=K�e�\x033\x1E���fC�JiT��4*�<�K\x7F����ϻ�8����\x05;åw�x�}\x07�����]�*��\\\\��=S ��w��8\\\\���Q{d�+p��K�\x19\x7F��A���/x0���\\bV\\r�\x0F:��5��� ;Z�\x7F�.�oX�\x1Bf܂���\\\\w�u�\\\\[f<0�\x19Ol6no�kq���i�\x13i����\x04\\\\�j�\x85�\x13\x0Bװȟz�rN.\x06\x17U�t�p�n�|�|\x1E�3�xzp�/�\x11��P��h9\x18�\\Z�BM�\\b�s��@U�5\x06���Q\\Z�B��\x0Ee)�ԍ���:,�\x14�\\\\)�]\x11��H_P��(j��޳������\x16��KJf<���ꪔO��v�:��\x13FS��4\x11�4\x07F�x���T\x01\f\x05\x17�Q\x10���\\Z��.UZ\\0�]T�Cv����|׉\x02\\b2\x11u\x16=2�\x15D�W��3Q\\0a�4�p0\x06��jPD�Cq>���dj>߰\x1C7̸\x05�-�D)���{\x16�e�\x033\x1E��\x04��\\0�+%L�O\x13�Hs\x0E�\x17�$\\n`(��p�0%\x02ט0eH.��E�)�(�\x0B���*\x10\x1E\\\\��M�\x01,\x14�ȡ#\x0B+p6��\x12\\ry%4+��3�Ѓ��\x03�~+�G�\\Z�P�2��\x15�n�X\x0E\x0F]��R���\x11�b\x1BS� LU,�I��|G{�+k��\x16ژ�G�3G�,\x16�r!�e�\x1E\x19���\\t�)Q�|��E�\x03��쥷��^���`���Կ�w]���\x05�\x165��ΙT�P�R�$��\f�)\x05\x0FЗ�H��O���Q��\\n\\\\\\r� ��8�-�\x17�0���p��\\Z�V�(�Z\x1C�͢�oIde-WZ�\\Z��?�a�c�n�MU��j��c[�\x06��\\'�ֲ]�\x16��h\x07��\x0EZhb�d�\x16�5˥���\x01��l\\t�)i�|��E�s(��%Q-CI��\x12�-\x11(Ǥ-��D�b��Җn\x14R�\x16g��\x1D*�\x1E��\\n\\\\\\r�DޱƠ\\Z>8\x18\x03_h5�e\x14>&m�\x1E��ނ�^�2i\x0Buݳ�-3\x1E��Ȍ\\'6\x1B\x02WJ�2�&m��\x1C./mI�\x15\\n.,\\\\ m��5&m\x19���L\x7F\x1F��\x1D\\'�x��e^���\x17H�\\\\��޹�\x10ej�n��oR�M]ճ�U��O��\x07\x07a�H�\\b\\rq��\x10�j�Q�@^2��\x06\x0E�mO���\x17\x07�8\f��4�WT�\x12�\\\\nT�?5W;��\x1E�\x19髅֦\x1C2�\x0BxVK�Zz\x1D|\\\\CM��M�����̧I^�9��K^\x12��R\\r\x0B/H^�\x0Eʂ�T�\\\\\x14^*y�F!Y\x19!kC.���~�?\x19�22�\x0Bx\\ZN�`\f���p���QNI�\x1B?j��\x18z���$/ЯyM�Em����Gf<��\x10�R���4ɋ4�py�K\x02.\x10���m�}�~\\t0\x02נ\x11H�5|��j���;NR\x19C�˼4�?���)>v��|�\x0F|\\ra��X�\x0F�e��\\Z��KP80\x03Zh5���e\x14��T7~$zފ�l��\x06i\x0Bm,va�b>�K�&�\x05�\x1D�k�ٌ��BkS\x06��\x05<�w\x17��ى͡����̧�_�9���_\x12x����\\t�\\b��� ���͠\x18�T�ҍB��A�jU𑹮�1]���\x05<M탃1H�V�$�_F�$9n��\\'j_�i!d�\x17���>�ڲ�\x0E�xd�\x13�\\r�+%\x7F���_�9��~�_z{�9�\x0B���x�s�S��w]��9�\\\\6��\x13�{\\bm�/����\x1Ff���G�\x02�B\x7F�˻Ɨ�0�*xx4�.�j�|�@��������c\x1Fx�\x1C7̸\x05�����랹��x`�#3��l��zW�\x7F���_�9���_\\\\0B\x17�_J�M��R�t\\r����E�/��.��o�\x1F�>`�\x06�P�\\n�\\n\\\\-b($"... 217455 more characters
2026-06-19T12:42:59: }
2026-06-19T12:42:59: Bulk insert error: Error: Data too long for column 'name' at row 1
2026-06-19T12:42:59:     at Packet.asError (D:\ACHME_COMUNICATION-main\backend\node_modules\mysql2\lib\packets\packet.js:788:17)
2026-06-19T12:42:59:     at Query.execute (D:\ACHME_COMUNICATION-main\backend\node_modules\mysql2\lib\commands\command.js:29:26)
2026-06-19T12:42:59:     at Connection.handlePacket (D:\ACHME_COMUNICATION-main\backend\node_modules\mysql2\lib\base\connection.js:552:34)
2026-06-19T12:42:59:     at PacketParser.onPacket (D:\ACHME_COMUNICATION-main\backend\node_modules\mysql2\lib\base\connection.js:102:12)
2026-06-19T12:42:59:     at PacketParser.executeStart (D:\ACHME_COMUNICATION-main\backend\node_modules\mysql2\lib\packet_parser.js:75:16)
2026-06-19T12:42:59:     at Socket.<anonymous> (D:\ACHME_COMUNICATION-main\backend\node_modules\mysql2\lib\base\connection.js:109:25)
2026-06-19T12:42:59:     at Socket.emit (node:events:509:20)
2026-06-19T12:42:59:     at addChunk (node:internal/streams/readable:568:12)
2026-06-19T12:42:59:     at readableAddChunkPushByteMode (node:internal/streams/readable:519:3)
2026-06-19T12:42:59:     at Readable.push (node:internal/streams/readable:399:5) {
2026-06-19T12:42:59:   code: 'ER_DATA_TOO_LONG',
2026-06-19T12:42:59:   errno: 1406,
2026-06-19T12:42:59:   sqlState: '22001',
2026-06-19T12:42:59:   sqlMessage: "Data too long for column 'name' at row 1",
2026-06-19T12:42:59:   sql: '\n' +
2026-06-19T12:42:59:     '        INSERT INTO clients \n' +
2026-06-19T12:42:59:     '        (name, company_name, email, phone, alternate_phone, contact_person, address, address_2, city, state, pincode, service, gst_number, notes, client_status, created_by, assigned_teammember_id)\n' +
2026-06-19T12:42:59:     "        VALUES ('�\\0�\x04P\x04�*�\\ZB��5��&�\x13��M�!�l���}Oܣ҆\x14\\b���Zi_6\x19��J\x1B�7ZTZ\x1F�TZ�޿\x0FW�Zi��\\t���\x16�K��.\x18��NX-\x17���\x17��X� �7�����l����?ۉ��9�h�����ָ��X�C�\\r�M�\x01rߞ�_a\x06�޼��#l�(��/�\x1B\\Z���\x03)�R�M:(�z�A\\rQ��\x10�z�W���G\x04�M\x06�Q\x0F)\x10�K\x07��.n�ϰ��-�Q\x7F�;![�kP\x7F���F��̘�����\x02�[�', '', '', '', '', '', '', '', '', '', '', '', '', '', 'active', 708, NULL), ('������?ț��-9�K\\t���x�;P��\\t�^l����Qd|�\x06�Br\x03V�����Ւ�\x02�ӜAlh���M���oĸ���n��r�J��\x13 �x\\0y%\x1E���I�\x15f������\x18\x0Bx�G{�]bP�!�X�;��\\b�\x135��+CX�Mj*�wѢ��!��o�s�C\\n\x04�����\x06wB�p\x07�ޝ�,�8�X\\bk��73���p\\\\:_�Xd\x0B��\x19�z3cW�\x03U�\x0ET�;�\x14f�\\\\a\x06��\f(�s��,�\x14J\\b,���\\n�>\x13\x01�����T\\0�\\b\x13�qM\x84�;Y��)\x10(K\x07�e�a끏C��\x18���Qs}��;\x04L�-!r��_�#\x1E;$q�\x17�*�4�՛\x19��Np-װ�kP\x18ѤA�o��\\r��d��\x18�Њ�\x1B�|ޟۧ_��A��4\\b@��H�\x15f��͛\\r\x15\x1F��_�U\x0F������-�\x19K<OUQ��*���*\\n\x11f<�M�8�!\x05�s�`Xd�;�W��^���\x15j\x1B`+�6�6$���>$\\bv�m�|\x01[�-x\x15fTYof�\\nwTY�\x0ED�;�\x14fTYa\x06�\x8C*+��Eeq�U\x16��%*����D\x15evM�T\x15�\\b3*�\x1EPw�&�۩�@�', '', '', '', '', '', '', '', '', '', '', '', '', '', 'active', 708, NULL), ('w@��\x01�p\x07��\f(�\x19P', '', '', '', '', '', '', '', '', '', '', '', '', '', 'active', 708, NULL), ('3�\f\x7F$q�₲�S(��X�2��\\b�Z���{�\x07\x1By&Q\x13���A�;nK�C\x19R P�\x0E��u��y_l��\x06�', '', '', '', '', '', '', '', '', '', '', '', '', '', 'active', 708, NULL), ('!�� \x0B6ޝ��\x053�a�a<�', '', '', '', '', '', '', '', '', '', '', '', '', '', 'active', 708, NULL), ('\x04ES�fP4�����ϒ�\x02�ӜA�o�8�3���3G��\\0��=��!\x1E;�C�\\0��\x10��7!���\f|���x��_=\x18\x16��b�Ġ\fC3��p�@��', '', '', '', '', '', '', '', '', '', '', '', '', '', 'active', 708, NULL), ('�4g\\0�\x1B}^���F��J��U�`����\fU��*\x1E�^�\x07�}{·0�oo�q�\x93���g{\x01ހ k�P_', '', '', '', '', '', '', '', '', '', '', '', '', '', 'active', 708, NULL), ('�\x04�p{\\t�Z�Ts_�W\x0B�j<:�\x05N\\'�\\'�\x0EB�;\\b\x15ɁM-xRf��\x05O�9]T�\x05O۪��\x1C|�}��\x19\x1B��\x16&~�\x11�+�l�\x18\x17]~��ӟ4jm�;ٮ\x06�\x14�\x10��yRk[�lS��A>��ހk\x07C(�\x05���Iw@\x19��n�{4w\x1C�\\t�>x\x7F�e윔Ԩk���i\x0B��9���\x06Ɇ��V�掕\x19LN\x14L�\x1DL*w0)�I`R+��\x19L', '', '', '', '', '', '', '', '', '', '', '', '', '', 'active', 708, NULL), ('o{\x01V��br�Z� �X\x19��Ì���8bҫ9\\b�����K�lr����%g�g��', '', '', '', '', '', '', '', '', '', '', '', '', '', 'active', 708, NULL), ('nC ��\x1BB��_�^��W\x05\x01�� `�7��\f���\x0E���7�m\x06��!^$� ��\x17Z�%���)o���ھ��4^��\\b�5�;�����\x17��R���\x04 \x02�t:����\x11mL���\x0E���_��N\x7F]\x18�\\n\x7F��蟖�L>\\\\��\x15V\\bd\\0m\\b�~+���\x04ڒ��v\x7F\x1D��6���Y�-h\x15� ���d�I��Q�\x0EFE�S�m�I�A��\x06��9]\\\\���~�w��b��(db\\\\V!ӵc%�2\\b<\\b�A���\\t�M\x02��i�9�>\x05�e��z����*�\x10�M\x1F#�\x06�\x19\x03\x108�Nfǹ��3Q��*�2`4�B\x18�v�h�a��y�@շ:�� ַbĆ(�\x16�\x1D�\x01nU\x10p;', '', '', '', '', '', '', '', '', '', '', '', '', '', 'active', 708, NULL), ('\x02z}#R[�\x19�z���}س�\x07\f��x1\\\\���', '', '', '', '', '', '', '', '', '', '', '', '', '', 'active', 708, NULL), ('��\x12�Q��N\x13\x16��U�t�\x1FG�\x07\x13j�׃l�tK0v', '', '', '', '', '', '', '', '', '', '', '', '', '', 'active', 708, NULL), ('����Z��6Ɉ���I��J9�\x0E0v-\x1D�\x11�m\\bq&��n쯣�<&����I)�Y%��y\x1C���qs�\x04f!�\x01�ᮓi&o\\'0�l�0?�p', '', '', '', '', '', '', '', '', '', '', '', '', '', 'active', 708, NULL), ('v\x16\x03L\x0B�\x13*�0��p\x15�\x1D�J\x16d����|\x11 u\x19b�%��j�1]USC��>�2\x1DdS��&!\x11L����[ȁ0]:(L��{i��!\x07]�x�o\x1F��P�t\\b�^v��vtH~�@�\x16�\x1B@\x1D.�@��\x04��\x02�ӜA�odⰍ��\x1B1�C\x10|m��GyV1P�g1@�oC��0�do���[ރ\x04�Y<«8�\x18�8Ct�\x04r�N1��tj\\b�ׁP���Q\x14�&\x15\x11 ���ئn�-�@@.\x1D\fG�ޝq+��n\x1Dz\\'�\\n�\\r�\x15B\\Z\x10\x1B�\x13b��\x10[:_ Vd\x0BV�\x19o���(\x15�\\0T�\x03P�\x0E6�\x19UV���0\x03K�.,�;�\x12��%,���aY\x05OC,�\x10�b\x19\x15O읹iE\x04�-O��\x17ֿ�;\x16r X�\x0E', '', '', '', '', '', '', '', '', '', '', '', '', '', 'active', 708, NULL), ('��u���鎌�vuK�������\x01�(8$DH', '', '', '', '', '', '', '', '', '', '', '', '', '', 'active', 708, NULL), ('�\x1E��v�%yo\x16\\Z\x1B\\0\x1B:!�z;\x01��\\0�<ip\x1BZ�Nr�\\'�', '', '', '', '', '', '', '', '', '', '', '', '', '', 'active', 708, NULL), ('��\x04s�\x7F\x0E;S���]\x06\x01�� @�7eV���7����L\x0F\x02@��x\x01]�0��U��9���~\x10\\\\[\x18\x01|\x10�.\x7F��d\x10\\\\\x03�\x19f\x02���^���I��9�@�\x0EFu6�\x13~��\x15����[�G\x13���_\x8D�{n���v�{nU�\x06�2\x1B��L\\n�r�B+ݍQ�nt*�\x15Ze6:�ٸT�\\t\\\\Vw���i�b\\'Rhk�1�A�ø�j\\'��\\\\���Ӿ�I\x7F{Vh��~\x1B\\b����\\\\m;��\x0Ey?��J�MT�xyo\x10+�h���\x1F�\x06\x7F©��\x1C6�|˛��kq�Ah\\r�Lh��z\x01\x0B�Ns\x06������\x15� W)��ہ\x18�i{��\x1B\f|U\f�\x1B\x12!1��\x107�aa\x06������{���\x1E�\x05r���g��U}�9�', '', '', '', '', '', '', '', '', '', '', '', '', '', 'active', 708, NULL), ('l�\x10jX`����\x1C\x15R\f�&.\x19�1\x7F�� �\x1C\\bȥ�a�', '', '', '', '', '', '', '', '', '', '', '', '', '', 'active', 708, NULL), ('�[�\x02��\\t�Bz\x03b�7!6$G��vR_K�\x0BĊl��0�Rof�U�\x03P�\x0E@�;�\x14f�)�`S�Q_�s��', '', '', '', '', '', '', '', '', '', '', '', '', '', 'active', 708, NULL), ('���(�>^�\x10\x14��Oy�w\x15�����{�;y�$\x02k�b\x02��\x13X�\x05', '', '', '', '', '', '', '', '', '', '', '', '', '', 'active', 708, NULL), ('\x19�F�Q*�\x01�', '', '', '', '', '', '', '', '', '', '', '', '', '', 'active', 708, NULL), ('\x07�\x1Cl\\n\x19�U�`SȠR\x1C���z8�\x12��%*�?�P��Q�g�ɲè�\x06)v�����^\\']�bK5\x10*}\x02�r��P�y\\0W���Rv\x03:jLA:j\f\\'\\'��S�x��o\f�O�\x01�i#IG�:��KX�sZ3(��^�I��y$X��\x18�Q\x7F����|G\x01��\x1C\\0v�\x03��1��', '', '', '', '', '', '', '', '', '', '', '', '', '', 'active', 708, NULL), ('\x19Ԧ', '', '', '', '', '', '', '', '', '', '', '', '', '', 'active', 708, NULL), ('����>�Ԯ����\\'������/��8��4�E�\x04���}Q�:9��\x06®Op�Q�\x07�p+��Qc8�V�j@l�<�fAl�4Bl�\\t�>�\x02��Z�*dP�<B�\x1B\x15\x0E@U8\\0\x15��M!��', '', '', '', '', '', '', '', '', '', '', '', '', '', 'active', 708, NULL), ('\x19l', '', '', '', '', '', '', '', '', '', '', '', '', '', 'active', 708, NULL), ('\x19\x1DU\x1C��J\x0F�T�+��Q������[q\x0B�A', '', '', '', '', '', '', '', '', '', '', '', '', '', 'active', 708, NULL), ('�f�[����غ���\x15[�\x17�r�̬�\f��\x13[\x12|��>���j', '', '', '', '', '', '', '', '', '', '', '', '', '', 'active', 708, NULL), ('\x07�\x1CT\\n\x19T\\n\x19T\\n\x19T��tP��JX%��,6%BeX�R\x19�\x1B���RTv\x7F�8����\x18��\x04F�O��]���^�\x7F��(�1�', '', '', '', '', '', '', '', '', '', '', '', '', '', 'active', 708, NULL), ('\\b���5C��蔂|�\x12���u\\\\�8W@l\x16�dcK��/O�\x10V\x1B�\x19�ѿ�dB�W�@�d0\\Z\x07�Y�^\x0F\\'Ox� FjJb�', '', '', '', '', '', '', '', '', '', '', '', '', '', 'active', 708, NULL), ('u�\x03W�\x03��r��8��R!��T��>�k���u\x02��h\x1E\x10{>\x06�c�8e\x01�8E n#l] \x0E1��ސ\x1D!n����Y��z���既\x11�����h¯', '', '', '', '', '', '', '', '', '', '', '', '', '', 'active', 708, NULL), ('���\\'\x1F�m�g��R�x!���$�䶹��\\\\U�1�d�I&��p\x03U�\x1B�*�\x18U��U%\x1B�J6$�a\x02�-���fz\x147S��jשm�9��OC�Lf&�Wm����W�����\x19�NE��S�|>h����:����\x0E��7�\x0F��m�n\x17�)_��\x06���������-�R�\x04�S����\\Z� �j�S+a\x01�d3���Al\\Z�_�uX\x1F�\x03܉�蛭�Sz5����I\\0�v?)\x19\x10���m�\x07ַO�r<\x10�SKBQ��b�\x14�Q<P\x04��:��ѹCPN\x16(�rw����*OP�\x15����O�k�f�p�\x1B�ǋV�vn}�\\\\c4!6ʄ�(���s/\x10+�\x05�B\x06�Qf�U��N\x15��*�����\\\\�\f.�\f�a:���Sa�X���\\b���tJdt}\x10���\x12�m!��~��� \x0B�?�\x01hl���S���j賛�9C}?\\b', '', '', '', '', '', '', '', '', '', '', '', '', '', 'active', 708, NULL), ('5�`', '', '', '', '', '', '', '', '', '', '', '', '', '', 'active', 708, NULL), ('5�@�z�s潿?��>\\Z����Uk�\\t�1���\x15', '', '', '', '', '', '', '', '', '', '', '', '', '', 'active', 708, NULL), ('\x19\x10Gy��|m\x15�ᅺt �u�\\'�(�E��r1>\x11��\\ZP���#\\Z;\\b���DQ��\x0F�����PN\x1E���z���\\Z�\x19�\x1C�5�\x13p�u\x06�U�b@l�m$6ʄX�{�XQ,P\x152\x18�2k�\x1C�U��N\x11\x0E.���*dp)d4Wq�����H8#�����\x1E\x13���9����4��!�����w��\\\\c\x05��z��\x11Ѭ��]^�\x04�6��Hs����\x12��x�hv�<?�K]:\x16��$�\x16S��yp�\\t�^�\x02��Al\\Z�~_�\x1B���\x05��\\\\cs��v}<�%ہ�J\x02|�I\\0q\x1CD���\x01q��Lb\x1BV�\x03��0\x1E({\x12�2,\x15K(O�L����t���Ʉ\x04�u�Z\\rv���)�\x07\x1F(�\\n\\bʞ����hF�\\b\x07�1��+,2 VXd�\\\\�L��2!��^ V\x14\x0BT�\fF�̚�\\b\x07�*\x1Ct�pp)d4W!�K!�Hq�\x0E=�\x12\\t\x7F�\x12���T~Sx�\\Z�L۵���>��~���Uo\\t���0c�`\x1B1e�׹߫�\x1ELF�\\bY��M�n-�W�`��\\ZS�\x15�q��5�;�78�gپxעۊ1\x1F�<�#��5��S:�[c�۸�i', '', '', '', '', '', '', '', '', '', '', '', '', '', 'active', 708, NULL), ('\\'���\x04T��u{\x1D�쵶�=إ��n��<w[��|U+', '', '', '', '', '', '', '', '', '', '', '', '', '', 'active', 708, NULL), ('b\x04�$v\x0ER?�\x02�\\'\x0E�\\\\\\b�\x01���I�`9U����L\x10=�5�$��窭�\x02��i$��8<\x14�hL�s0\x10�[\x02A�Q�66}�D�\\Z�O�l\x14m��6��\\t�*��l\x0E\x1Fhn�g�^S�\\bo�\\t�I\x1F�m��9��ZcU��g�L(U�\x06�\f�>�\x8DM%[�U���d�R\x1D\\'��\x16N�\\\\u6=���P�#ΩL�Fe�6�}֊���o��-�7���ZZ�M��j%^k�)߽\\\\�X�M�F\x03q', '', '', '', '', '', '', '', '', '', '', '', '', '', 'active', 708, NULL), ('\x1Fφ[t{\\Z�2O�h\x1F�\x15�', '', '', '', '', '', '', '', '', '', '', '', '', '', 'active', 708, NULL), ('�S�$3V���U��j��<H�\\06��ǰ��v9\x03\\0�\x13_S��ח���\x07�\x13[�4\x07\\0֮&%\x03�T�s�\x0B���:�\x07��G?���b�l�\x02f�5��ho��\x0F�\x02g�\x1C;[nS���=!�7��ur�S', '', '', '', '', '', '', '', '', '', '', '', '', '', 'active', 708, NULL), ('���\x04��5yV\\b�\x1C�5�\x13h�a�.aS4�19�5ꤷ��\x0B��j���\x01i�Yo\x15��S����p�)d�V!\x03M!���\x1FI��\x1FTz8��0K,QY�M��\x06c\x13�2yz\x18���Dzk�x\\b*{��V_��k�g��P�\x134o�-\x05}\x15�ܣ��|{��Eo��HoM��)pt�`���\x07�\\n[\f�k�\x19�Q\\'�z\\t\x0B�Nk\x06�q�������ƃ�8�q\x1Bu[Cy��\x16�U9\\0�,\x07\\b�cƻ�J\x06�����>NRn��cq\\b\x0F�=\\t�\x18\x06�%����p\x1C�M�����ݵx�\\b��\x168�ur�S', '', '', '', '', '', '', '', '', '', '', '', '', '', 'active', 708, NULL), ('�c�഻�p��\\bGwM�#��3\x03`�g\x06�F�\x01\x1Bu\x02�O�\\0��\x16�', '', '', '', '', '', '', '', '', '', '', '', '', '', 'active', 708, NULL), ('\x19�F�Q*�\x01�', '', '', '', '', '', '', '', '', '', '', '', '', '', 'active', 708, NULL), ('\x07�\x1Cl\\n\x19�U�`SȠR\x1C��J\x0F�T�+�De�6\x11*���R\x19m6���nTv��������R#�k��P�\x13�\\'��B4Ԙ�U�@C�)�C�\\\\�h;l�폋��o׫��\x0E��*�\\tp�\x19�Q\\'��6', '', '', '', '', '', '', '', '', '', '', '', '', '', 'active', 708, NULL), ('�e�6\x11', '', '', '', '', '', '', '', '', '', '', '', '', '', 'active', 708, NULL), ('\x04Y�ഓ&\x7F��', '', '', '', '', '', '', '', '', '', '', '', '', '', 'active', 708, NULL), ('\x16蜕\fD��~�w=�\x1D���!��Q�%=.�\x13�U�\\0��\x1C@6�!�T�@6U�\x17��\x1B�\\0W\x1C�\x03\\\\O��}�z�', '', '', '', '', '', '', '', '', '', '', '', '', '', 'active', 708, NULL), ('\x19�U��TȠR\x1C��J\x0F�T�\\Z�D�Բ��X�L�P9�', '', '', '', '', '', '', '', '', '', '', '', '', '', 'active', 708, NULL), ('�\x0B\\b�2#4�P�\x0B\x0B�F�\x0E�\x19��A�~��R�Ҡ5�~H��:^���S\x01Y�\x03��r��8��W!��T�Ǿ�LZ�8�\x07����\x0B\x07�\x12�S��kb^2}\x02�Լ�\x143x���8��\x06\x02�Op�Rc8\x03W�����\\t��\x15\x03b�+\x06�F�\x11\x1BuB�O�@��\x16�', '', '', '', '', '', '', '', '', '', '', '', '', '', 'active', 708, NULL), ('\x19�F��T\x11\x0E@U8\\0\x15�`S��B\x06�BFO\x15�����)��G', '', '', '', '', '', '', '', '', '', '', '', '', '', 'active', 708, NULL), ('R��g��n����}Vh|ܚ�@���|X\\0�~u\x13\\0�$\\0x�\x04\x18�A��', '', '', '', '', '', '', '', '', '', '', '', '', '', 'active', 708, NULL), ('\x19\x18G�i��\\\\^����\x1E0{\x12\x06�{��d\x01�q�\\bs\x1B�8�\x19S~\x1F�\x12�[���(Z?m�e^)̩\x04\x02s����-\x189V�q', '', '', '', '', '', '', '', '', '', '', '', '', '', 'active', 708, NULL), ('\\'\x18��3KS�}X�%o��o�G~��\x7Fί���U���$�\x16�\x8DP\x19n��pcS��b�ll*�Z�:N���S*W-M�bi*\x7Ff�Ŷ\x11�TFk', '', '', '', '', '', '', '', '', '', '', '', '', '', 'active', 708, NULL), ('��', '', '', '', '', '', '', '', '', '', '', '', '', '', 'active', 708, NULL), ('���p�\x17', '', '', '', '', '', '', '', '', '', '', '', '', '', 'active', 708, NULL), ('jӨ��3.x', '', '', '', '', '', '', '', '', '', '', '', '', '', 'active', 708, NULL), ('x�\x11ޤ?ޏKm�@X%\x01��$\\09\x0E\\Z�}�\f�c�~{߇�`�9�\\Z���%�]\x16n�%����\x1Cwt�`j����]o\x17�������\x16�q��g��v����ߔ�}��\x1C�l', '', '', '', '', '', '', '', '', '', '', '', '', '', 'active', 708, NULL), ('\x0FH+����r���\x1CQ/���J\x02�S\x1D', '', '', '', '', '', '', '', '', '', '', '', '', '', 'active', 708, NULL), ('�"... 216984 more characters
2026-06-19T12:42:59: }
2026-06-19T12:42:59: Import global error, transaction rolled back: Error: Data too long for column 'name' at row 1
2026-06-19T12:42:59:     at Packet.asError (D:\ACHME_COMUNICATION-main\backend\node_modules\mysql2\lib\packets\packet.js:788:17)
2026-06-19T12:42:59:     at Query.execute (D:\ACHME_COMUNICATION-main\backend\node_modules\mysql2\lib\commands\command.js:29:26)
2026-06-19T12:42:59:     at Connection.handlePacket (D:\ACHME_COMUNICATION-main\backend\node_modules\mysql2\lib\base\connection.js:552:34)
2026-06-19T12:42:59:     at PacketParser.onPacket (D:\ACHME_COMUNICATION-main\backend\node_modules\mysql2\lib\base\connection.js:102:12)
2026-06-19T12:42:59:     at PacketParser.executeStart (D:\ACHME_COMUNICATION-main\backend\node_modules\mysql2\lib\packet_parser.js:75:16)
2026-06-19T12:42:59:     at Socket.<anonymous> (D:\ACHME_COMUNICATION-main\backend\node_modules\mysql2\lib\base\connection.js:109:25)
2026-06-19T12:42:59:     at Socket.emit (node:events:509:20)
2026-06-19T12:42:59:     at addChunk (node:internal/streams/readable:568:12)
2026-06-19T12:42:59:     at readableAddChunkPushByteMode (node:internal/streams/readable:519:3)
2026-06-19T12:42:59:     at Readable.push (node:internal/streams/readable:399:5) {
2026-06-19T12:42:59:   code: 'ER_DATA_TOO_LONG',
2026-06-19T12:42:59:   errno: 1406,
2026-06-19T12:42:59:   sqlState: '22001',
2026-06-19T12:42:59:   sqlMessage: "Data too long for column 'name' at row 1",
2026-06-19T12:42:59:   sql: '\n' +
2026-06-19T12:42:59:     '        INSERT INTO clients \n' +
2026-06-19T12:42:59:     '        (name, company_name, email, phone, alternate_phone, contact_person, address, address_2, city, state, pincode, service, gst_number, notes, client_status, created_by, assigned_teammember_id)\n' +
2026-06-19T12:42:59:     "        VALUES ('�\\0�\x04P\x04�*�\\ZB��5��&�\x13��M�!�l���}Oܣ҆\x14\\b���Zi_6\x19��J\x1B�7ZTZ\x1F�TZ�޿\x0FW�Zi��\\t���\x16�K��.\x18��NX-\x17���\x17��X� �7�����l����?ۉ��9�h�����ָ��X�C�\\r�M�\x01rߞ�_a\x06�޼��#l�(��/�\x1B\\Z���\x03)�R�M:(�z�A\\rQ��\x10�z�W���G\x04�M\x06�Q\x0F)\x10�K\x07��.n�ϰ��-�Q\x7F�;![�kP\x7F���F��̘�����\x02�[�', '', '', '', '', '', '', '', '', '', '', '', '', '', 'active', 708, NULL), ('������?ț��-9�K\\t���x�;P��\\t�^l����Qd|�\x06�Br\x03V�����Ւ�\x02�ӜAlh���M���oĸ���n��r�J��\x13 �x\\0y%\x1E���I�\x15f������\x18\x0Bx�G{�]bP�!�X�;��\\b�\x135��+CX�Mj*�wѢ��!��o�s�C\\n\x04�����\x06wB�p\x07�ޝ�,�8�X\\bk��73���p\\\\:_�Xd\x0B��\x19�z3cW�\x03U�\x0ET�;�\x14f�\\\\a\x06��\f(�s��,�\x14J\\b,���\\n�>\x13\x01�����T\\0�\\b\x13�qM\x84�;Y��)\x10(K\x07�e�a끏C��\x18���Qs}��;\x04L�-!r��_�#\x1E;$q�\x17�*�4�՛\x19��Np-װ�kP\x18ѤA�o��\\r��d��\x18�Њ�\x1B�|ޟۧ_��A��4\\b@��H�\x15f��͛\\r\x15\x1F��_�U\x0F������-�\x19K<OUQ��*���*\\n\x11f<�M�8�!\x05�s�`Xd�;�W��^���\x15j\x1B`+�6�6$���>$\\bv�m�|\x01[�-x\x15fTYof�\\nwTY�\x0ED�;�\x14fTYa\x06�\x8C*+��Eeq�U\x16��%*����D\x15evM�T\x15�\\b3*�\x1EPw�&�۩�@�', '', '', '', '', '', '', '', '', '', '', '', '', '', 'active', 708, NULL), ('w@��\x01�p\x07��\f(�\x19P', '', '', '', '', '', '', '', '', '', '', '', '', '', 'active', 708, NULL), ('3�\f\x7F$q�₲�S(��X�2��\\b�Z���{�\x07\x1By&Q\x13���A�;nK�C\x19R P�\x0E��u��y_l��\x06�', '', '', '', '', '', '', '', '', '', '', '', '', '', 'active', 708, NULL), ('!�� \x0B6ޝ��\x053�a�a<�', '', '', '', '', '', '', '', '', '', '', '', '', '', 'active', 708, NULL), ('\x04ES�fP4�����ϒ�\x02�ӜA�o�8�3���3G��\\0��=��!\x1E;�C�\\0��\x10��7!���\f|���x��_=\x18\x16��b�Ġ\fC3��p�@��', '', '', '', '', '', '', '', '', '', '', '', '', '', 'active', 708, NULL), ('�4g\\0�\x1B}^���F��J��U�`����\fU��*\x1E�^�\x07�}{·0�oo�q�\x93���g{\x01ހ k�P_', '', '', '', '', '', '', '', '', '', '', '', '', '', 'active', 708, NULL), ('�\x04�p{\\t�Z�Ts_�W\x0B�j<:�\x05N\\'�\\'�\x0EB�;\\b\x15ɁM-xRf��\x05O�9]T�\x05O۪��\x1C|�}��\x19\x1B��\x16&~�\x11�+�l�\x18\x17]~��ӟ4jm�;ٮ\x06�\x14�\x10��yRk[�lS��A>��ހk\x07C(�\x05���Iw@\x19��n�{4w\x1C�\\t�>x\x7F�e윔Ԩk���i\x0B��9���\x06Ɇ��V�掕\x19LN\x14L�\x1DL*w0)�I`R+��\x19L', '', '', '', '', '', '', '', '', '', '', '', '', '', 'active', 708, NULL), ('o{\x01V��br�Z� �X\x19��Ì���8bҫ9\\b�����K�lr����%g�g��', '', '', '', '', '', '', '', '', '', '', '', '', '', 'active', 708, NULL), ('nC ��\x1BB��_�^��W\x05\x01�� `�7��\f���\x0E���7�m\x06��!^$� ��\x17Z�%���)o���ھ��4^��\\b�5�;�����\x17��R���\x04 \x02�t:����\x11mL���\x0E���_��N\x7F]\x18�\\n\x7F��蟖�L>\\\\��\x15V\\bd\\0m\\b�~+���\x04ڒ��v\x7F\x1D��6���Y�-h\x15� ���d�I��Q�\x0EFE�S�m�I�A��\x06��9]\\\\���~�w��b��(db\\\\V!ӵc%�2\\b<\\b�A���\\t�M\x02��i�9�>\x05�e��z����*�\x10�M\x1F#�\x06�\x19\x03\x108�Nfǹ��3Q��*�2`4�B\x18�v�h�a��y�@շ:�� ַbĆ(�\x16�\x1D�\x01nU\x10p;', '', '', '', '', '', '', '', '', '', '', '', '', '', 'active', 708, NULL), ('\x02z}#R[�\x19�z���}س�\x07\f��x1\\\\���', '', '', '', '', '', '', '', '', '', '', '', '', '', 'active', 708, NULL), ('��\x12�Q��N\x13\x16��U�t�\x1FG�\x07\x13j�׃l�tK0v', '', '', '', '', '', '', '', '', '', '', '', '', '', 'active', 708, NULL), ('����Z��6Ɉ���I��J9�\x0E0v-\x1D�\x11�m\\bq&��n쯣�<&����I)�Y%��y\x1C���qs�\x04f!�\x01�ᮓi&o\\'0�l�0?�p', '', '', '', '', '', '', '', '', '', '', '', '', '', 'active', 708, NULL), ('v\x16\x03L\x0B�\x13*�0��p\x15�\x1D�J\x16d����|\x11 u\x19b�%��j�1]USC��>�2\x1DdS��&!\x11L����[ȁ0]:(L��{i��!\x07]�x�o\x1F��P�t\\b�^v��vtH~�@�\x16�\x1B@\x1D.�@��\x04��\x02�ӜA�odⰍ��\x1B1�C\x10|m��GyV1P�g1@�oC��0�do���[ރ\x04�Y<«8�\x18�8Ct�\x04r�N1��tj\\b�ׁP���Q\x14�&\x15\x11 ���ئn�-�@@.\x1D\fG�ޝq+��n\x1Dz\\'�\\n�\\r�\x15B\\Z\x10\x1B�\x13b��\x10[:_ Vd\x0BV�\x19o���(\x15�\\0T�\x03P�\x0E6�\x19UV���0\x03K�.,�;�\x12��%,���aY\x05OC,�\x10�b\x19\x15O읹iE\x04�-O��\x17ֿ�;\x16r X�\x0E', '', '', '', '', '', '', '', '', '', '', '', '', '', 'active', 708, NULL), ('��u���鎌�vuK�������\x01�(8$DH', '', '', '', '', '', '', '', '', '', '', '', '', '', 'active', 708, NULL), ('�\x1E��v�%yo\x16\\Z\x1B\\0\x1B:!�z;\x01��\\0�<ip\x1BZ�Nr�\\'�', '', '', '', '', '', '', '', '', '', '', '', '', '', 'active', 708, NULL), ('��\x04s�\x7F\x0E;S���]\x06\x01�� @�7eV���7����L\x0F\x02@��x\x01]�0��U��9���~\x10\\\\[\x18\x01|\x10�.\x7F��d\x10\\\\\x03�\x19f\x02���^���I��9�@�\x0EFu6�\x13~��\x15����[�G\x13���_\x8D�{n���v�{nU�\x06�2\x1B��L\\n�r�B+ݍQ�nt*�\x15Ze6:�ٸT�\\t\\\\Vw���i�b\\'Rhk�1�A�ø�j\\'��\\\\���Ӿ�I\x7F{Vh��~\x1B\\b����\\\\m;��\x0Ey?��J�MT�xyo\x10+�h���\x1F�\x06\x7F©��\x1C6�|˛��kq�Ah\\r�Lh��z\x01\x0B�Ns\x06������\x15� W)��ہ\x18�i{��\x1B\f|U\f�\x1B\x12!1��\x107�aa\x06������{���\x1E�\x05r���g��U}�9�', '', '', '', '', '', '', '', '', '', '', '', '', '', 'active', 708, NULL), ('l�\x10jX`����\x1C\x15R\f�&.\x19�1\x7F�� �\x1C\\bȥ�a�', '', '', '', '', '', '', '', '', '', '', '', '', '', 'active', 708, NULL), ('�[�\x02��\\t�Bz\x03b�7!6$G��vR_K�\x0BĊl��0�Rof�U�\x03P�\x0E@�;�\x14f�)�`S�Q_�s��', '', '', '', '', '', '', '', '', '', '', '', '', '', 'active', 708, NULL), ('���(�>^�\x10\x14��Oy�w\x15�����{�;y�$\x02k�b\x02��\x13X�\x05', '', '', '', '', '', '', '', '', '', '', '', '', '', 'active', 708, NULL), ('\x19�F�Q*�\x01�', '', '', '', '', '', '', '', '', '', '', '', '', '', 'active', 708, NULL), ('\x07�\x1Cl\\n\x19�U�`SȠR\x1C���z8�\x12��%*�?�P��Q�g�ɲè�\x06)v�����^\\']�bK5\x10*}\x02�r��P�y\\0W���Rv\x03:jLA:j\f\\'\\'��S�x��o\f�O�\x01�i#IG�:��KX�sZ3(��^�I��y$X��\x18�Q\x7F����|G\x01��\x1C\\0v�\x03��1��', '', '', '', '', '', '', '', '', '', '', '', '', '', 'active', 708, NULL), ('\x19Ԧ', '', '', '', '', '', '', '', '', '', '', '', '', '', 'active', 708, NULL), ('����>�Ԯ����\\'������/��8��4�E�\x04���}Q�:9��\x06®Op�Q�\x07�p+��Qc8�V�j@l�<�fAl�4Bl�\\t�>�\x02��Z�*dP�<B�\x1B\x15\x0E@U8\\0\x15��M!��', '', '', '', '', '', '', '', '', '', '', '', '', '', 'active', 708, NULL), ('\x19l', '', '', '', '', '', '', '', '', '', '', '', '', '', 'active', 708, NULL), ('\x19\x1DU\x1C��J\x0F�T�+��Q������[q\x0B�A', '', '', '', '', '', '', '', '', '', '', '', '', '', 'active', 708, NULL), ('�f�[����غ���\x15[�\x17�r�̬�\f��\x13[\x12|��>���j', '', '', '', '', '', '', '', '', '', '', '', '', '', 'active', 708, NULL), ('\x07�\x1CT\\n\x19T\\n\x19T\\n\x19T��tP��JX%��,6%BeX�R\x19�\x1B���RTv\x7F�8����\x18��\x04F�O��]���^�\x7F��(�1�', '', '', '', '', '', '', '', '', '', '', '', '', '', 'active', 708, NULL), ('\\b���5C��蔂|�\x12���u\\\\�8W@l\x16�dcK��/O�\x10V\x1B�\x19�ѿ�dB�W�@�d0\\Z\x07�Y�^\x0F\\'Ox� FjJb�', '', '', '', '', '', '', '', '', '', '', '', '', '', 'active', 708, NULL), ('u�\x03W�\x03��r��8��R!��T��>�k���u\x02��h\x1E\x10{>\x06�c�8e\x01�8E n#l] \x0E1��ސ\x1D!n����Y��z���既\x11�����h¯', '', '', '', '', '', '', '', '', '', '', '', '', '', 'active', 708, NULL), ('���\\'\x1F�m�g��R�x!���$�䶹��\\\\U�1�d�I&��p\x03U�\x1B�*�\x18U��U%\x1B�J6$�a\x02�-���fz\x147S��jשm�9��OC�Lf&�Wm����W�����\x19�NE��S�|>h����:����\x0E��7�\x0F��m�n\x17�)_��\x06���������-�R�\x04�S����\\Z� �j�S+a\x01�d3���Al\\Z�_�uX\x1F�\x03܉�蛭�Sz5����I\\0�v?)\x19\x10���m�\x07ַO�r<\x10�SKBQ��b�\x14�Q<P\x04��:��ѹCPN\x16(�rw����*OP�\x15����O�k�f�p�\x1B�ǋV�vn}�\\\\c4!6ʄ�(���s/\x10+�\x05�B\x06�Qf�U��N\x15��*�����\\\\�\f.�\f�a:���Sa�X���\\b���tJdt}\x10���\x12�m!��~��� \x0B�?�\x01hl���S���j賛�9C}?\\b', '', '', '', '', '', '', '', '', '', '', '', '', '', 'active', 708, NULL), ('5�`', '', '', '', '', '', '', '', '', '', '', '', '', '', 'active', 708, NULL), ('5�@�z�s潿?��>\\Z����Uk�\\t�1���\x15', '', '', '', '', '', '', '', '', '', '', '', '', '', 'active', 708, NULL), ('\x19\x10Gy��|m\x15�ᅺt �u�\\'�(�E��r1>\x11��\\ZP���#\\Z;\\b���DQ��\x0F�����PN\x1E���z���\\Z�\x19�\x1C�5�\x13p�u\x06�U�b@l�m$6ʄX�{�XQ,P\x152\x18�2k�\x1C�U��N\x11\x0E.���*dp)d4Wq�����H8#�����\x1E\x13���9����4��!�����w��\\\\c\x05��z��\x11Ѭ��]^�\x04�6��Hs����\x12��x�hv�<?�K]:\x16��$�\x16S��yp�\\t�^�\x02��Al\\Z�~_�\x1B���\x05��\\\\cs��v}<�%ہ�J\x02|�I\\0q\x1CD���\x01q��Lb\x1BV�\x03��0\x1E({\x12�2,\x15K(O�L����t���Ʉ\x04�u�Z\\rv���)�\x07\x1F(�\\n\\bʞ����hF�\\b\x07�1��+,2 VXd�\\\\�L��2!��^ V\x14\x0BT�\fF�̚�\\b\x07�*\x1Ct�pp)d4W!�K!�Hq�\x0E=�\x12\\t\x7F�\x12���T~Sx�\\Z�L۵���>��~���Uo\\t���0c�`\x1B1e�׹߫�\x1ELF�\\bY��M�n-�W�`��\\ZS�\x15�q��5�;�78�gپxעۊ1\x1F�<�#��5��S:�[c�۸�i', '', '', '', '', '', '', '', '', '', '', '', '', '', 'active', 708, NULL), ('\\'���\x04T��u{\x1D�쵶�=إ��n��<w[��|U+', '', '', '', '', '', '', '', '', '', '', '', '', '', 'active', 708, NULL), ('b\x04�$v\x0ER?�\x02�\\'\x0E�\\\\\\b�\x01���I�`9U����L\x10=�5�$��窭�\x02��i$��8<\x14�hL�s0\x10�[\x02A�Q�66}�D�\\Z�O�l\x14m��6��\\t�*��l\x0E\x1Fhn�g�^S�\\bo�\\t�I\x1F�m��9��ZcU��g�L(U�\x06�\f�>�\x8DM%[�U���d�R\x1D\\'��\x16N�\\\\u6=���P�#ΩL�Fe�6�}֊���o��-�7���ZZ�M��j%^k�)߽\\\\�X�M�F\x03q', '', '', '', '', '', '', '', '', '', '', '', '', '', 'active', 708, NULL), ('\x1Fφ[t{\\Z�2O�h\x1F�\x15�', '', '', '', '', '', '', '', '', '', '', '', '', '', 'active', 708, NULL), ('�S�$3V���U��j��<H�\\06��ǰ��v9\x03\\0�\x13_S��ח���\x07�\x13[�4\x07\\0֮&%\x03�T�s�\x0B���:�\x07��G?���b�l�\x02f�5��ho��\x0F�\x02g�\x1C;[nS���=!�7��ur�S', '', '', '', '', '', '', '', '', '', '', '', '', '', 'active', 708, NULL), ('���\x04��5yV\\b�\x1C�5�\x13h�a�.aS4�19�5ꤷ��\x0B��j���\x01i�Yo\x15��S����p�)d�V!\x03M!���\x1FI��\x1FTz8��0K,QY�M��\x06c\x13�2yz\x18���Dzk�x\\b*{��V_��k�g��P�\x134o�-\x05}\x15�ܣ��|{��Eo��HoM��)pt�`���\x07�\\n[\f�k�\x19�Q\\'�z\\t\x0B�Nk\x06�q�������ƃ�8�q\x1Bu[Cy��\x16�U9\\0�,\x07\\b�cƻ�J\x06�����>NRn��cq\\b\x0F�=\\t�\x18\x06�%����p\x1C�M�����ݵx�\\b��\x168�ur�S', '', '', '', '', '', '', '', '', '', '', '', '', '', 'active', 708, NULL), ('�c�഻�p��\\bGwM�#��3\x03`�g\x06�F�\x01\x1Bu\x02�O�\\0��\x16�', '', '', '', '', '', '', '', '', '', '', '', '', '', 'active', 708, NULL), ('\x19�F�Q*�\x01�', '', '', '', '', '', '', '', '', '', '', '', '', '', 'active', 708, NULL), ('\x07�\x1Cl\\n\x19�U�`SȠR\x1C��J\x0F�T�+�De�6\x11*���R\x19m6���nTv��������R#�k��P�\x13�\\'��B4Ԙ�U�@C�)�C�\\\\�h;l�폋��o׫��\x0E��*�\\tp�\x19�Q\\'��6', '', '', '', '', '', '', '', '', '', '', '', '', '', 'active', 708, NULL), ('�e�6\x11', '', '', '', '', '', '', '', '', '', '', '', '', '', 'active', 708, NULL), ('\x04Y�ഓ&\x7F��', '', '', '', '', '', '', '', '', '', '', '', '', '', 'active', 708, NULL), ('\x16蜕\fD��~�w=�\x1D���!��Q�%=.�\x13�U�\\0��\x1C@6�!�T�@6U�\x17��\x1B�\\0W\x1C�\x03\\\\O��}�z�', '', '', '', '', '', '', '', '', '', '', '', '', '', 'active', 708, NULL), ('\x19�U��TȠR\x1C��J\x0F�T�\\Z�D�Բ��X�L�P9�', '', '', '', '', '', '', '', '', '', '', '', '', '', 'active', 708, NULL), ('�\x0B\\b�2#4�P�\x0B\x0B�F�\x0E�\x19��A�~��R�Ҡ5�~H��:^���S\x01Y�\x03��r��8��W!��T�Ǿ�LZ�8�\x07����\x0B\x07�\x12�S��kb^2}\x02�Լ�\x143x���8��\x06\x02�Op�Rc8\x03W�����\\t��\x15\x03b�+\x06�F�\x11\x1BuB�O�@��\x16�', '', '', '', '', '', '', '', '', '', '', '', '', '', 'active', 708, NULL), ('\x19�F��T\x11\x0E@U8\\0\x15�`S��B\x06�BFO\x15�����)��G', '', '', '', '', '', '', '', '', '', '', '', '', '', 'active', 708, NULL), ('R��g��n����}Vh|ܚ�@���|X\\0�~u\x13\\0�$\\0x�\x04\x18�A��', '', '', '', '', '', '', '', '', '', '', '', '', '', 'active', 708, NULL), ('\x19\x18G�i��\\\\^����\x1E0{\x12\x06�{��d\x01�q�\\bs\x1B�8�\x19S~\x1F�\x12�[���(Z?m�e^)̩\x04\x02s����-\x189V�q', '', '', '', '', '', '', '', '', '', '', '', '', '', 'active', 708, NULL), ('\\'\x18��3KS�}X�%o��o�G~��\x7Fί���U���$�\x16�\x8DP\x19n��pcS��b�ll*�Z�:N���S*W-M�bi*\x7Ff�Ŷ\x11�TFk', '', '', '', '', '', '', '', '', '', '', '', '', '', 'active', 708, NULL), ('��', '', '', '', '', '', '', '', '', '', '', '', '', '', 'active', 708, NULL), ('���p�\x17', '', '', '', '', '', '', '', '', '', '', '', '', '', 'active', 708, NULL), ('jӨ��3.x', '', '', '', '', '', '', '', '', '', '', '', '', '', 'active', 708, NULL), ('x�\x11ޤ?ޏKm�@X%\x01��$\\09\x0E\\Z�}�\f�c�~{߇�`�9�\\Z���%�]\x16n�%����\x1Cwt�`j����]o\x17�������\x16�q��g��v����ߔ�}��\x1C�l', '', '', '', '', '', '', '', '', '', '', '', '', '', 'active', 708, NULL), ('\x0FH+����r���\x1CQ/���J\x02�S\x1D', '', '', '', '', '', '', '', '', '', '', '', '', '', 'active', 708, NULL), ('�"... 216984 more characters
2026-06-19T12:42:59: }
2026-06-19T12:43:00: Bulk insert error: Error: Data too long for column 'name' at row 1
2026-06-19T12:43:00:     at Packet.asError (D:\ACHME_COMUNICATION-main\backend\node_modules\mysql2\lib\packets\packet.js:788:17)
2026-06-19T12:43:00:     at Query.execute (D:\ACHME_COMUNICATION-main\backend\node_modules\mysql2\lib\commands\command.js:29:26)
2026-06-19T12:43:00:     at Connection.handlePacket (D:\ACHME_COMUNICATION-main\backend\node_modules\mysql2\lib\base\connection.js:552:34)
2026-06-19T12:43:00:     at PacketParser.onPacket (D:\ACHME_COMUNICATION-main\backend\node_modules\mysql2\lib\base\connection.js:102:12)
2026-06-19T12:43:00:     at PacketParser.executeStart (D:\ACHME_COMUNICATION-main\backend\node_modules\mysql2\lib\packet_parser.js:75:16)
2026-06-19T12:43:00:     at Socket.<anonymous> (D:\ACHME_COMUNICATION-main\backend\node_modules\mysql2\lib\base\connection.js:109:25)
2026-06-19T12:43:00:     at Socket.emit (node:events:509:20)
2026-06-19T12:43:00:     at addChunk (node:internal/streams/readable:568:12)
2026-06-19T12:43:00:     at readableAddChunkPushByteMode (node:internal/streams/readable:519:3)
2026-06-19T12:43:00:     at Readable.push (node:internal/streams/readable:399:5) {
2026-06-19T12:43:00:   code: 'ER_DATA_TOO_LONG',
2026-06-19T12:43:00:   errno: 1406,
2026-06-19T12:43:00:   sqlState: '22001',
2026-06-19T12:43:00:   sqlMessage: "Data too long for column 'name' at row 1",
2026-06-19T12:43:00:   sql: '\n' +
2026-06-19T12:43:00:     '        INSERT INTO clients \n' +
2026-06-19T12:43:00:     '        (name, company_name, email, phone, alternate_phone, contact_person, address, address_2, city, state, pincode, service, gst_number, notes, client_status, created_by, assigned_teammember_id)\n' +
2026-06-19T12:43:00:     "        VALUES ('~\x19�n�#�?=��n3r\\b5�.��f���\x05���N0��`4!ؖ�h:.K}:�V�\\\\\\0�p�\\0ذw\\t�>N�-�;=�\x01+�\x05�\fH}��H\x07�*\x1Dz*ҁ�\\bCOE\x18h�0�T\x1C�\x0BʒN�\x14��%(�\x1B�@YF�;ELO�M�@\x19�H\x14�b�(g���-�\\Z����׍���\x1C\x16\x17��\x05\x06e��Pe+?���gf��\x0F�\x1Ey�\\r��n�85�\x13J���c� ��ָu�,8�\x7F���\x13lK7\x0Bخ�\x0F������n0�\x1C�t�Yc�\x16J��w�e\\r\x10\x1D� 5��\x1F��\x05Va`���!�-\x0B\x10��G�<Z�5(�pM,��\fK�mgX��\x1B\x1C5��`X�l7��\x10ܶ�қ��[`l�\\t����\x19�\x1D���\\t��\x07\x03�\x15>\x18\\bnػ�\\\\\x1F\\'��\x17�\x15�\x02T\x11\x06�>�\x04W�CpU:�\x14� S�!�\f2E\x18P��t\\tnI�P�\\n�\x04e�+\x11(�_�\\t�wg�8.`�a��\x057��������^p�{\f��-0(�\x04�\x01�k{�\x07��\x1B6��޻�\x11�Y\x10�����\x10J��洏���Yay\x01�a�\x13T}��Z:X@u�2x�c��n����@m(�⸖\\rEl׼���\\Z@wV\x03��1DYE\x18���\x13_q��W\\r��)k�A!�}b\\t�dZ\x10{�\x12��;:\x18�ɵD n�\x0F\x01q[k�C�[`\x10�\\t��\\Z��0+ҡ�>�0+\f1PVa�\x01��7���\x13\\\\��\x0B��nA�\\b�Q\x1Ff�*ҡ�*\x1Dx�t�)�PV\x11\x06�\fe\x15��R֒N��\x1Fb\\t�d\\\\Pz�\x12��[4\x18�ɹD�l&\x0E\x01�׹d\x06�^Y}\x0B\f�2A�5l�%�$�Ͽ�K�}�P�P��KY�N(���Ͼ���@U�^�j��\x04U\x1F\\'��\x0E\x16P��\f^�����o\x0F��a\x10Q�\x10�?���@W�\\0��\\Z�׏!�*��ׇ�T}�\x1F�\x03��\\b^\x10�\\Z\f�cչd\\t�k\x0Fq\x1D1�\x1F�)\x7FVX�Yk�x�s5��K���� \x0E-\x10��\x04#e��=�*ݔ5�����w)d�w����q', '', '', '', '', '', '', '', '', '', '', '', '', '', 'active', 708, NULL), ('�\x1E�:��qU�\\Z�*l�\\Z�DYU��)�', '', '', '', '', '', '', '', '', '', '', '', '', '', 'active', 708, NULL), ('O�nd��)�', '', '', '', '', '', '', '', '', '', '', '', '', '', 'active', 708, NULL), ('\x1B�*lP��\x04(k:�rռt$�\x12�қ���Z\x05', '', '', '', '', '', '', '', '', '', '', '', '', '', 'active', 708, NULL), ('er/�ʊ', '', '', '', '', '', '', '', '', '', '', '', '', '', 'active', 708, NULL), ('����M�\x10Dh�A��KvS6[OLL�V�/��\x1E���', '', '', '', '', '', '', '', '', '', '', '', '', '', 'active', 708, NULL), ('\x11[���5�����E', '', '', '', '', '', '', '', '', '', '', '', '', '', 'active', 708, NULL), ('oLN{ݤ5�#���NX�n���\x02�޽3k\x1F�\x06������e6\x0E�e6����o�T��\x01�C#�\x06`��&\x15\x06�>�d��W�d\x0BH��A�`k\x11�4', '', '', '', '', '', '', '', '', '', '', '', '', '', 'active', 708, NULL), ('3�\x15�\x10Z\x1F&\x0E~5;�\x14�!�\f6E\x18T��t\\tmI�T��������\x18��N�M5_Q9w7�6�qߢr�%�\x7F��\x1E��\x11�\x0E�Kb�nؤ��P/��\x04�>��\x0E{��c{�k�Umu�\x1D\x12������\x02�ӞA�\x1F���\x0F�����\x7F�\x0B \x1C�BDhC�����T\x06Ǫ\x06�vV\x030�1���\\n\x03����\\\\O��\x01@Z\x1C�\x0B�R�', '', '', '', '', '', '', '', '', '', '', '', '', '', 'active', 708, NULL), ('�Œ�N]O���dq}�<u=�����g\x11&�.Nh�\\tm�`(�a\x0B\\b�\x1D\x04�tB�pӀ]ᦁΆ�\\b�>N�-�/�+�\x05��G', '', '', '', '', '', '', '', '', '', '', '', '', '', 'active', 708, NULL), ('3�\x15��Ӈ�Ίt�)��Y\x11\x06�\f(�q��,�\x14J\x18/����������\\Zʩ�\\t\x15fP6�\x13]�?���\f.��v�STH��\\n[�/j�وk�#\x1Bq�\\'dzC������U�O�\x01�aG\x13>}��YZX�s�3(��>�i\x1B\x16w\x1DP\\r~#���\x06\x16aJ�����\x01=��\\0�~\f�S\x11\x06�����s��\\0t�!��-E(��V,�;55\x1D\x13S��5�SS\x13*��m�&��o��[&\x18�iHg؊|\\b��\\'�\\n�\f�\x15n\x19\\0\x1Bv/\x01��\\t�e�\x05`E�@U�A�\x0F3A\x15�\\0T�\x03P�\x0E6E\x18�*�`S�A�8N\x17�%�R\\t��\x12�SW�1q5Y\\\\S9u5�\x8C��j�oʅ\x16\x18�e���5����� /��\x16�U~�c\\n�K�y�[�e��@�zk�ɄM�?a�4���c�\x19�=�[qa\\0#�\x17�\x0B=�F\x1E(�C�i�\x04H\x15\x06%�*� 54`ot�R��5�v���?�~ѥ\x03.�%\\\\��%+�����L�aC��N�KWӓ��Ϳ�q�-0\\\\��d(���ҿ�Z�\x1B����x��f\x0F��\\n_\f44�]©�\x13N˖/p*\\\\<`T��HaF�H\x07�>��\x14� S�A�\\b�L\x11\x06��8]\\ZZҩ��\x15�\x04�ԿtL�K\x16�\\Z:�/��LC�ߊ;�9�C\x0B\f�2A���\\']\x18AD�V���pM�K�\x1F?NnCzb�>v^�\x0B�o�$v^�\\b����\x02<�~&x�8��l�\x02�ޤ�Z\x06�~�i��_^\x04�~\f\x035ķ�[[\x18��\\Z8��\\0�~\f�$\x15a ���f_oOG\\0܊\x03xq[j0n\x1F��%K�X�ꈡ�bJeY����մ\x16���vg܆\x16\\b�u����t¬J7fcz�lM\x1F�iH�}\x10q����x�k�����n�T\x156HC�@�ҍO�n|�tCS�MMU��Ta�R\x1D\\'PY�)�����ԳTG���x�j��r�Yjmn���\x12��ZT>JE��Q�IYo\\0\x0E%��\x0Eo(ѫiL�W%&�5����|��i�A�ؔB:���\x05<�\x17��\fH��������wV� �j(b�x�g�e\\r�:�\x01h�7I�\x01mp?\x1D�g��\x06�\x13oR-BхAb�D�1�&�\x11ct����:��\\n���\x18{�Z�\x03t�;(�lm�4��A7�o\\'�\\b�\\\\^\x12lE:\x045���\\n�\x0B�\x15�\x17;�\\rabM\\nq\x02l�|\x01X�-P\x15a�\x0F3HE:�T��O�\x0E4E\x18z*�@S�\x01�8N���t\\n%,\x0EKP&kR�;�\\'릌\x18C�]\x17�0X�P����z���]�����Q@-�T\\'(\x1Bb�\f�^(���\x0E�4\x03R�M�\x1F��E[Ϳ��:\x11�\x1C�\x15�\x16P\x1Bv?9\x0B�qBm���Z�\x03��a\\n��?0�\x18�R�`��v���n�\x0EA�r\x17ٻ�!\x0E��+��\x04Ϊ\x06p�qV\x03L�1��\\n�i���\x1F��\\b�����؟�Kb���O\\\\O�I�R^�&\x7F\x12�Y;�ض6�\x074B\x0B��L0�z�[@0\x16���g\x13���\x05�', '', '', '', '', '', '', '', '', '', '', '', '', '', 'active', 708, NULL), ('�\x0B�', '', '', '', '', '', '', '', '', '', '', '', '', '', 'active', 708, NULL), (';�P���2�o�\x15�\x02R\x11\x06�>̄V��L�\x0E2E:�\x14a\\b�\\b\x03J\x11�Њ�t\x01Yҩ����\x04d�&\x11 \\'ޤG�̐���M@6Æ\\0��i@�\x16q��[`@�\\t�9��v���ɟ\x7F�\x078�����0��\x0B��\x03\x1C�\\t����xB9>C�,�\x15~\x170\x1B�?a��\\t����2��; ����ڋ\\\\�\x06�O�]\\nE^��h��5\f!Ouf%����\\b\x03�\\r��N��E#ԑ��n �\x0F]\x1F�O,���K\x04�s\\tSJ�M�%\x02v�|\\b�[�\x1Cl�\x02\x03�L0T��IIh�c�\x0E���ca�\x01��\x10\x03l��%��8��L�[lE��T�!�>̤V�CjU:�V��K\x11�Ԋ0�\x14aH�8H\x17�%�J-\\\\\x16KD&�\x12!r�Zzx�\x06��M�%Bd����\x0Fm���VDO\x7Fh!��\x05Fd��]�n�l���=��^�v �둋Z�N�a�������i��)�@n\x18��N@�q\x02jـ߂�;;k\x18��A�s���u��0�A�آ�v�\x1Fk��`$J�\x06��j\\0_?�Ȫ\\b\x03_\x1F��\x0Fn\x0F���\\0�&/�K\\r�0\f\x15K\f\\'+\x13axbez\x04�\\r9]NV&�ps�\\bUmmr�}\x0B��2�PU}:CV�CUCz\x7F�XXd���\x03U', '', '', '', '', '', '', '', '', '', '', '', '', '', 'active', 708, NULL), ('{����\x04�2�oa\x15�\x02S\x11���0\x03T��M�\x0E6E:�\x14a��\\b\x03K\x11����t\x11Y�)��J', '', '', '', '', '', '', '', '', '', '', '', '', '', 'active', 708, NULL), ('S\fH', '', '', '', '', '', '', '', '', '', '', '', '', '', 'active', 708, NULL), ('{�������oI�6\f^à�}A�C�U� Fm(r�', '', '', '', '', '', '', '', '', '', '', '', '', '', 'active', 708, NULL), ('��\\'Z�D�buV\x03��1DVE\x18����|�\x07\x17��w\x0B�cy\x01]�1���\x06\\'K\\b\x06�\x1E�:b��\x07S�\x0Bך/\x1E�\\\\Mk�ӷM', '', '', '', '', '', '', '', '', '', '', '', '', '', 'active', 708, NULL), ('th�\\0]\\'\x18IlJ��U���!��f�\fN!�?!���\\'7�{r��$W�j̪�il\\b\x13ZU�i�L7�U�ƨ', '', '', '', '', '', '', '', '', '', '', '', '', '', 'active', 708, NULL), ('�ƪ�1�¦�� \x01ɚN�\\\\u7=��� 9Y��*h$ӊL�Ƣ��+�m�N@ҏޮ\\\\C\x0B\fI�n�\x15��\x0F/���k��L\x7F��ҵv\\\\�:�׮�\\0�4XqlQ�nY@\x13�P��:1;�t�jgvROa����*��m�0��[eﲚ��\x7F�\\Z\x061lC\x11��j�u���3�]c#�\x06\\0�N\\'\x15\x06�������N�`<q:�\x14c�-VN����D0���d\x154��\x03s\x04�f\x12\x19�*\x7F��\x18�\x16\x18�e����tF�ȇ��|\x02���\\0Wa��s�{���t�k����*Z\x05�\fe�a��H\x07�*\x1D�*�\x01�\\bCYE\x18`�0�\x14\x07�R֒N�\\\\�9=��)�z�ϩ��Nv�lS��+�LFy�X[��\x16hg�{�X0����Jk�s{��\x1F1H���T\\'(5�\x11`��c\x17��\x9D��\x1E[\x1B�ˬ�@^���õ���8�#��\\0:��)��\x111�\\t�����z���e�ٲʉvs5M[\x06��`�<l!��Np\x18���c�%�;2��IU\\0����\x02��&&\x15\x06���u���ɂZq�.j�.�\\'�\x14KB�\\\\L�Z�b��z�ǝQ\x1BmL���\x02\x11JZ�\x1CP\x1Bz�=��n\x19|l\x15Ȇt�li�*1���3b�I\x06�\\n�\f�ԇ\x19�>N`-�;)��*�\x05�\f5�a��Ȇ��l�)���\\bCKE\x18h�0�\x14G颲�S-�\x19b��deT:+\x13�2��\x18���Ĩl\x16\x0EAe�s{mor�\\Zz T�\\t�y���+�\\0�`\\t�-��\x7F���\x16@�O\\'���b��㶧6���A.LC��L��\\t���\x05<�=\x03R?�q|�\x060�6��؉o(b\x17}{�Bp���\\0���\\Z�����\\0Va`��\x14�v�c\x04v�!��-5(��M,���J�]�V��z\\'\x07U�hWb�6��`�-�t��/\x10���\x07�n�`xm\\Z���pP��m��w��`+�0\\0V8a��>����\\t�e�\x05`E�@U���>� \x15�\x10T�\x0EE\x15�@S���\f4E\x18T��tQY�)�0B', '', '', '', '', '', '', '', '', '', '', '', '', '', 'active', 708, NULL), ('zU', '', '', '', '', '', '', '', '', '', '', '', '', '', 'active', 708, NULL), ('�;�\x01��\x18��\f�C\x07���qM\\'�\\0Y\x1C�\x0B�R��\f��\x12�ɶD@v�%\\n��tP��o���\\\\\x1F\x02�\x04\x13?5\x0E=\x10��\x04Cy����Cx^#�qV��\\t��\x12\x03b�%\x06Ć�����\x13b��\x0BĊn��\\b�R\x1Ff��t\\0��\x01�H\x07�\fy\x15a�) R\x1C��ʒN��\\tb��d]J�\x157\x7F�u��t8n�z��;I\x15��\x06뒝�Ǜ���ۜ\x1B\x02��\\'���\x13r��{�Sio��\\t��#�\x7F\\b=�\x1Baf�nY�P´����+�[I��r>���\x17�\x11���\\0��G.^}�ɫ�\x13XK7', '', '', '', '', '', '', '', '', '', '', '', '', '', 'active', 708, NULL), ('Vs�n���U��o�', '', '', '', '', '', '', '', '', '', '', '', '', '', 'active', 708, NULL), ('�F�J��׏���o�Zr!\x1B��}���>������\\0�(\x01�g%\\0�\x1FC�V�\x01s�R�U�?�\x0B��Ѽ�.E\x18үU�%\x04�R�t\x1Dq=�aHcʯy� ]���\x1C��մ6/�6��0A:�@��\x13�t6�\x13�U�\\tm�\\'4���{)����0�7�{x�俇Wuk���)m\\b�7�U�񩲍O�mh���', '', '', '', '', '', '', '', '', '', '', '', '', '', 'active', 708, NULL), ('\x1B�*lP��\x04(k:�rվ�J�%\x02��/Q(�K�A\x19�K\x14ʹ}����\x0B[�=��u\x16�ř�v��o����P��', '', '', '', '', '', '', '', '', '', '', '', '', '', 'active', 708, NULL), ('�z\\t#@���φkv]���zܞI�MfC', '', '', '', '', '', '', '', '', '', '', '', '', '', 'active', 708, NULL), ('B�ļ\x14�\\t�Ѽ4��y��՛z���~{��A��\x1E�����8o[�z�;�/Mk�`�_Ra\x10\x1C:�?����i\x028���j\x11�1|\x14+�˯�_\x1C;�\x12��[;\x18���D9n���rks��o��k�`(�>�a+ҁ�O\\'�\\ng\f�\x15�\x18��\\ra&�>�\\0[&_�V�-P\x15a@���V��O�\x0Eq\x15�\x03M\x11���0�\x14a@)��%�%�B��`z%\x07\x13���\x18��z�\x06���3޹����m��B�+f\x0Fn', '', '', '', '', '', '', '', '', '', '', '', '', '', 'active', 708, NULL), ('�����*�DP�N `zs��q\x1C��y�S�c��\x0F3<}��YZX�s�3 ��>��0�v��k\x18�P�EN��\\\\^�\x18�\x06{Q��D��\\Z��� �*\x806t`�et�I\x01]q\f/t�O��#�^58Y���TG\f\x1F�`Jep���q�մ68�69��\x05�n�`$�!�p��MOCz�m�\x1Eٛ���go��0\x016�{`��\x07Vuk����i\\b\x13HU��)�MOU���¦�*lh��A��\x13���LO߫\x06\\'K�A918aJ\\t���t5=���iPf��]��\x16\x18���dK�|�\x0F�Ͽt�a���ޙ~�v7�6\\\\յ{\x02\x1B�\\t��\x1C��\x0F36��96�', '', '', '', '', '', '', '', '', '', '', '', '', '', 'active', 708, NULL), ('�z�S\\b3l��!خz���ׅ�\\'�㰹��=�\x12\x01�\\'��\x10?�v��_�_�\\0�~\x0EV\x03Xkד', '', '', '', '', '', '', '', '', '', '', '', '', '', 'active', 708, NULL), ('\x03k�m\x0Bs��~�au0/�K', '', '', '', '', '', '', '', '', '', '', '', '', '', 'active', 708, NULL), ('�6�\x17+���驎\x18\x0B�w��+ؚ�\x04��E�W���\x01۾\x05�v�`(�>��', '', '', '', '', '', '', '', '', '', '', '', '', '', 'active', 708, NULL), ('E^vy\x1Fw0x�C�B\x13���\x04��~&\x15\x06�>��O�d�3��\x18��?tr�', '', '', '', '', '', '', '', '', '', '', '', '', '', 'active', 708, NULL), ('O�\x12�SC�{bh��\x06wjhB�\x19�_C\x13\x05׷��-\x13\f�ԧ3hE:�4��\x7F\x16�n���U�d �>�p�q�k�}\x01Wa�\x01�\f9�a��H\x07�*\x1Dr*ҁ�\\bCNE\x18h�0�\x14��ӒN�\x14\x0E�%*�v����dqM��΄\\n3*���n��u\x1E��\x02��LP��=�a\\r�l��\x05�ߦ�__�v<��\\r���\x18�\\Z�8��v��1��\\n/\f`�a\x06��\x13XK\x07\x0B��Z\x06�a��������;9q|�\\Z�q\x13�~=\x7FY\x02\x18���\x12@�\x0F��\x12�0P��v��I.Yő�pn?\x7F�0V', '', '', '', '', '', '', '', '', '', '', '', '', '', 'active', 708, NULL), ('\x01ek�>��Z���\x16\x18�e��`��\x10vo��', '', '', '', '', '', '', '', '', '', '', '', '', '', 'active', 708, NULL), ('�\x14���', '', '', '', '', '', '', '', '', '', '', '', '', '', 'active', 708, NULL), ('�\x01p\x19\\Z ����|=���&�\x14.\x17���\fO\x1F\\'x�\x16\x16��\fH���~�J��ˬa\f#5�8�f��\x07�~\f�\x02�>H', '', '', '', '', '', '', '', '', '', '', '', '', '', 'active', 708, NULL), ('0�k��~U\x18̆\x0E���N�', '', '', '', '', '', '', '', '', '', '', '', '', '', 'active', 708, NULL), ('r�!��-E(�pK', '', '', '', '', '', '', '', '', '', '', '', '', '', 'active', 708, NULL), ('\x1C��dT�6�� �����-0r�\x04C9��\f[�\x0El��\x04[a�\x01��\\0\x03`}�\x01��\x04�2�\x02��[�*��S\x1Ff��t\\0�ҡ�\x1Dl�0�T���\\b�Jq�.*K:�\x12n�%*�Q�P91*}�E�Q��J��f�\x10T�6���', '', '', '', '', '', '', '', '', '', '', '', '', '', 'active', 708, NULL), ('\x1CZ`T�\\t�U��Κ�dq��7㞯e!��H�7\\t6}~�U���Z��4��\x03:}\x01r#ɇ\x19�>N�', '', '', '', '', '', '', '', '', '', '', '', '', '', 'active', 708, NULL), ('T\x156DC� ��Mde���', '', '', '', '', '', '', '', '', '', '', '', '', '', 'active', 708, NULL), ('M\x156�UaCS�Md�q\x02�5�B��Z:���:b\f�ĵT�\x15�s�Rk\x13P�/�XT��\x10�', '', '', '', '', '', '', '', '', '', '', '', '', '', 'active', 708, NULL), ('�a���~%�~��P�H���P�_�?�\x13J���n�D�\x11���/jC9���x���\x13lW�Lu��\x133�>8��#3����f�J���1�|��\x1B�@z�l��\\0��٤���g\x1F�ݼ��\x15�\\0�?4��^��MN\\'�\x16+gӖ0S߉�\\tSJ������\\'�[�\x1C��[`�[\f(C���k�\x0E���ka����M0��\x19�>N0.�/���\x16Ԋ0x�a��\x1D��t��H\x07�\f�\x15aP*\x80��h\x06eI��jr:�&�:b��\x13�S�W�;79�6��N>�cQ����t���^~���z{�����z��nl�\x7F�S��]���y�\\0�v<�0�U;�j\x0B\x0B�\x06�\x13�\x19�\x06�\x13���^d�;�9�O[�*ݚ\x05�\x13�Ӵ\x06\x10�6\\'\x15\x06���dw��*M�\x10^��~��K�\\'�\x16K�:�9YI��c�� ��j��9DƷ�j���c�\x02\x13�2�P\\\\}:�V�C\\\\��\x04[�\x01��?cw�B�\x01�Ӊ���\x17�\x15�\x02U\x11\x06�>��U��O�\x0Eu\x15�@S���\f4E\x18�*��EeI��', '', '', '', '', '', '', '', '', '', '', '', '', '', 'active', 708, NULL), ('#�\x12�S��9�9Y\\\\��N}N�0y\x15�6qQI�m}\x0B��2A��q{mx\x07��/qd7��&�>��o=/�\x16@\f��\x148\x18f����\x0E�*\f3@Շ\x19�>NP--', '', '', '"... 228221 more characters
2026-06-19T12:43:00: }
2026-06-19T12:43:00: Import global error, transaction rolled back: Error: Data too long for column 'name' at row 1
2026-06-19T12:43:00:     at Packet.asError (D:\ACHME_COMUNICATION-main\backend\node_modules\mysql2\lib\packets\packet.js:788:17)
2026-06-19T12:43:00:     at Query.execute (D:\ACHME_COMUNICATION-main\backend\node_modules\mysql2\lib\commands\command.js:29:26)
2026-06-19T12:43:00:     at Connection.handlePacket (D:\ACHME_COMUNICATION-main\backend\node_modules\mysql2\lib\base\connection.js:552:34)
2026-06-19T12:43:00:     at PacketParser.onPacket (D:\ACHME_COMUNICATION-main\backend\node_modules\mysql2\lib\base\connection.js:102:12)
2026-06-19T12:43:00:     at PacketParser.executeStart (D:\ACHME_COMUNICATION-main\backend\node_modules\mysql2\lib\packet_parser.js:75:16)
2026-06-19T12:43:00:     at Socket.<anonymous> (D:\ACHME_COMUNICATION-main\backend\node_modules\mysql2\lib\base\connection.js:109:25)
2026-06-19T12:43:00:     at Socket.emit (node:events:509:20)
2026-06-19T12:43:00:     at addChunk (node:internal/streams/readable:568:12)
2026-06-19T12:43:00:     at readableAddChunkPushByteMode (node:internal/streams/readable:519:3)
2026-06-19T12:43:00:     at Readable.push (node:internal/streams/readable:399:5) {
2026-06-19T12:43:00:   code: 'ER_DATA_TOO_LONG',
2026-06-19T12:43:00:   errno: 1406,
2026-06-19T12:43:00:   sqlState: '22001',
2026-06-19T12:43:00:   sqlMessage: "Data too long for column 'name' at row 1",
2026-06-19T12:43:00:   sql: '\n' +
2026-06-19T12:43:00:     '        INSERT INTO clients \n' +
2026-06-19T12:43:00:     '        (name, company_name, email, phone, alternate_phone, contact_person, address, address_2, city, state, pincode, service, gst_number, notes, client_status, created_by, assigned_teammember_id)\n' +
2026-06-19T12:43:00:     "        VALUES ('~\x19�n�#�?=��n3r\\b5�.��f���\x05���N0��`4!ؖ�h:.K}:�V�\\\\\\0�p�\\0ذw\\t�>N�-�;=�\x01+�\x05�\fH}��H\x07�*\x1Dz*ҁ�\\bCOE\x18h�0�T\x1C�\x0BʒN�\x14��%(�\x1B�@YF�;ELO�M�@\x19�H\x14�b�(g���-�\\Z����׍���\x1C\x16\x17��\x05\x06e��Pe+?���gf��\x0F�\x1Ey�\\r��n�85�\x13J���c� ��ָu�,8�\x7F���\x13lK7\x0Bخ�\x0F������n0�\x1C�t�Yc�\x16J��w�e\\r\x10\x1D� 5��\x1F��\x05Va`���!�-\x0B\x10��G�<Z�5(�pM,��\fK�mgX��\x1B\x1C5��`X�l7��\x10ܶ�қ��[`l�\\t����\x19�\x1D���\\t��\x07\x03�\x15>\x18\\bnػ�\\\\\x1F\\'��\x17�\x15�\x02T\x11\x06�>�\x04W�CpU:�\x14� S�!�\f2E\x18P��t\\tnI�P�\\n�\x04e�+\x11(�_�\\t�wg�8.`�a��\x057��������^p�{\f��-0(�\x04�\x01�k{�\x07��\x1B6��޻�\x11�Y\x10�����\x10J��洏���Yay\x01�a�\x13T}��Z:X@u�2x�c��n����@m(�⸖\\rEl׼���\\Z@wV\x03��1DYE\x18���\x13_q��W\\r��)k�A!�}b\\t�dZ\x10{�\x12��;:\x18�ɵD n�\x0F\x01q[k�C�[`\x10�\\t��\\Z��0+ҡ�>�0+\f1PVa�\x01��7���\x13\\\\��\x0B��nA�\\b�Q\x1Ff�*ҡ�*\x1Dx�t�)�PV\x11\x06�\fe\x15��R֒N��\x1Fb\\t�d\\\\Pz�\x12��[4\x18�ɹD�l&\x0E\x01�׹d\x06�^Y}\x0B\f�2A�5l�%�$�Ͽ�K�}�P�P��KY�N(���Ͼ���@U�^�j��\x04U\x1F\\'��\x0E\x16P��\f^�����o\x0F��a\x10Q�\x10�?���@W�\\0��\\Z�׏!�*��ׇ�T}�\x1F�\x03��\\b^\x10�\\Z\f�cչd\\t�k\x0Fq\x1D1�\x1F�)\x7FVX�Yk�x�s5��K���� \x0E-\x10��\x04#e��=�*ݔ5�����w)d�w����q', '', '', '', '', '', '', '', '', '', '', '', '', '', 'active', 708, NULL), ('�\x1E�:��qU�\\Z�*l�\\Z�DYU��)�', '', '', '', '', '', '', '', '', '', '', '', '', '', 'active', 708, NULL), ('O�nd��)�', '', '', '', '', '', '', '', '', '', '', '', '', '', 'active', 708, NULL), ('\x1B�*lP��\x04(k:�rռt$�\x12�қ���Z\x05', '', '', '', '', '', '', '', '', '', '', '', '', '', 'active', 708, NULL), ('er/�ʊ', '', '', '', '', '', '', '', '', '', '', '', '', '', 'active', 708, NULL), ('����M�\x10Dh�A��KvS6[OLL�V�/��\x1E���', '', '', '', '', '', '', '', '', '', '', '', '', '', 'active', 708, NULL), ('\x11[���5�����E', '', '', '', '', '', '', '', '', '', '', '', '', '', 'active', 708, NULL), ('oLN{ݤ5�#���NX�n���\x02�޽3k\x1F�\x06������e6\x0E�e6����o�T��\x01�C#�\x06`��&\x15\x06�>�d��W�d\x0BH��A�`k\x11�4', '', '', '', '', '', '', '', '', '', '', '', '', '', 'active', 708, NULL), ('3�\x15�\x10Z\x1F&\x0E~5;�\x14�!�\f6E\x18T��t\\tmI�T��������\x18��N�M5_Q9w7�6�qߢr�%�\x7F��\x1E��\x11�\x0E�Kb�nؤ��P/��\x04�>��\x0E{��c{�k�Umu�\x1D\x12������\x02�ӞA�\x1F���\x0F�����\x7F�\x0B \x1C�BDhC�����T\x06Ǫ\x06�vV\x030�1���\\n\x03����\\\\O��\x01@Z\x1C�\x0B�R�', '', '', '', '', '', '', '', '', '', '', '', '', '', 'active', 708, NULL), ('�Œ�N]O���dq}�<u=�����g\x11&�.Nh�\\tm�`(�a\x0B\\b�\x1D\x04�tB�pӀ]ᦁΆ�\\b�>N�-�/�+�\x05��G', '', '', '', '', '', '', '', '', '', '', '', '', '', 'active', 708, NULL), ('3�\x15��Ӈ�Ίt�)��Y\x11\x06�\f(�q��,�\x14J\x18/����������\\Zʩ�\\t\x15fP6�\x13]�?���\f.��v�STH��\\n[�/j�وk�#\x1Bq�\\'dzC������U�O�\x01�aG\x13>}��YZX�s�3(��>�i\x1B\x16w\x1DP\\r~#���\x06\x16aJ�����\x01=��\\0�~\f�S\x11\x06�����s��\\0t�!��-E(��V,�;55\x1D\x13S��5�SS\x13*��m�&��o��[&\x18�iHg؊|\\b��\\'�\\n�\f�\x15n\x19\\0\x1Bv/\x01��\\t�e�\x05`E�@U�A�\x0F3A\x15�\\0T�\x03P�\x0E6E\x18�*�`S�A�8N\x17�%�R\\t��\x12�SW�1q5Y\\\\S9u5�\x8C��j�oʅ\x16\x18�e���5����� /��\x16�U~�c\\n�K�y�[�e��@�zk�ɄM�?a�4���c�\x19�=�[qa\\0#�\x17�\x0B=�F\x1E(�C�i�\x04H\x15\x06%�*� 54`ot�R��5�v���?�~ѥ\x03.�%\\\\��%+�����L�aC��N�KWӓ��Ϳ�q�-0\\\\��d(���ҿ�Z�\x1B����x��f\x0F��\\n_\f44�]©�\x13N˖/p*\\\\<`T��HaF�H\x07�>��\x14� S�A�\\b�L\x11\x06��8]\\ZZҩ��\x15�\x04�ԿtL�K\x16�\\Z:�/��LC�ߊ;�9�C\x0B\f�2A���\\']\x18AD�V���pM�K�\x1F?NnCzb�>v^�\x0B�o�$v^�\\b����\x02<�~&x�8��l�\x02�ޤ�Z\x06�~�i��_^\x04�~\f\x035ķ�[[\x18��\\Z8��\\0�~\f�$\x15a ���f_oOG\\0܊\x03xq[j0n\x1F��%K�X�ꈡ�bJeY����մ\x16���vg܆\x16\\b�u����t¬J7fcz�lM\x1F�iH�}\x10q����x�k�����n�T\x156HC�@�ҍO�n|�tCS�MMU��Ta�R\x1D\\'PY�)�����ԳTG���x�j��r�Yjmn���\x12��ZT>JE��Q�IYo\\0\x0E%��\x0Eo(ѫiL�W%&�5����|��i�A�ؔB:���\x05<�\x17��\fH��������wV� �j(b�x�g�e\\r�:�\x01h�7I�\x01mp?\x1D�g��\x06�\x13oR-BхAb�D�1�&�\x11ct����:��\\n���\x18{�Z�\x03t�;(�lm�4��A7�o\\'�\\b�\\\\^\x12lE:\x045���\\n�\x0B�\x15�\x17;�\\rabM\\nq\x02l�|\x01X�-P\x15a�\x0F3HE:�T��O�\x0E4E\x18z*�@S�\x01�8N���t\\n%,\x0EKP&kR�;�\\'릌\x18C�]\x17�0X�P����z���]�����Q@-�T\\'(\x1Bb�\f�^(���\x0E�4\x03R�M�\x1F��E[Ϳ��:\x11�\x1C�\x15�\x16P\x1Bv?9\x0B�qBm���Z�\x03��a\\n��?0�\x18�R�`��v���n�\x0EA�r\x17ٻ�!\x0E��+��\x04Ϊ\x06p�qV\x03L�1��\\n�i���\x1F��\\b�����؟�Kb���O\\\\O�I�R^�&\x7F\x12�Y;�ض6�\x074B\x0B��L0�z�[@0\x16���g\x13���\x05�', '', '', '', '', '', '', '', '', '', '', '', '', '', 'active', 708, NULL), ('�\x0B�', '', '', '', '', '', '', '', '', '', '', '', '', '', 'active', 708, NULL), (';�P���2�o�\x15�\x02R\x11\x06�>̄V��L�\x0E2E:�\x14a\\b�\\b\x03J\x11�Њ�t\x01Yҩ����\x04d�&\x11 \\'ޤG�̐���M@6Æ\\0��i@�\x16q��[`@�\\t�9��v���ɟ\x7F�\x078�����0��\x0B��\x03\x1C�\\t����xB9>C�,�\x15~\x170\x1B�?a��\\t����2��; ����ڋ\\\\�\x06�O�]\\nE^��h��5\f!Ouf%����\\b\x03�\\r��N��E#ԑ��n �\x0F]\x1F�O,���K\x04�s\\tSJ�M�%\x02v�|\\b�[�\x1Cl�\x02\x03�L0T��IIh�c�\x0E���ca�\x01��\x10\x03l��%��8��L�[lE��T�!�>̤V�CjU:�V��K\x11�Ԋ0�\x14aH�8H\x17�%�J-\\\\\x16KD&�\x12!r�Zzx�\x06��M�%Bd����\x0Fm���VDO\x7Fh!��\x05Fd��]�n�l���=��^�v �둋Z�N�a�������i��)�@n\x18��N@�q\x02jـ߂�;;k\x18��A�s���u��0�A�آ�v�\x1Fk��`$J�\x06��j\\0_?�Ȫ\\b\x03_\x1F��\x0Fn\x0F���\\0�&/�K\\r�0\f\x15K\f\\'+\x13axbez\x04�\\r9]NV&�ps�\\bUmmr�}\x0B��2�PU}:CV�CUCz\x7F�XXd���\x03U', '', '', '', '', '', '', '', '', '', '', '', '', '', 'active', 708, NULL), ('{����\x04�2�oa\x15�\x02S\x11���0\x03T��M�\x0E6E:�\x14a��\\b\x03K\x11����t\x11Y�)��J', '', '', '', '', '', '', '', '', '', '', '', '', '', 'active', 708, NULL), ('S\fH', '', '', '', '', '', '', '', '', '', '', '', '', '', 'active', 708, NULL), ('{�������oI�6\f^à�}A�C�U� Fm(r�', '', '', '', '', '', '', '', '', '', '', '', '', '', 'active', 708, NULL), ('��\\'Z�D�buV\x03��1DVE\x18����|�\x07\x17��w\x0B�cy\x01]�1���\x06\\'K\\b\x06�\x1E�:b��\x07S�\x0Bך/\x1E�\\\\Mk�ӷM', '', '', '', '', '', '', '', '', '', '', '', '', '', 'active', 708, NULL), ('th�\\0]\\'\x18IlJ��U���!��f�\fN!�?!���\\'7�{r��$W�j̪�il\\b\x13ZU�i�L7�U�ƨ', '', '', '', '', '', '', '', '', '', '', '', '', '', 'active', 708, NULL), ('�ƪ�1�¦�� \x01ɚN�\\\\u7=��� 9Y��*h$ӊL�Ƣ��+�m�N@ҏޮ\\\\C\x0B\fI�n�\x15��\x0F/���k��L\x7F��ҵv\\\\�:�׮�\\0�4XqlQ�nY@\x13�P��:1;�t�jgvROa����*��m�0��[eﲚ��\x7F�\\Z\x061lC\x11��j�u���3�]c#�\x06\\0�N\\'\x15\x06�������N�`<q:�\x14c�-VN����D0���d\x154��\x03s\x04�f\x12\x19�*\x7F��\x18�\x16\x18�e����tF�ȇ��|\x02���\\0Wa��s�{���t�k����*Z\x05�\fe�a��H\x07�*\x1D�*�\x01�\\bCYE\x18`�0�\x14\x07�R֒N�\\\\�9=��)�z�ϩ��Nv�lS��+�LFy�X[��\x16hg�{�X0����Jk�s{��\x1F1H���T\\'(5�\x11`��c\x17��\x9D��\x1E[\x1B�ˬ�@^���õ���8�#��\\0:��)��\x111�\\t�����z���e�ٲʉvs5M[\x06��`�<l!��Np\x18���c�%�;2��IU\\0����\x02��&&\x15\x06���u���ɂZq�.j�.�\\'�\x14KB�\\\\L�Z�b��z�ǝQ\x1BmL���\x02\x11JZ�\x1CP\x1Bz�=��n\x19|l\x15Ȇt�li�*1���3b�I\x06�\\n�\f�ԇ\x19�>N`-�;)��*�\x05�\f5�a��Ȇ��l�)���\\bCKE\x18h�0�\x14G颲�S-�\x19b��deT:+\x13�2��\x18���Ĩl\x16\x0EAe�s{mor�\\Zz T�\\t�y���+�\\0�`\\t�-��\x7F���\x16@�O\\'���b��㶧6���A.LC��L��\\t���\x05<�=\x03R?�q|�\x060�6��؉o(b\x17}{�Bp���\\0���\\Z�����\\0Va`��\x14�v�c\x04v�!��-5(��M,���J�]�V��z\\'\x07U�hWb�6��`�-�t��/\x10���\x07�n�`xm\\Z���pP��m��w��`+�0\\0V8a��>����\\t�e�\x05`E�@U���>� \x15�\x10T�\x0EE\x15�@S���\f4E\x18T��tQY�)�0B', '', '', '', '', '', '', '', '', '', '', '', '', '', 'active', 708, NULL), ('zU', '', '', '', '', '', '', '', '', '', '', '', '', '', 'active', 708, NULL), ('�;�\x01��\x18��\f�C\x07���qM\\'�\\0Y\x1C�\x0B�R��\f��\x12�ɶD@v�%\\n��tP��o���\\\\\x1F\x02�\x04\x13?5\x0E=\x10��\x04Cy����Cx^#�qV��\\t��\x12\x03b�%\x06Ć�����\x13b��\x0BĊn��\\b�R\x1Ff��t\\0��\x01�H\x07�\fy\x15a�) R\x1C��ʒN��\\tb��d]J�\x157\x7F�u��t8n�z��;I\x15��\x06뒝�Ǜ���ۜ\x1B\x02��\\'���\x13r��{�Sio��\\t��#�\x7F\\b=�\x1Baf�nY�P´����+�[I��r>���\x17�\x11���\\0��G.^}�ɫ�\x13XK7', '', '', '', '', '', '', '', '', '', '', '', '', '', 'active', 708, NULL), ('Vs�n���U��o�', '', '', '', '', '', '', '', '', '', '', '', '', '', 'active', 708, NULL), ('�F�J��׏���o�Zr!\x1B��}���>������\\0�(\x01�g%\\0�\x1FC�V�\x01s�R�U�?�\x0B��Ѽ�.E\x18үU�%\x04�R�t\x1Dq=�aHcʯy� ]���\x1C��մ6/�6��0A:�@��\x13�t6�\x13�U�\\tm�\\'4���{)����0�7�{x�俇Wuk���)m\\b�7�U�񩲍O�mh���', '', '', '', '', '', '', '', '', '', '', '', '', '', 'active', 708, NULL), ('\x1B�*lP��\x04(k:�rվ�J�%\x02��/Q(�K�A\x19�K\x14ʹ}����\x0B[�=��u\x16�ř�v��o����P��', '', '', '', '', '', '', '', '', '', '', '', '', '', 'active', 708, NULL), ('�z\\t#@���φkv]���zܞI�MfC', '', '', '', '', '', '', '', '', '', '', '', '', '', 'active', 708, NULL), ('B�ļ\x14�\\t�Ѽ4��y��՛z���~{��A��\x1E�����8o[�z�;�/Mk�`�_Ra\x10\x1C:�?����i\x028���j\x11�1|\x14+�˯�_\x1C;�\x12��[;\x18���D9n���rks��o��k�`(�>�a+ҁ�O\\'�\\ng\f�\x15�\x18��\\ra&�>�\\0[&_�V�-P\x15a@���V��O�\x0Eq\x15�\x03M\x11���0�\x14a@)��%�%�B��`z%\x07\x13���\x18��z�\x06���3޹����m��B�+f\x0Fn', '', '', '', '', '', '', '', '', '', '', '', '', '', 'active', 708, NULL), ('�����*�DP�N `zs��q\x1C��y�S�c��\x0F3<}��YZX�s�3 ��>��0�v��k\x18�P�EN��\\\\^�\x18�\x06{Q��D��\\Z��� �*\x806t`�et�I\x01]q\f/t�O��#�^58Y���TG\f\x1F�`Jep���q�մ68�69��\x05�n�`$�!�p��MOCz�m�\x1Eٛ���go��0\x016�{`��\x07Vuk����i\\b\x13HU��)�MOU���¦�*lh��A��\x13���LO߫\x06\\'K�A918aJ\\t���t5=���iPf��]��\x16\x18���dK�|�\x0F�Ͽt�a���ޙ~�v7�6\\\\յ{\x02\x1B�\\t��\x1C��\x0F36��96�', '', '', '', '', '', '', '', '', '', '', '', '', '', 'active', 708, NULL), ('�z�S\\b3l��!خz���ׅ�\\'�㰹��=�\x12\x01�\\'��\x10?�v��_�_�\\0�~\x0EV\x03Xkד', '', '', '', '', '', '', '', '', '', '', '', '', '', 'active', 708, NULL), ('\x03k�m\x0Bs��~�au0/�K', '', '', '', '', '', '', '', '', '', '', '', '', '', 'active', 708, NULL), ('�6�\x17+���驎\x18\x0B�w��+ؚ�\x04��E�W���\x01۾\x05�v�`(�>��', '', '', '', '', '', '', '', '', '', '', '', '', '', 'active', 708, NULL), ('E^vy\x1Fw0x�C�B\x13���\x04��~&\x15\x06�>��O�d�3��\x18��?tr�', '', '', '', '', '', '', '', '', '', '', '', '', '', 'active', 708, NULL), ('O�\x12�SC�{bh��\x06wjhB�\x19�_C\x13\x05׷��-\x13\f�ԧ3hE:�4��\x7F\x16�n���U�d �>�p�q�k�}\x01Wa�\x01�\f9�a��H\x07�*\x1Dr*ҁ�\\bCNE\x18h�0�\x14��ӒN�\x14\x0E�%*�v����dqM��΄\\n3*���n��u\x1E��\x02��LP��=�a\\r�l��\x05�ߦ�__�v<��\\r���\x18�\\Z�8��v��1��\\n/\f`�a\x06��\x13XK\x07\x0B��Z\x06�a��������;9q|�\\Z�q\x13�~=\x7FY\x02\x18���\x12@�\x0F��\x12�0P��v��I.Yő�pn?\x7F�0V', '', '', '', '', '', '', '', '', '', '', '', '', '', 'active', 708, NULL), ('\x01ek�>��Z���\x16\x18�e��`��\x10vo��', '', '', '', '', '', '', '', '', '', '', '', '', '', 'active', 708, NULL), ('�\x14���', '', '', '', '', '', '', '', '', '', '', '', '', '', 'active', 708, NULL), ('�\x01p\x19\\Z ����|=���&�\x14.\x17���\fO\x1F\\'x�\x16\x16��\fH���~�J��ˬa\f#5�8�f��\x07�~\f�\x02�>H', '', '', '', '', '', '', '', '', '', '', '', '', '', 'active', 708, NULL), ('0�k��~U\x18̆\x0E���N�', '', '', '', '', '', '', '', '', '', '', '', '', '', 'active', 708, NULL), ('r�!��-E(�pK', '', '', '', '', '', '', '', '', '', '', '', '', '', 'active', 708, NULL), ('\x1C��dT�6�� �����-0r�\x04C9��\f[�\x0El��\x04[a�\x01��\\0\x03`}�\x01��\x04�2�\x02��[�*��S\x1Ff��t\\0�ҡ�\x1Dl�0�T���\\b�Jq�.*K:�\x12n�%*�Q�P91*}�E�Q��J��f�\x10T�6���', '', '', '', '', '', '', '', '', '', '', '', '', '', 'active', 708, NULL), ('\x1CZ`T�\\t�U��Κ�dq��7㞯e!��H�7\\t6}~�U���Z��4��\x03:}\x01r#ɇ\x19�>N�', '', '', '', '', '', '', '', '', '', '', '', '', '', 'active', 708, NULL), ('T\x156DC� ��Mde���', '', '', '', '', '', '', '', '', '', '', '', '', '', 'active', 708, NULL), ('M\x156�UaCS�Md�q\x02�5�B��Z:���:b\f�ĵT�\x15�s�Rk\x13P�/�XT��\x10�', '', '', '', '', '', '', '', '', '', '', '', '', '', 'active', 708, NULL), ('�a���~%�~��P�H���P�_�?�\x13J���n�D�\x11���/jC9���x���\x13lW�Lu��\x133�>8��#3����f�J���1�|��\x1B�@z�l��\\0��٤���g\x1F�ݼ��\x15�\\0�?4��^��MN\\'�\x16+gӖ0S߉�\\tSJ������\\'�[�\x1C��[`�[\f(C���k�\x0E���ka����M0��\x19�>N0.�/���\x16Ԋ0x�a��\x1D��t��H\x07�\f�\x15aP*\x80��h\x06eI��jr:�&�:b��\x13�S�W�;79�6��N>�cQ����t���^~���z{�����z��nl�\x7F�S��]���y�\\0�v<�0�U;�j\x0B\x0B�\x06�\x13�\x19�\x06�\x13���^d�;�9�O[�*ݚ\x05�\x13�Ӵ\x06\x10�6\\'\x15\x06���dw��*M�\x10^��~��K�\\'�\x16K�:�9YI��c�� ��j��9DƷ�j���c�\x02\x13�2�P\\\\}:�V�C\\\\��\x04[�\x01��?cw�B�\x01�Ӊ���\x17�\x15�\x02U\x11\x06�>��U��O�\x0Eu\x15�@S���\f4E\x18�*��EeI��', '', '', '', '', '', '', '', '', '', '', '', '', '', 'active', 708, NULL), ('#�\x12�S��9�9Y\\\\��N}N�0y\x15�6qQI�m}\x0B��2A��q{mx\x07��/qd7��&�>��o=/�\x16@\f��\x148\x18f����\x0E�*\f3@Շ\x19�>NP--', '', '', '"... 228221 more characters
2026-06-19T12:43:00: }
2026-06-19T12:43:00: Bulk insert error: Error: Data too long for column 'name' at row 2
2026-06-19T12:43:00:     at Packet.asError (D:\ACHME_COMUNICATION-main\backend\node_modules\mysql2\lib\packets\packet.js:788:17)
2026-06-19T12:43:00:     at Query.execute (D:\ACHME_COMUNICATION-main\backend\node_modules\mysql2\lib\commands\command.js:29:26)
2026-06-19T12:43:00:     at Connection.handlePacket (D:\ACHME_COMUNICATION-main\backend\node_modules\mysql2\lib\base\connection.js:552:34)
2026-06-19T12:43:00:     at PacketParser.onPacket (D:\ACHME_COMUNICATION-main\backend\node_modules\mysql2\lib\base\connection.js:102:12)
2026-06-19T12:43:00:     at PacketParser.executeStart (D:\ACHME_COMUNICATION-main\backend\node_modules\mysql2\lib\packet_parser.js:75:16)
2026-06-19T12:43:00:     at Socket.<anonymous> (D:\ACHME_COMUNICATION-main\backend\node_modules\mysql2\lib\base\connection.js:109:25)
2026-06-19T12:43:00:     at Socket.emit (node:events:509:20)
2026-06-19T12:43:00:     at addChunk (node:internal/streams/readable:568:12)
2026-06-19T12:43:00:     at readableAddChunkPushByteMode (node:internal/streams/readable:519:3)
2026-06-19T12:43:00:     at Readable.push (node:internal/streams/readable:399:5) {
2026-06-19T12:43:00:   code: 'ER_DATA_TOO_LONG',
2026-06-19T12:43:00:   errno: 1406,
2026-06-19T12:43:00:   sqlState: '22001',
2026-06-19T12:43:00:   sqlMessage: "Data too long for column 'name' at row 2",
2026-06-19T12:43:00:   sql: '\n' +
2026-06-19T12:43:00:     '        INSERT INTO clients \n' +
2026-06-19T12:43:00:     '        (name, company_name, email, phone, alternate_phone, contact_person, address, address_2, city, state, pincode, service, gst_number, notes, client_status, created_by, assigned_teammember_id)\n' +
2026-06-19T12:43:00:     "        VALUES ('\x19�z�a*�\x01�', '', '', '', '', '', '', '', '', '', '', '', '', '', 'active', 708, NULL), ('\x07�\x1Ch\\n\x19g�B\x06�BF{�_41\x1B~\x7Fŭ�p��b�ʮ��R��=�\x0F\x07�\\r9[�����;\x0E���4}�=\\rP�K`T\x16�I5\\r�)��t9�`�O>��\\Z�C\\r�98v���X�B7���Π����\x10�uBh�a��~�\\05���\x05�=�t�\x01^�x\\0pw\\'軽�(��\x1BԪ$���\x04��A��\\n\x19�zy�7۟��Uq\x1C��Z�����z�,�s���x$\x18S*\x0FT�\x17wx��5�w�f�\\'\x04�\x12\\b�u���\\Z�\\t�*�\\Zk�o��O}5D�}5~�-�Ao�����ZU��d�4Ȥ��p#T�\x1B�*��T��U%\x1B�J����\x13����QK�ֵ4�\x11�Tv,M5^Qٷ4�e�/��B�*�B�^rڟ���\x0E�j\\r)�_t[\x1E\x0E)2� ӗ@��~���\\r\x01Ƀ����y��\x06�8&�N�\x1Cu7Տ\\\\��КA��`�qڛ\x07۞\\Z\x061V}���~\x1D�\x13��؝��r�Z�yR2�\\r\x15|�5�w�\x02��w@Ήk\x12���i�:��gv;Χ\\Z���;��2\x1F��8�,���\\0n�G%����\\b\x07�>�`+,6v\\Z\x1C\\'o�\\r�.i�^\\'���\x07\\Z��\x16�\\n\x19\\r��\fR\x11\x0E>U8\\Z�\\b\x07�BFC\x152�\x142�\f?�x���Z�)��S�\\\\�n]#S\x1D�\fe�ڴ\x17�5^Ay{@�ׁ�2���i�|d�n�e��Q_��7\x03[\x11�|K�\x0E\x01�>_��\\tJ}9K\x02�քkx�T���<�\\0��6��\\Z�s���\\t���\x01T�ɇT\f\\\\����o\x17\x1E!n��\\b�\x19�!��:I��Cr', '', '', '', '', '', '', '', '', '', '', '', '', '', 'active', 708, NULL), ('0�I\x01�����U��8\x14`gjs��\x0E�ő�`.9(��T\f��5@m\x1D\x03�����k�B��Zp-�6V�0�\x12�5k���Շ3vE8�', '', '', '', '', '', '', '', '', '', '', '', '', '', 'active', 708, NULL), ('�]�\x01��&\x03n��K��:�L>���\x16�', '', '', '', '', '', '', '', '', '', '', '', '', '', 'active', 708, NULL), ('\x19-��\fQ\x11�\x16�\x81�\\b\x07�BF�\x152�\x142�\x14�颲�S*a�\x18��kg�:v&�5�];\x132���e����>x\x1EJ`T�\\tj�5\x13y�9SH�_\x0F���S���\x04r��2�\x02��n\x19\x11J KJ�{&xz��YJ\x18��[3 �����2|�KV?��\\Z�l��J�\x1D��D���r\\0Z?��S!\x03Z/\x7F&k��\\Z�:�\x17��/�����?1Dn��d)�]\x1CL)׀������\\Z�!\x13\\'ח��-���~��\x19�\x1C�4���\x1CN��k\x06�T8b�N÷Kx�:�L>���\x16�\\n\x19��ˌQ\x11�v���NE8�\x142ک�A���N�q��,ᴝ�\x0B1\x04et.�^e��l\x1D��\\Z��\\\\J?�?]3t��]�j��5�1�\x12\x18��!R۩�u��n��$�1��\x1C�ԧ ��G���\\Z]�QWۭ޿:�\\\\�\\n�\x0BH\\r_9!����Y~H=�s������J��fLC�\x03]�����ݼa\x0E\\0�A\f`��a�Yp\x05�*\x07(��\\0�~\fi�B\x06ʡ�٬��p�gq4/�K\x0E�3L\x18C<G\x03\x13�c`ڂÆ�@%\x03\x13�8G�\x03�6I�\x1F�y�%0��\x04�Mև\x13�E4z��&(\x0B[\fz��ŀ���\x12r�N�-�\x0F�+�\x05�B\x06�^f��pЩ�A�\\b\x07�BF�\x152�\x142�\x14��b��S&�\x18b2ڗ\x18�\x1D��\x16<5��d_L�f\x0E�*|���g�\x01L(�1Y&������\x1F2仰h�>C~�\x16��_\x021\x07���j�N��p~�', '', '', '', '', '', '', '', '', '', '', '', '', '', 'active', 708, NULL), ('\\0\x15�\x17\\0\\Z�i\x02��\\t��3\f\\0\\Z�@�hp\\ZFَ��+_�\x03ט�q/E�cK�;Y\x06VI\\0m�Y\x12��\x07��*d����s�\x0F2\\0`q\x1C/�K\x12\x06�>�^�\\0�^\\0�\x11��u0��r����:-�W����[&\x058�@\\0�\x13<5�\x10N�U�\x06o��m�5�ɽ\x14�ۥ�����\x06���N�{jU������ ���­��p#T�\x1B�J���dcS�F�:N���S*G�K{t/1*;\x1B2Y\x06Meڐ�P�w/}�4*�/�\\\\��\x04F�w/�v\x0BY', '', '', '', '', '', '', '', '', '', '', '', '', '', 'active', 708, NULL), ('\x0E9�3_�X��8���^bx��T�\x0B���8_�3�!\x05�3|�\x04O�\x13<�y�w��-\x19�zC�rN��n�\x19�*ߑ���n��͎1���]��\\0�ڻ�d0�O[|8�WЩ#x�{��ۅ�\x1D\x06���a\x0B��ΦM�R�Ӵi\x13\x01�v}<�\x0F\x7F����\x12\x18�e��v��\x19�\x1C�4���\\nK��\x03�h�k�v\\t�^\\'���\x07���\x16�\\n\x19�z�uS\x11\x0E<U8��\\b\x07�BF7\x152�\x142���������n\\n#�\x10�Ѻt�{E�\x10��k�����|����KwPn�wc�0�\x04ߓ�t�h+�6��\x12\\\\��&L{��\\t���C��2�\x04�3���\x15��e{�5�kגB�vY8���+�\x1B65��l?��Jl7S\x0BY\\b��3O\x04Wm_�58\\\\���y\x1F+���w��j�/�\x06���s��jWqi�\x02�*�\x11\\Z��?�]\\n�� \x01�s��\x04 k\x01r(ᳬ��A:���^�Y(ϰP\f�\x1C�K���^z�9�k\x18�ɾDx��\x1F���:\x1Fx�50��\x04�]6�\x13|E8��\x0Fg�\\n[\fڬ���RS�\x19�a�������Y�\\0��Z\\0+d��e�fE8\x18U�h�\x1Ct', '', '', '', '', '', '', '', '', '', '', '', '', '', 'active', 708, NULL), ('\x19mVȠS��R\x1C��ܷ�S', '', '', '', '', '', '', '', '', '', '', '', '', '', 'active', 708, NULL), ('�2�׿tn�\x05hy�i��\\Z��׷�', '', '', '', '', '', '', '', '', '', '', '', '', '', 'active', 708, NULL), ('��K]\x04��rZ3S�.\x7Fh�ϲ�\x17��\x1C���)\x18�^\\'���\x03\f���;�f �\x07�U\x13̓E\\0�\x0Fb��$��\\Z�d�\x0F$��\x03�~|�V�d�\x1D��޳�\x07�g����\x0E����\x06�΅�b��hxb�W��#����XO�\\'��m\x16\x11�ߎ\\'κ���^&xl�>��-\x81�\x0F\\'h\x0B\\'', '', '', '', '', '', '', '', '', '', '', '', '', '', 'active', 708, NULL), (':�pҠ\x03��ș��\\t�e�\x01�E��Y�\\0��\fd\x11\x0EnU8�\x15��T���B\x06�BF\x07\x16�颲��\x0E\f��\x10���D.t����`�aT&�\x13��|\\b*�͚&k���i�50*�\x04�\x03\x1F��X�b�t]���s���PBr����[c���u��1\\0���\\0P/���u\x02h�`\\0�^ɠԏA�i6i\x05�~\x10c5$1\x07q~�\x05��\x1C\\0��\x03��1��', '', '', '', '', '', '', '', '', '', '', '', '', '', 'active', 708, NULL), ('\x19Ԇ', '', '', '', '', '', '', '', '', '', '', '', '', '', 'active', 708, NULL), ('\x16[#��!\x04��\x10^�$�]�', '', '', '', '', '', '', '', '', '', '', '', '', '', 'active', 708, NULL), ('�\f�\x1B�eR8\x11', '', '', '', '', '', '', '', '', '', '', '', '', '', 'active', 708, NULL), ('���d\\Z/�5�G��ۙ�~/Ē�\\Z��MDA', '', '', '', '', '', '', '', '', '', '', '', '', '', 'active', 708, NULL), ('қ\x17v��\x0B���\\0Oofxz;��d���', '', '', '', '', '', '', '', '', '', '', '', '', '', 'active', 708, NULL), ('�0�Yo>�܍��S�\x04/pK\f\x06�*l2��\x12ۃ[[خ�|�\x07]���\x12pk\\0��se��M-�Ǔ�\x1Br ��\x0EF�4�\x13j������S[�Gʦ���;\x053\x016�{`k�\x7F\x0E���XUf�4�I=U�\x06�t7@�����VO���Tf���9\x01��N�\\\\U6�Iٔ*����\x16�r?�T\fm-��\x0E�|r����\\07��w��b\x11b�k��A��)�t\x11v�\\\\��\x15��t�s?��V^C���i�!^�\x0E��{r�\x03��^�N�4�v����!\x1E!7>�4w���\x0FA7�����A���o��b�u٥����\x05m\x1F;S<����\x02*�w�Ȕ\x1C�!c\\0� �1��V@)3����ݾ\\0K�\x03���E�\x165\x06\x05\x1C2��\x01�\x14P\x04�\\Z\x02\x1E4:\f�$��\x17��L��9��1\x07\x02x�\\0~�\x1C�\x1CH�\x10���\\b\x04��Nj��ל��\\'oaa/�!\x05�q�H��o@0.)�\x15x��', '', '', '', '', '', '', '', '', '', '', '', '', '', 'active', 708, NULL), ('\x14�ޟ\x11\x1D�@�˶8{���y��\x0F����\\t�!�NLU�f���A�oo�?�n�\f�C�~�+F9L��\x7F\x06A�', '', '', '', '', '', '', '', '', '', '', '', '', '', 'active', 708, NULL), ('��\x1DRaA@�oD��0�ro6�m7�~/7�H�7�\x12�R\x0E��\x12�Iv��@�F�+�ڷ�u>ި���Lo�x�\x0E��3\x7F��\x17�&-\x11�7�չ��\x18�vH!', '', '', '', '', '', '', '', '', '', '', '', '', '', 'active', 708, NULL), ('5�>]:\x18�sy�-�Q��', '', '', '', '', '', '', '', '', '', '', '', '', '', 'active', 708, NULL), ('3&��\x19p', '', '', '', '', '', '', '', '', '', '', '', '', '', 'active', 708, NULL), ('3��xN\x17�ŝb\\t��\x12�I!E��UHq', '', '', '', '', '', '', '', '', '', '', '', '', '', 'active', 708, NULL), ('���o�\x10���n_�g�*@VA\\0�4\\bp��H�\x15f�\x1CR0|���>P-��Eu�B���c�ꤰJ?�(�������J\x1D��הlyGT۠�:�#�m��\\b�\x7F�������>\x07��T:\x18V[���[��\\n\x7FT[��\x7F/_���JB�\x03|Cr��1�ɜVI��w�l��B�7C���\x10\x19\x01Ua\x06�A�D���\x1D�*w\\0*܁�0��\\n3�\x14f0)\x1E��dq�LB���dRN\x11&o�ԀI/(�L\x06�\x14e�iN\x04�M9��\x18�>\x07�d頖ڗ�4�ߡ\\Z\x1CU�ǣ�����\x07��@�%:VA,�|Q(�B�\x03VC��Uo\\'��\x1C���y�@ַ���lb}#\x13о\x15+����>&�L\x7F��W\x05\x01�� ��7\x05V�AqH�vs�\x17�\\0�x�\x17�%', '', '', '', '', '', '', '', '', '', '', '', '', '', 'active', 708, NULL), ('�\x19��%��ފ�|�\x060{�\\t�9�(�M�`nz+��O\x7F\x1F(�>\x07\x06s�`X`����M���\fUz�(��{�\x1C,�<�V�t@mȎP������R+R\x05�\x8C\\n�͌S�\x0EB�;\\b\x15�`S�Qa�\x19l\\n3�\x14\x0F邲�3(?�Z*s\\bZ�\x1E���D\x1B\x1CJt�����\\Z�.', '', '', '', '', '', '', '', '', '', '', '', '', '', 'active', 708, NULL), ('1(��������P�\x1C\\b����\f��\x1F�*ZU', '', '', '', '', '', '', '', '', '', '', '', '', '', 'active', 708, NULL), ('1\x18�!H_Uc\x0E=�ս~Ϸ�L�n�8��g�b�=����Y3�C<��\\Z����\x01}�;�xQFjhDH�A޶�w�����a�Nc\x18��M_O�٘', '', '', '', '', '', '', '', '', '', '', '', '', '', 'active', 708, NULL), ('�����', '', '', '', '', '', '', '', '', '', '', '', '', '', 'active', 708, NULL), ('\x03W=>�[cPpW�V�����}���\x06�\x0F\x037l$E����Z�\x0F;g,MgX55��\x07\x03�t0�������e4\x10�4��]�.W���jp\\'���#�M���\\Z�To���R\x05�B�\x04F\\'�)�\x0E<�;�\x14��L-�Rf�)�\x01�D!U�)��`�\fq?I!E��\x15R�j\\Z�;\fʠ��P6��x���\x1C@�s`P�\x0E�d��c�κ\x7F�\\\\�zsGs1J}@RY�?�4�y޶C�>|\x7F�Apȇ`\x1B�%U��\\t�%�?��+����~�j���ac�~�)ٿ?G�\x01�CG)\x06���>\x06��mH�\x15fp���צER\x16��?�d�*n�A�^UQ}��*\\r�l�����������\x04��\x7FAH#D�\x1E���@�W\\\\ �D�ܲ�M+�^q\x112�\x1F��bl�`Xo�b�ߙF���k��,�z\x0F��\x16J�K#�j�T��c�9\x1F�����\x17P�\x02T!8B��(��;�h��;��j(e\x06��\x1BLNtP՝2\\t��R�M:(�䭃\\Z0�%6�ɠ��-<��-�|��C��[\x05E��\x190&K\x07���62=\x0E_ocBx�\\r�\x02���n\x18 ��\x04R/�y�o�O�\x1E\x03\x15�� \x156\\\\1A��I�-)', '', '', '', '', '', '', '', '', '', '', '', '', '', 'active', 708, NULL), ('�\fx\x15�\x19�\x16\x0Ef���\\t���\x05^E� U�QZ��1*܁�r\x07��\x1Dd\\n��\f+3�\x14�(��9]L\x16w�$�\x12KL&�\x13a�V9\\r���\\r�d\x1491&��C0y��(�>\x03�d頖V�W��i����b���1H}<RZ�;�4�n>o���L\x11\x0BI\fP\\rWLJ��\x13TK\\n\x0B�Ns\x06���i���8\x0El}#���\x7F�d�g����\x01vg1\\0�oCJ�0\x03�p\x15��@\\t\x18�gxa\\\\�P���X�8ɚ�3�[�-kz~�G�U����M��\x07�Q֔��\x18�iB\x04�M���}\x0ElJ�tP@�M�x�!r�C�\x189\\\\\x13���\x01{�b�gSR^Cs�g\x02�]\x1CEW\\bi@r��q�o\x1F�\x06;!�dp��:^�3�}7mqr0iq}F�U��\f��e}q�{�P\fm\x18�!Ɨ��#C\\0�I\\bP�\x10��\x19\x14{��n�l��\x17��]\x10���~O�\x0FT\x15K\x10\\'\x1D\x14���A\\r �z\x1CR��\x0E�Aܴ \x02⦃�\x10�\x1C\x18ĥ��\\b9\\\\\x02cV�c���\x19�BP\x03\\\\�T\x06��\x1B����\x04���\x02�[�*�(��� \x15�\x18#+w\\0*�\x01�0c�', '', '', '', '', '', '', '', '', '', '', '', '', '', 'active', 708, NULL), ('��$�����A�@�k�v\x1Bj�\x16\x1E�6��\x15#6Dy�\x0E�Y&\\tn\\'\\Z��', '', '', '', '', '', '', '', '', '', '', '', '', '', 'active', 708, NULL), ('\x02z��J�A��>\x1Fv', '', '', '', '', '', '', '', '', '', '', '', '', '', 'active', 708, NULL), ('\x07�', '', '', '', '', '', '', '', '', '', '', '', '', '', 'active', 708, NULL), ('����\x063Y\\Z', '', '', '', '', '', '', '', '', '', '', '', '', '', 'active', 708, NULL), ('v�m�|���l��0��z3\x03U�\x03Q��*�\x01�0��', '', '', '', '', '', '', '', '', '', '', '', '', '', 'active', 708, NULL), ('3�\x14f`)��UZ�;�rU\\t�MJ��Nnsʵ�P\\tev����waM\x7F86��\\0\x13%T��qly@j��\x01Y\\Z�\x1D�+}���?6�\x1Cc�J�\x10�_\x0E��L����v\x04j�\x0F�S��b\x17�rP�\x13<K\x067�����>>��n�K�D�W\\\\?r )�Q\x7FY�;��\x03L\\'�`��?�\x80�D 5\x0B\x01\\\\�HJ��kH��S��{\x07��(�j\f�', '', '', '', '', '', '', '', '', '', '', '', '', '', 'active', 708, NULL), ('3\\b�fVH�;�T�(��\x1Dd', '', '', '', '', '', '', '', '', '', '', '', '', '', 'active', 708, NULL), ('3', '', '', '', '', '', '', '', '', '', '', '', '', '', 'active', 708, NULL), ('�0�La\x06��9]���S(!�X�2��\x1F\x15', '', '', '', '', '', '', '', '', '', '', '', '', '', 'active', 708, NULL), ('���\x1DyE\\b�;�ʧ�\x16\x07�M4���O[>B\x17����Ʒ��!��\x12�\x1B�I�j��\x1F\\\\z\x7F����\\0K!�\x01����SG�N�,��bi�)�|>Mř�\x04(�[`)��қ\x19��\x1DX*w`)܁�0\x03Ka\x06��', '', '', '', '', '', '', '', '', '', '', '', '', '', 'active', 708, NULL), ('#��', '', '', '', '', '', '', '', '', '', '', '', '', '', 'active', 708, NULL), ('\x02l�A\\0�o�/�(3��޶e��\x06�+&�c�\x10.A(�\x10S', '', '', '', '', '', '', '', '', '', '', '', '', '', 'active', 708, NULL), ('u�*�P\x10�Wa\x06�Z\x05%�Qy�\x02J�\x03N�~�f�)�Qy���\x011�\x17K�7\\t�\\b���\\'���|DiN7ۄ\x06��', '', '', '', '', '', '', '', '', '', '', '', '', '', 'active', 708, NULL), ('�&\\Z\x11��I�ر�1\x07VyK\x07�\x07�6쟜J��\x11N}<Ry�-�W������f�-w\x07;�7�+\x10J���̌V�Nh-W�Pn�.��\ff}#̡�䭀@�o�Jl\\bb�I>S�\x06�*\x06*�', '', '', '', '', '', '', '', '', '', '', '', '', '', 'active', 708, NULL), (':�\x1Eɢ>\x19齷o�\x0F���\x1FL���Z�\x7F�����B<��UoN���%3����\x0B��\x13��Β�M��\x06��b��B\\b\x04(��A)�\x01�r\x07��\x1DP\\n3�\x14f@)̀R<�\x0B��Π|�j�����\x12(k\x0B\x1B��/���a{(�{\x1B�\x12(���©eɡ\f\x19�\\r8m�[���(ۯ-OC��7�`d� ݑ<��IȬ���x�\x1BO�\\tߊfȢ/����\x19�=�5�?�s�������}�)~��74�\x06��6t��\x02~��C_\x19��]�g4�����2\x1B�1��\x1D\x01��Y�h�t', '', '', '', '', '', '', '', '', '', '', '', '', '', 'active', 708, NULL), ('B�^�<=��1]%OC��$�0\x1D\x0F�cL\x17�IQ`����f��ɮ�figɼ��\x03`u�����', '', '', '', '', '', '', '', '', '', '', '', '', '', 'active', 708, NULL), ('!�n1\\Z��&DH\x1C��C�]\x1F��Ua\x06�!\x01�]\x1D���zx\x17�%\x06���r�g�3}Ҭ����\x16㑲Wy\x10�K\x07�H9����u0{}������\x15\x01~��\x01.�G���;�tTUᏪ�{��h�Ú*42��\\Z�\x13P�7\x01�d�\x0B��$���\x1B;��<�\x17��:zyUf�9�2)w�9�2)wp��L�\f.��)<\x072�[�)�PG', '', '', '', '', '', '', '', '', '', '', '', '', '', 'active', 708, NULL), ('��\x15@�):DMmYr$}\x06��į\x0B��mSms)�����\x17�\x10�1�\x03f\x15\x11 �\x01\\b�A�������� ���>\\b��LX-),�:�\x19e5���g�CJ@nh�.�Vq��<�#�T���\\n�1q�� ��7�U�A�7ﯳ?[�&��c��k\\tBY��b��(g�gޣ��r���̳\f�\x04kvW�ބ�(g�2n�܄ �斧����tm~8��JC\x04�E�\x0E�P�EXy�V��#\x05D��\x01�-\x15�\x7F��S����\x16.�O', '', '', '', '', '', '', '', '', '', '', '', '', '', 'active', 708, NULL), ('F�B=��\x1Bn{"... 157318 more characters
2026-06-19T12:43:00: }
2026-06-19T12:43:00: Import global error, transaction rolled back: Error: Data too long for column 'name' at row 2
2026-06-19T12:43:00:     at Packet.asError (D:\ACHME_COMUNICATION-main\backend\node_modules\mysql2\lib\packets\packet.js:788:17)
2026-06-19T12:43:00:     at Query.execute (D:\ACHME_COMUNICATION-main\backend\node_modules\mysql2\lib\commands\command.js:29:26)
2026-06-19T12:43:00:     at Connection.handlePacket (D:\ACHME_COMUNICATION-main\backend\node_modules\mysql2\lib\base\connection.js:552:34)
2026-06-19T12:43:00:     at PacketParser.onPacket (D:\ACHME_COMUNICATION-main\backend\node_modules\mysql2\lib\base\connection.js:102:12)
2026-06-19T12:43:00:     at PacketParser.executeStart (D:\ACHME_COMUNICATION-main\backend\node_modules\mysql2\lib\packet_parser.js:75:16)
2026-06-19T12:43:00:     at Socket.<anonymous> (D:\ACHME_COMUNICATION-main\backend\node_modules\mysql2\lib\base\connection.js:109:25)
2026-06-19T12:43:00:     at Socket.emit (node:events:509:20)
2026-06-19T12:43:00:     at addChunk (node:internal/streams/readable:568:12)
2026-06-19T12:43:00:     at readableAddChunkPushByteMode (node:internal/streams/readable:519:3)
2026-06-19T12:43:00:     at Readable.push (node:internal/streams/readable:399:5) {
2026-06-19T12:43:00:   code: 'ER_DATA_TOO_LONG',
2026-06-19T12:43:00:   errno: 1406,
2026-06-19T12:43:00:   sqlState: '22001',
2026-06-19T12:43:00:   sqlMessage: "Data too long for column 'name' at row 2",
2026-06-19T12:43:00:   sql: '\n' +
2026-06-19T12:43:00:     '        INSERT INTO clients \n' +
2026-06-19T12:43:00:     '        (name, company_name, email, phone, alternate_phone, contact_person, address, address_2, city, state, pincode, service, gst_number, notes, client_status, created_by, assigned_teammember_id)\n' +
2026-06-19T12:43:00:     "        VALUES ('\x19�z�a*�\x01�', '', '', '', '', '', '', '', '', '', '', '', '', '', 'active', 708, NULL), ('\x07�\x1Ch\\n\x19g�B\x06�BF{�_41\x1B~\x7Fŭ�p��b�ʮ��R��=�\x0F\x07�\\r9[�����;\x0E���4}�=\\rP�K`T\x16�I5\\r�)��t9�`�O>��\\Z�C\\r�98v���X�B7���Π����\x10�uBh�a��~�\\05���\x05�=�t�\x01^�x\\0pw\\'軽�(��\x1BԪ$���\x04��A��\\n\x19�zy�7۟��Uq\x1C��Z�����z�,�s���x$\x18S*\x0FT�\x17wx��5�w�f�\\'\x04�\x12\\b�u���\\Z�\\t�*�\\Zk�o��O}5D�}5~�-�Ao�����ZU��d�4Ȥ��p#T�\x1B�*��T��U%\x1B�J����\x13����QK�ֵ4�\x11�Tv,M5^Qٷ4�e�/��B�*�B�^rڟ���\x0E�j\\r)�_t[\x1E\x0E)2� ӗ@��~���\\r\x01Ƀ����y��\x06�8&�N�\x1Cu7Տ\\\\��КA��`�qڛ\x07۞\\Z\x061V}���~\x1D�\x13��؝��r�Z�yR2�\\r\x15|�5�w�\x02��w@Ήk\x12���i�:��gv;Χ\\Z���;��2\x1F��8�,���\\0n�G%����\\b\x07�>�`+,6v\\Z\x1C\\'o�\\r�.i�^\\'���\x07\\Z��\x16�\\n\x19\\r��\fR\x11\x0E>U8\\Z�\\b\x07�BFC\x152�\x142�\f?�x���Z�)��S�\\\\�n]#S\x1D�\fe�ڴ\x17�5^Ay{@�ׁ�2���i�|d�n�e��Q_��7\x03[\x11�|K�\x0E\x01�>_��\\tJ}9K\x02�քkx�T���<�\\0��6��\\Z�s���\\t���\x01T�ɇT\f\\\\����o\x17\x1E!n��\\b�\x19�!��:I��Cr', '', '', '', '', '', '', '', '', '', '', '', '', '', 'active', 708, NULL), ('0�I\x01�����U��8\x14`gjs��\x0E�ő�`.9(��T\f��5@m\x1D\x03�����k�B��Zp-�6V�0�\x12�5k���Շ3vE8�', '', '', '', '', '', '', '', '', '', '', '', '', '', 'active', 708, NULL), ('�]�\x01��&\x03n��K��:�L>���\x16�', '', '', '', '', '', '', '', '', '', '', '', '', '', 'active', 708, NULL), ('\x19-��\fQ\x11�\x16�\x81�\\b\x07�BF�\x152�\x142�\x14�颲�S*a�\x18��kg�:v&�5�];\x132���e����>x\x1EJ`T�\\tj�5\x13y�9SH�_\x0F���S���\x04r��2�\x02��n\x19\x11J KJ�{&xz��YJ\x18��[3 �����2|�KV?��\\Z�l��J�\x1D��D���r\\0Z?��S!\x03Z/\x7F&k��\\Z�:�\x17��/�����?1Dn��d)�]\x1CL)׀������\\Z�!\x13\\'ח��-���~��\x19�\x1C�4���\x1CN��k\x06�T8b�N÷Kx�:�L>���\x16�\\n\x19��ˌQ\x11�v���NE8�\x142ک�A���N�q��,ᴝ�\x0B1\x04et.�^e��l\x1D��\\Z��\\\\J?�?]3t��]�j��5�1�\x12\x18��!R۩�u��n��$�1��\x1C�ԧ ��G���\\Z]�QWۭ޿:�\\\\�\\n�\x0BH\\r_9!����Y~H=�s������J��fLC�\x03]�����ݼa\x0E\\0�A\f`��a�Yp\x05�*\x07(��\\0�~\fi�B\x06ʡ�٬��p�gq4/�K\x0E�3L\x18C<G\x03\x13�c`ڂÆ�@%\x03\x13�8G�\x03�6I�\x1F�y�%0��\x04�Mև\x13�E4z��&(\x0B[\fz��ŀ���\x12r�N�-�\x0F�+�\x05�B\x06�^f��pЩ�A�\\b\x07�BF�\x152�\x142�\x14��b��S&�\x18b2ڗ\x18�\x1D��\x16<5��d_L�f\x0E�*|���g�\x01L(�1Y&������\x1F2仰h�>C~�\x16��_\x021\x07���j�N��p~�', '', '', '', '', '', '', '', '', '', '', '', '', '', 'active', 708, NULL), ('\\0\x15�\x17\\0\\Z�i\x02��\\t��3\f\\0\\Z�@�hp\\ZFَ��+_�\x03ט�q/E�cK�;Y\x06VI\\0m�Y\x12��\x07��*d����s�\x0F2\\0`q\x1C/�K\x12\x06�>�^�\\0�^\\0�\x11��u0��r����:-�W����[&\x058�@\\0�\x13<5�\x10N�U�\x06o��m�5�ɽ\x14�ۥ�����\x06���N�{jU������ ���­��p#T�\x1B�J���dcS�F�:N���S*G�K{t/1*;\x1B2Y\x06Meڐ�P�w/}�4*�/�\\\\��\x04F�w/�v\x0BY', '', '', '', '', '', '', '', '', '', '', '', '', '', 'active', 708, NULL), ('\x0E9�3_�X��8���^bx��T�\x0B���8_�3�!\x05�3|�\x04O�\x13<�y�w��-\x19�zC�rN��n�\x19�*ߑ���n��͎1���]��\\0�ڻ�d0�O[|8�WЩ#x�{��ۅ�\x1D\x06���a\x0B��ΦM�R�Ӵi\x13\x01�v}<�\x0F\x7F����\x12\x18�e��v��\x19�\x1C�4���\\nK��\x03�h�k�v\\t�^\\'���\x07���\x16�\\n\x19�z�uS\x11\x0E<U8��\\b\x07�BF7\x152�\x142���������n\\n#�\x10�Ѻt�{E�\x10��k�����|����KwPn�wc�0�\x04ߓ�t�h+�6��\x12\\\\��&L{��\\t���C��2�\x04�3���\x15��e{�5�kגB�vY8���+�\x1B65��l?��Jl7S\x0BY\\b��3O\x04Wm_�58\\\\���y\x1F+���w��j�/�\x06���s��jWqi�\x02�*�\x11\\Z��?�]\\n�� \x01�s��\x04 k\x01r(ᳬ��A:���^�Y(ϰP\f�\x1C�K���^z�9�k\x18�ɾDx��\x1F���:\x1Fx�50��\x04�]6�\x13|E8��\x0Fg�\\n[\fڬ���RS�\x19�a�������Y�\\0��Z\\0+d��e�fE8\x18U�h�\x1Ct', '', '', '', '', '', '', '', '', '', '', '', '', '', 'active', 708, NULL), ('\x19mVȠS��R\x1C��ܷ�S', '', '', '', '', '', '', '', '', '', '', '', '', '', 'active', 708, NULL), ('�2�׿tn�\x05hy�i��\\Z��׷�', '', '', '', '', '', '', '', '', '', '', '', '', '', 'active', 708, NULL), ('��K]\x04��rZ3S�.\x7Fh�ϲ�\x17��\x1C���)\x18�^\\'���\x03\f���;�f �\x07�U\x13̓E\\0�\x0Fb��$��\\Z�d�\x0F$��\x03�~|�V�d�\x1D��޳�\x07�g����\x0E����\x06�΅�b��hxb�W��#����XO�\\'��m\x16\x11�ߎ\\'κ���^&xl�>��-\x81�\x0F\\'h\x0B\\'', '', '', '', '', '', '', '', '', '', '', '', '', '', 'active', 708, NULL), (':�pҠ\x03��ș��\\t�e�\x01�E��Y�\\0��\fd\x11\x0EnU8�\x15��T���B\x06�BF\x07\x16�颲��\x0E\f��\x10���D.t����`�aT&�\x13��|\\b*�͚&k���i�50*�\x04�\x03\x1F��X�b�t]���s���PBr����[c���u��1\\0���\\0P/���u\x02h�`\\0�^ɠԏA�i6i\x05�~\x10c5$1\x07q~�\x05��\x1C\\0��\x03��1��', '', '', '', '', '', '', '', '', '', '', '', '', '', 'active', 708, NULL), ('\x19Ԇ', '', '', '', '', '', '', '', '', '', '', '', '', '', 'active', 708, NULL), ('\x16[#��!\x04��\x10^�$�]�', '', '', '', '', '', '', '', '', '', '', '', '', '', 'active', 708, NULL), ('�\f�\x1B�eR8\x11', '', '', '', '', '', '', '', '', '', '', '', '', '', 'active', 708, NULL), ('���d\\Z/�5�G��ۙ�~/Ē�\\Z��MDA', '', '', '', '', '', '', '', '', '', '', '', '', '', 'active', 708, NULL), ('қ\x17v��\x0B���\\0Oofxz;��d���', '', '', '', '', '', '', '', '', '', '', '', '', '', 'active', 708, NULL), ('�0�Yo>�܍��S�\x04/pK\f\x06�*l2��\x12ۃ[[خ�|�\x07]���\x12pk\\0��se��M-�Ǔ�\x1Br ��\x0EF�4�\x13j������S[�Gʦ���;\x053\x016�{`k�\x7F\x0E���XUf�4�I=U�\x06�t7@�����VO���Tf���9\x01��N�\\\\U6�Iٔ*����\x16�r?�T\fm-��\x0E�|r����\\07��w��b\x11b�k��A��)�t\x11v�\\\\��\x15��t�s?��V^C���i�!^�\x0E��{r�\x03��^�N�4�v����!\x1E!7>�4w���\x0FA7�����A���o��b�u٥����\x05m\x1F;S<����\x02*�w�Ȕ\x1C�!c\\0� �1��V@)3����ݾ\\0K�\x03���E�\x165\x06\x05\x1C2��\x01�\x14P\x04�\\Z\x02\x1E4:\f�$��\x17��L��9��1\x07\x02x�\\0~�\x1C�\x1CH�\x10���\\b\x04��Nj��ל��\\'oaa/�!\x05�q�H��o@0.)�\x15x��', '', '', '', '', '', '', '', '', '', '', '', '', '', 'active', 708, NULL), ('\x14�ޟ\x11\x1D�@�˶8{���y��\x0F����\\t�!�NLU�f���A�oo�?�n�\f�C�~�+F9L��\x7F\x06A�', '', '', '', '', '', '', '', '', '', '', '', '', '', 'active', 708, NULL), ('��\x1DRaA@�oD��0�ro6�m7�~/7�H�7�\x12�R\x0E��\x12�Iv��@�F�+�ڷ�u>ި���Lo�x�\x0E��3\x7F��\x17�&-\x11�7�չ��\x18�vH!', '', '', '', '', '', '', '', '', '', '', '', '', '', 'active', 708, NULL), ('5�>]:\x18�sy�-�Q��', '', '', '', '', '', '', '', '', '', '', '', '', '', 'active', 708, NULL), ('3&��\x19p', '', '', '', '', '', '', '', '', '', '', '', '', '', 'active', 708, NULL), ('3��xN\x17�ŝb\\t��\x12�I!E��UHq', '', '', '', '', '', '', '', '', '', '', '', '', '', 'active', 708, NULL), ('���o�\x10���n_�g�*@VA\\0�4\\bp��H�\x15f�\x1CR0|���>P-��Eu�B���c�ꤰJ?�(�������J\x1D��הlyGT۠�:�#�m��\\b�\x7F�������>\x07��T:\x18V[���[��\\n\x7FT[��\x7F/_���JB�\x03|Cr��1�ɜVI��w�l��B�7C���\x10\x19\x01Ua\x06�A�D���\x1D�*w\\0*܁�0��\\n3�\x14f0)\x1E��dq�LB���dRN\x11&o�ԀI/(�L\x06�\x14e�iN\x04�M9��\x18�>\x07�d頖ڗ�4�ߡ\\Z\x1CU�ǣ�����\x07��@�%:VA,�|Q(�B�\x03VC��Uo\\'��\x1C���y�@ַ���lb}#\x13о\x15+����>&�L\x7F��W\x05\x01�� ��7\x05V�AqH�vs�\x17�\\0�x�\x17�%', '', '', '', '', '', '', '', '', '', '', '', '', '', 'active', 708, NULL), ('�\x19��%��ފ�|�\x060{�\\t�9�(�M�`nz+��O\x7F\x1F(�>\x07\x06s�`X`����M���\fUz�(��{�\x1C,�<�V�t@mȎP������R+R\x05�\x8C\\n�͌S�\x0EB�;\\b\x15�`S�Qa�\x19l\\n3�\x14\x0F邲�3(?�Z*s\\bZ�\x1E���D\x1B\x1CJt�����\\Z�.', '', '', '', '', '', '', '', '', '', '', '', '', '', 'active', 708, NULL), ('1(��������P�\x1C\\b����\f��\x1F�*ZU', '', '', '', '', '', '', '', '', '', '', '', '', '', 'active', 708, NULL), ('1\x18�!H_Uc\x0E=�ս~Ϸ�L�n�8��g�b�=����Y3�C<��\\Z����\x01}�;�xQFjhDH�A޶�w�����a�Nc\x18��M_O�٘', '', '', '', '', '', '', '', '', '', '', '', '', '', 'active', 708, NULL), ('�����', '', '', '', '', '', '', '', '', '', '', '', '', '', 'active', 708, NULL), ('\x03W=>�[cPpW�V�����}���\x06�\x0F\x037l$E����Z�\x0F;g,MgX55��\x07\x03�t0�������e4\x10�4��]�.W���jp\\'���#�M���\\Z�To���R\x05�B�\x04F\\'�)�\x0E<�;�\x14��L-�Rf�)�\x01�D!U�)��`�\fq?I!E��\x15R�j\\Z�;\fʠ��P6��x���\x1C@�s`P�\x0E�d��c�κ\x7F�\\\\�zsGs1J}@RY�?�4�y޶C�>|\x7F�Apȇ`\x1B�%U��\\t�%�?��+����~�j���ac�~�)ٿ?G�\x01�CG)\x06���>\x06��mH�\x15fp���צER\x16��?�d�*n�A�^UQ}��*\\r�l�����������\x04��\x7FAH#D�\x1E���@�W\\\\ �D�ܲ�M+�^q\x112�\x1F��bl�`Xo�b�ߙF���k��,�z\x0F��\x16J�K#�j�T��c�9\x1F�����\x17P�\x02T!8B��(��;�h��;��j(e\x06��\x1BLNtP՝2\\t��R�M:(�䭃\\Z0�%6�ɠ��-<��-�|��C��[\x05E��\x190&K\x07���62=\x0E_ocBx�\\r�\x02���n\x18 ��\x04R/�y�o�O�\x1E\x03\x15�� \x156\\\\1A��I�-)', '', '', '', '', '', '', '', '', '', '', '', '', '', 'active', 708, NULL), ('�\fx\x15�\x19�\x16\x0Ef���\\t���\x05^E� U�QZ��1*܁�r\x07��\x1Dd\\n��\f+3�\x14�(��9]L\x16w�$�\x12KL&�\x13a�V9\\r���\\r�d\x1491&��C0y��(�>\x03�d頖V�W��i����b���1H}<RZ�;�4�n>o���L\x11\x0BI\fP\\rWLJ��\x13TK\\n\x0B�Ns\x06���i���8\x0El}#���\x7F�d�g����\x01vg1\\0�oCJ�0\x03�p\x15��@\\t\x18�gxa\\\\�P���X�8ɚ�3�[�-kz~�G�U����M��\x07�Q֔��\x18�iB\x04�M���}\x0ElJ�tP@�M�x�!r�C�\x189\\\\\x13���\x01{�b�gSR^Cs�g\x02�]\x1CEW\\bi@r��q�o\x1F�\x06;!�dp��:^�3�}7mqr0iq}F�U��\f��e}q�{�P\fm\x18�!Ɨ��#C\\0�I\\bP�\x10��\x19\x14{��n�l��\x17��]\x10���~O�\x0FT\x15K\x10\\'\x1D\x14���A\\r �z\x1CR��\x0E�Aܴ \x02⦃�\x10�\x1C\x18ĥ��\\b9\\\\\x02cV�c���\x19�BP\x03\\\\�T\x06��\x1B����\x04���\x02�[�*�(��� \x15�\x18#+w\\0*�\x01�0c�', '', '', '', '', '', '', '', '', '', '', '', '', '', 'active', 708, NULL), ('��$�����A�@�k�v\x1Bj�\x16\x1E�6��\x15#6Dy�\x0E�Y&\\tn\\'\\Z��', '', '', '', '', '', '', '', '', '', '', '', '', '', 'active', 708, NULL), ('\x02z��J�A��>\x1Fv', '', '', '', '', '', '', '', '', '', '', '', '', '', 'active', 708, NULL), ('\x07�', '', '', '', '', '', '', '', '', '', '', '', '', '', 'active', 708, NULL), ('����\x063Y\\Z', '', '', '', '', '', '', '', '', '', '', '', '', '', 'active', 708, NULL), ('v�m�|���l��0��z3\x03U�\x03Q��*�\x01�0��', '', '', '', '', '', '', '', '', '', '', '', '', '', 'active', 708, NULL), ('3�\x14f`)��UZ�;�rU\\t�MJ��Nnsʵ�P\\tev����waM\x7F86��\\0\x13%T��qly@j��\x01Y\\Z�\x1D�+}���?6�\x1Cc�J�\x10�_\x0E��L����v\x04j�\x0F�S��b\x17�rP�\x13<K\x067�����>>��n�K�D�W\\\\?r )�Q\x7FY�;��\x03L\\'�`��?�\x80�D 5\x0B\x01\\\\�HJ��kH��S��{\x07��(�j\f�', '', '', '', '', '', '', '', '', '', '', '', '', '', 'active', 708, NULL), ('3\\b�fVH�;�T�(��\x1Dd', '', '', '', '', '', '', '', '', '', '', '', '', '', 'active', 708, NULL), ('3', '', '', '', '', '', '', '', '', '', '', '', '', '', 'active', 708, NULL), ('�0�La\x06��9]���S(!�X�2��\x1F\x15', '', '', '', '', '', '', '', '', '', '', '', '', '', 'active', 708, NULL), ('���\x1DyE\\b�;�ʧ�\x16\x07�M4���O[>B\x17����Ʒ��!��\x12�\x1B�I�j��\x1F\\\\z\x7F����\\0K!�\x01����SG�N�,��bi�)�|>Mř�\x04(�[`)��қ\x19��\x1DX*w`)܁�0\x03Ka\x06��', '', '', '', '', '', '', '', '', '', '', '', '', '', 'active', 708, NULL), ('#��', '', '', '', '', '', '', '', '', '', '', '', '', '', 'active', 708, NULL), ('\x02l�A\\0�o�/�(3��޶e��\x06�+&�c�\x10.A(�\x10S', '', '', '', '', '', '', '', '', '', '', '', '', '', 'active', 708, NULL), ('u�*�P\x10�Wa\x06�Z\x05%�Qy�\x02J�\x03N�~�f�)�Qy���\x011�\x17K�7\\t�\\b���\\'���|DiN7ۄ\x06��', '', '', '', '', '', '', '', '', '', '', '', '', '', 'active', 708, NULL), ('�&\\Z\x11��I�ر�1\x07VyK\x07�\x07�6쟜J��\x11N}<Ry�-�W������f�-w\x07;�7�+\x10J���̌V�Nh-W�Pn�.��\ff}#̡�䭀@�o�Jl\\bb�I>S�\x06�*\x06*�', '', '', '', '', '', '', '', '', '', '', '', '', '', 'active', 708, NULL), (':�\x1Eɢ>\x19齷o�\x0F���\x1FL���Z�\x7F�����B<��UoN���%3����\x0B��\x13��Β�M��\x06��b��B\\b\x04(��A)�\x01�r\x07��\x1DP\\n3�\x14f@)̀R<�\x0B��Π|�j�����\x12(k\x0B\x1B��/���a{(�{\x1B�\x12(���©eɡ\f\x19�\\r8m�[���(ۯ-OC��7�`d� ݑ<��IȬ���x�\x1BO�\\tߊfȢ/����\x19�=�5�?�s�������}�)~��74�\x06��6t��\x02~��C_\x19��]�g4�����2\x1B�1��\x1D\x01��Y�h�t', '', '', '', '', '', '', '', '', '', '', '', '', '', 'active', 708, NULL), ('B�^�<=��1]%OC��$�0\x1D\x0F�cL\x17�IQ`����f��ɮ�figɼ��\x03`u�����', '', '', '', '', '', '', '', '', '', '', '', '', '', 'active', 708, NULL), ('!�n1\\Z��&DH\x1C��C�]\x1F��Ua\x06�!\x01�]\x1D���zx\x17�%\x06���r�g�3}Ҭ����\x16㑲Wy\x10�K\x07�H9����u0{}������\x15\x01~��\x01.�G���;�tTUᏪ�{��h�Ú*42��\\Z�\x13P�7\x01�d�\x0B��$���\x1B;��<�\x17��:zyUf�9�2)w�9�2)wp��L�\f.��)<\x072�[�)�PG', '', '', '', '', '', '', '', '', '', '', '', '', '', 'active', 708, NULL), ('��\x15@�):DMmYr$}\x06��į\x0B��mSms)�����\x17�\x10�1�\x03f\x15\x11 �\x01\\b�A�������� ���>\\b��LX-),�:�\x19e5���g�CJ@nh�.�Vq��<�#�T���\\n�1q�� ��7�U�A�7ﯳ?[�&��c��k\\tBY��b��(g�gޣ��r���̳\f�\x04kvW�ބ�(g�2n�܄ �斧����tm~8��JC\x04�E�\x0E�P�EXy�V��#\x05D��\x01�-\x15�\x7F��S����\x16.�O', '', '', '', '', '', '', '', '', '', '', '', '', '', 'active', 708, NULL), ('F�B=��\x1Bn{"... 157318 more characters
2026-06-19T12:43:00: }
2026-06-19T13:13:29: Bulk insert error: Error: Data too long for column 'name' at row 3
2026-06-19T13:13:29:     at Packet.asError (D:\ACHME_COMUNICATION-main\backend\node_modules\mysql2\lib\packets\packet.js:788:17)
2026-06-19T13:13:29:     at Query.execute (D:\ACHME_COMUNICATION-main\backend\node_modules\mysql2\lib\commands\command.js:29:26)
2026-06-19T13:13:29:     at Connection.handlePacket (D:\ACHME_COMUNICATION-main\backend\node_modules\mysql2\lib\base\connection.js:552:34)
2026-06-19T13:13:29:     at PacketParser.onPacket (D:\ACHME_COMUNICATION-main\backend\node_modules\mysql2\lib\base\connection.js:102:12)
2026-06-19T13:13:29:     at PacketParser.executeStart (D:\ACHME_COMUNICATION-main\backend\node_modules\mysql2\lib\packet_parser.js:75:16)
2026-06-19T13:13:29:     at Socket.<anonymous> (D:\ACHME_COMUNICATION-main\backend\node_modules\mysql2\lib\base\connection.js:109:25)
2026-06-19T13:13:29:     at Socket.emit (node:events:509:20)
2026-06-19T13:13:29:     at addChunk (node:internal/streams/readable:568:12)
2026-06-19T13:13:29:     at readableAddChunkPushByteMode (node:internal/streams/readable:519:3)
2026-06-19T13:13:29:     at Readable.push (node:internal/streams/readable:399:5) {
2026-06-19T13:13:29:   code: 'ER_DATA_TOO_LONG',
2026-06-19T13:13:29:   errno: 1406,
2026-06-19T13:13:29:   sqlState: '22001',
2026-06-19T13:13:29:   sqlMessage: "Data too long for column 'name' at row 3",
2026-06-19T13:13:29:   sql: '\n' +
2026-06-19T13:13:29:     '        INSERT INTO clients \n' +
2026-06-19T13:13:29:     '        (name, company_name, email, phone, alternate_phone, contact_person, address, address_2, city, state, pincode, service, gst_number, notes, client_status, created_by, assigned_teammember_id)\n' +
2026-06-19T13:13:29:     "        VALUES ('?�9L�ҙ\x15�sbgٮ|�l!��\\ZUSh9i�b�r:y_dl��D��\x13�|-N��R4\x12�2�G�%��\x7FZ�4�˝y�7\\të��ɂ�\x1F��\x01\\0\\0��\x03\\0PK\x03\x04\x14\\0\x06\\0\\b\\0\\0\\0!\\0x��`�\x02\\0\\0\x10\x06\\0\\0\x0F\\0\\0\\0xl/workbook.xml�Tmo�0\x10�>i���w', '', '', '', '', '', '', '', '', '', '', '', '', '', 'active', 708, NULL), ('&\\t[QI��D��N���I�*\x07�`���6M���}g\\bi�|�Z\x046������M)�\x03ӆ+�`r\x14`�d�r.W\\t���z�12�ʜ', '', '', '', '', '', '', '', '', '', '', '', '', '', 'active', 708, NULL), ('%Y�\x1F���ï_N�J�/��G\\0 M�\x0Bk���MV���#U1\\t���%���+�T���\x14��R�a\x10D~I��-B�߃��K��TeuɤmA4\x13�\x02}S��the�\x1E������2UV\\0�����\x06\x14�2�g+�4]\\bp{C\x06h���!\x01\faw\x12�\x0E�*y��QK{\x04�~K��\x7F\x12���`s\x18��!�}�\x1E��᎕�>�*�aE/`$�4\\Z\x01i5Z�!x\x1FD\x1B츅xx��ݴ�E��~��eJ`$����[�\\'�\x1B', '', '', '', '', '', '՚�m�:��\\0k/\\b�\\b�Ý�/4�ْ��^��;x��(:\x0E\x07�K\x10�HX�%�l��\x05\x1Dn����\\Z�q�@��7�[s͠�@_�+�4���\\\\P[�Z�\x04����\x01������h���\x14', '', '', '', '', '', '', '', 'active', 708, NULL), ('l�J���\f�C�4s\x0E��q˪}\x7F�=��q��\x0B�\x11��ҟ��K�\\0\x19���ۂ�A�I�Nf:&wO�I0', '', '', '', '', '', '', '', '', '', '', '', '', '', 'active', 708, NULL), ('\x07���O{#�\x1FM���0�y�\x01�LƓ�l2M��\x19\x1Dř��-��v�\\t�Cf\x0FL�t�YH\x10�<\x7F��\x14l/��o����\x1Cvm톳�y��[��-��Z\\'�#\x01�����1���\x16\\t\x0E{�\\0ʧ�����\\0�$�M��c��=Fi�h', '', '', '', '', '', '', '', '', '', '', '', '', '', 'active', 708, NULL), ('��=F�+JM\x03\x05j͌d#�K�T\\ttj77A�H��\f=�I���\fD�&�a�\x18�f>�\x07\\0\\0��\x03\\0PK\x03\x04\x14\\0\x06\\0\\b\\0\\0\\0!\\0�>���\\0\\0\\0�\x02\\0\\0\\Z\\0\\b\x01xl/_rels/workbook.xml.rels �\x04\x01(�\\0\x01\\0\\0\\0\\0\\0\\0\\0\\0\\0\\0\\0\\0\\0\\0\\0\\0\\0\\0\\0\\0\\0\\0\\0\\0\\0\\0\\0\\0\\0\\0\\0\\0\\0\\0\\0\\0\\0\\0\\0\\0\\0\\0\\0\\0\\0\\0\\0\\0\\0\\0\\0\\0\\0\\0\\0\\0\\0\\0\\0\\0\\0\\0\\0\\0\\0\\0\\0\\0\\0\\0\\0\\0\\0\\0\\0\\0\\0\\0\\0\\0\\0\\0\\0\\0\\0\\0\\0\\0\\0\\0\\0\\0\\0\\0\\0\\0\\0\\0\\0\\0\\0\\0\\0\\0\\0\\0\\0\\0\\0\\0\\0\\0\\0\\0\\0\\0\\0\\0\\0\\0\\0\\0\\0\\0\\0\\0\\0\\0\\0\\0\\0\\0\\0\\0\\0\\0\\0\\0\\0\\0\\0\\0\\0\\0\\0\\0\\0\\0\\0\\0\\0\\0\\0\\0\\0\\0\\0\\0\\0\\0\\0\\0\\0\\0\\0\\0\\0\\0\\0\\0\\0\\0\\0\\0\\0\\0\\0\\0\\0\\0\\0\\0\\0\\0\\0\\0\\0\\0\\0\\0\\0\\0\\0\\0\\0\\0\\0\\0\\0\\0\\0\\0\\0\\0\\0\\0\\0\\0\\0\\0\\0\\0\\0\\0\\0\\0\\0\\0\\0\\0\\0\\0\\0\\0\\0\\0\\0\\0\\0\\0\\0\\0\\0\\0\\0\\0\\0\\0\\0\\0\\0\\0\\0\\0\\0\\0\\0\\0\\0\\0\\0\\0\\0\\0\\0\\0�RMK�0\x10�\x0B��0w�v\x15\x11�t/�U�\x0F\\bɴ)�&!3~��\x1B*�]X�K/\x03o�y���v�5\x0E�\x03\x13��+��\x12\x04z\x13l�;\x05o���\x03\\bb��\x1E�G\x05\x13\x12����\x0B\x0E�s\x13�>��,�\x148��(%\x19���D��҆4j�0u2js�\x1D�MY�˴���S쭂��� �)f���C��\x06��y\x1F��\x19\\tI<', '', '', '', '', '', '', '', '', '', '', '', '', '', 'active', 708, NULL), ('y\\0���!+��E�\\b��fMy�k���\f�\x1C�K\x1E�5=|�t ��G\x1F\x7F)�s墙�U��tB��)���', '', '', '', '', '', '���f�����\\0\\0\\0��\x03\\0PK\x03\x04\x14\\0\x06\\0\\b\\0\\0\\0!\\0��C�[�\f\\0��X\\0\x18\\0\\0\\0xl/worksheets/sheet1.xml��]��Fҥ�7b�����\x17\x01�a�\x1B-���9\x1E�&A�N#�Ǌ�$�$�Gl�\x7F�', '', '', '', '', '', '', '', 'active', 708, NULL), ('��{�1�\x19�9˿�su�T�r�����!��ە���y��cz���\x07��ݵч\x13-��i��S�\x0F����!y��k�\x0F\\'[�_�m�p����O\x18�a��˼KGW��F��;����\\Zwj����_?��0��?��5�0��e�&\x1C�0m��_���0m�?\x06�\\'���;Q\\\\~(�����y������~��퟿���_Ϥ', '', '', '', '', '', '��\x7F�����ɿq=�\x1F�r9���?��\x0B��n�_��.\x0E_�����eQ~���RT��F/}��gA�', '', '', '', '', '', '', '', 'active', 708, NULL), ('ۼ���c�ױ65����i��w�6\x0Bls\x1FiS-����~T��H�2�~\x1Ecmrl���)��\x0F�6j.ֱ6j.�\x12k����X\x1B5\x17\x7F��Qs�&�F��&�F��66_j�\x7F��Q㼋�Q㼏�Q���ڨq>�ڨq>�ڨq>�ڨq���Z]F���\x10�\x7F', '', '', '', '', '', '', '', '', '', '', '', '', '', 'active', 708, NULL), ('�g\\b~', '', '', '', '', '', '', '', '', '', '', '', '', '', 'active', 708, NULL), ('�o@�a��y�Ue���|ٛ�r]���J��D:�(��z�;.�y���|�f��%�+�oN5�*\x15�;�VV\x17���>��N���nˮ[��\x10��t\x1E��*�S\\'�\x0F�_\x15��\x0E�4��M�\x19�4�}�y\x1FoV�2>��$��Q�!�m�m\x1B��\x19�\x13q�1�=ql��@lGb;���\x1D��^*�G��\x04x�\x13-\\tOoN�#����Ix\\\\�\f\x1E�V\f�0�����Ǟ�u�\f�ԙ�\x10v�i', '', '', '', '', '', '', '', '', '', '', '', '', '', 'active', 708, NULL), (';R�U�i��z���r9��b�\x0E�5S�M3\x15�4S}�k�\\Z�q\x13�(ˢ��U�m���\x05�u9[�b�c��1�6l�~!\x0F�v\fmM��Ju��������\x167�t��[\x7Ff$q��\\t�$R\x12��1��K��6�Ue�:��è\\Z���x�', '', '', '', '', '', '', '', '', '', '', '', '', '', 'active', 708, NULL), ('����#�[�~��\x1Fz�x�', '', '', '', '', '', '', '', '', '', '', '', '', '', 'active', 708, NULL), ('�4W�Ms\x15�4W}�k��m�m\x1B�\fK�q�\x1C�ı%�\x03�\x1D��D����w��ȝ�\x04x��H�ӛ\x13�H�$<�c\x12\x1E�$�gH+\x02O\x18U��w��#����?��\\Z��Wߩ�~\\Z��o�=�f�*n��[c\x14�4F�Mc�G�\x16��\x1C7Т���jx��\\0�R\x7F\x02㼚�ex���w�����ڰ��Z�v\fme��jULOd�no{o\x0B�<X�\\0^�wXj�_�f��\x174\x1B}�%����_��g���v�d���2��P��}\x18U�~}��\x1B/[��z$���Q_\x15�~�\x15�i� \x19u�?�FM\\\\\x1F�L\\\\Qd���\x15˥�UxC��\x10�6���E\x1Cw�qO\x1C[b;\x10ۑ�Nd\x02d9̟�n�*�ɒG�\x13�i8?�9��DJ��;&�qI2~|Z1~¨���ߡrՋ�r�n��\x1F�\\'\\rTؓ�c��\x06���u�̋Y�o�Bo�\x15���\\n�\\Z�>�X�&��\x16r�:��}\x16�P��\x13\x18\x17�)\\r;�\x1F�n�\x06�b\x11�1��u3+�ܜ�����޶b9�D�B��\\t.8q�9A�DJ\x12�;&�sI2�|ZY��\x0B��0�!��7^��Q��H\x1CW��\x06���W��O�\x05�h�B�F�\x0Fx-Z$�\\r�mC��X�q�\x1C�ı%�\x03�\x1D��D&���w��8����,9?�9��DJ��;&�qI2~|Z1~¨���_�P����(Y��\x0Bz�@�=��\x7F\x15:j�z���N���\x07-��[c\x05)i�B�ƪ\x0F{-V�In�\x16u�7��^\\b\x0B[\x18�BcSV�Fݹ��~̻', '', '', '', '', '', '', '', '', '', '', '', '', '', 'active', 708, NULL), ('\x1B�ElG�Z�S[5\x01\\'29����E�IQ&0\\'��Z��������\x04u.X\x12;��˔�7���B�r\x0F�', '', '', '', '', '', '', '', '', '', '', '', '', '', 'active', 708, NULL), ('z��x�BW5��u\x05��6�\x19�_�IÌ4j`5��n�_�\\\\\x0B\x1B�qÌ[0\\ZƘ뎺�kˌ\x07f<2�͆�\\Z�c\\Za�-:__�D�����)�$X���5�V�<�^(\x1Er��\x15F�l�]�l\x15�Y�����휸>S\x1E�UN�a�M+>B_\x03X��\x03�hd��Y^J��\\tkH�\x10\x079\\Z�B�!���j�$��3<', '', '', '', '', '', '-����\\'y�m��\x19Z���-�8�h\x07��\x0EZh�k\x1E3\x1E�XT�r�0\x8Ep���\\t�É�\x1F�85�\x146��Ce�R�s�:�@^�*�W.��\x147�-\x10q\x14\\Z��.UZ�\x06\x19GU���{\f����w�(|��~��\\\\W\x18U?�����G\x04\x05\x7F�~\x15�?��p�����p�˦��r����a�-\x18m�c�\x0E�gQ[f<0�\x19O0�����é', '', '', '', '', '', '', '', 'active', 708, NULL), ('��\\Z:0�\x0E\x123��V�Y\x1Fz(w���f��Υ\x177��-3ui�E��oa���A};G��`�����T�0�2\x1E����F�ұY���{8��\x14���C��K�+nN�(?�Z�\x1C��\x17Z��}��g���R���\\'��s-��w�\x17�\f~��~��A�����*꺂�梓�\x0F��i����5fh5��AC�\x16Ţ�GP�L���G\x17��\x1Bf܂��6r�;�gQ[f<0�\x19Ol6\x04��\x1EĽ�2\x05.�\\b1p\x05��\\b\\\\�ʹ�\x0BT!\x11����dm��E�\\nCkQ���(\f�e�,��\x02��ǃ�0��i���B_�\x1B�\x1B�e���Z.�R=�J\x18� 3C]h5�����n<Ս\x1FU��Wey5�+�[�F)G�:/���\x1C$�\x06d?�A\x0BML�\x0B{7\x15/4���&.��\x1B�-�r8����[\x05��E�ET\x16/共s�3/�r����(]�^{ߡ�\x15�t�s�t\x05�w�gM��wn�Жʾk\x7F�;[f�\x03�,S?=\x0Fx\x18��fؗ�n\x05�\x06�P�P,KYHP���o���5L�V�d\x1F��dSeE��d=EK��T��E3�@����V�m�����hT�hz�\x15h�B����\x7F\x0B-\f�Ls\x02�\x0By��.\x15Nl��Ɣ�$w+�\x13hT�\x13C�W�t��h�^�`�F\x10�\x14��a1?Y#\x07\\tJ��0����:q\x01\\nY\x1B���\\n\x0E��Gd\x0Fk�4�AF\x06��j��^�\x1D�qӝ;���:��`���~w�uϢ��x`�#3��l\\b\\\\)��{�y\\n\\\\Jgb��B�\x04\\\\�B�-u�5��5��\\'�\\Z�&�\x06�:���q����k\x7F�XϚ9�H�\x1F��a�_��nD��Yun�0\\r�%\x14A̳�����\x02�B�\x05z/\ft����\x0F}5t��n�8�尮*�x4�X\\0Ck#�mS��\x1E�G�[h`*]ط�����ea\x1E��y\x12\x1C�S�\\\\y���\\t�N�V\f�^���1\\\\�8�t%��\x02H�8�Wb8��m��N�:���G\\\\Wnǅˏ���(&��j�\x1D�d�\x0B���>��ܑ\x1C7.G�\x17�>�قѲF\\\\w�uϢ��x`�#3��l\\b])}��<c\x02]�\x1C��5]�޿�c�$]�����M��u�ҷ�}r�׭�І.��p_7��(\x1E��H\x01���\\n੯,���Yr/�.\x15Uk���aZ\\Z9�j�|�k�\x1B�t\x03M��G���[hb_��U\x1F�h��7H��\x1E\x13����B\x17;f<�1�\\Z)�(ym;�hq{�L�Q)Z\f�^�\x12�u.\x18�\x11$-��u�R\\Z}rQ\\ZA�\x17\x16|��Z�Yk�B5���\x15x\\Z�B]��\\\\���\x0E��`Ǵ+�@�Ǝ��}�+\x1D\x18-j��\x1Duݳ�-3\x1E��Ȍ\\'6\x1B�VJ���g�\x96R�\x18��=El�\x0BU\x16�:RRqU4]�u����E�S�{w��ۺn\x14��', '', '', '', '', '', '', '', '', '', '', '', '', '', 'active', 708, NULL), ('�l�/�W\x1F�A>@_z��\x11�R72+p5��*�e�', '', '', '', '', '', '���T0/�\\\\�jJ�ҩ�<����c\x15�t\x03M��GY#�\x0FB��F/���\x10=A���h\x07��\x0EZhb�\x1DQ�\x1C���/��B��\\t�C�.H�d,n�)H*\x19�A��X\x12�.�UX$Q�b\x1Ecv��r7,������9\x13$C!���\x07p�\x04\x12�\x15�\\Z\x02�pb\\r����8\\Z��x�\x0F������}%�\x1D�^�\\Z\x1Es݁�,\x160ז\x19\x0F�xd�\x13�\\r�+%Rq\x1B\\nN�K�T\f\\\\�HŮع`�Z��|��hE�%\x07-@�ޝE*Y�\x1FcBh{g\x17�T��Y��ԵJ�\x1B�s�T�hp5��j�R�m�`��n��5�\x1BΨ^\x05\\\\M�Sz��\\Z7���\x0FC?\\rU���mU�[hb�1�\x18�,L\x17�\x04�Q�=&\x10�o��)pD:s\x04�e-Oe��K6Q�`J��v圂���\x18\x04\x03)K\x04APZ����/9���$�g)K\x04�0�E0����\x06Y\x1B���ʍ��7��Gd\x12k�4�AF���V�]\x1F���Fr�t�N��%\x18-k��\x1Duݳ�-3\x1E��Ȍ\\'6\x1B\x02WJ�����\x02׈E�#�\x14\x17��7��$R��\x14)>x\x1E{�\x15B[�@E2�\x17�G����Z�/��c7��w�t�\x0BG��\x06', '', '', '', '', '', '', '', 'active', 708, NULL), ('�B~B+�d', '', '', '', '', '', '', '', '', '', '', '', '', '', 'active', 708, NULL), ('�', '', '', '', '', '', '', '', '', '', '', '', '', '', 'active', 708, NULL), ('sT�\x02���i�\x14\x7F��z��\x06�Բ��Ԛhlbn�`4\\ZY;5wsT���G�[haj\x1DS��g9���\x06xl��Ɣ�m�<��\x11E�t�h��\x14�~�2�H�\x1D�i���n\x14\x06�L�\x03W\x03\x1FS��~ӥ�)R��`G\x15)�j���H�\x03\x13�D3�\x16���1E', '', '', '', '', '', '', '', '', '', '', '', '', '', 'active', 708, NULL), ('uݳ�-3\x1E��Ȍ\\'6\x1B\x02WJ�R������9_���\x14\x17���\x11EJ�*}N2(R�~��\x1EB�R\x17*R\\Zyݧ', '', '', '', '', '', '', '', '', '', '', '', '', '', 'active', 708, NULL), ('7mӛ��a�K�G��\x7Ff�K\x1D����\x07���j�uZc���\x06:��\\\\_2E�\x0F}��e��(b�n�`Dc�07�[hb\x01\fc��\f��=���1�uo���tL�\x02��CYS� �|&kAJ1M��9�T��\x11\\ZG\x04)]���A�\x12��\\nR|׉E:����\x04)x�\x06>&H\x01W�\x1D\x15����u�\x04)~d\x12��\\tR�Ӣ�\x04)�u�Rj����Gf<�ِZ�\x12���+M�uҜ���\\tA�\x0B����&/$�T�\x0E� E�^T��=�6��w}V_��A�\x7Fz�\x0E�2������\\n���/��\x1F��F�3}V��\x03\\r\x1D���u`�����ֺ�L7Ф^\x16��\\n��&\x06@��\x1EV�\\\\��\x1D�ߏ���BW;f<b�y�ۗ]�L���)MJ9M��9�T��\x11 G4)]�\x14�A�\x12\x03�jR|��r\x07Y[��(\x05\\\\��H?���R�\x06WC\x1EU���!���j�*�\x1D�\x16��6�J��{\x16�e�\x033\x1E���fC�J�R�i�\x14i�颪\x14\x17��5�J�R�t', '', '', '', '', '', '', '', '', '', '', '', '', '', 'active', 708, NULL), ('�����U:\\bm�]�\x10��r�˦\x85��MX\x1E}f�Zj�%�.��\x07��\x1F\\bV�B�^�_C\x07\x064\x18SS�\x14Ň�\\Z�P���2����~�3-tت�UK�`�oǊ>H�8�\x02��Q�\x16Z�\x12�t(�)�\x1D�\x16�m:6Q�`J�RN��Hs� ���`��\x11\x19J�*ep���\x18�2\x14�u�\x85��?&C�\x03��1\x1D', '', '', '', '', '', '', '', '', '', '', '', '', '', 'active', 708, NULL), ('�\\Z�\x0E\x05\\\\M��^', '', '', '', '', '', '', '', '', '', '', '', '', '', 'active', 708, NULL), ('\x1Eӡ�a��P�h+\x1C�wG]�', '', '', '', '', '', 'jˌ\x07f<2�͆Еҡ��t(Ҝ�Eu(.\x18�kD�ҥJ�\\Zt(Yݨ߮{\\bm+\\\\�C���\x13\x0F�^��\x01�Y�\x85G��漫?�F���3uk�m8�:\x14p5�Mӡ�g��&y1�k���\x16���9���HO�Kt���x\x07-415�IQ��h��\x0E��&K0LiQ�iZ\x14i�1�Z\x14\x17�`8�E�R�\x18\x0EZ�\x18�T��N\x149\x10�\x18\x04�\x16\x05\x0E�\x10ȴ(�iأZ\x14p5�MӢ���?�d�-\x18m�cZ\x14�gQ[f<0�\x19Ol6\x04��\x16���E��\\0�z����S\x0F-�\x16���\x1FZ���K��5$W��\x01/��sZ�����ku�\x17��_?\x12}\x04\x7F���BW��\x07�ٟ��L��U����`F�\\'�j03�\x13�X�\x11\x11��g�\x1F0�\x19Mt\x03-r�]��Kr��T8\x10��v���/R�\\tv\x1F렅&��1\x01\\nx\x16�:�의���M��R����(Ҝ�H�(.\x18)vj\x7F\x14��\\Z�\\\\�G�F�F!�F��-�L���\\ZE�F\x01OC!U����ШQ8�$Ǎ\x1F��\\r]�i�\x1DS�@���\x02\x16�e�\x033\x1E���fC�J�Q�ij\x14i��j\x14\x17����(\x06�aS�����\\\\Y-�\\r]\x18��Ѕj�B\x1EF��\x0E}Zx\\t��?��؍�\\0�Y��4�\\n](����{\\Z�\x19�\\Zb\x1B�\\Z\x05\\\\\\rt}��)\\n�n4Ӎ\x1F\x07_�eKys���&\x16�0Ʋ��v�;�\x07k̿�\x16��1=\\nF^ʭ�\\Z�\x13�(�q8��\x1E���G��G�Gq�\\b�J�bx\x1CV��<\x0E��x�z�n\x14��.t��1=\\n\x1C�]�cz\x14p5�Q=\\n�\\Z��\x1E��Gr��aKT������(Я�vĵe)\x1D��Ȍ\\'6\x1BBWJ�RMӣHsJ��\\'n�\\\\�4]�7ykץ�n��ɕ�ޝ�\x1EB�j���\x1FE|�\x17���Tg�#��[�\x15���I�ٟ�ղ�\x15)\x15z\\r�\\Z3\x1CQ�<\x07V��\x0F}m}\x1B�t\x03Mjy�˼i��&\x069�`���B���G�[h��\x1B3\x1E1r�X��Nl��\x03�)\x05J5M��9�T��\x11\x04�\x02E\x17�.U���\\\\\fA�@�]�\x1F]B�\x16?�@AW�\x1F\x11a��ӀG\x05(�j�3\x02\x14Z����\x1F]2�\x16�\x166&@��{\x16�e�\x033\x1E���fC�J\\tP�i\x02\x14i��\x02\x14\x17���\x04(\x06�a\x01?u�xN�', '', '', '', '', '', '', '', 'active', 708, NULL), ('E�s\x10�', '', '', '', '', '', '', '', '', '', '', '', '', '', 'active', 708, NULL), ('�\x05# *\x15�\x01qX�O�8$\x17\x03��P�QH��A�\x16B�BAW� \x13������P���gD(��1\x11�\x1F��]\x1C\x18m�c\x14�gQ[f<0�\x19Ol6\x04��\\b��&B��\x1C.*Bq�\\b\\\\J�b�\\ZV�p\\r�\\t\\\\ꤺ�жʅ\x14yR�e�\x1Bt��\x07�K\x7F���\x1B�����i\x0B\x05\x10S���_�o���\x14p5�\x19A\\ngn4Ӎ\x1F\x06?%M)�\\ru\x7F��&��A\f�k*�\x1C����\\Z�o��)vL�\x02��3���D\\t�)1J5M��9�T��\x11\x1C�\x18��8��\\'q\x1C���H�(�($k\x1D�Q�+t�u\x05\x07��(�3Z*��i��b\x14p5�\x191\\n玈F6�\\0�`����Q��Em����Gf<��\x10�Rb�j�\x18E�s���(.\x18�Km�b�\\Z\x16�p\\rɉ\x0EB��Ah[����\x0B�r�7P�����0J%[y�F4Y��U�:\x10Zd�', '', '', '', '', '', '�O\x06�\x1B�5\x1C����T���7M��\x0F�״��7غ�7�*��dlb* �Q��~ydG���j�[ha* S��g�̌����L M)T�i', '', '', '', '', '', '', '', 'active', 708, NULL), ('\x15i�!�', '', '', '', '', '', '', '', '', '', '', '', '', '', 'active', 708, NULL), ('\x15\x17�@:�P�R��4��b�R���:�L3t�L2�', ''"... 525152 more characters
2026-06-19T13:13:29: }
2026-06-19T13:13:29: Import global error, transaction rolled back: Error: Data too long for column 'name' at row 3
2026-06-19T13:13:29:     at Packet.asError (D:\ACHME_COMUNICATION-main\backend\node_modules\mysql2\lib\packets\packet.js:788:17)
2026-06-19T13:13:29:     at Query.execute (D:\ACHME_COMUNICATION-main\backend\node_modules\mysql2\lib\commands\command.js:29:26)
2026-06-19T13:13:29:     at Connection.handlePacket (D:\ACHME_COMUNICATION-main\backend\node_modules\mysql2\lib\base\connection.js:552:34)
2026-06-19T13:13:29:     at PacketParser.onPacket (D:\ACHME_COMUNICATION-main\backend\node_modules\mysql2\lib\base\connection.js:102:12)
2026-06-19T13:13:29:     at PacketParser.executeStart (D:\ACHME_COMUNICATION-main\backend\node_modules\mysql2\lib\packet_parser.js:75:16)
2026-06-19T13:13:29:     at Socket.<anonymous> (D:\ACHME_COMUNICATION-main\backend\node_modules\mysql2\lib\base\connection.js:109:25)
2026-06-19T13:13:29:     at Socket.emit (node:events:509:20)
2026-06-19T13:13:29:     at addChunk (node:internal/streams/readable:568:12)
2026-06-19T13:13:29:     at readableAddChunkPushByteMode (node:internal/streams/readable:519:3)
2026-06-19T13:13:29:     at Readable.push (node:internal/streams/readable:399:5) {
2026-06-19T13:13:29:   code: 'ER_DATA_TOO_LONG',
2026-06-19T13:13:29:   errno: 1406,
2026-06-19T13:13:29:   sqlState: '22001',
2026-06-19T13:13:29:   sqlMessage: "Data too long for column 'name' at row 3",
2026-06-19T13:13:29:   sql: '\n' +
2026-06-19T13:13:29:     '        INSERT INTO clients \n' +
2026-06-19T13:13:29:     '        (name, company_name, email, phone, alternate_phone, contact_person, address, address_2, city, state, pincode, service, gst_number, notes, client_status, created_by, assigned_teammember_id)\n' +
2026-06-19T13:13:29:     "        VALUES ('?�9L�ҙ\x15�sbgٮ|�l!��\\ZUSh9i�b�r:y_dl��D��\x13�|-N��R4\x12�2�G�%��\x7FZ�4�˝y�7\\të��ɂ�\x1F��\x01\\0\\0��\x03\\0PK\x03\x04\x14\\0\x06\\0\\b\\0\\0\\0!\\0x��`�\x02\\0\\0\x10\x06\\0\\0\x0F\\0\\0\\0xl/workbook.xml�Tmo�0\x10�>i���w', '', '', '', '', '', '', '', '', '', '', '', '', '', 'active', 708, NULL), ('&\\t[QI��D��N���I�*\x07�`���6M���}g\\bi�|�Z\x046������M)�\x03ӆ+�`r\x14`�d�r.W\\t���z�12�ʜ', '', '', '', '', '', '', '', '', '', '', '', '', '', 'active', 708, NULL), ('%Y�\x1F���ï_N�J�/��G\\0 M�\x0Bk���MV���#U1\\t���%���+�T���\x14��R�a\x10D~I��-B�߃��K��TeuɤmA4\x13�\x02}S��the�\x1E������2UV\\0�����\x06\x14�2�g+�4]\\bp{C\x06h���!\x01\faw\x12�\x0E�*y��QK{\x04�~K��\x7F\x12���`s\x18��!�}�\x1E��᎕�>�*�aE/`$�4\\Z\x01i5Z�!x\x1FD\x1B츅xx��ݴ�E��~��eJ`$����[�\\'�\x1B', '', '', '', '', '', '՚�m�:��\\0k/\\b�\\b�Ý�/4�ْ��^��;x��(:\x0E\x07�K\x10�HX�%�l��\x05\x1Dn����\\Z�q�@��7�[s͠�@_�+�4���\\\\P[�Z�\x04����\x01������h���\x14', '', '', '', '', '', '', '', 'active', 708, NULL), ('l�J���\f�C�4s\x0E��q˪}\x7F�=��q��\x0B�\x11��ҟ��K�\\0\x19���ۂ�A�I�Nf:&wO�I0', '', '', '', '', '', '', '', '', '', '', '', '', '', 'active', 708, NULL), ('\x07���O{#�\x1FM���0�y�\x01�LƓ�l2M��\x19\x1Dř��-��v�\\t�Cf\x0FL�t�YH\x10�<\x7F��\x14l/��o����\x1Cvm톳�y��[��-��Z\\'�#\x01�����1���\x16\\t\x0E{�\\0ʧ�����\\0�$�M��c��=Fi�h', '', '', '', '', '', '', '', '', '', '', '', '', '', 'active', 708, NULL), ('��=F�+JM\x03\x05j͌d#�K�T\\ttj77A�H��\f=�I���\fD�&�a�\x18�f>�\x07\\0\\0��\x03\\0PK\x03\x04\x14\\0\x06\\0\\b\\0\\0\\0!\\0�>���\\0\\0\\0�\x02\\0\\0\\Z\\0\\b\x01xl/_rels/workbook.xml.rels �\x04\x01(�\\0\x01\\0\\0\\0\\0\\0\\0\\0\\0\\0\\0\\0\\0\\0\\0\\0\\0\\0\\0\\0\\0\\0\\0\\0\\0\\0\\0\\0\\0\\0\\0\\0\\0\\0\\0\\0\\0\\0\\0\\0\\0\\0\\0\\0\\0\\0\\0\\0\\0\\0\\0\\0\\0\\0\\0\\0\\0\\0\\0\\0\\0\\0\\0\\0\\0\\0\\0\\0\\0\\0\\0\\0\\0\\0\\0\\0\\0\\0\\0\\0\\0\\0\\0\\0\\0\\0\\0\\0\\0\\0\\0\\0\\0\\0\\0\\0\\0\\0\\0\\0\\0\\0\\0\\0\\0\\0\\0\\0\\0\\0\\0\\0\\0\\0\\0\\0\\0\\0\\0\\0\\0\\0\\0\\0\\0\\0\\0\\0\\0\\0\\0\\0\\0\\0\\0\\0\\0\\0\\0\\0\\0\\0\\0\\0\\0\\0\\0\\0\\0\\0\\0\\0\\0\\0\\0\\0\\0\\0\\0\\0\\0\\0\\0\\0\\0\\0\\0\\0\\0\\0\\0\\0\\0\\0\\0\\0\\0\\0\\0\\0\\0\\0\\0\\0\\0\\0\\0\\0\\0\\0\\0\\0\\0\\0\\0\\0\\0\\0\\0\\0\\0\\0\\0\\0\\0\\0\\0\\0\\0\\0\\0\\0\\0\\0\\0\\0\\0\\0\\0\\0\\0\\0\\0\\0\\0\\0\\0\\0\\0\\0\\0\\0\\0\\0\\0\\0\\0\\0\\0\\0\\0\\0\\0\\0\\0\\0\\0\\0\\0\\0\\0\\0\\0\\0\\0\\0\\0�RMK�0\x10�\x0B��0w�v\x15\x11�t/�U�\x0F\\bɴ)�&!3~��\x1B*�]X�K/\x03o�y���v�5\x0E�\x03\x13��+��\x12\x04z\x13l�;\x05o���\x03\\bb��\x1E�G\x05\x13\x12����\x0B\x0E�s\x13�>��,�\x148��(%\x19���D��҆4j�0u2js�\x1D�MY�˴���S쭂��� �)f���C��\x06��y\x1F��\x19\\tI<', '', '', '', '', '', '', '', '', '', '', '', '', '', 'active', 708, NULL), ('y\\0���!+��E�\\b��fMy�k���\f�\x1C�K\x1E�5=|�t ��G\x1F\x7F)�s墙�U��tB��)���', '', '', '', '', '', '���f�����\\0\\0\\0��\x03\\0PK\x03\x04\x14\\0\x06\\0\\b\\0\\0\\0!\\0��C�[�\f\\0��X\\0\x18\\0\\0\\0xl/worksheets/sheet1.xml��]��Fҥ�7b�����\x17\x01�a�\x1B-���9\x1E�&A�N#�Ǌ�$�$�Gl�\x7F�', '', '', '', '', '', '', '', 'active', 708, NULL), ('��{�1�\x19�9˿�su�T�r�����!��ە���y��cz���\x07��ݵч\x13-��i��S�\x0F����!y��k�\x0F\\'[�_�m�p����O\x18�a��˼KGW��F��;����\\Zwj����_?��0��?��5�0��e�&\x1C�0m��_���0m�?\x06�\\'���;Q\\\\~(�����y������~��퟿���_Ϥ', '', '', '', '', '', '��\x7F�����ɿq=�\x1F�r9���?��\x0B��n�_��.\x0E_�����eQ~���RT��F/}��gA�', '', '', '', '', '', '', '', 'active', 708, NULL), ('ۼ���c�ױ65����i��w�6\x0Bls\x1FiS-����~T��H�2�~\x1Ecmrl���)��\x0F�6j.ֱ6j.�\x12k����X\x1B5\x17\x7F��Qs�&�F��&�F��66_j�\x7F��Q㼋�Q㼏�Q���ڨq>�ڨq>�ڨq>�ڨq���Z]F���\x10�\x7F', '', '', '', '', '', '', '', '', '', '', '', '', '', 'active', 708, NULL), ('�g\\b~', '', '', '', '', '', '', '', '', '', '', '', '', '', 'active', 708, NULL), ('�o@�a��y�Ue���|ٛ�r]���J��D:�(��z�;.�y���|�f��%�+�oN5�*\x15�;�VV\x17���>��N���nˮ[��\x10��t\x1E��*�S\\'�\x0F�_\x15��\x0E�4��M�\x19�4�}�y\x1FoV�2>��$��Q�!�m�m\x1B��\x19�\x13q�1�=ql��@lGb;���\x1D��^*�G��\x04x�\x13-\\tOoN�#����Ix\\\\�\f\x1E�V\f�0�����Ǟ�u�\f�ԙ�\x10v�i', '', '', '', '', '', '', '', '', '', '', '', '', '', 'active', 708, NULL), (';R�U�i��z���r9��b�\x0E�5S�M3\x15�4S}�k�\\Z�q\x13�(ˢ��U�m���\x05�u9[�b�c��1�6l�~!\x0F�v\fmM��Ju��������\x167�t��[\x7Ff$q��\\t�$R\x12��1��K��6�Ue�:��è\\Z���x�', '', '', '', '', '', '', '', '', '', '', '', '', '', 'active', 708, NULL), ('����#�[�~��\x1Fz�x�', '', '', '', '', '', '', '', '', '', '', '', '', '', 'active', 708, NULL), ('�4W�Ms\x15�4W}�k��m�m\x1B�\fK�q�\x1C�ı%�\x03�\x1D��D����w��ȝ�\x04x��H�ӛ\x13�H�$<�c\x12\x1E�$�gH+\x02O\x18U��w��#����?��\\Z��Wߩ�~\\Z��o�=�f�*n��[c\x14�4F�Mc�G�\x16��\x1C7Т���jx��\\0�R\x7F\x02㼚�ex���w�����ڰ��Z�v\fme��jULOd�no{o\x0B�<X�\\0^�wXj�_�f��\x174\x1B}�%����_��g���v�d���2��P��}\x18U�~}��\x1B/[��z$���Q_\x15�~�\x15�i� \x19u�?�FM\\\\\x1F�L\\\\Qd���\x15˥�UxC��\x10�6���E\x1Cw�qO\x1C[b;\x10ۑ�Nd\x02d9̟�n�*�ɒG�\x13�i8?�9��DJ��;&�qI2~|Z1~¨���ߡrՋ�r�n��\x1F�\\'\\rTؓ�c��\x06���u�̋Y�o�Bo�\x15���\\n�\\Z�>�X�&��\x16r�:��}\x16�P��\x13\x18\x17�)\\r;�\x1F�n�\x06�b\x11�1��u3+�ܜ�����޶b9�D�B��\\t.8q�9A�DJ\x12�;&�sI2�|ZY��\x0B��0�!��7^��Q��H\x1CW��\x06���W��O�\x05�h�B�F�\x0Fx-Z$�\\r�mC��X�q�\x1C�ı%�\x03�\x1D��D&���w��8����,9?�9��DJ��;&�qI2~|Z1~¨���_�P����(Y��\x0Bz�@�=��\x7F\x15:j�z���N���\x07-��[c\x05)i�B�ƪ\x0F{-V�In�\x16u�7��^\\b\x0B[\x18�BcSV�Fݹ��~̻', '', '', '', '', '', '', '', '', '', '', '', '', '', 'active', 708, NULL), ('\x1B�ElG�Z�S[5\x01\\'29����E�IQ&0\\'��Z��������\x04u.X\x12;��˔�7���B�r\x0F�', '', '', '', '', '', '', '', '', '', '', '', '', '', 'active', 708, NULL), ('z��x�BW5��u\x05��6�\x19�_�IÌ4j`5��n�_�\\\\\x0B\x1B�qÌ[0\\ZƘ뎺�kˌ\x07f<2�͆�\\Z�c\\Za�-:__�D�����)�$X���5�V�<�^(\x1Er��\x15F�l�]�l\x15�Y�����휸>S\x1E�UN�a�M+>B_\x03X��\x03�hd��Y^J��\\tkH�\x10\x079\\Z�B�!���j�$��3<', '', '', '', '', '', '-����\\'y�m��\x19Z���-�8�h\x07��\x0EZh�k\x1E3\x1E�XT�r�0\x8Ep���\\t�É�\x1F�85�\x146��Ce�R�s�:�@^�*�W.��\x147�-\x10q\x14\\Z��.UZ�\x06\x19GU���{\f����w�(|��~��\\\\W\x18U?�����G\x04\x05\x7F�~\x15�?��p�����p�˦��r����a�-\x18m�c�\x0E�gQ[f<0�\x19O0�����é', '', '', '', '', '', '', '', 'active', 708, NULL), ('��\\Z:0�\x0E\x123��V�Y\x1Fz(w���f��Υ\x177��-3ui�E��oa���A};G��`�����T�0�2\x1E����F�ұY���{8��\x14���C��K�+nN�(?�Z�\x1C��\x17Z��}��g���R���\\'��s-��w�\x17�\f~��~��A�����*꺂�梓�\x0F��i����5fh5��AC�\x16Ţ�GP�L���G\x17��\x1Bf܂��6r�;�gQ[f<0�\x19Ol6\x04��\x1EĽ�2\x05.�\\b1p\x05��\\b\\\\�ʹ�\x0BT!\x11����dm��E�\\nCkQ���(\f�e�,��\x02��ǃ�0��i���B_�\x1B�\x1B�e���Z.�R=�J\x18� 3C]h5�����n<Ս\x1FU��Wey5�+�[�F)G�:/���\x1C$�\x06d?�A\x0BML�\x0B{7\x15/4���&.��\x1B�-�r8����[\x05��E�ET\x16/共s�3/�r����(]�^{ߡ�\x15�t�s�t\x05�w�gM��wn�Жʾk\x7F�;[f�\x03�,S?=\x0Fx\x18��fؗ�n\x05�\x06�P�P,KYHP���o���5L�V�d\x1F��dSeE��d=EK��T��E3�@����V�m�����hT�hz�\x15h�B����\x7F\x0B-\f�Ls\x02�\x0By��.\x15Nl��Ɣ�$w+�\x13hT�\x13C�W�t��h�^�`�F\x10�\x14��a1?Y#\x07\\tJ��0����:q\x01\\nY\x1B���\\n\x0E��Gd\x0Fk�4�AF\x06��j��^�\x1D�qӝ;���:��`���~w�uϢ��x`�#3��l\\b\\\\)��{�y\\n\\\\Jgb��B�\x04\\\\�B�-u�5��5��\\'�\\Z�&�\x06�:���q����k\x7F�XϚ9�H�\x1F��a�_��nD��Yun�0\\r�%\x14A̳�����\x02�B�\x05z/\ft����\x0F}5t��n�8�尮*�x4�X\\0Ck#�mS��\x1E�G�[h`*]ط�����ea\x1E��y\x12\x1C�S�\\\\y���\\t�N�V\f�^���1\\\\�8�t%��\x02H�8�Wb8��m��N�:���G\\\\Wnǅˏ���(&��j�\x1D�d�\x0B���>��ܑ\x1C7.G�\x17�>�قѲF\\\\w�uϢ��x`�#3��l\\b])}��<c\x02]�\x1C��5]�޿�c�$]�����M��u�ҷ�}r�׭�І.��p_7��(\x1E��H\x01���\\n੯,���Yr/�.\x15Uk���aZ\\Z9�j�|�k�\x1B�t\x03M��G���[hb_��U\x1F�h��7H��\x1E\x13����B\x17;f<�1�\\Z)�(ym;�hq{�L�Q)Z\f�^�\x12�u.\x18�\x11$-��u�R\\Z}rQ\\ZA�\x17\x16|��Z�Yk�B5���\x15x\\Z�B]��\\\\���\x0E��`Ǵ+�@�Ǝ��}�+\x1D\x18-j��\x1Duݳ�-3\x1E��Ȍ\\'6\x1B�VJ���g�\x96R�\x18��=El�\x0BU\x16�:RRqU4]�u����E�S�{w��ۺn\x14��', '', '', '', '', '', '', '', '', '', '', '', '', '', 'active', 708, NULL), ('�l�/�W\x1F�A>@_z��\x11�R72+p5��*�e�', '', '', '', '', '', '���T0/�\\\\�jJ�ҩ�<����c\x15�t\x03M��GY#�\x0FB��F/���\x10=A���h\x07��\x0EZhb�\x1DQ�\x1C���/��B��\\t�C�.H�d,n�)H*\x19�A��X\x12�.�UX$Q�b\x1Ecv��r7,������9\x13$C!���\x07p�\x04\x12�\x15�\\Z\x02�pb\\r����8\\Z��x�\x0F������}%�\x1D�^�\\Z\x1Es݁�,\x160ז\x19\x0F�xd�\x13�\\r�+%Rq\x1B\\nN�K�T\f\\\\�HŮع`�Z��|��hE�%\x07-@�ޝE*Y�\x1FcBh{g\x17�T��Y��ԵJ�\x1B�s�T�hp5��j�R�m�`��n��5�\x1BΨ^\x05\\\\M�Sz��\\Z7���\x0FC?\\rU���mU�[hb�1�\x18�,L\x17�\x04�Q�=&\x10�o��)pD:s\x04�e-Oe��K6Q�`J��v圂���\x18\x04\x03)K\x04APZ����/9���$�g)K\x04�0�E0����\x06Y\x1B���ʍ��7��Gd\x12k�4�AF���V�]\x1F���Fr�t�N��%\x18-k��\x1Duݳ�-3\x1E��Ȍ\\'6\x1B\x02WJ�����\x02׈E�#�\x14\x17��7��$R��\x14)>x\x1E{�\x15B[�@E2�\x17�G����Z�/��c7��w�t�\x0BG��\x06', '', '', '', '', '', '', '', 'active', 708, NULL), ('�B~B+�d', '', '', '', '', '', '', '', '', '', '', '', '', '', 'active', 708, NULL), ('�', '', '', '', '', '', '', '', '', '', '', '', '', '', 'active', 708, NULL), ('sT�\x02���i�\x14\x7F��z��\x06�Բ��Ԛhlbn�`4\\ZY;5wsT���G�[haj\x1DS��g9���\x06xl��Ɣ�m�<��\x11E�t�h��\x14�~�2�H�\x1D�i���n\x14\x06�L�\x03W\x03\x1FS��~ӥ�)R��`G\x15)�j���H�\x03\x13�D3�\x16���1E', '', '', '', '', '', '', '', '', '', '', '', '', '', 'active', 708, NULL), ('uݳ�-3\x1E��Ȍ\\'6\x1B\x02WJ�R������9_���\x14\x17���\x11EJ�*}N2(R�~��\x1EB�R\x17*R\\Zyݧ', '', '', '', '', '', '', '', '', '', '', '', '', '', 'active', 708, NULL), ('7mӛ��a�K�G��\x7Ff�K\x1D����\x07���j�uZc���\x06:��\\\\_2E�\x0F}��e��(b�n�`Dc�07�[hb\x01\fc��\f��=���1�uo���tL�\x02��CYS� �|&kAJ1M��9�T��\x11\\ZG\x04)]���A�\x12��\\nR|׉E:����\x04)x�\x06>&H\x01W�\x1D\x15����u�\x04)~d\x12��\\tR�Ӣ�\x04)�u�Rj����Gf<�ِZ�\x12���+M�uҜ���\\tA�\x0B����&/$�T�\x0E� E�^T��=�6��w}V_��A�\x7Fz�\x0E�2������\\n���/��\x1F��F�3}V��\x03\\r\x1D���u`�����ֺ�L7Ф^\x16��\\n��&\x06@��\x1EV�\\\\��\x1D�ߏ���BW;f<b�y�ۗ]�L���)MJ9M��9�T��\x11 G4)]�\x14�A�\x12\x03�jR|��r\x07Y[��(\x05\\\\��H?���R�\x06WC\x1EU���!���j�*�\x1D�\x16��6�J��{\x16�e�\x033\x1E���fC�J�R�i�\x14i�颪\x14\x17��5�J�R�t', '', '', '', '', '', '', '', '', '', '', '', '', '', 'active', 708, NULL), ('�����U:\\bm�]�\x10��r�˦\x85��MX\x1E}f�Zj�%�.��\x07��\x1F\\bV�B�^�_C\x07\x064\x18SS�\x14Ň�\\Z�P���2����~�3-tت�UK�`�oǊ>H�8�\x02��Q�\x16Z�\x12�t(�)�\x1D�\x16�m:6Q�`J�RN��Hs� ���`��\x11\x19J�*ep���\x18�2\x14�u�\x85��?&C�\x03��1\x1D', '', '', '', '', '', '', '', '', '', '', '', '', '', 'active', 708, NULL), ('�\\Z�\x0E\x05\\\\M��^', '', '', '', '', '', '', '', '', '', '', '', '', '', 'active', 708, NULL), ('\x1Eӡ�a��P�h+\x1C�wG]�', '', '', '', '', '', 'jˌ\x07f<2�͆Еҡ��t(Ҝ�Eu(.\x18�kD�ҥJ�\\Zt(Yݨ߮{\\bm+\\\\�C���\x13\x0F�^��\x01�Y�\x85G��漫?�F���3uk�m8�:\x14p5�Mӡ�g��&y1�k���\x16���9���HO�Kt���x\x07-415�IQ��h��\x0E��&K0LiQ�iZ\x14i�1�Z\x14\x17�`8�E�R�\x18\x0EZ�\x18�T��N\x149\x10�\x18\x04�\x16\x05\x0E�\x10ȴ(�iأZ\x14p5�MӢ���?�d�-\x18m�cZ\x14�gQ[f<0�\x19Ol6\x04��\x16���E��\\0�z����S\x0F-�\x16���\x1FZ���K��5$W��\x01/��sZ�����ku�\x17��_?\x12}\x04\x7F���BW��\x07�ٟ��L��U����`F�\\'�j03�\x13�X�\x11\x11��g�\x1F0�\x19Mt\x03-r�]��Kr��T8\x10��v���/R�\\tv\x1F렅&��1\x01\\nx\x16�:�의���M��R����(Ҝ�H�(.\x18)vj\x7F\x14��\\Z�\\\\�G�F�F!�F��-�L���\\ZE�F\x01OC!U����ШQ8�$Ǎ\x1F��\\r]�i�\x1DS�@���\x02\x16�e�\x033\x1E���fC�J�Q�ij\x14i��j\x14\x17����(\x06�aS�����\\\\Y-�\\r]\x18��Ѕj�B\x1EF��\x0E}Zx\\t��?��؍�\\0�Y��4�\\n](����{\\Z�\x19�\\Zb\x1B�\\Z\x05\\\\\\rt}��)\\n�n4Ӎ\x1F\x07_�eKys���&\x16�0Ʋ��v�;�\x07k̿�\x16��1=\\nF^ʭ�\\Z�\x13�(�q8��\x1E���G��G�Gq�\\b�J�bx\x1CV��<\x0E��x�z�n\x14��.t��1=\\n\x1C�]�cz\x14p5�Q=\\n�\\Z��\x1E��Gr��aKT������(Я�vĵe)\x1D��Ȍ\\'6\x1BBWJ�RMӣHsJ��\\'n�\\\\�4]�7ykץ�n��ɕ�ޝ�\x1EB�j���\x1FE|�\x17���Tg�#��[�\x15���I�ٟ�ղ�\x15)\x15z\\r�\\Z3\x1CQ�<\x07V��\x0F}m}\x1B�t\x03Mjy�˼i��&\x069�`���B���G�[h��\x1B3\x1E1r�X��Nl��\x03�)\x05J5M��9�T��\x11\x04�\x02E\x17�.U���\\\\\fA�@�]�\x1F]B�\x16?�@AW�\x1F\x11a��ӀG\x05(�j�3\x02\x14Z����\x1F]2�\x16�\x166&@��{\x16�e�\x033\x1E���fC�J\\tP�i\x02\x14i��\x02\x14\x17���\x04(\x06�a\x01?u�xN�', '', '', '', '', '', '', '', 'active', 708, NULL), ('E�s\x10�', '', '', '', '', '', '', '', '', '', '', '', '', '', 'active', 708, NULL), ('�\x05# *\x15�\x01qX�O�8$\x17\x03��P�QH��A�\x16B�BAW� \x13������P���gD(��1\x11�\x1F��]\x1C\x18m�c\x14�gQ[f<0�\x19Ol6\x04��\\b��&B��\x1C.*Bq�\\b\\\\J�b�\\ZV�p\\r�\\t\\\\ꤺ�жʅ\x14yR�e�\x1Bt��\x07�K\x7F���\x1B�����i\x0B\x05\x10S���_�o���\x14p5�\x19A\\ngn4Ӎ\x1F\x06?%M)�\\ru\x7F��&��A\f�k*�\x1C����\\Z�o��)vL�\x02��3���D\\t�)1J5M��9�T��\x11\x1C�\x18��8��\\'q\x1C���H�(�($k\x1D�Q�+t�u\x05\x07��(�3Z*��i��b\x14p5�\x191\\n玈F6�\\0�`����Q��Em����Gf<��\x10�Rb�j�\x18E�s���(.\x18�Km�b�\\Z\x16�p\\rɉ\x0EB��Ah[����\x0B�r�7P�����0J%[y�F4Y��U�:\x10Zd�', '', '', '', '', '', '�O\x06�\x1B�5\x1C����T���7M��\x0F�״��7غ�7�*��dlb* �Q��~ydG���j�[ha* S��g�̌����L M)T�i', '', '', '', '', '', '', '', 'active', 708, NULL), ('\x15i�!�', '', '', '', '', '', '', '', '', '', '', '', '', '', 'active', 708, NULL), ('\x15\x17�@:�P�R��4��b�R���:�L3t�L2�', ''"... 525152 more characters
2026-06-19T13:13:29: }
2026-06-19T13:13:29: Bulk insert error: Error: Data too long for column 'name' at row 1
2026-06-19T13:13:29:     at Packet.asError (D:\ACHME_COMUNICATION-main\backend\node_modules\mysql2\lib\packets\packet.js:788:17)
2026-06-19T13:13:29:     at Query.execute (D:\ACHME_COMUNICATION-main\backend\node_modules\mysql2\lib\commands\command.js:29:26)
2026-06-19T13:13:29:     at Connection.handlePacket (D:\ACHME_COMUNICATION-main\backend\node_modules\mysql2\lib\base\connection.js:552:34)
2026-06-19T13:13:29:     at PacketParser.onPacket (D:\ACHME_COMUNICATION-main\backend\node_modules\mysql2\lib\base\connection.js:102:12)
2026-06-19T13:13:29:     at PacketParser.executeStart (D:\ACHME_COMUNICATION-main\backend\node_modules\mysql2\lib\packet_parser.js:75:16)
2026-06-19T13:13:29:     at Socket.<anonymous> (D:\ACHME_COMUNICATION-main\backend\node_modules\mysql2\lib\base\connection.js:109:25)
2026-06-19T13:13:29:     at Socket.emit (node:events:509:20)
2026-06-19T13:13:29:     at addChunk (node:internal/streams/readable:568:12)
2026-06-19T13:13:29:     at readableAddChunkPushByteMode (node:internal/streams/readable:519:3)
2026-06-19T13:13:29:     at Readable.push (node:internal/streams/readable:399:5) {
2026-06-19T13:13:29:   code: 'ER_DATA_TOO_LONG',
2026-06-19T13:13:29:   errno: 1406,
2026-06-19T13:13:29:   sqlState: '22001',
2026-06-19T13:13:29:   sqlMessage: "Data too long for column 'name' at row 1",
2026-06-19T13:13:29:   sql: '\n' +
2026-06-19T13:13:29:     '        INSERT INTO clients \n' +
2026-06-19T13:13:29:     '        (name, company_name, email, phone, alternate_phone, contact_person, address, address_2, city, state, pincode, service, gst_number, notes, client_status, created_by, assigned_teammember_id)\n' +
2026-06-19T13:13:29:     "        VALUES ('~\x19�n�#�?=��n3r\\b5�.��f���\x05���N0��`4!ؖ�h:.K}:�V�\\\\\\0�p�\\0ذw\\t�>N�-�;=�\x01+�\x05�\fH}��H\x07�*\x1Dz*ҁ�\\bCOE\x18h�0�T\x1C�\x0BʒN�\x14��%(�\x1B�@YF�;ELO�M�@\x19�H\x14�b�(g���-�\\Z����׍���\x1C\x16\x17��\x05\x06e��Pe+?���gf��\x0F�\x1Ey�\\r��n�85�\x13J���c� ��ָu�,8�\x7F���\x13lK7\x0Bخ�\x0F������n0�\x1C�t�Yc�\x16J��w�e\\r\x10\x1D� 5��\x1F��\x05Va`���!�-\x0B\x10��G�<Z�5(�pM,��\fK�mgX��\x1B\x1C5��`X�l7��\x10ܶ�қ��[`l�\\t����\x19�\x1D���\\t��\x07\x03�\x15>\x18\\bnػ�\\\\\x1F\\'��\x17�\x15�\x02T\x11\x06�>�\x04W�CpU:�\x14� S�!�\f2E\x18P��t\\tnI�P�\\n�\x04e�+\x11(�_�\\t�wg�8.`�a��\x057��������^p�{\f��-0(�\x04�\x01�k{�\x07��\x1B6��޻�\x11�Y\x10�����\x10J��洏���Yay\x01�a�\x13T}��Z:X@u�2x�c��n����@m(�⸖\\rEl׼���\\Z@wV\x03��1DYE\x18���\x13_q��W\\r��)k�A!�}b\\t�dZ\x10{�\x12��;:\x18�ɵD n�\x0F\x01q[k�C�[`\x10�\\t��\\Z��0+ҡ�>�0+\f1PVa�\x01��7���\x13\\\\��\x0B��nA�\\b�Q\x1Ff�*ҡ�*\x1Dx�t�)�PV\x11\x06�\fe\x15��R֒N��\x1Fb\\t�d\\\\Pz�\x12��[4\x18�ɹD�l&\x0E\x01�׹d\x06�^Y}\x0B\f�2A�5l�%�$�Ͽ�K�}�P�P��KY�N(���Ͼ���@U�^�j��\x04U\x1F\\'��\x0E\x16P��\f^�����o\x0F��a\x10Q�\x10�?���@W�\\0��\\Z�׏!�*��ׇ�T}�\x1F�\x03��\\b^\x10�\\Z\f�cչd\\t�k\x0Fq\x1D1�\x1F�)\x7FVX�Yk�x�s5��K���� \x0E-\x10��\x04#e��=�*ݔ5�����w)d�w����q', '', '', '', '', '', '', '', '', '', '', '', '', '', 'active', 708, NULL), ('�\x1E�:��qU�\\Z�*l�\\Z�DYU��)�', '', '', '', '', '', '', '', '', '', '', '', '', '', 'active', 708, NULL), ('O�nd��)�', '', '', '', '', '', '', '', '', '', '', '', '', '', 'active', 708, NULL), ('\x1B�*lP��\x04(k:�rռt$�\x12�қ���Z\x05', '', '', '', '', '', '', '', '', '', '', '', '', '', 'active', 708, NULL), ('er/�ʊ', '', '', '', '', '', '', '', '', '', '', '', '', '', 'active', 708, NULL), ('����M�\x10Dh�A��KvS6[OLL�V�/��\x1E���', '', '', '', '', '', '', '', '', '', '', '', '', '', 'active', 708, NULL), ('\x11[���5�����E', '', '', '', '', '', '', '', '', '', '', '', '', '', 'active', 708, NULL), ('oLN{ݤ5�#���NX�n���\x02�޽3k\x1F�\x06������e6\x0E�e6����o�T��\x01�C#�\x06`��&\x15\x06�>�d��W�d\x0BH��A�`k\x11�4', '', '', '', '', '', '\x16+\\'�Gr6\x11����!�]\x1F�d�Πt��B�\\'˭�\x01Ҿ\x05�t�`��a\x0B\\b�\x1D:\x1Bf\\'4\x0B�\f�\x15�\x19;/\x0Ea��R�\x13�-�/�+�\x05��G', '', '', '', '', '', '', '', 'active', 708, NULL), ('3�\x15�\x10Z\x1F&\x0E~5;�\x14�!�\f6E\x18T��t\\tmI�T��������\x18��N�M5_Q9w7�6�qߢr�%�\x7F��\x1E��\x11�\x0E�Kb�nؤ��P/��\x04�>��\x0E{��c{�k�Umu�\x1D\x12������\x02�ӞA�\x1F���\x0F�����\x7F�\x0B \x1C�BDhC�����T\x06Ǫ\x06�vV\x030�1���\\n\x03����\\\\O��\x01@Z\x1C�\x0B�R�', '', '', '', '', '', '', '', '', '', '', '', '', '', 'active', 708, NULL), ('�Œ�N]O���dq}�<u=�����g\x11&�.Nh�\\tm�`(�a\x0B\\b�\x1D\x04�tB�pӀ]ᦁΆ�\\b�>N�-�/�+�\x05��G', '', '', '', '', '', '', '', '', '', '', '', '', '', 'active', 708, NULL), ('3�\x15��Ӈ�Ίt�)��Y\x11\x06�\f(�q��,�\x14J\x18/����������\\Zʩ�\\t\x15fP6�\x13]�?���\f.��v�STH��\\n[�/j�وk�#\x1Bq�\\'dzC������U�O�\x01�aG\x13>}��YZX�s�3(��>�i\x1B\x16w\x1DP\\r~#���\x06\x16aJ�����\x01=��\\0�~\f�S\x11\x06�����s��\\0t�!��-E(��V,�;55\x1D\x13S��5�SS\x13*��m�&��o��[&\x18�iHg؊|\\b��\\'�\\n�\f�\x15n\x19\\0\x1Bv/\x01��\\t�e�\x05`E�@U�A�\x0F3A\x15�\\0T�\x03P�\x0E6E\x18�*�`S�A�8N\x17�%�R\\t��\x12�SW�1q5Y\\\\S9u5�\x8C��j�oʅ\x16\x18�e���5����� /��\x16�U~�c\\n�K�y�[�e��@�zk�ɄM�?a�4���c�\x19�=�[qa\\0#�\x17�\x0B=�F\x1E(�C�i�\x04H\x15\x06%�*� 54`ot�R��5�v���?�~ѥ\x03.�%\\\\��%+�����L�aC��N�KWӓ��Ϳ�q�-0\\\\��d(���ҿ�Z�\x1B����x��f\x0F��\\n_\f44�]©�\x13N˖/p*\\\\<`T��HaF�H\x07�>��\x14� S�A�\\b�L\x11\x06��8]\\ZZҩ��\x15�\x04�ԿtL�K\x16�\\Z:�/��LC�ߊ;�9�C\x0B\f�2A���\\']\x18AD�V���pM�K�\x1F?NnCzb�>v^�\x0B�o�$v^�\\b����\x02<�~&x�8��l�\x02�ޤ�Z\x06�~�i��_^\x04�~\f\x035ķ�[[\x18��\\Z8��\\0�~\f�$\x15a ���f_oOG\\0܊\x03xq[j0n\x1F��%K�X�ꈡ�bJeY����մ\x16���vg܆\x16\\b�u����t¬J7fcz�lM\x1F�iH�}\x10q����x�k�����n�T\x156HC�@�ҍO�n|�tCS�MMU��Ta�R\x1D\\'PY�)�����ԳTG���x�j��r�Yjmn���\x12��ZT>JE��Q�IYo\\0\x0E%��\x0Eo(ѫiL�W%&�5����|��i�A�ؔB:���\x05<�\x17��\fH��������wV� �j(b�x�g�e\\r�:�\x01h�7I�\x01mp?\x1D�g��\x06�\x13oR-BхAb�D�1�&�\x11ct����:��\\n���\x18{�Z�\x03t�;(�lm�4��A7�o\\'�\\b�\\\\^\x12lE:\x045���\\n�\x0B�\x15�\x17;�\\rabM\\nq\x02l�|\x01X�-P\x15a�\x0F3HE:�T��O�\x0E4E\x18z*�@S�\x01�8N���t\\n%,\x0EKP&kR�;�\\'릌\x18C�]\x17�0X�P����z���]�����Q@-�T\\'(\x1Bb�\f�^(���\x0E�4\x03R�M�\x1F��E[Ϳ��:\x11�\x1C�\x15�\x16P\x1Bv?9\x0B�qBm���Z�\x03��a\\n��?0�\x18�R�`��v���n�\x0EA�r\x17ٻ�!\x0E��+��\x04Ϊ\x06p�qV\x03L�1��\\n�i���\x1F��\\b�����؟�Kb���O\\\\O�I�R^�&\x7F\x12�Y;�ض6�\x074B\x0B��L0�z�[@0\x16���g\x13���\x05�', '', '', '', '', '', '', '', '', '', '', '', '', '', 'active', 708, NULL), ('�\x0B�', '', '', '', '', '', '', '', '', '', '', '', '', '', 'active', 708, NULL), (';�P���2�o�\x15�\x02R\x11\x06�>̄V��L�\x0E2E:�\x14a\\b�\\b\x03J\x11�Њ�t\x01Yҩ����\x04d�&\x11 \\'ޤG�̐���M@6Æ\\0��i@�\x16q��[`@�\\t�9��v���ɟ\x7F�\x078�����0��\x0B��\x03\x1C�\\t����xB9>C�,�\x15~\x170\x1B�?a��\\t����2��; ����ڋ\\\\�\x06�O�]\\nE^��h��5\f!Ouf%����\\b\x03�\\r��N��E#ԑ��n �\x0F]\x1F�O,���K\x04�s\\tSJ�M�%\x02v�|\\b�[�\x1Cl�\x02\x03�L0T��IIh�c�\x0E���ca�\x01��\x10\x03l��%��8��L�[lE��T�!�>̤V�CjU:�V��K\x11�Ԋ0�\x14aH�8H\x17�%�J-\\\\\x16KD&�\x12!r�Zzx�\x06��M�%Bd����\x0Fm���VDO\x7Fh!��\x05Fd��]�n�l���=��^�v �둋Z�N�a�������i��)�@n\x18��N@�q\x02jـ߂�;;k\x18��A�s���u��0�A�آ�v�\x1Fk��`$J�\x06��j\\0_?�Ȫ\\b\x03_\x1F��\x0Fn\x0F���\\0�&/�K\\r�0\f\x15K\f\\'+\x13axbez\x04�\\r9]NV&�ps�\\bUmmr�}\x0B��2�PU}:CV�CUCz\x7F�XXd���\x03U', '', '', '', '', '', '', '', '', '', '', '', '', '', 'active', 708, NULL), ('{����\x04�2�oa\x15�\x02S\x11���0\x03T��M�\x0E6E:�\x14a��\\b\x03K\x11����t\x11Y�)��J', '', '', '', '', '', '\x11�|L�ȉ��\x11�5���cD6\x7F� ��iD�\x0BX�\x02#�L�Tu�϶�\x7F�O���z��\x10\x03�\x12�!��j����^q^�\x0F�', '', '', '', '', '', '', '', 'active', 708, NULL), ('S\fH', '', '', '', '', '', '', '', '', '', '', '', '', '', 'active', 708, NULL), ('{�������oI�6\f^à�}A�C�U� Fm(r�', '', '', '', '', '', '', '', '', '', '', '', '', '', 'active', 708, NULL), ('��\\'Z�D�buV\x03��1DVE\x18����|�\x07\x17��w\x0B�cy\x01]�1���\x06\\'K\\b\x06�\x1E�:b��\x07S�\x0Bך/\x1E�\\\\Mk�ӷM', '', '', '', '', '', '', '', '', '', '', '', '', '', 'active', 708, NULL), ('th�\\0]\\'\x18IlJ��U���!��f�\fN!�?!���\\'7�{r��$W�j̪�il\\b\x13ZU�i�L7�U�ƨ', '', '', '', '', '', '', '', '', '', '', '', '', '', 'active', 708, NULL), ('�ƪ�1�¦�� \x01ɚN�\\\\u7=��� 9Y��*h$ӊL�Ƣ��+�m�N@ҏޮ\\\\C\x0B\fI�n�\x15��\x0F/���k��L\x7F��ҵv\\\\�:�׮�\\0�4XqlQ�nY@\x13�P��:1;�t�jgvROa����*��m�0��[eﲚ��\x7F�\\Z\x061lC\x11��j�u���3�]c#�\x06\\0�N\\'\x15\x06�������N�`<q:�\x14c�-VN����D0���d\x154��\x03s\x04�f\x12\x19�*\x7F��\x18�\x16\x18�e����tF�ȇ��|\x02���\\0Wa��s�{���t�k����*Z\x05�\fe�a��H\x07�*\x1D�*�\x01�\\bCYE\x18`�0�\x14\x07�R֒N�\\\\�9=��)�z�ϩ��Nv�lS��+�LFy�X[��\x16hg�{�X0����Jk�s{��\x1F1H���T\\'(5�\x11`��c\x17��\x9D��\x1E[\x1B�ˬ�@^���õ���8�#��\\0:��)��\x111�\\t�����z���e�ٲʉvs5M[\x06��`�<l!��Np\x18���c�%�;2��IU\\0����\x02��&&\x15\x06���u���ɂZq�.j�.�\\'�\x14KB�\\\\L�Z�b��z�ǝQ\x1BmL���\x02\x11JZ�\x1CP\x1Bz�=��n\x19|l\x15Ȇt�li�*1���3b�I\x06�\\n�\f�ԇ\x19�>N`-�;)��*�\x05�\f5�a��Ȇ��l�)���\\bCKE\x18h�0�\x14G颲�S-�\x19b��deT:+\x13�2��\x18���Ĩl\x16\x0EAe�s{mor�\\Zz T�\\t�y���+�\\0�`\\t�-��\x7F���\x16@�O\\'���b��㶧6���A.LC��L��\\t���\x05<�=\x03R?�q|�\x060�6��؉o(b\x17}{�Bp���\\0���\\Z�����\\0Va`��\x14�v�c\x04v�!��-5(��M,���J�]�V��z\\'\x07U�hWb�6��`�-�t��/\x10���\x07�n�`xm\\Z���pP��m��w��`+�0\\0V8a��>����\\t�e�\x05`E�@U���>� \x15�\x10T�\x0EE\x15�@S���\f4E\x18T��tQY�)�0B', '', '', '', '', '', 'Q�\x1CK�J�X�Tzo\x06�2Z�\x18�;!�l\x0B-q*C\x0F��2A������{8�.�5�#��zD]}:�4xj�\x1F��v\x12p�*', '', '', '', '', '', '', '', 'active', 708, NULL), ('zU', '', '', '', '', '', '', '', '', '', '', '', '', '', 'active', 708, NULL), ('�;�\x01��\x18��\f�C\x07���qM\\'�\\0Y\x1C�\x0B�R��\f��\x12�ɶD@v�%\\n��tP��o���\\\\\x1F\x02�\x04\x13?5\x0E=\x10��\x04Cy����Cx^#�qV��\\t��\x12\x03b�%\x06Ć�����\x13b��\x0BĊn��\\b�R\x1Ff��t\\0��\x01�H\x07�\fy\x15a�) R\x1C��ʒN��\\tb��d]J�\x157\x7F�u��t8n�z��;I\x15��\x06뒝�Ǜ���ۜ\x1B\x02��\\'���\x13r��{�Sio��\\t��#�\x7F\\b=�\x1Baf�nY�P´����+�[I��r>���\x17�\x11���\\0��G.^}�ɫ�\x13XK7', '', '', '', '', '', '', '', '', '', '', '', '', '', 'active', 708, NULL), ('Vs�n���U��o�', '', '', '', '', '', '', '', '', '', '', '', '', '', 'active', 708, NULL), ('�F�J��׏���o�Zr!\x1B��}���>������\\0�(\x01�g%\\0�\x1FC�V�\x01s�R�U�?�\x0B��Ѽ�.E\x18үU�%\x04�R�t\x1Dq=�aHcʯy� ]���\x1C��մ6/�6��0A:�@��\x13�t6�\x13�U�\\tm�\\'4���{)����0�7�{x�俇Wuk���)m\\b�7�U�񩲍O�mh���', '', '', '', '', '', '', '', '', '', '', '', '', '', 'active', 708, NULL), ('\x1B�*lP��\x04(k:�rվ�J�%\x02��/Q(�K�A\x19�K\x14ʹ}����\x0B[�=��u\x16�ř�v��o����P��', '', '', '', '', '', '', '', '', '', '', '', '', '', 'active', 708, NULL), ('�z\\t#@���φkv]���zܞI�MfC', '', '', '', '', '', '', '', '', '', '', '', '', '', 'active', 708, NULL), ('B�ļ\x14�\\t�Ѽ4��y��՛z���~{��A��\x1E�����8o[�z�;�/Mk�`�_Ra\x10\x1C:�?����i\x028���j\x11�1|\x14+�˯�_\x1C;�\x12��[;\x18���D9n���rks��o��k�`(�>�a+ҁ�O\\'�\\ng\f�\x15�\x18��\\ra&�>�\\0[&_�V�-P\x15a@���V��O�\x0Eq\x15�\x03M\x11���0�\x14a@)��%�%�B��`z%\x07\x13���\x18��z�\x06���3޹����m��B�+f\x0Fn', '', '', '', '', '', '��ջ�l���~ęn��5m', '', '', '', '', '', '', '', 'active', 708, NULL), ('�����*�DP�N `zs��q\x1C��y�S�c��\x0F3<}��YZX�s�3 ��>��0�v��k\x18�P�EN��\\\\^�\x18�\x06{Q��D��\\Z��� �*\x806t`�et�I\x01]q\f/t�O��#�^58Y���TG\f\x1F�`Jep���q�մ68�69��\x05�n�`$�!�p��MOCz�m�\x1Eٛ���go��0\x016�{`��\x07Vuk����i\\b\x13HU��)�MOU���¦�*lh��A��\x13���LO߫\x06\\'K�A918aJ\\t���t5=���iPf��]��\x16\x18���dK�|�\x0F�Ͽt�a���ޙ~�v7�6\\\\յ{\x02\x1B�\\t��\x1C��\x0F36��96�', '', '', '', '', '', '', '', '', '', '', '', '', '', 'active', 708, NULL), ('�z�S\\b3l��!خz���ׅ�\\'�㰹��=�\x12\x01�\\'��\x10?�v��_�_�\\0�~\x0EV\x03Xkד', '', '', '', '', '', '', '', '', '', '', '', '', '', 'active', 708, NULL), ('\x03k�m\x0Bs��~�au0/�K', '', '', '', '', '', '', '', '', '', '', '', '', '', 'active', 708, NULL), ('�6�\x17+���驎\x18\x0B�w��+ؚ�\x04��E�W���\x01۾\x05�v�`(�>��', '', '', '', '', '', '�!�>��', '', '', '', '', '', '', '', 'active', 708, NULL), ('E^vy\x1Fw0x�C�B\x13���\x04��~&\x15\x06�>��O�d�3��\x18��?tr�', '', '', '', '', '', '', '', '', '', '', '', '', '', 'active', 708, NULL), ('O�\x12�SC�{bh��\x06wjhB�\x19�_C\x13\x05׷��-\x13\f�ԧ3hE:�4��\x7F\x16�n���U�d �>�p�q�k�}\x01Wa�\x01�\f9�a��H\x07�*\x1Dr*ҁ�\\bCNE\x18h�0�\x14��ӒN�\x14\x0E�%*�v����dqM��΄\\n3*���n��u\x1E��\x02��LP��=�a\\r�l��\x05�ߦ�__�v<��\\r���\x18�\\Z�8��v��1��\\n/\f`�a\x06��\x13XK\x07\x0B��Z\x06�a��������;9q|�\\Z�q\x13�~=\x7FY\x02\x18���\x12@�\x0F��\x12�0P��v��I.Yő�pn?\x7F�0V', '', '', '', '', '', '�<u5�\\'�&�k���&T���\\\\M\x1Cg�\x02ùL0\x14Y���\x15�\x10ِN�\x15^\x19p+�2�և\x19�>N�-�/p+�\x05�\f��a&�\x1D��A�H\x07�\f�\x15a�)�\x10Yq�.*K:\x15Y�$���z��\x13O��5�SO\x13*̨l����N\x7F\\bq�ط��', '', '', '', '', '', '', '', 'active', 708, NULL), ('\x01ek�>��Z���\x16\x18�e��`��\x10vo��', '', '', '', '', '', '', '', '', '', '', '', '', '', 'active', 708, NULL), ('�\x14���', '', '', '', '', '', '', '', '', '', '', '', '', '', 'active', 708, NULL), ('�\x01p\x19\\Z ����|=���&�\x14.\x17���\fO\x1F\\'x�\x16\x16��\fH���~�J��ˬa\f#5�8�f��\x07�~\f�\x02�>H', '', '', '', '', '', '', '', '', '', '', '', '', '', 'active', 708, NULL), ('0�k��~U\x18̆\x0E���N�', '', '', '', '', '', '', '', '', '', '', '', '', '', 'active', 708, NULL), ('r�!��-E(�pK', '', '', '', '', '', '���J�܉Q��', '', '', '', '', '', '', '', 'active', 708, NULL), ('\x1C��dT�6�� �����-0r�\x04C9��\f[�\x0El��\x04[a�\x01��\\0\x03`}�\x01��\x04�2�\x02��[�*��S\x1Ff��t\\0�ҡ�\x1Dl�0�T���\\b�Jq�.*K:�\x12n�%*�Q�P91*}�E�Q��J��f�\x10T�6���', '', '', '', '', '', '', '', '', '', '', '', '', '', 'active', 708, NULL), ('\x1CZ`T�\\t�U��Κ�dq��7㞯e!��H�7\\t6}~�U���Z��4��\x03:}\x01r#ɇ\x19�>N�', '', '', '', '', '', '�/��9��Aj\x18��\x11����-y��Znj\x01���X\x1F\x7F��e��;6�\x06���\\0�~\f�U\x11\x06�a+6���{�ԡ�\\0.5(�pN', '', '', '', '', '', '', '', 'active', 708, NULL), ('T\x156DC� ��Mde���', '', '', '', '', '', '', '', '', '', '', '', '', '', 'active', 708, NULL), ('M\x156�UaCS�Md�q\x02�5�B��Z:���:b\f�ĵT�\x15�s�Rk\x13P�/�XT��\x10�', '', '', '', '', '', '', '', '', '', '', '', '', '', 'active', 708, NULL), ('�a���~%�~��P�H���P�_�?�\x13J���n�D�\x11���/jC9���x���\x13lW�Lu��\x133�>8��#3����f�J���1�|��\x1B�@z�l��\\0��٤���g\x1F�ݼ��\x15�\\0�?4��^��MN\\'�\x16+gӖ0S߉�\\tSJ������\\'�[�\x1C��[`�[\f(C���k�\x0E���ka����M0��\x19�>N0.�/���\x16Ԋ0x�a��\x1D��t��"... 469951 more characters
2026-06-19T13:13:29: }
2026-06-19T13:13:29: Import global error, transaction rolled back: Error: Data too long for column 'name' at row 1
2026-06-19T13:13:29:     at Packet.asError (D:\ACHME_COMUNICATION-main\backend\node_modules\mysql2\lib\packets\packet.js:788:17)
2026-06-19T13:13:29:     at Query.execute (D:\ACHME_COMUNICATION-main\backend\node_modules\mysql2\lib\commands\command.js:29:26)
2026-06-19T13:13:29:     at Connection.handlePacket (D:\ACHME_COMUNICATION-main\backend\node_modules\mysql2\lib\base\connection.js:552:34)
2026-06-19T13:13:29:     at PacketParser.onPacket (D:\ACHME_COMUNICATION-main\backend\node_modules\mysql2\lib\base\connection.js:102:12)
2026-06-19T13:13:29:     at PacketParser.executeStart (D:\ACHME_COMUNICATION-main\backend\node_modules\mysql2\lib\packet_parser.js:75:16)
2026-06-19T13:13:29:     at Socket.<anonymous> (D:\ACHME_COMUNICATION-main\backend\node_modules\mysql2\lib\base\connection.js:109:25)
2026-06-19T13:13:29:     at Socket.emit (node:events:509:20)
2026-06-19T13:13:29:     at addChunk (node:internal/streams/readable:568:12)
2026-06-19T13:13:29:     at readableAddChunkPushByteMode (node:internal/streams/readable:519:3)
2026-06-19T13:13:29:     at Readable.push (node:internal/streams/readable:399:5) {
2026-06-19T13:13:29:   code: 'ER_DATA_TOO_LONG',
2026-06-19T13:13:29:   errno: 1406,
2026-06-19T13:13:29:   sqlState: '22001',
2026-06-19T13:13:29:   sqlMessage: "Data too long for column 'name' at row 1",
2026-06-19T13:13:29:   sql: '\n' +
2026-06-19T13:13:29:     '        INSERT INTO clients \n' +
2026-06-19T13:13:29:     '        (name, company_name, email, phone, alternate_phone, contact_person, address, address_2, city, state, pincode, service, gst_number, notes, client_status, created_by, assigned_teammember_id)\n' +
2026-06-19T13:13:29:     "        VALUES ('~\x19�n�#�?=��n3r\\b5�.��f���\x05���N0��`4!ؖ�h:.K}:�V�\\\\\\0�p�\\0ذw\\t�>N�-�;=�\x01+�\x05�\fH}��H\x07�*\x1Dz*ҁ�\\bCOE\x18h�0�T\x1C�\x0BʒN�\x14��%(�\x1B�@YF�;ELO�M�@\x19�H\x14�b�(g���-�\\Z����׍���\x1C\x16\x17��\x05\x06e��Pe+?���gf��\x0F�\x1Ey�\\r��n�85�\x13J���c� ��ָu�,8�\x7F���\x13lK7\x0Bخ�\x0F������n0�\x1C�t�Yc�\x16J��w�e\\r\x10\x1D� 5��\x1F��\x05Va`���!�-\x0B\x10��G�<Z�5(�pM,��\fK�mgX��\x1B\x1C5��`X�l7��\x10ܶ�қ��[`l�\\t����\x19�\x1D���\\t��\x07\x03�\x15>\x18\\bnػ�\\\\\x1F\\'��\x17�\x15�\x02T\x11\x06�>�\x04W�CpU:�\x14� S�!�\f2E\x18P��t\\tnI�P�\\n�\x04e�+\x11(�_�\\t�wg�8.`�a��\x057��������^p�{\f��-0(�\x04�\x01�k{�\x07��\x1B6��޻�\x11�Y\x10�����\x10J��洏���Yay\x01�a�\x13T}��Z:X@u�2x�c��n����@m(�⸖\\rEl׼���\\Z@wV\x03��1DYE\x18���\x13_q��W\\r��)k�A!�}b\\t�dZ\x10{�\x12��;:\x18�ɵD n�\x0F\x01q[k�C�[`\x10�\\t��\\Z��0+ҡ�>�0+\f1PVa�\x01��7���\x13\\\\��\x0B��nA�\\b�Q\x1Ff�*ҡ�*\x1Dx�t�)�PV\x11\x06�\fe\x15��R֒N��\x1Fb\\t�d\\\\Pz�\x12��[4\x18�ɹD�l&\x0E\x01�׹d\x06�^Y}\x0B\f�2A�5l�%�$�Ͽ�K�}�P�P��KY�N(���Ͼ���@U�^�j��\x04U\x1F\\'��\x0E\x16P��\f^�����o\x0F��a\x10Q�\x10�?���@W�\\0��\\Z�׏!�*��ׇ�T}�\x1F�\x03��\\b^\x10�\\Z\f�cչd\\t�k\x0Fq\x1D1�\x1F�)\x7FVX�Yk�x�s5��K���� \x0E-\x10��\x04#e��=�*ݔ5�����w)d�w����q', '', '', '', '', '', '', '', '', '', '', '', '', '', 'active', 708, NULL), ('�\x1E�:��qU�\\Z�*l�\\Z�DYU��)�', '', '', '', '', '', '', '', '', '', '', '', '', '', 'active', 708, NULL), ('O�nd��)�', '', '', '', '', '', '', '', '', '', '', '', '', '', 'active', 708, NULL), ('\x1B�*lP��\x04(k:�rռt$�\x12�қ���Z\x05', '', '', '', '', '', '', '', '', '', '', '', '', '', 'active', 708, NULL), ('er/�ʊ', '', '', '', '', '', '', '', '', '', '', '', '', '', 'active', 708, NULL), ('����M�\x10Dh�A��KvS6[OLL�V�/��\x1E���', '', '', '', '', '', '', '', '', '', '', '', '', '', 'active', 708, NULL), ('\x11[���5�����E', '', '', '', '', '', '', '', '', '', '', '', '', '', 'active', 708, NULL), ('oLN{ݤ5�#���NX�n���\x02�޽3k\x1F�\x06������e6\x0E�e6����o�T��\x01�C#�\x06`��&\x15\x06�>�d��W�d\x0BH��A�`k\x11�4', '', '', '', '', '', '\x16+\\'�Gr6\x11����!�]\x1F�d�Πt��B�\\'˭�\x01Ҿ\x05�t�`��a\x0B\\b�\x1D:\x1Bf\\'4\x0B�\f�\x15�\x19;/\x0Ea��R�\x13�-�/�+�\x05��G', '', '', '', '', '', '', '', 'active', 708, NULL), ('3�\x15�\x10Z\x1F&\x0E~5;�\x14�!�\f6E\x18T��t\\tmI�T��������\x18��N�M5_Q9w7�6�qߢr�%�\x7F��\x1E��\x11�\x0E�Kb�nؤ��P/��\x04�>��\x0E{��c{�k�Umu�\x1D\x12������\x02�ӞA�\x1F���\x0F�����\x7F�\x0B \x1C�BDhC�����T\x06Ǫ\x06�vV\x030�1���\\n\x03����\\\\O��\x01@Z\x1C�\x0B�R�', '', '', '', '', '', '', '', '', '', '', '', '', '', 'active', 708, NULL), ('�Œ�N]O���dq}�<u=�����g\x11&�.Nh�\\tm�`(�a\x0B\\b�\x1D\x04�tB�pӀ]ᦁΆ�\\b�>N�-�/�+�\x05��G', '', '', '', '', '', '', '', '', '', '', '', '', '', 'active', 708, NULL), ('3�\x15��Ӈ�Ίt�)��Y\x11\x06�\f(�q��,�\x14J\x18/����������\\Zʩ�\\t\x15fP6�\x13]�?���\f.��v�STH��\\n[�/j�وk�#\x1Bq�\\'dzC������U�O�\x01�aG\x13>}��YZX�s�3(��>�i\x1B\x16w\x1DP\\r~#���\x06\x16aJ�����\x01=��\\0�~\f�S\x11\x06�����s��\\0t�!��-E(��V,�;55\x1D\x13S��5�SS\x13*��m�&��o��[&\x18�iHg؊|\\b��\\'�\\n�\f�\x15n\x19\\0\x1Bv/\x01��\\t�e�\x05`E�@U�A�\x0F3A\x15�\\0T�\x03P�\x0E6E\x18�*�`S�A�8N\x17�%�R\\t��\x12�SW�1q5Y\\\\S9u5�\x8C��j�oʅ\x16\x18�e���5����� /��\x16�U~�c\\n�K�y�[�e��@�zk�ɄM�?a�4���c�\x19�=�[qa\\0#�\x17�\x0B=�F\x1E(�C�i�\x04H\x15\x06%�*� 54`ot�R��5�v���?�~ѥ\x03.�%\\\\��%+�����L�aC��N�KWӓ��Ϳ�q�-0\\\\��d(���ҿ�Z�\x1B����x��f\x0F��\\n_\f44�]©�\x13N˖/p*\\\\<`T��HaF�H\x07�>��\x14� S�A�\\b�L\x11\x06��8]\\ZZҩ��\x15�\x04�ԿtL�K\x16�\\Z:�/��LC�ߊ;�9�C\x0B\f�2A���\\']\x18AD�V���pM�K�\x1F?NnCzb�>v^�\x0B�o�$v^�\\b����\x02<�~&x�8��l�\x02�ޤ�Z\x06�~�i��_^\x04�~\f\x035ķ�[[\x18��\\Z8��\\0�~\f�$\x15a ���f_oOG\\0܊\x03xq[j0n\x1F��%K�X�ꈡ�bJeY����մ\x16���vg܆\x16\\b�u����t¬J7fcz�lM\x1F�iH�}\x10q����x�k�����n�T\x156HC�@�ҍO�n|�tCS�MMU��Ta�R\x1D\\'PY�)�����ԳTG���x�j��r�Yjmn���\x12��ZT>JE��Q�IYo\\0\x0E%��\x0Eo(ѫiL�W%&�5����|��i�A�ؔB:���\x05<�\x17��\fH��������wV� �j(b�x�g�e\\r�:�\x01h�7I�\x01mp?\x1D�g��\x06�\x13oR-BхAb�D�1�&�\x11ct����:��\\n���\x18{�Z�\x03t�;(�lm�4��A7�o\\'�\\b�\\\\^\x12lE:\x045���\\n�\x0B�\x15�\x17;�\\rabM\\nq\x02l�|\x01X�-P\x15a�\x0F3HE:�T��O�\x0E4E\x18z*�@S�\x01�8N���t\\n%,\x0EKP&kR�;�\\'릌\x18C�]\x17�0X�P����z���]�����Q@-�T\\'(\x1Bb�\f�^(���\x0E�4\x03R�M�\x1F��E[Ϳ��:\x11�\x1C�\x15�\x16P\x1Bv?9\x0B�qBm���Z�\x03��a\\n��?0�\x18�R�`��v���n�\x0EA�r\x17ٻ�!\x0E��+��\x04Ϊ\x06p�qV\x03L�1��\\n�i���\x1F��\\b�����؟�Kb���O\\\\O�I�R^�&\x7F\x12�Y;�ض6�\x074B\x0B��L0�z�[@0\x16���g\x13���\x05�', '', '', '', '', '', '', '', '', '', '', '', '', '', 'active', 708, NULL), ('�\x0B�', '', '', '', '', '', '', '', '', '', '', '', '', '', 'active', 708, NULL), (';�P���2�o�\x15�\x02R\x11\x06�>̄V��L�\x0E2E:�\x14a\\b�\\b\x03J\x11�Њ�t\x01Yҩ����\x04d�&\x11 \\'ޤG�̐���M@6Æ\\0��i@�\x16q��[`@�\\t�9��v���ɟ\x7F�\x078�����0��\x0B��\x03\x1C�\\t����xB9>C�,�\x15~\x170\x1B�?a��\\t����2��; ����ڋ\\\\�\x06�O�]\\nE^��h��5\f!Ouf%����\\b\x03�\\r��N��E#ԑ��n �\x0F]\x1F�O,���K\x04�s\\tSJ�M�%\x02v�|\\b�[�\x1Cl�\x02\x03�L0T��IIh�c�\x0E���ca�\x01��\x10\x03l��%��8��L�[lE��T�!�>̤V�CjU:�V��K\x11�Ԋ0�\x14aH�8H\x17�%�J-\\\\\x16KD&�\x12!r�Zzx�\x06��M�%Bd����\x0Fm���VDO\x7Fh!��\x05Fd��]�n�l���=��^�v �둋Z�N�a�������i��)�@n\x18��N@�q\x02jـ߂�;;k\x18��A�s���u��0�A�آ�v�\x1Fk��`$J�\x06��j\\0_?�Ȫ\\b\x03_\x1F��\x0Fn\x0F���\\0�&/�K\\r�0\f\x15K\f\\'+\x13axbez\x04�\\r9]NV&�ps�\\bUmmr�}\x0B��2�PU}:CV�CUCz\x7F�XXd���\x03U', '', '', '', '', '', '', '', '', '', '', '', '', '', 'active', 708, NULL), ('{����\x04�2�oa\x15�\x02S\x11���0\x03T��M�\x0E6E:�\x14a��\\b\x03K\x11����t\x11Y�)��J', '', '', '', '', '', '\x11�|L�ȉ��\x11�5���cD6\x7F� ��iD�\x0BX�\x02#�L�Tu�϶�\x7F�O���z��\x10\x03�\x12�!��j����^q^�\x0F�', '', '', '', '', '', '', '', 'active', 708, NULL), ('S\fH', '', '', '', '', '', '', '', '', '', '', '', '', '', 'active', 708, NULL), ('{�������oI�6\f^à�}A�C�U� Fm(r�', '', '', '', '', '', '', '', '', '', '', '', '', '', 'active', 708, NULL), ('��\\'Z�D�buV\x03��1DVE\x18����|�\x07\x17��w\x0B�cy\x01]�1���\x06\\'K\\b\x06�\x1E�:b��\x07S�\x0Bך/\x1E�\\\\Mk�ӷM', '', '', '', '', '', '', '', '', '', '', '', '', '', 'active', 708, NULL), ('th�\\0]\\'\x18IlJ��U���!��f�\fN!�?!���\\'7�{r��$W�j̪�il\\b\x13ZU�i�L7�U�ƨ', '', '', '', '', '', '', '', '', '', '', '', '', '', 'active', 708, NULL), ('�ƪ�1�¦�� \x01ɚN�\\\\u7=��� 9Y��*h$ӊL�Ƣ��+�m�N@ҏޮ\\\\C\x0B\fI�n�\x15��\x0F/���k��L\x7F��ҵv\\\\�:�׮�\\0�4XqlQ�nY@\x13�P��:1;�t�jgvROa����*��m�0��[eﲚ��\x7F�\\Z\x061lC\x11��j�u���3�]c#�\x06\\0�N\\'\x15\x06�������N�`<q:�\x14c�-VN����D0���d\x154��\x03s\x04�f\x12\x19�*\x7F��\x18�\x16\x18�e����tF�ȇ��|\x02���\\0Wa��s�{���t�k����*Z\x05�\fe�a��H\x07�*\x1D�*�\x01�\\bCYE\x18`�0�\x14\x07�R֒N�\\\\�9=��)�z�ϩ��Nv�lS��+�LFy�X[��\x16hg�{�X0����Jk�s{��\x1F1H���T\\'(5�\x11`��c\x17��\x9D��\x1E[\x1B�ˬ�@^���õ���8�#��\\0:��)��\x111�\\t�����z���e�ٲʉvs5M[\x06��`�<l!��Np\x18���c�%�;2��IU\\0����\x02��&&\x15\x06���u���ɂZq�.j�.�\\'�\x14KB�\\\\L�Z�b��z�ǝQ\x1BmL���\x02\x11JZ�\x1CP\x1Bz�=��n\x19|l\x15Ȇt�li�*1���3b�I\x06�\\n�\f�ԇ\x19�>N`-�;)��*�\x05�\f5�a��Ȇ��l�)���\\bCKE\x18h�0�\x14G颲�S-�\x19b��deT:+\x13�2��\x18���Ĩl\x16\x0EAe�s{mor�\\Zz T�\\t�y���+�\\0�`\\t�-��\x7F���\x16@�O\\'���b��㶧6���A.LC��L��\\t���\x05<�=\x03R?�q|�\x060�6��؉o(b\x17}{�Bp���\\0���\\Z�����\\0Va`��\x14�v�c\x04v�!��-5(��M,���J�]�V��z\\'\x07U�hWb�6��`�-�t��/\x10���\x07�n�`xm\\Z���pP��m��w��`+�0\\0V8a��>����\\t�e�\x05`E�@U���>� \x15�\x10T�\x0EE\x15�@S���\f4E\x18T��tQY�)�0B', '', '', '', '', '', 'Q�\x1CK�J�X�Tzo\x06�2Z�\x18�;!�l\x0B-q*C\x0F��2A������{8�.�5�#��zD]}:�4xj�\x1F��v\x12p�*', '', '', '', '', '', '', '', 'active', 708, NULL), ('zU', '', '', '', '', '', '', '', '', '', '', '', '', '', 'active', 708, NULL), ('�;�\x01��\x18��\f�C\x07���qM\\'�\\0Y\x1C�\x0B�R��\f��\x12�ɶD@v�%\\n��tP��o���\\\\\x1F\x02�\x04\x13?5\x0E=\x10��\x04Cy����Cx^#�qV��\\t��\x12\x03b�%\x06Ć�����\x13b��\x0BĊn��\\b�R\x1Ff��t\\0��\x01�H\x07�\fy\x15a�) R\x1C��ʒN��\\tb��d]J�\x157\x7F�u��t8n�z��;I\x15��\x06뒝�Ǜ���ۜ\x1B\x02��\\'���\x13r��{�Sio��\\t��#�\x7F\\b=�\x1Baf�nY�P´����+�[I��r>���\x17�\x11���\\0��G.^}�ɫ�\x13XK7', '', '', '', '', '', '', '', '', '', '', '', '', '', 'active', 708, NULL), ('Vs�n���U��o�', '', '', '', '', '', '', '', '', '', '', '', '', '', 'active', 708, NULL), ('�F�J��׏���o�Zr!\x1B��}���>������\\0�(\x01�g%\\0�\x1FC�V�\x01s�R�U�?�\x0B��Ѽ�.E\x18үU�%\x04�R�t\x1Dq=�aHcʯy� ]���\x1C��մ6/�6��0A:�@��\x13�t6�\x13�U�\\tm�\\'4���{)����0�7�{x�俇Wuk���)m\\b�7�U�񩲍O�mh���', '', '', '', '', '', '', '', '', '', '', '', '', '', 'active', 708, NULL), ('\x1B�*lP��\x04(k:�rվ�J�%\x02��/Q(�K�A\x19�K\x14ʹ}����\x0B[�=��u\x16�ř�v��o����P��', '', '', '', '', '', '', '', '', '', '', '', '', '', 'active', 708, NULL), ('�z\\t#@���φkv]���zܞI�MfC', '', '', '', '', '', '', '', '', '', '', '', '', '', 'active', 708, NULL), ('B�ļ\x14�\\t�Ѽ4��y��՛z���~{��A��\x1E�����8o[�z�;�/Mk�`�_Ra\x10\x1C:�?����i\x028���j\x11�1|\x14+�˯�_\x1C;�\x12��[;\x18���D9n���rks��o��k�`(�>�a+ҁ�O\\'�\\ng\f�\x15�\x18��\\ra&�>�\\0[&_�V�-P\x15a@���V��O�\x0Eq\x15�\x03M\x11���0�\x14a@)��%�%�B��`z%\x07\x13���\x18��z�\x06���3޹����m��B�+f\x0Fn', '', '', '', '', '', '��ջ�l���~ęn��5m', '', '', '', '', '', '', '', 'active', 708, NULL), ('�����*�DP�N `zs��q\x1C��y�S�c��\x0F3<}��YZX�s�3 ��>��0�v��k\x18�P�EN��\\\\^�\x18�\x06{Q��D��\\Z��� �*\x806t`�et�I\x01]q\f/t�O��#�^58Y���TG\f\x1F�`Jep���q�մ68�69��\x05�n�`$�!�p��MOCz�m�\x1Eٛ���go��0\x016�{`��\x07Vuk����i\\b\x13HU��)�MOU���¦�*lh��A��\x13���LO߫\x06\\'K�A918aJ\\t���t5=���iPf��]��\x16\x18���dK�|�\x0F�Ͽt�a���ޙ~�v7�6\\\\յ{\x02\x1B�\\t��\x1C��\x0F36��96�', '', '', '', '', '', '', '', '', '', '', '', '', '', 'active', 708, NULL), ('�z�S\\b3l��!خz���ׅ�\\'�㰹��=�\x12\x01�\\'��\x10?�v��_�_�\\0�~\x0EV\x03Xkד', '', '', '', '', '', '', '', '', '', '', '', '', '', 'active', 708, NULL), ('\x03k�m\x0Bs��~�au0/�K', '', '', '', '', '', '', '', '', '', '', '', '', '', 'active', 708, NULL), ('�6�\x17+���驎\x18\x0B�w��+ؚ�\x04��E�W���\x01۾\x05�v�`(�>��', '', '', '', '', '', '�!�>��', '', '', '', '', '', '', '', 'active', 708, NULL), ('E^vy\x1Fw0x�C�B\x13���\x04��~&\x15\x06�>��O�d�3��\x18��?tr�', '', '', '', '', '', '', '', '', '', '', '', '', '', 'active', 708, NULL), ('O�\x12�SC�{bh��\x06wjhB�\x19�_C\x13\x05׷��-\x13\f�ԧ3hE:�4��\x7F\x16�n���U�d �>�p�q�k�}\x01Wa�\x01�\f9�a��H\x07�*\x1Dr*ҁ�\\bCNE\x18h�0�\x14��ӒN�\x14\x0E�%*�v����dqM��΄\\n3*���n��u\x1E��\x02��LP��=�a\\r�l��\x05�ߦ�__�v<��\\r���\x18�\\Z�8��v��1��\\n/\f`�a\x06��\x13XK\x07\x0B��Z\x06�a��������;9q|�\\Z�q\x13�~=\x7FY\x02\x18���\x12@�\x0F��\x12�0P��v��I.Yő�pn?\x7F�0V', '', '', '', '', '', '�<u5�\\'�&�k���&T���\\\\M\x1Cg�\x02ùL0\x14Y���\x15�\x10ِN�\x15^\x19p+�2�և\x19�>N�-�/p+�\x05�\f��a&�\x1D��A�H\x07�\f�\x15a�)�\x10Yq�.*K:\x15Y�$���z��\x13O��5�SO\x13*̨l����N\x7F\\bq�ط��', '', '', '', '', '', '', '', 'active', 708, NULL), ('\x01ek�>��Z���\x16\x18�e��`��\x10vo��', '', '', '', '', '', '', '', '', '', '', '', '', '', 'active', 708, NULL), ('�\x14���', '', '', '', '', '', '', '', '', '', '', '', '', '', 'active', 708, NULL), ('�\x01p\x19\\Z ����|=���&�\x14.\x17���\fO\x1F\\'x�\x16\x16��\fH���~�J��ˬa\f#5�8�f��\x07�~\f�\x02�>H', '', '', '', '', '', '', '', '', '', '', '', '', '', 'active', 708, NULL), ('0�k��~U\x18̆\x0E���N�', '', '', '', '', '', '', '', '', '', '', '', '', '', 'active', 708, NULL), ('r�!��-E(�pK', '', '', '', '', '', '���J�܉Q��', '', '', '', '', '', '', '', 'active', 708, NULL), ('\x1C��dT�6�� �����-0r�\x04C9��\f[�\x0El��\x04[a�\x01��\\0\x03`}�\x01��\x04�2�\x02��[�*��S\x1Ff��t\\0�ҡ�\x1Dl�0�T���\\b�Jq�.*K:�\x12n�%*�Q�P91*}�E�Q��J��f�\x10T�6���', '', '', '', '', '', '', '', '', '', '', '', '', '', 'active', 708, NULL), ('\x1CZ`T�\\t�U��Κ�dq��7㞯e!��H�7\\t6}~�U���Z��4��\x03:}\x01r#ɇ\x19�>N�', '', '', '', '', '', '�/��9��Aj\x18��\x11����-y��Znj\x01���X\x1F\x7F��e��;6�\x06���\\0�~\f�U\x11\x06�a+6���{�ԡ�\\0.5(�pN', '', '', '', '', '', '', '', 'active', 708, NULL), ('T\x156DC� ��Mde���', '', '', '', '', '', '', '', '', '', '', '', '', '', 'active', 708, NULL), ('M\x156�UaCS�Md�q\x02�5�B��Z:���:b\f�ĵT�\x15�s�Rk\x13P�/�XT��\x10�', '', '', '', '', '', '', '', '', '', '', '', '', '', 'active', 708, NULL), ('�a���~%�~��P�H���P�_�?�\x13J���n�D�\x11���/jC9���x���\x13lW�Lu��\x133�>8��#3����f�J���1�|��\x1B�@z�l��\\0��٤���g\x1F�ݼ��\x15�\\0�?4��^��MN\\'�\x16+gӖ0S߉�\\tSJ������\\'�[�\x1C��[`�[\f(C���k�\x0E���ka����M0��\x19�>N0.�/���\x16Ԋ0x�a��\x1D��t��"... 469951 more characters
2026-06-19T13:13:29: }
2026-06-20T13:33:00: [Web Push] Failed to fetch admin subscriptions: Error: Table 'achme.push_subscriptions' doesn't exist
2026-06-20T13:33:00:     at Packet.asError (D:\ACHME_COMUNICATION-main\backend\node_modules\mysql2\lib\packets\packet.js:788:17)
2026-06-20T13:33:00:     at Query.execute (D:\ACHME_COMUNICATION-main\backend\node_modules\mysql2\lib\commands\command.js:29:26)
2026-06-20T13:33:00:     at Connection.handlePacket (D:\ACHME_COMUNICATION-main\backend\node_modules\mysql2\lib\base\connection.js:552:34)
2026-06-20T13:33:00:     at PacketParser.onPacket (D:\ACHME_COMUNICATION-main\backend\node_modules\mysql2\lib\base\connection.js:102:12)
2026-06-20T13:33:00:     at PacketParser.executeStart (D:\ACHME_COMUNICATION-main\backend\node_modules\mysql2\lib\packet_parser.js:75:16)
2026-06-20T13:33:00:     at Socket.<anonymous> (D:\ACHME_COMUNICATION-main\backend\node_modules\mysql2\lib\base\connection.js:109:25)
2026-06-20T13:33:00:     at Socket.emit (node:events:509:20)
2026-06-20T13:33:00:     at addChunk (node:internal/streams/readable:568:12)
2026-06-20T13:33:00:     at readableAddChunkPushByteMode (node:internal/streams/readable:519:3)
2026-06-20T13:33:00:     at Readable.push (node:internal/streams/readable:399:5) {
2026-06-20T13:33:00:   code: 'ER_NO_SUCH_TABLE',
2026-06-20T13:33:00:   errno: 1146,
2026-06-20T13:33:00:   sqlState: '42S02',
2026-06-20T13:33:00:   sqlMessage: "Table 'achme.push_subscriptions' doesn't exist",
2026-06-20T13:33:00:   sql: '\n' +
2026-06-20T13:33:00:     '    SELECT ps.endpoint, ps.p256dh, ps.auth \n' +
2026-06-20T13:33:00:     '    FROM push_subscriptions ps\n' +
2026-06-20T13:33:00:     '    JOIN teammember tm ON ps.user_id = tm.user_id\n' +
2026-06-20T13:33:00:     "    WHERE tm.emp_role IN ('admin', 'subadmin')\n" +
2026-06-20T13:33:00:     '  '
2026-06-20T13:33:00: }
2026-06-20T13:33:00: [Web Push] Failed to fetch subscriptions for user: 708 Error: Table 'achme.push_subscriptions' doesn't exist
2026-06-20T13:33:00:     at Packet.asError (D:\ACHME_COMUNICATION-main\backend\node_modules\mysql2\lib\packets\packet.js:788:17)
2026-06-20T13:33:00:     at Query.execute (D:\ACHME_COMUNICATION-main\backend\node_modules\mysql2\lib\commands\command.js:29:26)
2026-06-20T13:33:00:     at Connection.handlePacket (D:\ACHME_COMUNICATION-main\backend\node_modules\mysql2\lib\base\connection.js:552:34)
2026-06-20T13:33:00:     at PacketParser.onPacket (D:\ACHME_COMUNICATION-main\backend\node_modules\mysql2\lib\base\connection.js:102:12)
2026-06-20T13:33:00:     at PacketParser.executeStart (D:\ACHME_COMUNICATION-main\backend\node_modules\mysql2\lib\packet_parser.js:75:16)
2026-06-20T13:33:00:     at Socket.<anonymous> (D:\ACHME_COMUNICATION-main\backend\node_modules\mysql2\lib\base\connection.js:109:25)
2026-06-20T13:33:00:     at Socket.emit (node:events:509:20)
2026-06-20T13:33:00:     at addChunk (node:internal/streams/readable:568:12)
2026-06-20T13:33:00:     at readableAddChunkPushByteMode (node:internal/streams/readable:519:3)
2026-06-20T13:33:00:     at Readable.push (node:internal/streams/readable:399:5) {
2026-06-20T13:33:00:   code: 'ER_NO_SUCH_TABLE',
2026-06-20T13:33:00:   errno: 1146,
2026-06-20T13:33:00:   sqlState: '42S02',
2026-06-20T13:33:00:   sqlMessage: "Table 'achme.push_subscriptions' doesn't exist",
2026-06-20T13:33:00:   sql: 'SELECT endpoint, p256dh, auth FROM push_subscriptions WHERE user_id = 708'
2026-06-20T13:33:00: }
2026-06-20T13:37:00: [Web Push] Failed to fetch admin subscriptions: Error: Table 'achme.push_subscriptions' doesn't exist
2026-06-20T13:37:00:     at Packet.asError (D:\ACHME_COMUNICATION-main\backend\node_modules\mysql2\lib\packets\packet.js:788:17)
2026-06-20T13:37:00:     at Query.execute (D:\ACHME_COMUNICATION-main\backend\node_modules\mysql2\lib\commands\command.js:29:26)
2026-06-20T13:37:00:     at Connection.handlePacket (D:\ACHME_COMUNICATION-main\backend\node_modules\mysql2\lib\base\connection.js:552:34)
2026-06-20T13:37:00:     at PacketParser.onPacket (D:\ACHME_COMUNICATION-main\backend\node_modules\mysql2\lib\base\connection.js:102:12)
2026-06-20T13:37:00:     at PacketParser.executeStart (D:\ACHME_COMUNICATION-main\backend\node_modules\mysql2\lib\packet_parser.js:75:16)
2026-06-20T13:37:00:     at Socket.<anonymous> (D:\ACHME_COMUNICATION-main\backend\node_modules\mysql2\lib\base\connection.js:109:25)
2026-06-20T13:37:00:     at Socket.emit (node:events:509:20)
2026-06-20T13:37:00:     at addChunk (node:internal/streams/readable:568:12)
2026-06-20T13:37:00:     at readableAddChunkPushByteMode (node:internal/streams/readable:519:3)
2026-06-20T13:37:00:     at Readable.push (node:internal/streams/readable:399:5) {
2026-06-20T13:37:00:   code: 'ER_NO_SUCH_TABLE',
2026-06-20T13:37:00:   errno: 1146,
2026-06-20T13:37:00:   sqlState: '42S02',
2026-06-20T13:37:00:   sqlMessage: "Table 'achme.push_subscriptions' doesn't exist",
2026-06-20T13:37:00:   sql: '\n' +
2026-06-20T13:37:00:     '    SELECT ps.endpoint, ps.p256dh, ps.auth \n' +
2026-06-20T13:37:00:     '    FROM push_subscriptions ps\n' +
2026-06-20T13:37:00:     '    JOIN teammember tm ON ps.user_id = tm.user_id\n' +
2026-06-20T13:37:00:     "    WHERE tm.emp_role IN ('admin', 'subadmin')\n" +
2026-06-20T13:37:00:     '  '
2026-06-20T13:37:00: }
2026-06-20T13:37:00: [Web Push] Failed to fetch subscriptions for user: 708 Error: Table 'achme.push_subscriptions' doesn't exist
2026-06-20T13:37:00:     at Packet.asError (D:\ACHME_COMUNICATION-main\backend\node_modules\mysql2\lib\packets\packet.js:788:17)
2026-06-20T13:37:00:     at Query.execute (D:\ACHME_COMUNICATION-main\backend\node_modules\mysql2\lib\commands\command.js:29:26)
2026-06-20T13:37:00:     at Connection.handlePacket (D:\ACHME_COMUNICATION-main\backend\node_modules\mysql2\lib\base\connection.js:552:34)
2026-06-20T13:37:00:     at PacketParser.onPacket (D:\ACHME_COMUNICATION-main\backend\node_modules\mysql2\lib\base\connection.js:102:12)
2026-06-20T13:37:00:     at PacketParser.executeStart (D:\ACHME_COMUNICATION-main\backend\node_modules\mysql2\lib\packet_parser.js:75:16)
2026-06-20T13:37:00:     at Socket.<anonymous> (D:\ACHME_COMUNICATION-main\backend\node_modules\mysql2\lib\base\connection.js:109:25)
2026-06-20T13:37:00:     at Socket.emit (node:events:509:20)
2026-06-20T13:37:00:     at addChunk (node:internal/streams/readable:568:12)
2026-06-20T13:37:00:     at readableAddChunkPushByteMode (node:internal/streams/readable:519:3)
2026-06-20T13:37:00:     at Readable.push (node:internal/streams/readable:399:5) {
2026-06-20T13:37:00:   code: 'ER_NO_SUCH_TABLE',
2026-06-20T13:37:00:   errno: 1146,
2026-06-20T13:37:00:   sqlState: '42S02',
2026-06-20T13:37:00:   sqlMessage: "Table 'achme.push_subscriptions' doesn't exist",
2026-06-20T13:37:00:   sql: 'SELECT endpoint, p256dh, auth FROM push_subscriptions WHERE user_id = 708'
2026-06-20T13:37:00: }
2026-06-22T09:54:19: OTP email transporter verification failed: Invalid login: 535-5.7.8 Username and Password not accepted. For more information, go to
2026-06-22T09:54:19: 535 5.7.8  https://support.google.com/mail/?p=BadCredentials d2e1a72fcca58-84564e745besm5725956b3a.28 - gsmtp
2026-06-22T10:54:21: OTP email transporter verification failed: Invalid login: 535-5.7.8 Username and Password not accepted. For more information, go to
2026-06-22T10:54:21: 535 5.7.8  https://support.google.com/mail/?p=BadCredentials 41be03b00d2f7-c8bc563c6eesm5640406a12.21 - gsmtp
2026-06-22T13:39:30: OTP email transporter verification failed: Invalid login: 535-5.7.8 Username and Password not accepted. For more information, go to
2026-06-22T13:39:30: 535 5.7.8  https://support.google.com/mail/?p=BadCredentials d9443c01a7336-2c7439f8e42sm67970685ad.48 - gsmtp
2026-06-23T14:33:16: OTP email transporter verification failed: Invalid login: 535-5.7.8 Username and Password not accepted. For more information, go to
2026-06-23T14:33:16: 535 5.7.8  https://support.google.com/mail/?p=BadCredentials d2e1a72fcca58-84564ee3dc2sm9668565b3a.58 - gsmtp
2026-06-23T15:17:26: OTP email transporter verification failed: Invalid login: 535-5.7.8 Username and Password not accepted. For more information, go to
2026-06-23T15:17:26: 535 5.7.8  https://support.google.com/mail/?p=BadCredentials d2e1a72fcca58-84564ecd779sm10297531b3a.53 - gsmtp
2026-06-23T16:25:30: OTP email transporter verification failed: Invalid login: 535-5.7.8 Username and Password not accepted. For more information, go to
2026-06-23T16:25:30: 535 5.7.8  https://support.google.com/mail/?p=BadCredentials d9443c01a7336-2c7439f8d11sm110603855ad.43 - gsmtp
2026-06-24T12:15:25: OTP email transporter verification failed: Invalid login: 535-5.7.8 Username and Password not accepted. For more information, go to
2026-06-24T12:15:25: 535 5.7.8  https://support.google.com/mail/?p=BadCredentials d2e1a72fcca58-845a4121fdbsm1184877b3a.51 - gsmtp
2026-06-24T16:03:31: OTP email transporter verification failed: Invalid login: 535-5.7.8 Username and Password not accepted. For more information, go to
2026-06-24T16:03:31: 535 5.7.8  https://support.google.com/mail/?p=BadCredentials 98e67ed59e1d1-37de3b839b8sm2030970a91.9 - gsmtp
2026-06-24T16:40:15: OTP email transporter verification failed: Invalid login: 535-5.7.8 Username and Password not accepted. For more information, go to
2026-06-24T16:40:15: 535 5.7.8  https://support.google.com/mail/?p=BadCredentials d9443c01a7336-2c7436af590sm155482975ad.17 - gsmtp
2026-07-04T16:25:31: OTP email transporter verification failed: Invalid login: 535-5.7.8 Username and Password not accepted. For more information, go to
2026-07-04T16:25:31: 535 5.7.8  https://support.google.com/mail/?p=BadCredentials 5a478bee46e88-30f0b86ef6asm33805394eec.13 - gsmtp
2026-07-06T11:31:44: OTP email transporter verification failed: Invalid login: 535-5.7.8 Username and Password not accepted. For more information, go to
2026-07-06T11:31:44: 535 5.7.8  https://support.google.com/mail/?p=BadCredentials 5a478bee46e88-30f44fba9a4sm24479017eec.10 - gsmtp
2026-07-06T11:35:11: OTP email transporter verification failed: Invalid login: 535-5.7.8 Username and Password not accepted. For more information, go to
2026-07-06T11:35:11: 535 5.7.8  https://support.google.com/mail/?p=BadCredentials a92af1059eb24-13b41c364d5sm48984934c88.14 - gsmtp
2026-07-06T15:08:34: OTP email transporter verification failed: Invalid login: 535-5.7.8 Username and Password not accepted. For more information, go to
2026-07-06T15:08:34: 535 5.7.8  https://support.google.com/mail/?p=BadCredentials 5a478bee46e88-30f0bbd2362sm56505944eec.20 - gsmtp
2026-07-07T15:38:37: OTP email transporter verification failed: Invalid login: 535-5.7.8 Username and Password not accepted. For more information, go to
2026-07-07T15:38:37: 535 5.7.8  https://support.google.com/mail/?p=BadCredentials 5a478bee46e88-311747f5982sm7585716eec.5 - gsmtp
2026-07-08T14:23:16: OTP email transporter verification failed: Invalid login: 535-5.7.8 Username and Password not accepted. For more information, go to
2026-07-08T14:23:16: 535 5.7.8  https://support.google.com/mail/?p=BadCredentials a92af1059eb24-13b659c8572sm17528448c88.9 - gsmtp
2026-07-08T14:25:00: [Web Push] Failed pushing to subscriber. Status: 401
2026-07-08T14:25:29: Target not set for user ID 708 (Admin), skipping quotation target sync
2026-07-08T15:03:23: [Healer] No target for user_id=708 name="Admin" (QT-20260618-7811) — skipping
2026-07-08T15:03:23: [Healer] No target for user_id=708 name="Admin" (QT-20260619-5327) — skipping
2026-07-08T15:03:23: [Healer] No target for user_id=708 name="Admin" (QT-20260703-2156) — skipping
2026-07-08T15:03:24: OTP email transporter verification failed: Invalid login: 535-5.7.8 Username and Password not accepted. For more information, go to
2026-07-08T15:03:24: 535 5.7.8  https://support.google.com/mail/?p=BadCredentials 5a478bee46e88-31174a56848sm18847010eec.16 - gsmtp
2026-07-08T15:05:03: [TargetSync] No target found for user_id=708 name="Admin" — skipping sync
2026-07-08T15:05:24: [TargetSync] No target found for user_id=708 name="Admin" — skipping sync
2026-07-08T15:05:27: [TargetSync] No target found for user_id=708 name="Admin" — skipping sync
2026-07-15T10:07:13: OTP email transporter verification failed: Invalid login: 535-5.7.8 Username and Password not accepted. For more information, go to
2026-07-15T10:07:13: 535 5.7.8  https://support.google.com/mail/?p=BadCredentials 5a478bee46e88-31174a583bcsm92496283eec.19 - gsmtp
2026-07-15T10:07:14: [Healer] No target for user_id=708 name="Admin" (QT-20260618-7811) — skipping
2026-07-15T10:07:14: [Healer] No target for user_id=708 name="Admin" (QT-20260619-5327) — skipping
2026-07-15T10:07:14: [Healer] No target for user_id=708 name="Admin" (QT-20260703-2156) — skipping
2026-07-15T10:13:50: [Web Push] Failed pushing to subscriber. Status: 401
2026-07-15T10:20:51: OTP email transporter verification failed: Invalid login: 535-5.7.8 Username and Password not accepted. For more information, go to
2026-07-15T10:20:51: 535 5.7.8  https://support.google.com/mail/?p=BadCredentials 5a478bee46e88-311747f596asm85873074eec.2 - gsmtp
2026-07-15T10:20:52: [Healer] No target for user_id=708 name="Admin" (QT-20260618-7811) — skipping
2026-07-15T10:20:52: [Healer] No target for user_id=708 name="Admin" (QT-20260619-5327) — skipping
2026-07-15T10:20:52: [Healer] No target for user_id=708 name="Admin" (QT-20260703-2156) — skipping
2026-07-16T09:53:49: OTP email transporter verification failed: Invalid login: 535-5.7.8 Username and Password not accepted. For more information, go to
2026-07-16T09:53:49: 535 5.7.8  https://support.google.com/mail/?p=BadCredentials 5a478bee46e88-3140e6a626bsm6699933eec.19 - gsmtp
2026-07-16T09:53:49: [Healer] No target for user_id=708 name="Admin" (QT-20260618-7811) — skipping
2026-07-16T09:53:49: [Healer] No target for user_id=708 name="Admin" (QT-20260619-5327) — skipping
2026-07-16T09:53:49: [Healer] No target for user_id=708 name="Admin" (QT-20260703-2156) — skipping
2026-07-17T11:47:43: OTP email transporter verification failed: Invalid login: 535-5.7.8 Username and Password not accepted. For more information, go to
2026-07-17T11:47:43: 535 5.7.8  https://support.google.com/mail/?p=BadCredentials 5a478bee46e88-31429f9d444sm3636319eec.6 - gsmtp
2026-07-17T11:47:43: [Healer] No target for user_id=708 name="Admin" (QT-20260618-7811) — skipping
2026-07-17T11:47:43: [Healer] No target for user_id=708 name="Admin" (QT-20260619-5327) — skipping
2026-07-17T11:47:43: [Healer] No target for user_id=708 name="Admin" (QT-20260703-2156) — skipping
2026-07-19T12:33:44: OTP email transporter verification failed: Invalid login: 535-5.7.8 Username and Password not accepted. For more information, go to
2026-07-19T12:33:44: 535 5.7.8  https://support.google.com/mail/?p=BadCredentials 5a478bee46e88-3142a1bb77csm26363918eec.18 - gsmtp
2026-07-19T12:33:44: [Healer] No target for user_id=708 name="Admin" (QT-20260618-7811) — skipping
2026-07-19T12:33:44: [Healer] No target for user_id=708 name="Admin" (QT-20260619-5327) — skipping
2026-07-19T12:33:44: [Healer] No target for user_id=708 name="Admin" (QT-20260703-2156) — skipping
2026-07-19T12:36:04: [TargetSync] No target found for user_id=708 name="Admin" — skipping sync
2026-07-19T21:48:48: OTP email transporter verification failed: Invalid login: 535-5.7.8 Username and Password not accepted. For more information, go to
2026-07-19T21:48:48: 535 5.7.8  https://support.google.com/mail/?p=BadCredentials a92af1059eb24-13ce29c2dcdsm24191605c88.1 - gsmtp
2026-07-19T21:48:49: [Healer] No target for user_id=708 name="Admin" (QT-20260618-7811) — skipping
2026-07-19T21:48:49: [Healer] No target for user_id=708 name="Admin" (QT-20260619-5327) — skipping
2026-07-19T21:48:49: [Healer] No target for user_id=708 name="Admin" (QT-20260703-2156) — skipping
2026-07-19T21:48:56: OTP email transporter verification failed: Invalid login: 535-5.7.8 Username and Password not accepted. For more information, go to
2026-07-19T21:48:56: 535 5.7.8  https://support.google.com/mail/?p=BadCredentials 5a478bee46e88-31429fdcaefsm27673173eec.10 - gsmtp
2026-07-19T21:48:57: [Healer] No target for user_id=708 name="Admin" (QT-20260618-7811) — skipping
2026-07-19T21:48:57: [Healer] No target for user_id=708 name="Admin" (QT-20260619-5327) — skipping
2026-07-19T21:48:57: [Healer] No target for user_id=708 name="Admin" (QT-20260703-2156) — skipping
2026-07-20T00:36:25: Error: Connection lost: The server closed the connection.
2026-07-20T00:36:25:     at Socket.<anonymous> (d:\ACHME_COMUNICATION-main\backend\node_modules\mysql2\lib\base\connection.js:122:31)
2026-07-20T00:36:25:     at Socket.emit (node:events:509:20)
2026-07-20T00:36:25:     at TCP.<anonymous> (node:net:350:12) {
2026-07-20T00:36:25:   fatal: true,
2026-07-20T00:36:25:   code: 'PROTOCOL_CONNECTION_LOST'
2026-07-20T00:36:25: }
2026-07-20T09:48:12: OTP email transporter verification failed: Invalid login: 535-5.7.8 Username and Password not accepted. For more information, go to
2026-07-20T09:48:12: 535 5.7.8  https://support.google.com/mail/?p=BadCredentials a92af1059eb24-13ce29ffb13sm26281414c88.6 - gsmtp
2026-07-20T09:48:12: [Healer] No target for user_id=708 name="Admin" (QT-20260618-7811) — skipping
2026-07-20T09:48:12: [Healer] No target for user_id=708 name="Admin" (QT-20260619-5327) — skipping
2026-07-20T09:48:12: [Healer] No target for user_id=708 name="Admin" (QT-20260703-2156) — skipping
2026-07-20T11:43:04: OTP email transporter verification failed: Invalid login: 535-5.7.8 Username and Password not accepted. For more information, go to
2026-07-20T11:43:04: 535 5.7.8  https://support.google.com/mail/?p=BadCredentials 5a478bee46e88-3142a210571sm33217778eec.31 - gsmtp
2026-07-20T11:43:04: [Healer] No target for user_id=708 name="Admin" (QT-20260618-7811) — skipping
2026-07-20T11:43:04: [Healer] No target for user_id=708 name="Admin" (QT-20260619-5327) — skipping
2026-07-20T11:43:04: [Healer] No target for user_id=708 name="Admin" (QT-20260703-2156) — skipping
2026-07-20T13:10:29: [TargetSync] No target found for user_id=708 name="Admin" — skipping sync
2026-07-22T10:16:16: OTP email transporter verification failed: Invalid login: 535-5.7.8 Username and Password not accepted. For more information, go to
2026-07-22T10:16:16: 535 5.7.8  https://support.google.com/mail/?p=BadCredentials 5a478bee46e88-3147df097e0sm4346667eec.17 - gsmtp
2026-07-22T10:16:17: [Healer] No target for user_id=708 name="Admin" (QT-20260618-7811) — skipping
2026-07-22T10:16:17: [Healer] No target for user_id=708 name="Admin" (QT-20260619-5327) — skipping
2026-07-22T10:16:17: [Healer] No target for user_id=708 name="Admin" (QT-20260619-5327) — skipping
2026-07-22T10:16:17: [Healer] No target for user_id=708 name="Admin" (QT-20260703-2156) — skipping
2026-07-22T15:42:01: [Healer] No target for user_id=708 name="Admin" (QT-20260618-7811) — skipping
2026-07-22T15:42:01: [Healer] No target for user_id=708 name="Admin" (QT-20260619-5327) — skipping
2026-07-22T15:42:01: [Healer] No target for user_id=708 name="Admin" (QT-20260619-5327) — skipping
2026-07-22T15:42:01: [Healer] No target for user_id=708 name="Admin" (QT-20260703-2156) — skipping
2026-07-22T15:42:02: OTP email transporter verification failed: Invalid login: 535-5.7.8 Username and Password not accepted. For more information, go to
2026-07-22T15:42:02: 535 5.7.8  https://support.google.com/mail/?p=BadCredentials 5a478bee46e88-3147dc193f8sm15620226eec.1 - gsmtp
2026-07-23T10:52:13: OTP email transporter verification failed: Invalid login: 535-5.7.8 Username and Password not accepted. For more information, go to
2026-07-23T10:52:13: 535 5.7.8  https://support.google.com/mail/?p=BadCredentials 5a478bee46e88-3147df06864sm15225040eec.15 - gsmtp
2026-07-23T10:52:14: [Healer] No target for user_id=708 name="Admin" (QT-20260618-7811) — skipping
2026-07-23T10:52:14: [Healer] No target for user_id=708 name="Admin" (QT-20260619-5327) — skipping
2026-07-23T10:52:14: [Healer] No target for user_id=708 name="Admin" (QT-20260619-5327) — skipping
2026-07-23T10:52:14: [Healer] No target for user_id=708 name="Admin" (QT-20260703-2156) — skipping
2026-07-23T11:31:07: TypeError: argument handler must be a function
2026-07-23T11:31:07:     at Route.<computed> [as get] (E:\MADHURA_CRM\backend\node_modules\router\lib\route.js:228:15)
2026-07-23T11:31:07:     at Router.<computed> [as get] (E:\MADHURA_CRM\backend\node_modules\router\index.js:448:19)
2026-07-23T11:31:07:     at Object.<anonymous> (E:\MADHURA_CRM\backend\routes\waTemplateRoutes.js:6:8)
2026-07-23T11:31:07:     at Module._compile (node:internal/modules/cjs/loader:1856:14)
2026-07-23T11:31:07:     at Object..js (node:internal/modules/cjs/loader:1996:10)
2026-07-23T11:31:07:     at Module.load (node:internal/modules/cjs/loader:1579:32)
2026-07-23T11:31:07:     at Module._load (node:internal/modules/cjs/loader:1381:12)
2026-07-23T11:31:07:     at wrapModuleLoad (node:internal/modules/cjs/loader:255:19)
2026-07-23T11:31:07:     at Module.require (node:internal/modules/cjs/loader:1602:12)
2026-07-23T11:31:07:     at require (node:internal/modules/helpers:191:16)
2026-07-23T11:31:07:     at Object.<anonymous> (E:\MADHURA_CRM\backend\server.js:98:30)
2026-07-23T11:31:07:     at Module._compile (node:internal/modules/cjs/loader:1856:14)
2026-07-23T11:31:07:     at Object..js (node:internal/modules/cjs/loader:1996:10)
2026-07-23T11:31:07:     at Module.load (node:internal/modules/cjs/loader:1579:32)
2026-07-23T11:31:07:     at Module._load (node:internal/modules/cjs/loader:1381:12)
2026-07-23T11:31:07:     at Object.<anonymous> (C:\Users\thana\AppData\Roaming\npm\node_modules\pm2\lib\ProcessContainerFork.js:32:23)
2026-07-23T11:31:12: TypeError: argument handler must be a function
2026-07-23T11:31:12:     at Route.<computed> [as get] (E:\MADHURA_CRM\backend\node_modules\router\lib\route.js:228:15)
2026-07-23T11:31:12:     at Router.<computed> [as get] (E:\MADHURA_CRM\backend\node_modules\router\index.js:448:19)
2026-07-23T11:31:12:     at Object.<anonymous> (E:\MADHURA_CRM\backend\routes\waTemplateRoutes.js:6:8)
2026-07-23T11:31:12:     at Module._compile (node:internal/modules/cjs/loader:1856:14)
2026-07-23T11:31:12:     at Object..js (node:internal/modules/cjs/loader:1996:10)
2026-07-23T11:31:12:     at Module.load (node:internal/modules/cjs/loader:1579:32)
2026-07-23T11:31:12:     at Module._load (node:internal/modules/cjs/loader:1381:12)
2026-07-23T11:31:12:     at wrapModuleLoad (node:internal/modules/cjs/loader:255:19)
2026-07-23T11:31:12:     at Module.require (node:internal/modules/cjs/loader:1602:12)
2026-07-23T11:31:12:     at require (node:internal/modules/helpers:191:16)
2026-07-23T11:31:12:     at Object.<anonymous> (E:\MADHURA_CRM\backend\server.js:98:30)
2026-07-23T11:31:12:     at Module._compile (node:internal/modules/cjs/loader:1856:14)
2026-07-23T11:31:12:     at Object..js (node:internal/modules/cjs/loader:1996:10)
2026-07-23T11:31:12:     at Module.load (node:internal/modules/cjs/loader:1579:32)
2026-07-23T11:31:12:     at Module._load (node:internal/modules/cjs/loader:1381:12)
2026-07-23T11:31:12:     at Object.<anonymous> (C:\Users\thana\AppData\Roaming\npm\node_modules\pm2\lib\ProcessContainerFork.js:32:23)
2026-07-23T11:31:18: TypeError: argument handler must be a function
2026-07-23T11:31:18:     at Route.<computed> [as get] (E:\MADHURA_CRM\backend\node_modules\router\lib\route.js:228:15)
2026-07-23T11:31:18:     at Router.<computed> [as get] (E:\MADHURA_CRM\backend\node_modules\router\index.js:448:19)
2026-07-23T11:31:18:     at Object.<anonymous> (E:\MADHURA_CRM\backend\routes\waTemplateRoutes.js:6:8)
2026-07-23T11:31:18:     at Module._compile (node:internal/modules/cjs/loader:1856:14)
2026-07-23T11:31:18:     at Object..js (node:internal/modules/cjs/loader:1996:10)
2026-07-23T11:31:18:     at Module.load (node:internal/modules/cjs/loader:1579:32)
2026-07-23T11:31:18:     at Module._load (node:internal/modules/cjs/loader:1381:12)
2026-07-23T11:31:18:     at wrapModuleLoad (node:internal/modules/cjs/loader:255:19)
2026-07-23T11:31:18:     at Module.require (node:internal/modules/cjs/loader:1602:12)
2026-07-23T11:31:18:     at require (node:internal/modules/helpers:191:16)
2026-07-23T11:31:18:     at Object.<anonymous> (E:\MADHURA_CRM\backend\server.js:98:30)
2026-07-23T11:31:18:     at Module._compile (node:internal/modules/cjs/loader:1856:14)
2026-07-23T11:31:18:     at Object..js (node:internal/modules/cjs/loader:1996:10)
2026-07-23T11:31:18:     at Module.load (node:internal/modules/cjs/loader:1579:32)
2026-07-23T11:31:18:     at Module._load (node:internal/modules/cjs/loader:1381:12)
2026-07-23T11:31:18:     at Object.<anonymous> (C:\Users\thana\AppData\Roaming\npm\node_modules\pm2\lib\ProcessContainerFork.js:32:23)
2026-07-23T11:31:24: TypeError: argument handler must be a function
2026-07-23T11:31:24:     at Route.<computed> [as get] (E:\MADHURA_CRM\backend\node_modules\router\lib\route.js:228:15)
2026-07-23T11:31:24:     at Router.<computed> [as get] (E:\MADHURA_CRM\backend\node_modules\router\index.js:448:19)
2026-07-23T11:31:24:     at Object.<anonymous> (E:\MADHURA_CRM\backend\routes\waTemplateRoutes.js:6:8)
2026-07-23T11:31:24:     at Module._compile (node:internal/modules/cjs/loader:1856:14)
2026-07-23T11:31:24:     at Object..js (node:internal/modules/cjs/loader:1996:10)
2026-07-23T11:31:24:     at Module.load (node:internal/modules/cjs/loader:1579:32)
2026-07-23T11:31:24:     at Module._load (node:internal/modules/cjs/loader:1381:12)
2026-07-23T11:31:24:     at wrapModuleLoad (node:internal/modules/cjs/loader:255:19)
2026-07-23T11:31:24:     at Module.require (node:internal/modules/cjs/loader:1602:12)
2026-07-23T11:31:24:     at require (node:internal/modules/helpers:191:16)
2026-07-23T11:31:24:     at Object.<anonymous> (E:\MADHURA_CRM\backend\server.js:98:30)
2026-07-23T11:31:24:     at Module._compile (node:internal/modules/cjs/loader:1856:14)
2026-07-23T11:31:24:     at Object..js (node:internal/modules/cjs/loader:1996:10)
2026-07-23T11:31:24:     at Module.load (node:internal/modules/cjs/loader:1579:32)
2026-07-23T11:31:24:     at Module._load (node:internal/modules/cjs/loader:1381:12)
2026-07-23T11:31:24:     at Object.<anonymous> (C:\Users\thana\AppData\Roaming\npm\node_modules\pm2\lib\ProcessContainerFork.js:32:23)
2026-07-23T11:31:29: TypeError: argument handler must be a function
2026-07-23T11:31:29:     at Route.<computed> [as get] (E:\MADHURA_CRM\backend\node_modules\router\lib\route.js:228:15)
2026-07-23T11:31:29:     at Router.<computed> [as get] (E:\MADHURA_CRM\backend\node_modules\router\index.js:448:19)
2026-07-23T11:31:29:     at Object.<anonymous> (E:\MADHURA_CRM\backend\routes\waTemplateRoutes.js:6:8)
2026-07-23T11:31:29:     at Module._compile (node:internal/modules/cjs/loader:1856:14)
2026-07-23T11:31:29:     at Object..js (node:internal/modules/cjs/loader:1996:10)
2026-07-23T11:31:29:     at Module.load (node:internal/modules/cjs/loader:1579:32)
2026-07-23T11:31:29:     at Module._load (node:internal/modules/cjs/loader:1381:12)
2026-07-23T11:31:29:     at wrapModuleLoad (node:internal/modules/cjs/loader:255:19)
2026-07-23T11:31:29:     at Module.require (node:internal/modules/cjs/loader:1602:12)
2026-07-23T11:31:29:     at require (node:internal/modules/helpers:191:16)
2026-07-23T11:31:29:     at Object.<anonymous> (E:\MADHURA_CRM\backend\server.js:98:30)
2026-07-23T11:31:29:     at Module._compile (node:internal/modules/cjs/loader:1856:14)
2026-07-23T11:31:29:     at Object..js (node:internal/modules/cjs/loader:1996:10)
2026-07-23T11:31:29:     at Module.load (node:internal/modules/cjs/loader:1579:32)
2026-07-23T11:31:29:     at Module._load (node:internal/modules/cjs/loader:1381:12)
2026-07-23T11:31:29:     at Object.<anonymous> (C:\Users\thana\AppData\Roaming\npm\node_modules\pm2\lib\ProcessContainerFork.js:32:23)
2026-07-23T11:31:34: TypeError: argument handler must be a function
2026-07-23T11:31:34:     at Route.<computed> [as get] (E:\MADHURA_CRM\backend\node_modules\router\lib\route.js:228:15)
2026-07-23T11:31:34:     at Router.<computed> [as get] (E:\MADHURA_CRM\backend\node_modules\router\index.js:448:19)
2026-07-23T11:31:34:     at Object.<anonymous> (E:\MADHURA_CRM\backend\routes\waTemplateRoutes.js:6:8)
2026-07-23T11:31:34:     at Module._compile (node:internal/modules/cjs/loader:1856:14)
2026-07-23T11:31:34:     at Object..js (node:internal/modules/cjs/loader:1996:10)
2026-07-23T11:31:34:     at Module.load (node:internal/modules/cjs/loader:1579:32)
2026-07-23T11:31:34:     at Module._load (node:internal/modules/cjs/loader:1381:12)
2026-07-23T11:31:34:     at wrapModuleLoad (node:internal/modules/cjs/loader:255:19)
2026-07-23T11:31:34:     at Module.require (node:internal/modules/cjs/loader:1602:12)
2026-07-23T11:31:34:     at require (node:internal/modules/helpers:191:16)
2026-07-23T11:31:34:     at Object.<anonymous> (E:\MADHURA_CRM\backend\server.js:98:30)
2026-07-23T11:31:34:     at Module._compile (node:internal/modules/cjs/loader:1856:14)
2026-07-23T11:31:34:     at Object..js (node:internal/modules/cjs/loader:1996:10)
2026-07-23T11:31:34:     at Module.load (node:internal/modules/cjs/loader:1579:32)
2026-07-23T11:31:34:     at Module._load (node:internal/modules/cjs/loader:1381:12)
2026-07-23T11:31:34:     at Object.<anonymous> (C:\Users\thana\AppData\Roaming\npm\node_modules\pm2\lib\ProcessContainerFork.js:32:23)
2026-07-23T11:31:39: TypeError: argument handler must be a function
2026-07-23T11:31:39:     at Route.<computed> [as get] (E:\MADHURA_CRM\backend\node_modules\router\lib\route.js:228:15)
2026-07-23T11:31:39:     at Router.<computed> [as get] (E:\MADHURA_CRM\backend\node_modules\router\index.js:448:19)
2026-07-23T11:31:39:     at Object.<anonymous> (E:\MADHURA_CRM\backend\routes\waTemplateRoutes.js:6:8)
2026-07-23T11:31:39:     at Module._compile (node:internal/modules/cjs/loader:1856:14)
2026-07-23T11:31:39:     at Object..js (node:internal/modules/cjs/loader:1996:10)
2026-07-23T11:31:39:     at Module.load (node:internal/modules/cjs/loader:1579:32)
2026-07-23T11:31:39:     at Module._load (node:internal/modules/cjs/loader:1381:12)
2026-07-23T11:31:39:     at wrapModuleLoad (node:internal/modules/cjs/loader:255:19)
2026-07-23T11:31:39:     at Module.require (node:internal/modules/cjs/loader:1602:12)
2026-07-23T11:31:39:     at require (node:internal/modules/helpers:191:16)
2026-07-23T11:31:39:     at Object.<anonymous> (E:\MADHURA_CRM\backend\server.js:98:30)
2026-07-23T11:31:39:     at Module._compile (node:internal/modules/cjs/loader:1856:14)
2026-07-23T11:31:39:     at Object..js (node:internal/modules/cjs/loader:1996:10)
2026-07-23T11:31:39:     at Module.load (node:internal/modules/cjs/loader:1579:32)
2026-07-23T11:31:39:     at Module._load (node:internal/modules/cjs/loader:1381:12)
2026-07-23T11:31:39:     at Object.<anonymous> (C:\Users\thana\AppData\Roaming\npm\node_modules\pm2\lib\ProcessContainerFork.js:32:23)
2026-07-23T11:31:44: TypeError: argument handler must be a function
2026-07-23T11:31:44:     at Route.<computed> [as get] (E:\MADHURA_CRM\backend\node_modules\router\lib\route.js:228:15)
2026-07-23T11:31:44:     at Router.<computed> [as get] (E:\MADHURA_CRM\backend\node_modules\router\index.js:448:19)
2026-07-23T11:31:44:     at Object.<anonymous> (E:\MADHURA_CRM\backend\routes\waTemplateRoutes.js:6:8)
2026-07-23T11:31:44:     at Module._compile (node:internal/modules/cjs/loader:1856:14)
2026-07-23T11:31:44:     at Object..js (node:internal/modules/cjs/loader:1996:10)
2026-07-23T11:31:44:     at Module.load (node:internal/modules/cjs/loader:1579:32)
2026-07-23T11:31:44:     at Module._load (node:internal/modules/cjs/loader:1381:12)
2026-07-23T11:31:44:     at wrapModuleLoad (node:internal/modules/cjs/loader:255:19)
2026-07-23T11:31:44:     at Module.require (node:internal/modules/cjs/loader:1602:12)
2026-07-23T11:31:44:     at require (node:internal/modules/helpers:191:16)
2026-07-23T11:31:44:     at Object.<anonymous> (E:\MADHURA_CRM\backend\server.js:98:30)
2026-07-23T11:31:44:     at Module._compile (node:internal/modules/cjs/loader:1856:14)
2026-07-23T11:31:44:     at Object..js (node:internal/modules/cjs/loader:1996:10)
2026-07-23T11:31:44:     at Module.load (node:internal/modules/cjs/loader:1579:32)
2026-07-23T11:31:44:     at Module._load (node:internal/modules/cjs/loader:1381:12)
2026-07-23T11:31:44:     at Object.<anonymous> (C:\Users\thana\AppData\Roaming\npm\node_modules\pm2\lib\ProcessContainerFork.js:32:23)
2026-07-23T11:31:50: TypeError: argument handler must be a function
2026-07-23T11:31:50:     at Route.<computed> [as get] (E:\MADHURA_CRM\backend\node_modules\router\lib\route.js:228:15)
2026-07-23T11:31:50:     at Router.<computed> [as get] (E:\MADHURA_CRM\backend\node_modules\router\index.js:448:19)
2026-07-23T11:31:50:     at Object.<anonymous> (E:\MADHURA_CRM\backend\routes\waTemplateRoutes.js:6:8)
2026-07-23T11:31:50:     at Module._compile (node:internal/modules/cjs/loader:1856:14)
2026-07-23T11:31:50:     at Object..js (node:internal/modules/cjs/loader:1996:10)
2026-07-23T11:31:50:     at Module.load (node:internal/modules/cjs/loader:1579:32)
2026-07-23T11:31:50:     at Module._load (node:internal/modules/cjs/loader:1381:12)
2026-07-23T11:31:50:     at wrapModuleLoad (node:internal/modules/cjs/loader:255:19)
2026-07-23T11:31:50:     at Module.require (node:internal/modules/cjs/loader:1602:12)
2026-07-23T11:31:50:     at require (node:internal/modules/helpers:191:16)
2026-07-23T11:31:50:     at Object.<anonymous> (E:\MADHURA_CRM\backend\server.js:98:30)
2026-07-23T11:31:50:     at Module._compile (node:internal/modules/cjs/loader:1856:14)
2026-07-23T11:31:50:     at Object..js (node:internal/modules/cjs/loader:1996:10)
2026-07-23T11:31:50:     at Module.load (node:internal/modules/cjs/loader:1579:32)
2026-07-23T11:31:50:     at Module._load (node:internal/modules/cjs/loader:1381:12)
2026-07-23T11:31:50:     at Object.<anonymous> (C:\Users\thana\AppData\Roaming\npm\node_modules\pm2\lib\ProcessContainerFork.js:32:23)
2026-07-23T11:31:55: TypeError: argument handler must be a function
2026-07-23T11:31:55:     at Route.<computed> [as get] (E:\MADHURA_CRM\backend\node_modules\router\lib\route.js:228:15)
2026-07-23T11:31:55:     at Router.<computed> [as get] (E:\MADHURA_CRM\backend\node_modules\router\index.js:448:19)
2026-07-23T11:31:55:     at Object.<anonymous> (E:\MADHURA_CRM\backend\routes\waTemplateRoutes.js:6:8)
2026-07-23T11:31:55:     at Module._compile (node:internal/modules/cjs/loader:1856:14)
2026-07-23T11:31:55:     at Object..js (node:internal/modules/cjs/loader:1996:10)
2026-07-23T11:31:55:     at Module.load (node:internal/modules/cjs/loader:1579:32)
2026-07-23T11:31:55:     at Module._load (node:internal/modules/cjs/loader:1381:12)
2026-07-23T11:31:55:     at wrapModuleLoad (node:internal/modules/cjs/loader:255:19)
2026-07-23T11:31:55:     at Module.require (node:internal/modules/cjs/loader:1602:12)
2026-07-23T11:31:55:     at require (node:internal/modules/helpers:191:16)
2026-07-23T11:31:55:     at Object.<anonymous> (E:\MADHURA_CRM\backend\server.js:98:30)
2026-07-23T11:31:55:     at Module._compile (node:internal/modules/cjs/loader:1856:14)
2026-07-23T11:31:55:     at Object..js (node:internal/modules/cjs/loader:1996:10)
2026-07-23T11:31:55:     at Module.load (node:internal/modules/cjs/loader:1579:32)
2026-07-23T11:31:55:     at Module._load (node:internal/modules/cjs/loader:1381:12)
2026-07-23T11:31:55:     at Object.<anonymous> (C:\Users\thana\AppData\Roaming\npm\node_modules\pm2\lib\ProcessContainerFork.js:32:23)
2026-07-23T11:32:00: TypeError: argument handler must be a function
2026-07-23T11:32:00:     at Route.<computed> [as get] (E:\MADHURA_CRM\backend\node_modules\router\lib\route.js:228:15)
2026-07-23T11:32:00:     at Router.<computed> [as get] (E:\MADHURA_CRM\backend\node_modules\router\index.js:448:19)
2026-07-23T11:32:00:     at Object.<anonymous> (E:\MADHURA_CRM\backend\routes\waTemplateRoutes.js:6:8)
2026-07-23T11:32:00:     at Module._compile (node:internal/modules/cjs/loader:1856:14)
2026-07-23T11:32:00:     at Object..js (node:internal/modules/cjs/loader:1996:10)
2026-07-23T11:32:00:     at Module.load (node:internal/modules/cjs/loader:1579:32)
2026-07-23T11:32:00:     at Module._load (node:internal/modules/cjs/loader:1381:12)
2026-07-23T11:32:00:     at wrapModuleLoad (node:internal/modules/cjs/loader:255:19)
2026-07-23T11:32:00:     at Module.require (node:internal/modules/cjs/loader:1602:12)
2026-07-23T11:32:00:     at require (node:internal/modules/helpers:191:16)
2026-07-23T11:32:00:     at Object.<anonymous> (E:\MADHURA_CRM\backend\server.js:98:30)
2026-07-23T11:32:00:     at Module._compile (node:internal/modules/cjs/loader:1856:14)
2026-07-23T11:32:00:     at Object..js (node:internal/modules/cjs/loader:1996:10)
2026-07-23T11:32:00:     at Module.load (node:internal/modules/cjs/loader:1579:32)
2026-07-23T11:32:00:     at Module._load (node:internal/modules/cjs/loader:1381:12)
2026-07-23T11:32:00:     at Object.<anonymous> (C:\Users\thana\AppData\Roaming\npm\node_modules\pm2\lib\ProcessContainerFork.js:32:23)
2026-07-23T11:32:05: TypeError: argument handler must be a function
2026-07-23T11:32:05:     at Route.<computed> [as get] (E:\MADHURA_CRM\backend\node_modules\router\lib\route.js:228:15)
2026-07-23T11:32:05:     at Router.<computed> [as get] (E:\MADHURA_CRM\backend\node_modules\router\index.js:448:19)
2026-07-23T11:32:05:     at Object.<anonymous> (E:\MADHURA_CRM\backend\routes\waTemplateRoutes.js:6:8)
2026-07-23T11:32:05:     at Module._compile (node:internal/modules/cjs/loader:1856:14)
2026-07-23T11:32:05:     at Object..js (node:internal/modules/cjs/loader:1996:10)
2026-07-23T11:32:05:     at Module.load (node:internal/modules/cjs/loader:1579:32)
2026-07-23T11:32:05:     at Module._load (node:internal/modules/cjs/loader:1381:12)
2026-07-23T11:32:05:     at wrapModuleLoad (node:internal/modules/cjs/loader:255:19)
2026-07-23T11:32:05:     at Module.require (node:internal/modules/cjs/loader:1602:12)
2026-07-23T11:32:05:     at require (node:internal/modules/helpers:191:16)
2026-07-23T11:32:05:     at Object.<anonymous> (E:\MADHURA_CRM\backend\server.js:98:30)
2026-07-23T11:32:05:     at Module._compile (node:internal/modules/cjs/loader:1856:14)
2026-07-23T11:32:05:     at Object..js (node:internal/modules/cjs/loader:1996:10)
2026-07-23T11:32:05:     at Module.load (node:internal/modules/cjs/loader:1579:32)
2026-07-23T11:32:05:     at Module._load (node:internal/modules/cjs/loader:1381:12)
2026-07-23T11:32:05:     at Object.<anonymous> (C:\Users\thana\AppData\Roaming\npm\node_modules\pm2\lib\ProcessContainerFork.js:32:23)
2026-07-23T11:32:11: TypeError: argument handler must be a function
2026-07-23T11:32:11:     at Route.<computed> [as get] (E:\MADHURA_CRM\backend\node_modules\router\lib\route.js:228:15)
2026-07-23T11:32:11:     at Router.<computed> [as get] (E:\MADHURA_CRM\backend\node_modules\router\index.js:448:19)
2026-07-23T11:32:11:     at Object.<anonymous> (E:\MADHURA_CRM\backend\routes\waTemplateRoutes.js:6:8)
2026-07-23T11:32:11:     at Module._compile (node:internal/modules/cjs/loader:1856:14)
2026-07-23T11:32:11:     at Object..js (node:internal/modules/cjs/loader:1996:10)
2026-07-23T11:32:11:     at Module.load (node:internal/modules/cjs/loader:1579:32)
2026-07-23T11:32:11:     at Module._load (node:internal/modules/cjs/loader:1381:12)
2026-07-23T11:32:11:     at wrapModuleLoad (node:internal/modules/cjs/loader:255:19)
2026-07-23T11:32:11:     at Module.require (node:internal/modules/cjs/loader:1602:12)
2026-07-23T11:32:11:     at require (node:internal/modules/helpers:191:16)
2026-07-23T11:32:11:     at Object.<anonymous> (E:\MADHURA_CRM\backend\server.js:98:30)
2026-07-23T11:32:11:     at Module._compile (node:internal/modules/cjs/loader:1856:14)
2026-07-23T11:32:11:     at Object..js (node:internal/modules/cjs/loader:1996:10)
2026-07-23T11:32:11:     at Module.load (node:internal/modules/cjs/loader:1579:32)
2026-07-23T11:32:11:     at Module._load (node:internal/modules/cjs/loader:1381:12)
2026-07-23T11:32:11:     at Object.<anonymous> (C:\Users\thana\AppData\Roaming\npm\node_modules\pm2\lib\ProcessContainerFork.js:32:23)
2026-07-23T11:32:16: TypeError: argument handler must be a function
2026-07-23T11:32:16:     at Route.<computed> [as get] (E:\MADHURA_CRM\backend\node_modules\router\lib\route.js:228:15)
2026-07-23T11:32:16:     at Router.<computed> [as get] (E:\MADHURA_CRM\backend\node_modules\router\index.js:448:19)
2026-07-23T11:32:16:     at Object.<anonymous> (E:\MADHURA_CRM\backend\routes\waTemplateRoutes.js:6:8)
2026-07-23T11:32:16:     at Module._compile (node:internal/modules/cjs/loader:1856:14)
2026-07-23T11:32:16:     at Object..js (node:internal/modules/cjs/loader:1996:10)
2026-07-23T11:32:16:     at Module.load (node:internal/modules/cjs/loader:1579:32)
2026-07-23T11:32:16:     at Module._load (node:internal/modules/cjs/loader:1381:12)
2026-07-23T11:32:16:     at wrapModuleLoad (node:internal/modules/cjs/loader:255:19)
2026-07-23T11:32:16:     at Module.require (node:internal/modules/cjs/loader:1602:12)
2026-07-23T11:32:16:     at require (node:internal/modules/helpers:191:16)
2026-07-23T11:32:16:     at Object.<anonymous> (E:\MADHURA_CRM\backend\server.js:98:30)
2026-07-23T11:32:16:     at Module._compile (node:internal/modules/cjs/loader:1856:14)
2026-07-23T11:32:16:     at Object..js (node:internal/modules/cjs/loader:1996:10)
2026-07-23T11:32:16:     at Module.load (node:internal/modules/cjs/loader:1579:32)
2026-07-23T11:32:16:     at Module._load (node:internal/modules/cjs/loader:1381:12)
2026-07-23T11:32:16:     at Object.<anonymous> (C:\Users\thana\AppData\Roaming\npm\node_modules\pm2\lib\ProcessContainerFork.js:32:23)
2026-07-23T11:32:21: TypeError: argument handler must be a function
2026-07-23T11:32:21:     at Route.<computed> [as get] (E:\MADHURA_CRM\backend\node_modules\router\lib\route.js:228:15)
2026-07-23T11:32:21:     at Router.<computed> [as get] (E:\MADHURA_CRM\backend\node_modules\router\index.js:448:19)
2026-07-23T11:32:21:     at Object.<anonymous> (E:\MADHURA_CRM\backend\routes\waTemplateRoutes.js:6:8)
2026-07-23T11:32:21:     at Module._compile (node:internal/modules/cjs/loader:1856:14)
2026-07-23T11:32:21:     at Object..js (node:internal/modules/cjs/loader:1996:10)
2026-07-23T11:32:21:     at Module.load (node:internal/modules/cjs/loader:1579:32)
2026-07-23T11:32:21:     at Module._load (node:internal/modules/cjs/loader:1381:12)
2026-07-23T11:32:21:     at wrapModuleLoad (node:internal/modules/cjs/loader:255:19)
2026-07-23T11:32:21:     at Module.require (node:internal/modules/cjs/loader:1602:12)
2026-07-23T11:32:21:     at require (node:internal/modules/helpers:191:16)
2026-07-23T11:32:21:     at Object.<anonymous> (E:\MADHURA_CRM\backend\server.js:98:30)
2026-07-23T11:32:21:     at Module._compile (node:internal/modules/cjs/loader:1856:14)
2026-07-23T11:32:21:     at Object..js (node:internal/modules/cjs/loader:1996:10)
2026-07-23T11:32:21:     at Module.load (node:internal/modules/cjs/loader:1579:32)
2026-07-23T11:32:21:     at Module._load (node:internal/modules/cjs/loader:1381:12)
2026-07-23T11:32:21:     at Object.<anonymous> (C:\Users\thana\AppData\Roaming\npm\node_modules\pm2\lib\ProcessContainerFork.js:32:23)
2026-07-23T11:32:26: TypeError: argument handler must be a function
2026-07-23T11:32:26:     at Route.<computed> [as get] (E:\MADHURA_CRM\backend\node_modules\router\lib\route.js:228:15)
2026-07-23T11:32:26:     at Router.<computed> [as get] (E:\MADHURA_CRM\backend\node_modules\router\index.js:448:19)
2026-07-23T11:32:26:     at Object.<anonymous> (E:\MADHURA_CRM\backend\routes\waTemplateRoutes.js:6:8)
2026-07-23T11:32:26:     at Module._compile (node:internal/modules/cjs/loader:1856:14)
2026-07-23T11:32:26:     at Object..js (node:internal/modules/cjs/loader:1996:10)
2026-07-23T11:32:26:     at Module.load (node:internal/modules/cjs/loader:1579:32)
2026-07-23T11:32:26:     at Module._load (node:internal/modules/cjs/loader:1381:12)
2026-07-23T11:32:26:     at wrapModuleLoad (node:internal/modules/cjs/loader:255:19)
2026-07-23T11:32:26:     at Module.require (node:internal/modules/cjs/loader:1602:12)
2026-07-23T11:32:26:     at require (node:internal/modules/helpers:191:16)
2026-07-23T11:32:26:     at Object.<anonymous> (E:\MADHURA_CRM\backend\server.js:98:30)
2026-07-23T11:32:26:     at Module._compile (node:internal/modules/cjs/loader:1856:14)
2026-07-23T11:32:26:     at Object..js (node:internal/modules/cjs/loader:1996:10)
2026-07-23T11:32:26:     at Module.load (node:internal/modules/cjs/loader:1579:32)
2026-07-23T11:32:26:     at Module._load (node:internal/modules/cjs/loader:1381:12)
2026-07-23T11:32:26:     at Object.<anonymous> (C:\Users\thana\AppData\Roaming\npm\node_modules\pm2\lib\ProcessContainerFork.js:32:23)
2026-07-23T11:32:31: TypeError: argument handler must be a function
2026-07-23T11:32:31:     at Route.<computed> [as get] (E:\MADHURA_CRM\backend\node_modules\router\lib\route.js:228:15)
2026-07-23T11:32:31:     at Router.<computed> [as get] (E:\MADHURA_CRM\backend\node_modules\router\index.js:448:19)
2026-07-23T11:32:31:     at Object.<anonymous> (E:\MADHURA_CRM\backend\routes\waTemplateRoutes.js:6:8)
2026-07-23T11:32:31:     at Module._compile (node:internal/modules/cjs/loader:1856:14)
2026-07-23T11:32:31:     at Object..js (node:internal/modules/cjs/loader:1996:10)
2026-07-23T11:32:31:     at Module.load (node:internal/modules/cjs/loader:1579:32)
2026-07-23T11:32:31:     at Module._load (node:internal/modules/cjs/loader:1381:12)
2026-07-23T11:32:31:     at wrapModuleLoad (node:internal/modules/cjs/loader:255:19)
2026-07-23T11:32:31:     at Module.require (node:internal/modules/cjs/loader:1602:12)
2026-07-23T11:32:31:     at require (node:internal/modules/helpers:191:16)
2026-07-23T11:32:31:     at Object.<anonymous> (E:\MADHURA_CRM\backend\server.js:98:30)
2026-07-23T11:32:31:     at Module._compile (node:internal/modules/cjs/loader:1856:14)
2026-07-23T11:32:31:     at Object..js (node:internal/modules/cjs/loader:1996:10)
2026-07-23T11:32:31:     at Module.load (node:internal/modules/cjs/loader:1579:32)
2026-07-23T11:32:31:     at Module._load (node:internal/modules/cjs/loader:1381:12)
2026-07-23T11:32:31:     at Object.<anonymous> (C:\Users\thana\AppData\Roaming\npm\node_modules\pm2\lib\ProcessContainerFork.js:32:23)
2026-07-23T11:32:36: TypeError: argument handler must be a function
2026-07-23T11:32:36:     at Route.<computed> [as get] (E:\MADHURA_CRM\backend\node_modules\router\lib\route.js:228:15)
2026-07-23T11:32:36:     at Router.<computed> [as get] (E:\MADHURA_CRM\backend\node_modules\router\index.js:448:19)
2026-07-23T11:32:36:     at Object.<anonymous> (E:\MADHURA_CRM\backend\routes\waTemplateRoutes.js:6:8)
2026-07-23T11:32:36:     at Module._compile (node:internal/modules/cjs/loader:1856:14)
2026-07-23T11:32:36:     at Object..js (node:internal/modules/cjs/loader:1996:10)
2026-07-23T11:32:36:     at Module.load (node:internal/modules/cjs/loader:1579:32)
2026-07-23T11:32:36:     at Module._load (node:internal/modules/cjs/loader:1381:12)
2026-07-23T11:32:36:     at wrapModuleLoad (node:internal/modules/cjs/loader:255:19)
2026-07-23T11:32:36:     at Module.require (node:internal/modules/cjs/loader:1602:12)
2026-07-23T11:32:36:     at require (node:internal/modules/helpers:191:16)
2026-07-23T11:32:36:     at Object.<anonymous> (E:\MADHURA_CRM\backend\server.js:98:30)
2026-07-23T11:32:36:     at Module._compile (node:internal/modules/cjs/loader:1856:14)
2026-07-23T11:32:36:     at Object..js (node:internal/modules/cjs/loader:1996:10)
2026-07-23T11:32:36:     at Module.load (node:internal/modules/cjs/loader:1579:32)
2026-07-23T11:32:36:     at Module._load (node:internal/modules/cjs/loader:1381:12)
2026-07-23T11:32:36:     at Object.<anonymous> (C:\Users\thana\AppData\Roaming\npm\node_modules\pm2\lib\ProcessContainerFork.js:32:23)
2026-07-23T11:32:41: TypeError: argument handler must be a function
2026-07-23T11:32:41:     at Route.<computed> [as get] (E:\MADHURA_CRM\backend\node_modules\router\lib\route.js:228:15)
2026-07-23T11:32:41:     at Router.<computed> [as get] (E:\MADHURA_CRM\backend\node_modules\router\index.js:448:19)
2026-07-23T11:32:41:     at Object.<anonymous> (E:\MADHURA_CRM\backend\routes\waTemplateRoutes.js:6:8)
2026-07-23T11:32:41:     at Module._compile (node:internal/modules/cjs/loader:1856:14)
2026-07-23T11:32:41:     at Object..js (node:internal/modules/cjs/loader:1996:10)
2026-07-23T11:32:41:     at Module.load (node:internal/modules/cjs/loader:1579:32)
2026-07-23T11:32:41:     at Module._load (node:internal/modules/cjs/loader:1381:12)
2026-07-23T11:32:41:     at wrapModuleLoad (node:internal/modules/cjs/loader:255:19)
2026-07-23T11:32:41:     at Module.require (node:internal/modules/cjs/loader:1602:12)
2026-07-23T11:32:41:     at require (node:internal/modules/helpers:191:16)
2026-07-23T11:32:41:     at Object.<anonymous> (E:\MADHURA_CRM\backend\server.js:98:30)
2026-07-23T11:32:41:     at Module._compile (node:internal/modules/cjs/loader:1856:14)
2026-07-23T11:32:41:     at Object..js (node:internal/modules/cjs/loader:1996:10)
2026-07-23T11:32:41:     at Module.load (node:internal/modules/cjs/loader:1579:32)
2026-07-23T11:32:41:     at Module._load (node:internal/modules/cjs/loader:1381:12)
2026-07-23T11:32:41:     at Object.<anonymous> (C:\Users\thana\AppData\Roaming\npm\node_modules\pm2\lib\ProcessContainerFork.js:32:23)
2026-07-23T11:32:47: TypeError: argument handler must be a function
2026-07-23T11:32:47:     at Route.<computed> [as get] (E:\MADHURA_CRM\backend\node_modules\router\lib\route.js:228:15)
2026-07-23T11:32:47:     at Router.<computed> [as get] (E:\MADHURA_CRM\backend\node_modules\router\index.js:448:19)
2026-07-23T11:32:47:     at Object.<anonymous> (E:\MADHURA_CRM\backend\routes\waTemplateRoutes.js:6:8)
2026-07-23T11:32:47:     at Module._compile (node:internal/modules/cjs/loader:1856:14)
2026-07-23T11:32:47:     at Object..js (node:internal/modules/cjs/loader:1996:10)
2026-07-23T11:32:47:     at Module.load (node:internal/modules/cjs/loader:1579:32)
2026-07-23T11:32:47:     at Module._load (node:internal/modules/cjs/loader:1381:12)
2026-07-23T11:32:47:     at wrapModuleLoad (node:internal/modules/cjs/loader:255:19)
2026-07-23T11:32:47:     at Module.require (node:internal/modules/cjs/loader:1602:12)
2026-07-23T11:32:47:     at require (node:internal/modules/helpers:191:16)
2026-07-23T11:32:47:     at Object.<anonymous> (E:\MADHURA_CRM\backend\server.js:98:30)
2026-07-23T11:32:47:     at Module._compile (node:internal/modules/cjs/loader:1856:14)
2026-07-23T11:32:47:     at Object..js (node:internal/modules/cjs/loader:1996:10)
2026-07-23T11:32:47:     at Module.load (node:internal/modules/cjs/loader:1579:32)
2026-07-23T11:32:47:     at Module._load (node:internal/modules/cjs/loader:1381:12)
2026-07-23T11:32:47:     at Object.<anonymous> (C:\Users\thana\AppData\Roaming\npm\node_modules\pm2\lib\ProcessContainerFork.js:32:23)
2026-07-23T11:32:52: TypeError: argument handler must be a function
2026-07-23T11:32:52:     at Route.<computed> [as get] (E:\MADHURA_CRM\backend\node_modules\router\lib\route.js:228:15)
2026-07-23T11:32:52:     at Router.<computed> [as get] (E:\MADHURA_CRM\backend\node_modules\router\index.js:448:19)
2026-07-23T11:32:52:     at Object.<anonymous> (E:\MADHURA_CRM\backend\routes\waTemplateRoutes.js:6:8)
2026-07-23T11:32:52:     at Module._compile (node:internal/modules/cjs/loader:1856:14)
2026-07-23T11:32:52:     at Object..js (node:internal/modules/cjs/loader:1996:10)
2026-07-23T11:32:52:     at Module.load (node:internal/modules/cjs/loader:1579:32)
2026-07-23T11:32:52:     at Module._load (node:internal/modules/cjs/loader:1381:12)
2026-07-23T11:32:52:     at wrapModuleLoad (node:internal/modules/cjs/loader:255:19)
2026-07-23T11:32:52:     at Module.require (node:internal/modules/cjs/loader:1602:12)
2026-07-23T11:32:52:     at require (node:internal/modules/helpers:191:16)
2026-07-23T11:32:52:     at Object.<anonymous> (E:\MADHURA_CRM\backend\server.js:98:30)
2026-07-23T11:32:52:     at Module._compile (node:internal/modules/cjs/loader:1856:14)
2026-07-23T11:32:52:     at Object..js (node:internal/modules/cjs/loader:1996:10)
2026-07-23T11:32:52:     at Module.load (node:internal/modules/cjs/loader:1579:32)
2026-07-23T11:32:52:     at Module._load (node:internal/modules/cjs/loader:1381:12)
2026-07-23T11:32:52:     at Object.<anonymous> (C:\Users\thana\AppData\Roaming\npm\node_modules\pm2\lib\ProcessContainerFork.js:32:23)
2026-07-23T11:32:57: TypeError: argument handler must be a function
2026-07-23T11:32:57:     at Route.<computed> [as get] (E:\MADHURA_CRM\backend\node_modules\router\lib\route.js:228:15)
2026-07-23T11:32:57:     at Router.<computed> [as get] (E:\MADHURA_CRM\backend\node_modules\router\index.js:448:19)
2026-07-23T11:32:57:     at Object.<anonymous> (E:\MADHURA_CRM\backend\routes\waTemplateRoutes.js:6:8)
2026-07-23T11:32:57:     at Module._compile (node:internal/modules/cjs/loader:1856:14)
2026-07-23T11:32:57:     at Object..js (node:internal/modules/cjs/loader:1996:10)
2026-07-23T11:32:57:     at Module.load (node:internal/modules/cjs/loader:1579:32)
2026-07-23T11:32:57:     at Module._load (node:internal/modules/cjs/loader:1381:12)
2026-07-23T11:32:57:     at wrapModuleLoad (node:internal/modules/cjs/loader:255:19)
2026-07-23T11:32:57:     at Module.require (node:internal/modules/cjs/loader:1602:12)
2026-07-23T11:32:57:     at require (node:internal/modules/helpers:191:16)
2026-07-23T11:32:57:     at Object.<anonymous> (E:\MADHURA_CRM\backend\server.js:98:30)
2026-07-23T11:32:57:     at Module._compile (node:internal/modules/cjs/loader:1856:14)
2026-07-23T11:32:57:     at Object..js (node:internal/modules/cjs/loader:1996:10)
2026-07-23T11:32:57:     at Module.load (node:internal/modules/cjs/loader:1579:32)
2026-07-23T11:32:57:     at Module._load (node:internal/modules/cjs/loader:1381:12)
2026-07-23T11:32:57:     at Object.<anonymous> (C:\Users\thana\AppData\Roaming\npm\node_modules\pm2\lib\ProcessContainerFork.js:32:23)
2026-07-23T11:33:02: TypeError: argument handler must be a function
2026-07-23T11:33:02:     at Route.<computed> [as get] (E:\MADHURA_CRM\backend\node_modules\router\lib\route.js:228:15)
2026-07-23T11:33:02:     at Router.<computed> [as get] (E:\MADHURA_CRM\backend\node_modules\router\index.js:448:19)
2026-07-23T11:33:02:     at Object.<anonymous> (E:\MADHURA_CRM\backend\routes\waTemplateRoutes.js:6:8)
2026-07-23T11:33:02:     at Module._compile (node:internal/modules/cjs/loader:1856:14)
2026-07-23T11:33:02:     at Object..js (node:internal/modules/cjs/loader:1996:10)
2026-07-23T11:33:02:     at Module.load (node:internal/modules/cjs/loader:1579:32)
2026-07-23T11:33:02:     at Module._load (node:internal/modules/cjs/loader:1381:12)
2026-07-23T11:33:02:     at wrapModuleLoad (node:internal/modules/cjs/loader:255:19)
2026-07-23T11:33:02:     at Module.require (node:internal/modules/cjs/loader:1602:12)
2026-07-23T11:33:02:     at require (node:internal/modules/helpers:191:16)
2026-07-23T11:33:02:     at Object.<anonymous> (E:\MADHURA_CRM\backend\server.js:98:30)
2026-07-23T11:33:02:     at Module._compile (node:internal/modules/cjs/loader:1856:14)
2026-07-23T11:33:02:     at Object..js (node:internal/modules/cjs/loader:1996:10)
2026-07-23T11:33:02:     at Module.load (node:internal/modules/cjs/loader:1579:32)
2026-07-23T11:33:02:     at Module._load (node:internal/modules/cjs/loader:1381:12)
2026-07-23T11:33:02:     at Object.<anonymous> (C:\Users\thana\AppData\Roaming\npm\node_modules\pm2\lib\ProcessContainerFork.js:32:23)
2026-07-23T11:33:07: TypeError: argument handler must be a function
2026-07-23T11:33:07:     at Route.<computed> [as get] (E:\MADHURA_CRM\backend\node_modules\router\lib\route.js:228:15)
2026-07-23T11:33:07:     at Router.<computed> [as get] (E:\MADHURA_CRM\backend\node_modules\router\index.js:448:19)
2026-07-23T11:33:07:     at Object.<anonymous> (E:\MADHURA_CRM\backend\routes\waTemplateRoutes.js:6:8)
2026-07-23T11:33:07:     at Module._compile (node:internal/modules/cjs/loader:1856:14)
2026-07-23T11:33:07:     at Object..js (node:internal/modules/cjs/loader:1996:10)
2026-07-23T11:33:07:     at Module.load (node:internal/modules/cjs/loader:1579:32)
2026-07-23T11:33:07:     at Module._load (node:internal/modules/cjs/loader:1381:12)
2026-07-23T11:33:07:     at wrapModuleLoad (node:internal/modules/cjs/loader:255:19)
2026-07-23T11:33:07:     at Module.require (node:internal/modules/cjs/loader:1602:12)
2026-07-23T11:33:07:     at require (node:internal/modules/helpers:191:16)
2026-07-23T11:33:07:     at Object.<anonymous> (E:\MADHURA_CRM\backend\server.js:98:30)
2026-07-23T11:33:07:     at Module._compile (node:internal/modules/cjs/loader:1856:14)
2026-07-23T11:33:07:     at Object..js (node:internal/modules/cjs/loader:1996:10)
2026-07-23T11:33:07:     at Module.load (node:internal/modules/cjs/loader:1579:32)
2026-07-23T11:33:07:     at Module._load (node:internal/modules/cjs/loader:1381:12)
2026-07-23T11:33:07:     at Object.<anonymous> (C:\Users\thana\AppData\Roaming\npm\node_modules\pm2\lib\ProcessContainerFork.js:32:23)
2026-07-23T11:33:12: TypeError: argument handler must be a function
2026-07-23T11:33:12:     at Route.<computed> [as get] (E:\MADHURA_CRM\backend\node_modules\router\lib\route.js:228:15)
2026-07-23T11:33:12:     at Router.<computed> [as get] (E:\MADHURA_CRM\backend\node_modules\router\index.js:448:19)
2026-07-23T11:33:12:     at Object.<anonymous> (E:\MADHURA_CRM\backend\routes\waTemplateRoutes.js:6:8)
2026-07-23T11:33:12:     at Module._compile (node:internal/modules/cjs/loader:1856:14)
2026-07-23T11:33:12:     at Object..js (node:internal/modules/cjs/loader:1996:10)
2026-07-23T11:33:12:     at Module.load (node:internal/modules/cjs/loader:1579:32)
2026-07-23T11:33:12:     at Module._load (node:internal/modules/cjs/loader:1381:12)
2026-07-23T11:33:12:     at wrapModuleLoad (node:internal/modules/cjs/loader:255:19)
2026-07-23T11:33:12:     at Module.require (node:internal/modules/cjs/loader:1602:12)
2026-07-23T11:33:12:     at require (node:internal/modules/helpers:191:16)
2026-07-23T11:33:12:     at Object.<anonymous> (E:\MADHURA_CRM\backend\server.js:98:30)
2026-07-23T11:33:12:     at Module._compile (node:internal/modules/cjs/loader:1856:14)
2026-07-23T11:33:12:     at Object..js (node:internal/modules/cjs/loader:1996:10)
2026-07-23T11:33:12:     at Module.load (node:internal/modules/cjs/loader:1579:32)
2026-07-23T11:33:12:     at Module._load (node:internal/modules/cjs/loader:1381:12)
2026-07-23T11:33:12:     at Object.<anonymous> (C:\Users\thana\AppData\Roaming\npm\node_modules\pm2\lib\ProcessContainerFork.js:32:23)
2026-07-23T11:33:17: TypeError: argument handler must be a function
2026-07-23T11:33:17:     at Route.<computed> [as get] (E:\MADHURA_CRM\backend\node_modules\router\lib\route.js:228:15)
2026-07-23T11:33:17:     at Router.<computed> [as get] (E:\MADHURA_CRM\backend\node_modules\router\index.js:448:19)
2026-07-23T11:33:17:     at Object.<anonymous> (E:\MADHURA_CRM\backend\routes\waTemplateRoutes.js:6:8)
2026-07-23T11:33:17:     at Module._compile (node:internal/modules/cjs/loader:1856:14)
2026-07-23T11:33:17:     at Object..js (node:internal/modules/cjs/loader:1996:10)
2026-07-23T11:33:17:     at Module.load (node:internal/modules/cjs/loader:1579:32)
2026-07-23T11:33:17:     at Module._load (node:internal/modules/cjs/loader:1381:12)
2026-07-23T11:33:17:     at wrapModuleLoad (node:internal/modules/cjs/loader:255:19)
2026-07-23T11:33:17:     at Module.require (node:internal/modules/cjs/loader:1602:12)
2026-07-23T11:33:17:     at require (node:internal/modules/helpers:191:16)
2026-07-23T11:33:17:     at Object.<anonymous> (E:\MADHURA_CRM\backend\server.js:98:30)
2026-07-23T11:33:17:     at Module._compile (node:internal/modules/cjs/loader:1856:14)
2026-07-23T11:33:17:     at Object..js (node:internal/modules/cjs/loader:1996:10)
2026-07-23T11:33:17:     at Module.load (node:internal/modules/cjs/loader:1579:32)
2026-07-23T11:33:17:     at Module._load (node:internal/modules/cjs/loader:1381:12)
2026-07-23T11:33:17:     at Object.<anonymous> (C:\Users\thana\AppData\Roaming\npm\node_modules\pm2\lib\ProcessContainerFork.js:32:23)
2026-07-23T11:33:22: TypeError: argument handler must be a function
2026-07-23T11:33:22:     at Route.<computed> [as get] (E:\MADHURA_CRM\backend\node_modules\router\lib\route.js:228:15)
2026-07-23T11:33:22:     at Router.<computed> [as get] (E:\MADHURA_CRM\backend\node_modules\router\index.js:448:19)
2026-07-23T11:33:22:     at Object.<anonymous> (E:\MADHURA_CRM\backend\routes\waTemplateRoutes.js:6:8)
2026-07-23T11:33:22:     at Module._compile (node:internal/modules/cjs/loader:1856:14)
2026-07-23T11:33:22:     at Object..js (node:internal/modules/cjs/loader:1996:10)
2026-07-23T11:33:22:     at Module.load (node:internal/modules/cjs/loader:1579:32)
2026-07-23T11:33:22:     at Module._load (node:internal/modules/cjs/loader:1381:12)
2026-07-23T11:33:22:     at wrapModuleLoad (node:internal/modules/cjs/loader:255:19)
2026-07-23T11:33:22:     at Module.require (node:internal/modules/cjs/loader:1602:12)
2026-07-23T11:33:22:     at require (node:internal/modules/helpers:191:16)
2026-07-23T11:33:22:     at Object.<anonymous> (E:\MADHURA_CRM\backend\server.js:98:30)
2026-07-23T11:33:22:     at Module._compile (node:internal/modules/cjs/loader:1856:14)
2026-07-23T11:33:22:     at Object..js (node:internal/modules/cjs/loader:1996:10)
2026-07-23T11:33:22:     at Module.load (node:internal/modules/cjs/loader:1579:32)
2026-07-23T11:33:22:     at Module._load (node:internal/modules/cjs/loader:1381:12)
2026-07-23T11:33:22:     at Object.<anonymous> (C:\Users\thana\AppData\Roaming\npm\node_modules\pm2\lib\ProcessContainerFork.js:32:23)
2026-07-23T11:33:27: TypeError: argument handler must be a function
2026-07-23T11:33:27:     at Route.<computed> [as get] (E:\MADHURA_CRM\backend\node_modules\router\lib\route.js:228:15)
2026-07-23T11:33:27:     at Router.<computed> [as get] (E:\MADHURA_CRM\backend\node_modules\router\index.js:448:19)
2026-07-23T11:33:27:     at Object.<anonymous> (E:\MADHURA_CRM\backend\routes\waTemplateRoutes.js:6:8)
2026-07-23T11:33:27:     at Module._compile (node:internal/modules/cjs/loader:1856:14)
2026-07-23T11:33:27:     at Object..js (node:internal/modules/cjs/loader:1996:10)
2026-07-23T11:33:27:     at Module.load (node:internal/modules/cjs/loader:1579:32)
2026-07-23T11:33:27:     at Module._load (node:internal/modules/cjs/loader:1381:12)
2026-07-23T11:33:27:     at wrapModuleLoad (node:internal/modules/cjs/loader:255:19)
2026-07-23T11:33:27:     at Module.require (node:internal/modules/cjs/loader:1602:12)
2026-07-23T11:33:27:     at require (node:internal/modules/helpers:191:16)
2026-07-23T11:33:27:     at Object.<anonymous> (E:\MADHURA_CRM\backend\server.js:98:30)
2026-07-23T11:33:27:     at Module._compile (node:internal/modules/cjs/loader:1856:14)
2026-07-23T11:33:27:     at Object..js (node:internal/modules/cjs/loader:1996:10)
2026-07-23T11:33:27:     at Module.load (node:internal/modules/cjs/loader:1579:32)
2026-07-23T11:33:27:     at Module._load (node:internal/modules/cjs/loader:1381:12)
2026-07-23T11:33:27:     at Object.<anonymous> (C:\Users\thana\AppData\Roaming\npm\node_modules\pm2\lib\ProcessContainerFork.js:32:23)
2026-07-23T11:33:32: TypeError: argument handler must be a function
2026-07-23T11:33:32:     at Route.<computed> [as get] (E:\MADHURA_CRM\backend\node_modules\router\lib\route.js:228:15)
2026-07-23T11:33:32:     at Router.<computed> [as get] (E:\MADHURA_CRM\backend\node_modules\router\index.js:448:19)
2026-07-23T11:33:32:     at Object.<anonymous> (E:\MADHURA_CRM\backend\routes\waTemplateRoutes.js:6:8)
2026-07-23T11:33:32:     at Module._compile (node:internal/modules/cjs/loader:1856:14)
2026-07-23T11:33:32:     at Object..js (node:internal/modules/cjs/loader:1996:10)
2026-07-23T11:33:32:     at Module.load (node:internal/modules/cjs/loader:1579:32)
2026-07-23T11:33:32:     at Module._load (node:internal/modules/cjs/loader:1381:12)
2026-07-23T11:33:32:     at wrapModuleLoad (node:internal/modules/cjs/loader:255:19)
2026-07-23T11:33:32:     at Module.require (node:internal/modules/cjs/loader:1602:12)
2026-07-23T11:33:32:     at require (node:internal/modules/helpers:191:16)
2026-07-23T11:33:32:     at Object.<anonymous> (E:\MADHURA_CRM\backend\server.js:98:30)
2026-07-23T11:33:32:     at Module._compile (node:internal/modules/cjs/loader:1856:14)
2026-07-23T11:33:32:     at Object..js (node:internal/modules/cjs/loader:1996:10)
2026-07-23T11:33:32:     at Module.load (node:internal/modules/cjs/loader:1579:32)
2026-07-23T11:33:32:     at Module._load (node:internal/modules/cjs/loader:1381:12)
2026-07-23T11:33:32:     at Object.<anonymous> (C:\Users\thana\AppData\Roaming\npm\node_modules\pm2\lib\ProcessContainerFork.js:32:23)
2026-07-23T11:33:37: TypeError: argument handler must be a function
2026-07-23T11:33:37:     at Route.<computed> [as get] (E:\MADHURA_CRM\backend\node_modules\router\lib\route.js:228:15)
2026-07-23T11:33:37:     at Router.<computed> [as get] (E:\MADHURA_CRM\backend\node_modules\router\index.js:448:19)
2026-07-23T11:33:37:     at Object.<anonymous> (E:\MADHURA_CRM\backend\routes\waTemplateRoutes.js:6:8)
2026-07-23T11:33:37:     at Module._compile (node:internal/modules/cjs/loader:1856:14)
2026-07-23T11:33:37:     at Object..js (node:internal/modules/cjs/loader:1996:10)
2026-07-23T11:33:37:     at Module.load (node:internal/modules/cjs/loader:1579:32)
2026-07-23T11:33:37:     at Module._load (node:internal/modules/cjs/loader:1381:12)
2026-07-23T11:33:37:     at wrapModuleLoad (node:internal/modules/cjs/loader:255:19)
2026-07-23T11:33:37:     at Module.require (node:internal/modules/cjs/loader:1602:12)
2026-07-23T11:33:37:     at require (node:internal/modules/helpers:191:16)
2026-07-23T11:33:37:     at Object.<anonymous> (E:\MADHURA_CRM\backend\server.js:98:30)
2026-07-23T11:33:37:     at Module._compile (node:internal/modules/cjs/loader:1856:14)
2026-07-23T11:33:37:     at Object..js (node:internal/modules/cjs/loader:1996:10)
2026-07-23T11:33:37:     at Module.load (node:internal/modules/cjs/loader:1579:32)
2026-07-23T11:33:37:     at Module._load (node:internal/modules/cjs/loader:1381:12)
2026-07-23T11:33:37:     at Object.<anonymous> (C:\Users\thana\AppData\Roaming\npm\node_modules\pm2\lib\ProcessContainerFork.js:32:23)
2026-07-23T11:33:43: TypeError: argument handler must be a function
2026-07-23T11:33:43:     at Route.<computed> [as get] (E:\MADHURA_CRM\backend\node_modules\router\lib\route.js:228:15)
2026-07-23T11:33:43:     at Router.<computed> [as get] (E:\MADHURA_CRM\backend\node_modules\router\index.js:448:19)
2026-07-23T11:33:43:     at Object.<anonymous> (E:\MADHURA_CRM\backend\routes\waTemplateRoutes.js:6:8)
2026-07-23T11:33:43:     at Module._compile (node:internal/modules/cjs/loader:1856:14)
2026-07-23T11:33:43:     at Object..js (node:internal/modules/cjs/loader:1996:10)
2026-07-23T11:33:43:     at Module.load (node:internal/modules/cjs/loader:1579:32)
2026-07-23T11:33:43:     at Module._load (node:internal/modules/cjs/loader:1381:12)
2026-07-23T11:33:43:     at wrapModuleLoad (node:internal/modules/cjs/loader:255:19)
2026-07-23T11:33:43:     at Module.require (node:internal/modules/cjs/loader:1602:12)
2026-07-23T11:33:43:     at require (node:internal/modules/helpers:191:16)
2026-07-23T11:33:43:     at Object.<anonymous> (E:\MADHURA_CRM\backend\server.js:98:30)
2026-07-23T11:33:43:     at Module._compile (node:internal/modules/cjs/loader:1856:14)
2026-07-23T11:33:43:     at Object..js (node:internal/modules/cjs/loader:1996:10)
2026-07-23T11:33:43:     at Module.load (node:internal/modules/cjs/loader:1579:32)
2026-07-23T11:33:43:     at Module._load (node:internal/modules/cjs/loader:1381:12)
2026-07-23T11:33:43:     at Object.<anonymous> (C:\Users\thana\AppData\Roaming\npm\node_modules\pm2\lib\ProcessContainerFork.js:32:23)
2026-07-23T11:33:48: TypeError: argument handler must be a function
2026-07-23T11:33:48:     at Route.<computed> [as get] (E:\MADHURA_CRM\backend\node_modules\router\lib\route.js:228:15)
2026-07-23T11:33:48:     at Router.<computed> [as get] (E:\MADHURA_CRM\backend\node_modules\router\index.js:448:19)
2026-07-23T11:33:48:     at Object.<anonymous> (E:\MADHURA_CRM\backend\routes\waTemplateRoutes.js:6:8)
2026-07-23T11:33:48:     at Module._compile (node:internal/modules/cjs/loader:1856:14)
2026-07-23T11:33:48:     at Object..js (node:internal/modules/cjs/loader:1996:10)
2026-07-23T11:33:48:     at Module.load (node:internal/modules/cjs/loader:1579:32)
2026-07-23T11:33:48:     at Module._load (node:internal/modules/cjs/loader:1381:12)
2026-07-23T11:33:48:     at wrapModuleLoad (node:internal/modules/cjs/loader:255:19)
2026-07-23T11:33:48:     at Module.require (node:internal/modules/cjs/loader:1602:12)
2026-07-23T11:33:48:     at require (node:internal/modules/helpers:191:16)
2026-07-23T11:33:48:     at Object.<anonymous> (E:\MADHURA_CRM\backend\server.js:98:30)
2026-07-23T11:33:48:     at Module._compile (node:internal/modules/cjs/loader:1856:14)
2026-07-23T11:33:48:     at Object..js (node:internal/modules/cjs/loader:1996:10)
2026-07-23T11:33:48:     at Module.load (node:internal/modules/cjs/loader:1579:32)
2026-07-23T11:33:48:     at Module._load (node:internal/modules/cjs/loader:1381:12)
2026-07-23T11:33:48:     at Object.<anonymous> (C:\Users\thana\AppData\Roaming\npm\node_modules\pm2\lib\ProcessContainerFork.js:32:23)
2026-07-23T11:33:53: TypeError: argument handler must be a function
2026-07-23T11:33:53:     at Route.<computed> [as get] (E:\MADHURA_CRM\backend\node_modules\router\lib\route.js:228:15)
2026-07-23T11:33:53:     at Router.<computed> [as get] (E:\MADHURA_CRM\backend\node_modules\router\index.js:448:19)
2026-07-23T11:33:53:     at Object.<anonymous> (E:\MADHURA_CRM\backend\routes\waTemplateRoutes.js:6:8)
2026-07-23T11:33:53:     at Module._compile (node:internal/modules/cjs/loader:1856:14)
2026-07-23T11:33:53:     at Object..js (node:internal/modules/cjs/loader:1996:10)
2026-07-23T11:33:53:     at Module.load (node:internal/modules/cjs/loader:1579:32)
2026-07-23T11:33:53:     at Module._load (node:internal/modules/cjs/loader:1381:12)
2026-07-23T11:33:53:     at wrapModuleLoad (node:internal/modules/cjs/loader:255:19)
2026-07-23T11:33:53:     at Module.require (node:internal/modules/cjs/loader:1602:12)
2026-07-23T11:33:53:     at require (node:internal/modules/helpers:191:16)
2026-07-23T11:33:53:     at Object.<anonymous> (E:\MADHURA_CRM\backend\server.js:98:30)
2026-07-23T11:33:53:     at Module._compile (node:internal/modules/cjs/loader:1856:14)
2026-07-23T11:33:53:     at Object..js (node:internal/modules/cjs/loader:1996:10)
2026-07-23T11:33:53:     at Module.load (node:internal/modules/cjs/loader:1579:32)
2026-07-23T11:33:53:     at Module._load (node:internal/modules/cjs/loader:1381:12)
2026-07-23T11:33:53:     at Object.<anonymous> (C:\Users\thana\AppData\Roaming\npm\node_modules\pm2\lib\ProcessContainerFork.js:32:23)
2026-07-23T11:33:58: TypeError: argument handler must be a function
2026-07-23T11:33:58:     at Route.<computed> [as get] (E:\MADHURA_CRM\backend\node_modules\router\lib\route.js:228:15)
2026-07-23T11:33:58:     at Router.<computed> [as get] (E:\MADHURA_CRM\backend\node_modules\router\index.js:448:19)
2026-07-23T11:33:58:     at Object.<anonymous> (E:\MADHURA_CRM\backend\routes\waTemplateRoutes.js:6:8)
2026-07-23T11:33:58:     at Module._compile (node:internal/modules/cjs/loader:1856:14)
2026-07-23T11:33:58:     at Object..js (node:internal/modules/cjs/loader:1996:10)
2026-07-23T11:33:58:     at Module.load (node:internal/modules/cjs/loader:1579:32)
2026-07-23T11:33:58:     at Module._load (node:internal/modules/cjs/loader:1381:12)
2026-07-23T11:33:58:     at wrapModuleLoad (node:internal/modules/cjs/loader:255:19)
2026-07-23T11:33:58:     at Module.require (node:internal/modules/cjs/loader:1602:12)
2026-07-23T11:33:58:     at require (node:internal/modules/helpers:191:16)
2026-07-23T11:33:58:     at Object.<anonymous> (E:\MADHURA_CRM\backend\server.js:98:30)
2026-07-23T11:33:58:     at Module._compile (node:internal/modules/cjs/loader:1856:14)
2026-07-23T11:33:58:     at Object..js (node:internal/modules/cjs/loader:1996:10)
2026-07-23T11:33:58:     at Module.load (node:internal/modules/cjs/loader:1579:32)
2026-07-23T11:33:58:     at Module._load (node:internal/modules/cjs/loader:1381:12)
2026-07-23T11:33:58:     at Object.<anonymous> (C:\Users\thana\AppData\Roaming\npm\node_modules\pm2\lib\ProcessContainerFork.js:32:23)
2026-07-23T11:34:03: TypeError: argument handler must be a function
2026-07-23T11:34:03:     at Route.<computed> [as get] (E:\MADHURA_CRM\backend\node_modules\router\lib\route.js:228:15)
2026-07-23T11:34:03:     at Router.<computed> [as get] (E:\MADHURA_CRM\backend\node_modules\router\index.js:448:19)
2026-07-23T11:34:03:     at Object.<anonymous> (E:\MADHURA_CRM\backend\routes\waTemplateRoutes.js:6:8)
2026-07-23T11:34:03:     at Module._compile (node:internal/modules/cjs/loader:1856:14)
2026-07-23T11:34:03:     at Object..js (node:internal/modules/cjs/loader:1996:10)
2026-07-23T11:34:03:     at Module.load (node:internal/modules/cjs/loader:1579:32)
2026-07-23T11:34:03:     at Module._load (node:internal/modules/cjs/loader:1381:12)
2026-07-23T11:34:03:     at wrapModuleLoad (node:internal/modules/cjs/loader:255:19)
2026-07-23T11:34:03:     at Module.require (node:internal/modules/cjs/loader:1602:12)
2026-07-23T11:34:03:     at require (node:internal/modules/helpers:191:16)
2026-07-23T11:34:03:     at Object.<anonymous> (E:\MADHURA_CRM\backend\server.js:98:30)
2026-07-23T11:34:03:     at Module._compile (node:internal/modules/cjs/loader:1856:14)
2026-07-23T11:34:03:     at Object..js (node:internal/modules/cjs/loader:1996:10)
2026-07-23T11:34:03:     at Module.load (node:internal/modules/cjs/loader:1579:32)
2026-07-23T11:34:03:     at Module._load (node:internal/modules/cjs/loader:1381:12)
2026-07-23T11:34:03:     at Object.<anonymous> (C:\Users\thana\AppData\Roaming\npm\node_modules\pm2\lib\ProcessContainerFork.js:32:23)
2026-07-23T11:34:08: TypeError: argument handler must be a function
2026-07-23T11:34:08:     at Route.<computed> [as get] (E:\MADHURA_CRM\backend\node_modules\router\lib\route.js:228:15)
2026-07-23T11:34:08:     at Router.<computed> [as get] (E:\MADHURA_CRM\backend\node_modules\router\index.js:448:19)
2026-07-23T11:34:08:     at Object.<anonymous> (E:\MADHURA_CRM\backend\routes\waTemplateRoutes.js:6:8)
2026-07-23T11:34:08:     at Module._compile (node:internal/modules/cjs/loader:1856:14)
2026-07-23T11:34:08:     at Object..js (node:internal/modules/cjs/loader:1996:10)
2026-07-23T11:34:08:     at Module.load (node:internal/modules/cjs/loader:1579:32)
2026-07-23T11:34:08:     at Module._load (node:internal/modules/cjs/loader:1381:12)
2026-07-23T11:34:08:     at wrapModuleLoad (node:internal/modules/cjs/loader:255:19)
2026-07-23T11:34:08:     at Module.require (node:internal/modules/cjs/loader:1602:12)
2026-07-23T11:34:08:     at require (node:internal/modules/helpers:191:16)
2026-07-23T11:34:08:     at Object.<anonymous> (E:\MADHURA_CRM\backend\server.js:98:30)
2026-07-23T11:34:08:     at Module._compile (node:internal/modules/cjs/loader:1856:14)
2026-07-23T11:34:08:     at Object..js (node:internal/modules/cjs/loader:1996:10)
2026-07-23T11:34:08:     at Module.load (node:internal/modules/cjs/loader:1579:32)
2026-07-23T11:34:08:     at Module._load (node:internal/modules/cjs/loader:1381:12)
2026-07-23T11:34:08:     at Object.<anonymous> (C:\Users\thana\AppData\Roaming\npm\node_modules\pm2\lib\ProcessContainerFork.js:32:23)
2026-07-23T11:34:13: TypeError: argument handler must be a function
2026-07-23T11:34:13:     at Route.<computed> [as get] (E:\MADHURA_CRM\backend\node_modules\router\lib\route.js:228:15)
2026-07-23T11:34:13:     at Router.<computed> [as get] (E:\MADHURA_CRM\backend\node_modules\router\index.js:448:19)
2026-07-23T11:34:13:     at Object.<anonymous> (E:\MADHURA_CRM\backend\routes\waTemplateRoutes.js:6:8)
2026-07-23T11:34:13:     at Module._compile (node:internal/modules/cjs/loader:1856:14)
2026-07-23T11:34:13:     at Object..js (node:internal/modules/cjs/loader:1996:10)
2026-07-23T11:34:13:     at Module.load (node:internal/modules/cjs/loader:1579:32)
2026-07-23T11:34:13:     at Module._load (node:internal/modules/cjs/loader:1381:12)
2026-07-23T11:34:13:     at wrapModuleLoad (node:internal/modules/cjs/loader:255:19)
2026-07-23T11:34:13:     at Module.require (node:internal/modules/cjs/loader:1602:12)
2026-07-23T11:34:13:     at require (node:internal/modules/helpers:191:16)
2026-07-23T11:34:13:     at Object.<anonymous> (E:\MADHURA_CRM\backend\server.js:98:30)
2026-07-23T11:34:13:     at Module._compile (node:internal/modules/cjs/loader:1856:14)
2026-07-23T11:34:13:     at Object..js (node:internal/modules/cjs/loader:1996:10)
2026-07-23T11:34:13:     at Module.load (node:internal/modules/cjs/loader:1579:32)
2026-07-23T11:34:13:     at Module._load (node:internal/modules/cjs/loader:1381:12)
2026-07-23T11:34:13:     at Object.<anonymous> (C:\Users\thana\AppData\Roaming\npm\node_modules\pm2\lib\ProcessContainerFork.js:32:23)
2026-07-23T11:34:18: TypeError: argument handler must be a function
2026-07-23T11:34:18:     at Route.<computed> [as get] (E:\MADHURA_CRM\backend\node_modules\router\lib\route.js:228:15)
2026-07-23T11:34:18:     at Router.<computed> [as get] (E:\MADHURA_CRM\backend\node_modules\router\index.js:448:19)
2026-07-23T11:34:18:     at Object.<anonymous> (E:\MADHURA_CRM\backend\routes\waTemplateRoutes.js:6:8)
2026-07-23T11:34:18:     at Module._compile (node:internal/modules/cjs/loader:1856:14)
2026-07-23T11:34:18:     at Object..js (node:internal/modules/cjs/loader:1996:10)
2026-07-23T11:34:18:     at Module.load (node:internal/modules/cjs/loader:1579:32)
2026-07-23T11:34:18:     at Module._load (node:internal/modules/cjs/loader:1381:12)
2026-07-23T11:34:18:     at wrapModuleLoad (node:internal/modules/cjs/loader:255:19)
2026-07-23T11:34:18:     at Module.require (node:internal/modules/cjs/loader:1602:12)
2026-07-23T11:34:18:     at require (node:internal/modules/helpers:191:16)
2026-07-23T11:34:18:     at Object.<anonymous> (E:\MADHURA_CRM\backend\server.js:98:30)
2026-07-23T11:34:18:     at Module._compile (node:internal/modules/cjs/loader:1856:14)
2026-07-23T11:34:18:     at Object..js (node:internal/modules/cjs/loader:1996:10)
2026-07-23T11:34:18:     at Module.load (node:internal/modules/cjs/loader:1579:32)
2026-07-23T11:34:18:     at Module._load (node:internal/modules/cjs/loader:1381:12)
2026-07-23T11:34:18:     at Object.<anonymous> (C:\Users\thana\AppData\Roaming\npm\node_modules\pm2\lib\ProcessContainerFork.js:32:23)
2026-07-23T11:34:23: TypeError: argument handler must be a function
2026-07-23T11:34:23:     at Route.<computed> [as get] (E:\MADHURA_CRM\backend\node_modules\router\lib\route.js:228:15)
2026-07-23T11:34:23:     at Router.<computed> [as get] (E:\MADHURA_CRM\backend\node_modules\router\index.js:448:19)
2026-07-23T11:34:23:     at Object.<anonymous> (E:\MADHURA_CRM\backend\routes\waTemplateRoutes.js:6:8)
2026-07-23T11:34:23:     at Module._compile (node:internal/modules/cjs/loader:1856:14)
2026-07-23T11:34:23:     at Object..js (node:internal/modules/cjs/loader:1996:10)
2026-07-23T11:34:23:     at Module.load (node:internal/modules/cjs/loader:1579:32)
2026-07-23T11:34:23:     at Module._load (node:internal/modules/cjs/loader:1381:12)
2026-07-23T11:34:23:     at wrapModuleLoad (node:internal/modules/cjs/loader:255:19)
2026-07-23T11:34:23:     at Module.require (node:internal/modules/cjs/loader:1602:12)
2026-07-23T11:34:23:     at require (node:internal/modules/helpers:191:16)
2026-07-23T11:34:23:     at Object.<anonymous> (E:\MADHURA_CRM\backend\server.js:98:30)
2026-07-23T11:34:23:     at Module._compile (node:internal/modules/cjs/loader:1856:14)
2026-07-23T11:34:23:     at Object..js (node:internal/modules/cjs/loader:1996:10)
2026-07-23T11:34:23:     at Module.load (node:internal/modules/cjs/loader:1579:32)
2026-07-23T11:34:23:     at Module._load (node:internal/modules/cjs/loader:1381:12)
2026-07-23T11:34:23:     at Object.<anonymous> (C:\Users\thana\AppData\Roaming\npm\node_modules\pm2\lib\ProcessContainerFork.js:32:23)
2026-07-23T11:34:28: TypeError: argument handler must be a function
2026-07-23T11:34:28:     at Route.<computed> [as get] (E:\MADHURA_CRM\backend\node_modules\router\lib\route.js:228:15)
2026-07-23T11:34:28:     at Router.<computed> [as get] (E:\MADHURA_CRM\backend\node_modules\router\index.js:448:19)
2026-07-23T11:34:28:     at Object.<anonymous> (E:\MADHURA_CRM\backend\routes\waTemplateRoutes.js:6:8)
2026-07-23T11:34:28:     at Module._compile (node:internal/modules/cjs/loader:1856:14)
2026-07-23T11:34:28:     at Object..js (node:internal/modules/cjs/loader:1996:10)
2026-07-23T11:34:28:     at Module.load (node:internal/modules/cjs/loader:1579:32)
2026-07-23T11:34:28:     at Module._load (node:internal/modules/cjs/loader:1381:12)
2026-07-23T11:34:28:     at wrapModuleLoad (node:internal/modules/cjs/loader:255:19)
2026-07-23T11:34:28:     at Module.require (node:internal/modules/cjs/loader:1602:12)
2026-07-23T11:34:28:     at require (node:internal/modules/helpers:191:16)
2026-07-23T11:34:28:     at Object.<anonymous> (E:\MADHURA_CRM\backend\server.js:98:30)
2026-07-23T11:34:28:     at Module._compile (node:internal/modules/cjs/loader:1856:14)
2026-07-23T11:34:28:     at Object..js (node:internal/modules/cjs/loader:1996:10)
2026-07-23T11:34:28:     at Module.load (node:internal/modules/cjs/loader:1579:32)
2026-07-23T11:34:28:     at Module._load (node:internal/modules/cjs/loader:1381:12)
2026-07-23T11:34:28:     at Object.<anonymous> (C:\Users\thana\AppData\Roaming\npm\node_modules\pm2\lib\ProcessContainerFork.js:32:23)
2026-07-23T11:34:34: TypeError: argument handler must be a function
2026-07-23T11:34:34:     at Route.<computed> [as get] (E:\MADHURA_CRM\backend\node_modules\router\lib\route.js:228:15)
2026-07-23T11:34:34:     at Router.<computed> [as get] (E:\MADHURA_CRM\backend\node_modules\router\index.js:448:19)
2026-07-23T11:34:34:     at Object.<anonymous> (E:\MADHURA_CRM\backend\routes\waTemplateRoutes.js:6:8)
2026-07-23T11:34:34:     at Module._compile (node:internal/modules/cjs/loader:1856:14)
2026-07-23T11:34:34:     at Object..js (node:internal/modules/cjs/loader:1996:10)
2026-07-23T11:34:34:     at Module.load (node:internal/modules/cjs/loader:1579:32)
2026-07-23T11:34:34:     at Module._load (node:internal/modules/cjs/loader:1381:12)
2026-07-23T11:34:34:     at wrapModuleLoad (node:internal/modules/cjs/loader:255:19)
2026-07-23T11:34:34:     at Module.require (node:internal/modules/cjs/loader:1602:12)
2026-07-23T11:34:34:     at require (node:internal/modules/helpers:191:16)
2026-07-23T11:34:34:     at Object.<anonymous> (E:\MADHURA_CRM\backend\server.js:98:30)
2026-07-23T11:34:34:     at Module._compile (node:internal/modules/cjs/loader:1856:14)
2026-07-23T11:34:34:     at Object..js (node:internal/modules/cjs/loader:1996:10)
2026-07-23T11:34:34:     at Module.load (node:internal/modules/cjs/loader:1579:32)
2026-07-23T11:34:34:     at Module._load (node:internal/modules/cjs/loader:1381:12)
2026-07-23T11:34:34:     at Object.<anonymous> (C:\Users\thana\AppData\Roaming\npm\node_modules\pm2\lib\ProcessContainerFork.js:32:23)
2026-07-23T11:34:39: TypeError: argument handler must be a function
2026-07-23T11:34:39:     at Route.<computed> [as get] (E:\MADHURA_CRM\backend\node_modules\router\lib\route.js:228:15)
2026-07-23T11:34:39:     at Router.<computed> [as get] (E:\MADHURA_CRM\backend\node_modules\router\index.js:448:19)
2026-07-23T11:34:39:     at Object.<anonymous> (E:\MADHURA_CRM\backend\routes\waTemplateRoutes.js:6:8)
2026-07-23T11:34:39:     at Module._compile (node:internal/modules/cjs/loader:1856:14)
2026-07-23T11:34:39:     at Object..js (node:internal/modules/cjs/loader:1996:10)
2026-07-23T11:34:39:     at Module.load (node:internal/modules/cjs/loader:1579:32)
2026-07-23T11:34:39:     at Module._load (node:internal/modules/cjs/loader:1381:12)
2026-07-23T11:34:39:     at wrapModuleLoad (node:internal/modules/cjs/loader:255:19)
2026-07-23T11:34:39:     at Module.require (node:internal/modules/cjs/loader:1602:12)
2026-07-23T11:34:39:     at require (node:internal/modules/helpers:191:16)
2026-07-23T11:34:39:     at Object.<anonymous> (E:\MADHURA_CRM\backend\server.js:98:30)
2026-07-23T11:34:39:     at Module._compile (node:internal/modules/cjs/loader:1856:14)
2026-07-23T11:34:39:     at Object..js (node:internal/modules/cjs/loader:1996:10)
2026-07-23T11:34:39:     at Module.load (node:internal/modules/cjs/loader:1579:32)
2026-07-23T11:34:39:     at Module._load (node:internal/modules/cjs/loader:1381:12)
2026-07-23T11:34:39:     at Object.<anonymous> (C:\Users\thana\AppData\Roaming\npm\node_modules\pm2\lib\ProcessContainerFork.js:32:23)
2026-07-23T11:34:44: TypeError: argument handler must be a function
2026-07-23T11:34:44:     at Route.<computed> [as get] (E:\MADHURA_CRM\backend\node_modules\router\lib\route.js:228:15)
2026-07-23T11:34:44:     at Router.<computed> [as get] (E:\MADHURA_CRM\backend\node_modules\router\index.js:448:19)
2026-07-23T11:34:44:     at Object.<anonymous> (E:\MADHURA_CRM\backend\routes\waTemplateRoutes.js:6:8)
2026-07-23T11:34:44:     at Module._compile (node:internal/modules/cjs/loader:1856:14)
2026-07-23T11:34:44:     at Object..js (node:internal/modules/cjs/loader:1996:10)
2026-07-23T11:34:44:     at Module.load (node:internal/modules/cjs/loader:1579:32)
2026-07-23T11:34:44:     at Module._load (node:internal/modules/cjs/loader:1381:12)
2026-07-23T11:34:44:     at wrapModuleLoad (node:internal/modules/cjs/loader:255:19)
2026-07-23T11:34:44:     at Module.require (node:internal/modules/cjs/loader:1602:12)
2026-07-23T11:34:44:     at require (node:internal/modules/helpers:191:16)
2026-07-23T11:34:44:     at Object.<anonymous> (E:\MADHURA_CRM\backend\server.js:98:30)
2026-07-23T11:34:44:     at Module._compile (node:internal/modules/cjs/loader:1856:14)
2026-07-23T11:34:44:     at Object..js (node:internal/modules/cjs/loader:1996:10)
2026-07-23T11:34:44:     at Module.load (node:internal/modules/cjs/loader:1579:32)
2026-07-23T11:34:44:     at Module._load (node:internal/modules/cjs/loader:1381:12)
2026-07-23T11:34:44:     at Object.<anonymous> (C:\Users\thana\AppData\Roaming\npm\node_modules\pm2\lib\ProcessContainerFork.js:32:23)
2026-07-23T11:34:49: TypeError: argument handler must be a function
2026-07-23T11:34:49:     at Route.<computed> [as get] (E:\MADHURA_CRM\backend\node_modules\router\lib\route.js:228:15)
2026-07-23T11:34:49:     at Router.<computed> [as get] (E:\MADHURA_CRM\backend\node_modules\router\index.js:448:19)
2026-07-23T11:34:49:     at Object.<anonymous> (E:\MADHURA_CRM\backend\routes\waTemplateRoutes.js:6:8)
2026-07-23T11:34:49:     at Module._compile (node:internal/modules/cjs/loader:1856:14)
2026-07-23T11:34:49:     at Object..js (node:internal/modules/cjs/loader:1996:10)
2026-07-23T11:34:49:     at Module.load (node:internal/modules/cjs/loader:1579:32)
2026-07-23T11:34:49:     at Module._load (node:internal/modules/cjs/loader:1381:12)
2026-07-23T11:34:49:     at wrapModuleLoad (node:internal/modules/cjs/loader:255:19)
2026-07-23T11:34:49:     at Module.require (node:internal/modules/cjs/loader:1602:12)
2026-07-23T11:34:49:     at require (node:internal/modules/helpers:191:16)
2026-07-23T11:34:49:     at Object.<anonymous> (E:\MADHURA_CRM\backend\server.js:98:30)
2026-07-23T11:34:49:     at Module._compile (node:internal/modules/cjs/loader:1856:14)
2026-07-23T11:34:49:     at Object..js (node:internal/modules/cjs/loader:1996:10)
2026-07-23T11:34:49:     at Module.load (node:internal/modules/cjs/loader:1579:32)
2026-07-23T11:34:49:     at Module._load (node:internal/modules/cjs/loader:1381:12)
2026-07-23T11:34:49:     at Object.<anonymous> (C:\Users\thana\AppData\Roaming\npm\node_modules\pm2\lib\ProcessContainerFork.js:32:23)
2026-07-23T11:34:54: TypeError: argument handler must be a function
2026-07-23T11:34:54:     at Route.<computed> [as get] (E:\MADHURA_CRM\backend\node_modules\router\lib\route.js:228:15)
2026-07-23T11:34:54:     at Router.<computed> [as get] (E:\MADHURA_CRM\backend\node_modules\router\index.js:448:19)
2026-07-23T11:34:54:     at Object.<anonymous> (E:\MADHURA_CRM\backend\routes\waTemplateRoutes.js:6:8)
2026-07-23T11:34:54:     at Module._compile (node:internal/modules/cjs/loader:1856:14)
2026-07-23T11:34:54:     at Object..js (node:internal/modules/cjs/loader:1996:10)
2026-07-23T11:34:54:     at Module.load (node:internal/modules/cjs/loader:1579:32)
2026-07-23T11:34:54:     at Module._load (node:internal/modules/cjs/loader:1381:12)
2026-07-23T11:34:54:     at wrapModuleLoad (node:internal/modules/cjs/loader:255:19)
2026-07-23T11:34:54:     at Module.require (node:internal/modules/cjs/loader:1602:12)
2026-07-23T11:34:54:     at require (node:internal/modules/helpers:191:16)
2026-07-23T11:34:54:     at Object.<anonymous> (E:\MADHURA_CRM\backend\server.js:98:30)
2026-07-23T11:34:54:     at Module._compile (node:internal/modules/cjs/loader:1856:14)
2026-07-23T11:34:54:     at Object..js (node:internal/modules/cjs/loader:1996:10)
2026-07-23T11:34:54:     at Module.load (node:internal/modules/cjs/loader:1579:32)
2026-07-23T11:34:54:     at Module._load (node:internal/modules/cjs/loader:1381:12)
2026-07-23T11:34:54:     at Object.<anonymous> (C:\Users\thana\AppData\Roaming\npm\node_modules\pm2\lib\ProcessContainerFork.js:32:23)
2026-07-23T11:34:59: TypeError: argument handler must be a function
2026-07-23T11:34:59:     at Route.<computed> [as get] (E:\MADHURA_CRM\backend\node_modules\router\lib\route.js:228:15)
2026-07-23T11:34:59:     at Router.<computed> [as get] (E:\MADHURA_CRM\backend\node_modules\router\index.js:448:19)
2026-07-23T11:34:59:     at Object.<anonymous> (E:\MADHURA_CRM\backend\routes\waTemplateRoutes.js:6:8)
2026-07-23T11:34:59:     at Module._compile (node:internal/modules/cjs/loader:1856:14)
2026-07-23T11:34:59:     at Object..js (node:internal/modules/cjs/loader:1996:10)
2026-07-23T11:34:59:     at Module.load (node:internal/modules/cjs/loader:1579:32)
2026-07-23T11:34:59:     at Module._load (node:internal/modules/cjs/loader:1381:12)
2026-07-23T11:34:59:     at wrapModuleLoad (node:internal/modules/cjs/loader:255:19)
2026-07-23T11:34:59:     at Module.require (node:internal/modules/cjs/loader:1602:12)
2026-07-23T11:34:59:     at require (node:internal/modules/helpers:191:16)
2026-07-23T11:34:59:     at Object.<anonymous> (E:\MADHURA_CRM\backend\server.js:98:30)
2026-07-23T11:34:59:     at Module._compile (node:internal/modules/cjs/loader:1856:14)
2026-07-23T11:34:59:     at Object..js (node:internal/modules/cjs/loader:1996:10)
2026-07-23T11:34:59:     at Module.load (node:internal/modules/cjs/loader:1579:32)
2026-07-23T11:34:59:     at Module._load (node:internal/modules/cjs/loader:1381:12)
2026-07-23T11:34:59:     at Object.<anonymous> (C:\Users\thana\AppData\Roaming\npm\node_modules\pm2\lib\ProcessContainerFork.js:32:23)
2026-07-23T11:35:04: TypeError: argument handler must be a function
2026-07-23T11:35:04:     at Route.<computed> [as get] (E:\MADHURA_CRM\backend\node_modules\router\lib\route.js:228:15)
2026-07-23T11:35:04:     at Router.<computed> [as get] (E:\MADHURA_CRM\backend\node_modules\router\index.js:448:19)
2026-07-23T11:35:04:     at Object.<anonymous> (E:\MADHURA_CRM\backend\routes\waTemplateRoutes.js:6:8)
2026-07-23T11:35:04:     at Module._compile (node:internal/modules/cjs/loader:1856:14)
2026-07-23T11:35:04:     at Object..js (node:internal/modules/cjs/loader:1996:10)
2026-07-23T11:35:04:     at Module.load (node:internal/modules/cjs/loader:1579:32)
2026-07-23T11:35:04:     at Module._load (node:internal/modules/cjs/loader:1381:12)
2026-07-23T11:35:04:     at wrapModuleLoad (node:internal/modules/cjs/loader:255:19)
2026-07-23T11:35:04:     at Module.require (node:internal/modules/cjs/loader:1602:12)
2026-07-23T11:35:04:     at require (node:internal/modules/helpers:191:16)
2026-07-23T11:35:04:     at Object.<anonymous> (E:\MADHURA_CRM\backend\server.js:98:30)
2026-07-23T11:35:04:     at Module._compile (node:internal/modules/cjs/loader:1856:14)
2026-07-23T11:35:04:     at Object..js (node:internal/modules/cjs/loader:1996:10)
2026-07-23T11:35:04:     at Module.load (node:internal/modules/cjs/loader:1579:32)
2026-07-23T11:35:04:     at Module._load (node:internal/modules/cjs/loader:1381:12)
2026-07-23T11:35:04:     at Object.<anonymous> (C:\Users\thana\AppData\Roaming\npm\node_modules\pm2\lib\ProcessContainerFork.js:32:23)
2026-07-23T11:35:09: TypeError: argument handler must be a function
2026-07-23T11:35:09:     at Route.<computed> [as get] (E:\MADHURA_CRM\backend\node_modules\router\lib\route.js:228:15)
2026-07-23T11:35:09:     at Router.<computed> [as get] (E:\MADHURA_CRM\backend\node_modules\router\index.js:448:19)
2026-07-23T11:35:09:     at Object.<anonymous> (E:\MADHURA_CRM\backend\routes\waTemplateRoutes.js:6:8)
2026-07-23T11:35:09:     at Module._compile (node:internal/modules/cjs/loader:1856:14)
2026-07-23T11:35:09:     at Object..js (node:internal/modules/cjs/loader:1996:10)
2026-07-23T11:35:09:     at Module.load (node:internal/modules/cjs/loader:1579:32)
2026-07-23T11:35:09:     at Module._load (node:internal/modules/cjs/loader:1381:12)
2026-07-23T11:35:09:     at wrapModuleLoad (node:internal/modules/cjs/loader:255:19)
2026-07-23T11:35:09:     at Module.require (node:internal/modules/cjs/loader:1602:12)
2026-07-23T11:35:09:     at require (node:internal/modules/helpers:191:16)
2026-07-23T11:35:09:     at Object.<anonymous> (E:\MADHURA_CRM\backend\server.js:98:30)
2026-07-23T11:35:09:     at Module._compile (node:internal/modules/cjs/loader:1856:14)
2026-07-23T11:35:09:     at Object..js (node:internal/modules/cjs/loader:1996:10)
2026-07-23T11:35:09:     at Module.load (node:internal/modules/cjs/loader:1579:32)
2026-07-23T11:35:09:     at Module._load (node:internal/modules/cjs/loader:1381:12)
2026-07-23T11:35:09:     at Object.<anonymous> (C:\Users\thana\AppData\Roaming\npm\node_modules\pm2\lib\ProcessContainerFork.js:32:23)
2026-07-23T11:35:14: TypeError: argument handler must be a function
2026-07-23T11:35:14:     at Route.<computed> [as get] (E:\MADHURA_CRM\backend\node_modules\router\lib\route.js:228:15)
2026-07-23T11:35:14:     at Router.<computed> [as get] (E:\MADHURA_CRM\backend\node_modules\router\index.js:448:19)
2026-07-23T11:35:14:     at Object.<anonymous> (E:\MADHURA_CRM\backend\routes\waTemplateRoutes.js:6:8)
2026-07-23T11:35:14:     at Module._compile (node:internal/modules/cjs/loader:1856:14)
2026-07-23T11:35:14:     at Object..js (node:internal/modules/cjs/loader:1996:10)
2026-07-23T11:35:14:     at Module.load (node:internal/modules/cjs/loader:1579:32)
2026-07-23T11:35:14:     at Module._load (node:internal/modules/cjs/loader:1381:12)
2026-07-23T11:35:14:     at wrapModuleLoad (node:internal/modules/cjs/loader:255:19)
2026-07-23T11:35:14:     at Module.require (node:internal/modules/cjs/loader:1602:12)
2026-07-23T11:35:14:     at require (node:internal/modules/helpers:191:16)
2026-07-23T11:35:14:     at Object.<anonymous> (E:\MADHURA_CRM\backend\server.js:98:30)
2026-07-23T11:35:14:     at Module._compile (node:internal/modules/cjs/loader:1856:14)
2026-07-23T11:35:14:     at Object..js (node:internal/modules/cjs/loader:1996:10)
2026-07-23T11:35:14:     at Module.load (node:internal/modules/cjs/loader:1579:32)
2026-07-23T11:35:14:     at Module._load (node:internal/modules/cjs/loader:1381:12)
2026-07-23T11:35:14:     at Object.<anonymous> (C:\Users\thana\AppData\Roaming\npm\node_modules\pm2\lib\ProcessContainerFork.js:32:23)
2026-07-23T11:35:19: TypeError: argument handler must be a function
2026-07-23T11:35:19:     at Route.<computed> [as get] (E:\MADHURA_CRM\backend\node_modules\router\lib\route.js:228:15)
2026-07-23T11:35:19:     at Router.<computed> [as get] (E:\MADHURA_CRM\backend\node_modules\router\index.js:448:19)
2026-07-23T11:35:19:     at Object.<anonymous> (E:\MADHURA_CRM\backend\routes\waTemplateRoutes.js:6:8)
2026-07-23T11:35:19:     at Module._compile (node:internal/modules/cjs/loader:1856:14)
2026-07-23T11:35:19:     at Object..js (node:internal/modules/cjs/loader:1996:10)
2026-07-23T11:35:19:     at Module.load (node:internal/modules/cjs/loader:1579:32)
2026-07-23T11:35:19:     at Module._load (node:internal/modules/cjs/loader:1381:12)
2026-07-23T11:35:19:     at wrapModuleLoad (node:internal/modules/cjs/loader:255:19)
2026-07-23T11:35:19:     at Module.require (node:internal/modules/cjs/loader:1602:12)
2026-07-23T11:35:19:     at require (node:internal/modules/helpers:191:16)
2026-07-23T11:35:19:     at Object.<anonymous> (E:\MADHURA_CRM\backend\server.js:98:30)
2026-07-23T11:35:19:     at Module._compile (node:internal/modules/cjs/loader:1856:14)
2026-07-23T11:35:19:     at Object..js (node:internal/modules/cjs/loader:1996:10)
2026-07-23T11:35:19:     at Module.load (node:internal/modules/cjs/loader:1579:32)
2026-07-23T11:35:19:     at Module._load (node:internal/modules/cjs/loader:1381:12)
2026-07-23T11:35:19:     at Object.<anonymous> (C:\Users\thana\AppData\Roaming\npm\node_modules\pm2\lib\ProcessContainerFork.js:32:23)
2026-07-23T11:35:24: TypeError: argument handler must be a function
2026-07-23T11:35:24:     at Route.<computed> [as get] (E:\MADHURA_CRM\backend\node_modules\router\lib\route.js:228:15)
2026-07-23T11:35:24:     at Router.<computed> [as get] (E:\MADHURA_CRM\backend\node_modules\router\index.js:448:19)
2026-07-23T11:35:24:     at Object.<anonymous> (E:\MADHURA_CRM\backend\routes\waTemplateRoutes.js:6:8)
2026-07-23T11:35:24:     at Module._compile (node:internal/modules/cjs/loader:1856:14)
2026-07-23T11:35:24:     at Object..js (node:internal/modules/cjs/loader:1996:10)
2026-07-23T11:35:24:     at Module.load (node:internal/modules/cjs/loader:1579:32)
2026-07-23T11:35:24:     at Module._load (node:internal/modules/cjs/loader:1381:12)
2026-07-23T11:35:24:     at wrapModuleLoad (node:internal/modules/cjs/loader:255:19)
2026-07-23T11:35:24:     at Module.require (node:internal/modules/cjs/loader:1602:12)
2026-07-23T11:35:24:     at require (node:internal/modules/helpers:191:16)
2026-07-23T11:35:24:     at Object.<anonymous> (E:\MADHURA_CRM\backend\server.js:98:30)
2026-07-23T11:35:24:     at Module._compile (node:internal/modules/cjs/loader:1856:14)
2026-07-23T11:35:24:     at Object..js (node:internal/modules/cjs/loader:1996:10)
2026-07-23T11:35:24:     at Module.load (node:internal/modules/cjs/loader:1579:32)
2026-07-23T11:35:24:     at Module._load (node:internal/modules/cjs/loader:1381:12)
2026-07-23T11:35:24:     at Object.<anonymous> (C:\Users\thana\AppData\Roaming\npm\node_modules\pm2\lib\ProcessContainerFork.js:32:23)
2026-07-23T11:35:29: TypeError: argument handler must be a function
2026-07-23T11:35:29:     at Route.<computed> [as get] (E:\MADHURA_CRM\backend\node_modules\router\lib\route.js:228:15)
2026-07-23T11:35:29:     at Router.<computed> [as get] (E:\MADHURA_CRM\backend\node_modules\router\index.js:448:19)
2026-07-23T11:35:29:     at Object.<anonymous> (E:\MADHURA_CRM\backend\routes\waTemplateRoutes.js:6:8)
2026-07-23T11:35:29:     at Module._compile (node:internal/modules/cjs/loader:1856:14)
2026-07-23T11:35:29:     at Object..js (node:internal/modules/cjs/loader:1996:10)
2026-07-23T11:35:29:     at Module.load (node:internal/modules/cjs/loader:1579:32)
2026-07-23T11:35:29:     at Module._load (node:internal/modules/cjs/loader:1381:12)
2026-07-23T11:35:29:     at wrapModuleLoad (node:internal/modules/cjs/loader:255:19)
2026-07-23T11:35:29:     at Module.require (node:internal/modules/cjs/loader:1602:12)
2026-07-23T11:35:29:     at require (node:internal/modules/helpers:191:16)
2026-07-23T11:35:29:     at Object.<anonymous> (E:\MADHURA_CRM\backend\server.js:98:30)
2026-07-23T11:35:29:     at Module._compile (node:internal/modules/cjs/loader:1856:14)
2026-07-23T11:35:29:     at Object..js (node:internal/modules/cjs/loader:1996:10)
2026-07-23T11:35:29:     at Module.load (node:internal/modules/cjs/loader:1579:32)
2026-07-23T11:35:29:     at Module._load (node:internal/modules/cjs/loader:1381:12)
2026-07-23T11:35:29:     at Object.<anonymous> (C:\Users\thana\AppData\Roaming\npm\node_modules\pm2\lib\ProcessContainerFork.js:32:23)
2026-07-23T11:35:34: TypeError: argument handler must be a function
2026-07-23T11:35:34:     at Route.<computed> [as get] (E:\MADHURA_CRM\backend\node_modules\router\lib\route.js:228:15)
2026-07-23T11:35:34:     at Router.<computed> [as get] (E:\MADHURA_CRM\backend\node_modules\router\index.js:448:19)
2026-07-23T11:35:34:     at Object.<anonymous> (E:\MADHURA_CRM\backend\routes\waTemplateRoutes.js:6:8)
2026-07-23T11:35:34:     at Module._compile (node:internal/modules/cjs/loader:1856:14)
2026-07-23T11:35:34:     at Object..js (node:internal/modules/cjs/loader:1996:10)
2026-07-23T11:35:34:     at Module.load (node:internal/modules/cjs/loader:1579:32)
2026-07-23T11:35:34:     at Module._load (node:internal/modules/cjs/loader:1381:12)
2026-07-23T11:35:34:     at wrapModuleLoad (node:internal/modules/cjs/loader:255:19)
2026-07-23T11:35:34:     at Module.require (node:internal/modules/cjs/loader:1602:12)
2026-07-23T11:35:34:     at require (node:internal/modules/helpers:191:16)
2026-07-23T11:35:34:     at Object.<anonymous> (E:\MADHURA_CRM\backend\server.js:98:30)
2026-07-23T11:35:34:     at Module._compile (node:internal/modules/cjs/loader:1856:14)
2026-07-23T11:35:34:     at Object..js (node:internal/modules/cjs/loader:1996:10)
2026-07-23T11:35:34:     at Module.load (node:internal/modules/cjs/loader:1579:32)
2026-07-23T11:35:34:     at Module._load (node:internal/modules/cjs/loader:1381:12)
2026-07-23T11:35:34:     at Object.<anonymous> (C:\Users\thana\AppData\Roaming\npm\node_modules\pm2\lib\ProcessContainerFork.js:32:23)
2026-07-23T11:35:40: TypeError: argument handler must be a function
2026-07-23T11:35:40:     at Route.<computed> [as get] (E:\MADHURA_CRM\backend\node_modules\router\lib\route.js:228:15)
2026-07-23T11:35:40:     at Router.<computed> [as get] (E:\MADHURA_CRM\backend\node_modules\router\index.js:448:19)
2026-07-23T11:35:40:     at Object.<anonymous> (E:\MADHURA_CRM\backend\routes\waTemplateRoutes.js:6:8)
2026-07-23T11:35:40:     at Module._compile (node:internal/modules/cjs/loader:1856:14)
2026-07-23T11:35:40:     at Object..js (node:internal/modules/cjs/loader:1996:10)
2026-07-23T11:35:40:     at Module.load (node:internal/modules/cjs/loader:1579:32)
2026-07-23T11:35:40:     at Module._load (node:internal/modules/cjs/loader:1381:12)
2026-07-23T11:35:40:     at wrapModuleLoad (node:internal/modules/cjs/loader:255:19)
2026-07-23T11:35:40:     at Module.require (node:internal/modules/cjs/loader:1602:12)
2026-07-23T11:35:40:     at require (node:internal/modules/helpers:191:16)
2026-07-23T11:35:40:     at Object.<anonymous> (E:\MADHURA_CRM\backend\server.js:98:30)
2026-07-23T11:35:40:     at Module._compile (node:internal/modules/cjs/loader:1856:14)
2026-07-23T11:35:40:     at Object..js (node:internal/modules/cjs/loader:1996:10)
2026-07-23T11:35:40:     at Module.load (node:internal/modules/cjs/loader:1579:32)
2026-07-23T11:35:40:     at Module._load (node:internal/modules/cjs/loader:1381:12)
2026-07-23T11:35:40:     at Object.<anonymous> (C:\Users\thana\AppData\Roaming\npm\node_modules\pm2\lib\ProcessContainerFork.js:32:23)
2026-07-23T11:35:45: TypeError: argument handler must be a function
2026-07-23T11:35:45:     at Route.<computed> [as get] (E:\MADHURA_CRM\backend\node_modules\router\lib\route.js:228:15)
2026-07-23T11:35:45:     at Router.<computed> [as get] (E:\MADHURA_CRM\backend\node_modules\router\index.js:448:19)
2026-07-23T11:35:45:     at Object.<anonymous> (E:\MADHURA_CRM\backend\routes\waTemplateRoutes.js:6:8)
2026-07-23T11:35:45:     at Module._compile (node:internal/modules/cjs/loader:1856:14)
2026-07-23T11:35:45:     at Object..js (node:internal/modules/cjs/loader:1996:10)
2026-07-23T11:35:45:     at Module.load (node:internal/modules/cjs/loader:1579:32)
2026-07-23T11:35:45:     at Module._load (node:internal/modules/cjs/loader:1381:12)
2026-07-23T11:35:45:     at wrapModuleLoad (node:internal/modules/cjs/loader:255:19)
2026-07-23T11:35:45:     at Module.require (node:internal/modules/cjs/loader:1602:12)
2026-07-23T11:35:45:     at require (node:internal/modules/helpers:191:16)
2026-07-23T11:35:45:     at Object.<anonymous> (E:\MADHURA_CRM\backend\server.js:98:30)
2026-07-23T11:35:45:     at Module._compile (node:internal/modules/cjs/loader:1856:14)
2026-07-23T11:35:45:     at Object..js (node:internal/modules/cjs/loader:1996:10)
2026-07-23T11:35:45:     at Module.load (node:internal/modules/cjs/loader:1579:32)
2026-07-23T11:35:45:     at Module._load (node:internal/modules/cjs/loader:1381:12)
2026-07-23T11:35:45:     at Object.<anonymous> (C:\Users\thana\AppData\Roaming\npm\node_modules\pm2\lib\ProcessContainerFork.js:32:23)
2026-07-23T11:35:50: TypeError: argument handler must be a function
2026-07-23T11:35:50:     at Route.<computed> [as get] (E:\MADHURA_CRM\backend\node_modules\router\lib\route.js:228:15)
2026-07-23T11:35:50:     at Router.<computed> [as get] (E:\MADHURA_CRM\backend\node_modules\router\index.js:448:19)
2026-07-23T11:35:50:     at Object.<anonymous> (E:\MADHURA_CRM\backend\routes\waTemplateRoutes.js:6:8)
2026-07-23T11:35:50:     at Module._compile (node:internal/modules/cjs/loader:1856:14)
2026-07-23T11:35:50:     at Object..js (node:internal/modules/cjs/loader:1996:10)
2026-07-23T11:35:50:     at Module.load (node:internal/modules/cjs/loader:1579:32)
2026-07-23T11:35:50:     at Module._load (node:internal/modules/cjs/loader:1381:12)
2026-07-23T11:35:50:     at wrapModuleLoad (node:internal/modules/cjs/loader:255:19)
2026-07-23T11:35:50:     at Module.require (node:internal/modules/cjs/loader:1602:12)
2026-07-23T11:35:50:     at require (node:internal/modules/helpers:191:16)
2026-07-23T11:35:50:     at Object.<anonymous> (E:\MADHURA_CRM\backend\server.js:98:30)
2026-07-23T11:35:50:     at Module._compile (node:internal/modules/cjs/loader:1856:14)
2026-07-23T11:35:50:     at Object..js (node:internal/modules/cjs/loader:1996:10)
2026-07-23T11:35:50:     at Module.load (node:internal/modules/cjs/loader:1579:32)
2026-07-23T11:35:50:     at Module._load (node:internal/modules/cjs/loader:1381:12)
2026-07-23T11:35:50:     at Object.<anonymous> (C:\Users\thana\AppData\Roaming\npm\node_modules\pm2\lib\ProcessContainerFork.js:32:23)
2026-07-23T11:35:55: TypeError: argument handler must be a function
2026-07-23T11:35:55:     at Route.<computed> [as get] (E:\MADHURA_CRM\backend\node_modules\router\lib\route.js:228:15)
2026-07-23T11:35:55:     at Router.<computed> [as get] (E:\MADHURA_CRM\backend\node_modules\router\index.js:448:19)
2026-07-23T11:35:55:     at Object.<anonymous> (E:\MADHURA_CRM\backend\routes\waTemplateRoutes.js:6:8)
2026-07-23T11:35:55:     at Module._compile (node:internal/modules/cjs/loader:1856:14)
2026-07-23T11:35:55:     at Object..js (node:internal/modules/cjs/loader:1996:10)
2026-07-23T11:35:55:     at Module.load (node:internal/modules/cjs/loader:1579:32)
2026-07-23T11:35:55:     at Module._load (node:internal/modules/cjs/loader:1381:12)
2026-07-23T11:35:55:     at wrapModuleLoad (node:internal/modules/cjs/loader:255:19)
2026-07-23T11:35:55:     at Module.require (node:internal/modules/cjs/loader:1602:12)
2026-07-23T11:35:55:     at require (node:internal/modules/helpers:191:16)
2026-07-23T11:35:55:     at Object.<anonymous> (E:\MADHURA_CRM\backend\server.js:98:30)
2026-07-23T11:35:55:     at Module._compile (node:internal/modules/cjs/loader:1856:14)
2026-07-23T11:35:55:     at Object..js (node:internal/modules/cjs/loader:1996:10)
2026-07-23T11:35:55:     at Module.load (node:internal/modules/cjs/loader:1579:32)
2026-07-23T11:35:55:     at Module._load (node:internal/modules/cjs/loader:1381:12)
2026-07-23T11:35:55:     at Object.<anonymous> (C:\Users\thana\AppData\Roaming\npm\node_modules\pm2\lib\ProcessContainerFork.js:32:23)
2026-07-23T11:36:00: TypeError: argument handler must be a function
2026-07-23T11:36:00:     at Route.<computed> [as get] (E:\MADHURA_CRM\backend\node_modules\router\lib\route.js:228:15)
2026-07-23T11:36:00:     at Router.<computed> [as get] (E:\MADHURA_CRM\backend\node_modules\router\index.js:448:19)
2026-07-23T11:36:00:     at Object.<anonymous> (E:\MADHURA_CRM\backend\routes\waTemplateRoutes.js:6:8)
2026-07-23T11:36:00:     at Module._compile (node:internal/modules/cjs/loader:1856:14)
2026-07-23T11:36:00:     at Object..js (node:internal/modules/cjs/loader:1996:10)
2026-07-23T11:36:00:     at Module.load (node:internal/modules/cjs/loader:1579:32)
2026-07-23T11:36:00:     at Module._load (node:internal/modules/cjs/loader:1381:12)
2026-07-23T11:36:00:     at wrapModuleLoad (node:internal/modules/cjs/loader:255:19)
2026-07-23T11:36:00:     at Module.require (node:internal/modules/cjs/loader:1602:12)
2026-07-23T11:36:00:     at require (node:internal/modules/helpers:191:16)
2026-07-23T11:36:00:     at Object.<anonymous> (E:\MADHURA_CRM\backend\server.js:98:30)
2026-07-23T11:36:00:     at Module._compile (node:internal/modules/cjs/loader:1856:14)
2026-07-23T11:36:00:     at Object..js (node:internal/modules/cjs/loader:1996:10)
2026-07-23T11:36:00:     at Module.load (node:internal/modules/cjs/loader:1579:32)
2026-07-23T11:36:00:     at Module._load (node:internal/modules/cjs/loader:1381:12)
2026-07-23T11:36:00:     at Object.<anonymous> (C:\Users\thana\AppData\Roaming\npm\node_modules\pm2\lib\ProcessContainerFork.js:32:23)
2026-07-23T11:36:05: TypeError: argument handler must be a function
2026-07-23T11:36:05:     at Route.<computed> [as get] (E:\MADHURA_CRM\backend\node_modules\router\lib\route.js:228:15)
2026-07-23T11:36:05:     at Router.<computed> [as get] (E:\MADHURA_CRM\backend\node_modules\router\index.js:448:19)
2026-07-23T11:36:05:     at Object.<anonymous> (E:\MADHURA_CRM\backend\routes\waTemplateRoutes.js:6:8)
2026-07-23T11:36:05:     at Module._compile (node:internal/modules/cjs/loader:1856:14)
2026-07-23T11:36:05:     at Object..js (node:internal/modules/cjs/loader:1996:10)
2026-07-23T11:36:05:     at Module.load (node:internal/modules/cjs/loader:1579:32)
2026-07-23T11:36:05:     at Module._load (node:internal/modules/cjs/loader:1381:12)
2026-07-23T11:36:05:     at wrapModuleLoad (node:internal/modules/cjs/loader:255:19)
2026-07-23T11:36:05:     at Module.require (node:internal/modules/cjs/loader:1602:12)
2026-07-23T11:36:05:     at require (node:internal/modules/helpers:191:16)
2026-07-23T11:36:05:     at Object.<anonymous> (E:\MADHURA_CRM\backend\server.js:98:30)
2026-07-23T11:36:05:     at Module._compile (node:internal/modules/cjs/loader:1856:14)
2026-07-23T11:36:05:     at Object..js (node:internal/modules/cjs/loader:1996:10)
2026-07-23T11:36:05:     at Module.load (node:internal/modules/cjs/loader:1579:32)
2026-07-23T11:36:05:     at Module._load (node:internal/modules/cjs/loader:1381:12)
2026-07-23T11:36:05:     at Object.<anonymous> (C:\Users\thana\AppData\Roaming\npm\node_modules\pm2\lib\ProcessContainerFork.js:32:23)
2026-07-23T13:10:23: It is highly recommended to use a minimum Redis version of 6.2.0
2026-07-23T13:10:23:              Current: 5.0.14.1
2026-07-23T13:10:26: OTP email transporter verification failed: Invalid login: 535-5.7.8 Username and Password not accepted. For more information, go to
2026-07-23T13:10:26: 535 5.7.8  https://support.google.com/mail/?p=BadCredentials 5a478bee46e88-3147df0686fsm17117715eec.14 - gsmtp
2026-07-23T13:10:26: It is highly recommended to use a minimum Redis version of 6.2.0
2026-07-23T13:10:26:              Current: 5.0.14.1
2026-07-23T13:10:26: It is highly recommended to use a minimum Redis version of 6.2.0
2026-07-23T13:10:26:              Current: 5.0.14.1
2026-07-23T15:02:51: [TargetSync] No target found for user_id=708 name="Admin" — skipping sync
2026-07-29T13:31:12: AggregateError [ECONNREFUSED]: 
2026-07-29T13:31:12:     at internalConnectMultiple (node:net:1193:18)
2026-07-29T13:31:12:     at afterConnectMultiple (node:net:1783:7) {
2026-07-29T13:31:12:   code: 'ECONNREFUSED',
2026-07-29T13:31:12:   [errors]: [
2026-07-29T13:31:12:     Error: connect ECONNREFUSED ::1:6379
2026-07-29T13:31:12:         at createConnectionError (node:net:1746:14)
2026-07-29T13:31:12:         at afterConnectMultiple (node:net:1776:16) {
2026-07-29T13:31:12:       errno: -4078,
2026-07-29T13:31:12:       code: 'ECONNREFUSED',
2026-07-29T13:31:12:       syscall: 'connect',
2026-07-29T13:31:12:       address: '::1',
2026-07-29T13:31:12:       port: 6379
2026-07-29T13:31:12:     },
2026-07-29T13:31:12:     Error: connect ECONNREFUSED 127.0.0.1:6379
2026-07-29T13:31:12:         at createConnectionError (node:net:1746:14)
2026-07-29T13:31:12:         at afterConnectMultiple (node:net:1776:16) {
2026-07-29T13:31:12:       errno: -4078,
2026-07-29T13:31:12:       code: 'ECONNREFUSED',
2026-07-29T13:31:12:       syscall: 'connect',
2026-07-29T13:31:12:       address: '127.0.0.1',
2026-07-29T13:31:12:       port: 6379
2026-07-29T13:31:12:     }
2026-07-29T13:31:12:   ]
2026-07-29T13:31:12: }
2026-07-29T13:31:12: Error: Connection is closed.
2026-07-29T13:31:12:     at EventEmitter.connectionCloseHandler (E:\MADHURA_CRM\backend\node_modules\ioredis\built\Redis.js:220:28)
2026-07-29T13:31:12:     at Object.onceWrapper (node:events:631:12)
2026-07-29T13:31:12:     at EventEmitter.emit (node:events:521:24)
2026-07-29T13:31:12:     at process.processTicksAndRejections (node:internal/process/task_queues:85:11)
2026-07-29T13:31:12: MySQL connection failed: Access denied for user 'achme_user'@'localhost' (using password: YES)
2026-07-29T13:31:12: Database is not ready. Server not started.
2026-07-29T13:31:12: Check DB_HOST, DB_PORT, DB_USER, DB_PASS, and DB_NAME in backend/.env. Details: Access denied for user 'achme_user'@'localhost' (using password: YES)
2026-07-29T13:31:18: MySQL connection failed: Access denied for user 'achme_user'@'localhost' (using password: YES)
2026-07-29T13:31:18: Database is not ready. Server not started.
2026-07-29T13:31:18: Check DB_HOST, DB_PORT, DB_USER, DB_PASS, and DB_NAME in backend/.env. Details: Access denied for user 'achme_user'@'localhost' (using password: YES)
2026-07-29T13:31:24: AggregateError [ECONNREFUSED]: 
2026-07-29T13:31:24:     at internalConnectMultiple (node:net:1193:18)
2026-07-29T13:31:24:     at afterConnectMultiple (node:net:1783:7) {
2026-07-29T13:31:24:   code: 'ECONNREFUSED',
2026-07-29T13:31:24:   [errors]: [
2026-07-29T13:31:24:     Error: connect ECONNREFUSED ::1:6379
2026-07-29T13:31:24:         at createConnectionError (node:net:1746:14)
2026-07-29T13:31:24:         at afterConnectMultiple (node:net:1776:16) {
2026-07-29T13:31:24:       errno: -4078,
2026-07-29T13:31:24:       code: 'ECONNREFUSED',
2026-07-29T13:31:24:       syscall: 'connect',
2026-07-29T13:31:24:       address: '::1',
2026-07-29T13:31:24:       port: 6379
2026-07-29T13:31:24:     },
2026-07-29T13:31:24:     Error: connect ECONNREFUSED 127.0.0.1:6379
2026-07-29T13:31:24:         at createConnectionError (node:net:1746:14)
2026-07-29T13:31:24:         at afterConnectMultiple (node:net:1776:16) {
2026-07-29T13:31:24:       errno: -4078,
2026-07-29T13:31:24:       code: 'ECONNREFUSED',
2026-07-29T13:31:24:       syscall: 'connect',
2026-07-29T13:31:24:       address: '127.0.0.1',
2026-07-29T13:31:24:       port: 6379
2026-07-29T13:31:24:     }
2026-07-29T13:31:24:   ]
2026-07-29T13:31:24: }
2026-07-29T13:31:24: Error: Connection is closed.
2026-07-29T13:31:24:     at EventEmitter.connectionCloseHandler (E:\MADHURA_CRM\backend\node_modules\ioredis\built\Redis.js:220:28)
2026-07-29T13:31:24:     at Object.onceWrapper (node:events:631:12)
2026-07-29T13:31:24:     at EventEmitter.emit (node:events:521:24)
2026-07-29T13:31:24:     at process.processTicksAndRejections (node:internal/process/task_queues:85:11)
2026-07-29T13:31:24: MySQL connection failed: Access denied for user 'achme_user'@'localhost' (using password: YES)
2026-07-29T13:31:24: Database is not ready. Server not started.
2026-07-29T13:31:24: Check DB_HOST, DB_PORT, DB_USER, DB_PASS, and DB_NAME in backend/.env. Details: Access denied for user 'achme_user'@'localhost' (using password: YES)
2026-07-29T13:31:30: MySQL connection failed: Access denied for user 'achme_user'@'localhost' (using password: YES)
2026-07-29T13:31:30: Database is not ready. Server not started.
2026-07-29T13:31:30: Check DB_HOST, DB_PORT, DB_USER, DB_PASS, and DB_NAME in backend/.env. Details: Access denied for user 'achme_user'@'localhost' (using password: YES)
2026-07-29T13:31:37: MySQL connection failed: Access denied for user 'achme_user'@'localhost' (using password: YES)
2026-07-29T13:31:37: Database is not ready. Server not started.
2026-07-29T13:31:37: Check DB_HOST, DB_PORT, DB_USER, DB_PASS, and DB_NAME in backend/.env. Details: Access denied for user 'achme_user'@'localhost' (using password: YES)
2026-07-29T13:31:43: AggregateError [ECONNREFUSED]: 
2026-07-29T13:31:43:     at internalConnectMultiple (node:net:1193:18)
2026-07-29T13:31:43:     at afterConnectMultiple (node:net:1783:7) {
2026-07-29T13:31:43:   code: 'ECONNREFUSED',
2026-07-29T13:31:43:   [errors]: [
2026-07-29T13:31:43:     Error: connect ECONNREFUSED ::1:6379
2026-07-29T13:31:43:         at createConnectionError (node:net:1746:14)
2026-07-29T13:31:43:         at afterConnectMultiple (node:net:1776:16) {
2026-07-29T13:31:43:       errno: -4078,
2026-07-29T13:31:43:       code: 'ECONNREFUSED',
2026-07-29T13:31:43:       syscall: 'connect',
2026-07-29T13:31:43:       address: '::1',
2026-07-29T13:31:43:       port: 6379
2026-07-29T13:31:43:     },
2026-07-29T13:31:43:     Error: connect ECONNREFUSED 127.0.0.1:6379
2026-07-29T13:31:43:         at createConnectionError (node:net:1746:14)
2026-07-29T13:31:43:         at afterConnectMultiple (node:net:1776:16) {
2026-07-29T13:31:43:       errno: -4078,
2026-07-29T13:31:43:       code: 'ECONNREFUSED',
2026-07-29T13:31:43:       syscall: 'connect',
2026-07-29T13:31:43:       address: '127.0.0.1',
2026-07-29T13:31:43:       port: 6379
2026-07-29T13:31:43:     }
2026-07-29T13:31:43:   ]
2026-07-29T13:31:43: }
2026-07-29T13:31:43: Error: Connection is closed.
2026-07-29T13:31:43:     at EventEmitter.connectionCloseHandler (E:\MADHURA_CRM\backend\node_modules\ioredis\built\Redis.js:220:28)
2026-07-29T13:31:43:     at Object.onceWrapper (node:events:631:12)
2026-07-29T13:31:43:     at EventEmitter.emit (node:events:521:24)
2026-07-29T13:31:43:     at process.processTicksAndRejections (node:internal/process/task_queues:85:11)
2026-07-29T13:31:43: MySQL connection failed: Access denied for user 'achme_user'@'localhost' (using password: YES)
2026-07-29T13:31:43: Database is not ready. Server not started.
2026-07-29T13:31:43: Check DB_HOST, DB_PORT, DB_USER, DB_PASS, and DB_NAME in backend/.env. Details: Access denied for user 'achme_user'@'localhost' (using password: YES)
2026-07-29T13:31:50: AggregateError [ECONNREFUSED]: 
2026-07-29T13:31:50:     at internalConnectMultiple (node:net:1193:18)
2026-07-29T13:31:50:     at afterConnectMultiple (node:net:1783:7) {
2026-07-29T13:31:50:   code: 'ECONNREFUSED',
2026-07-29T13:31:50:   [errors]: [
2026-07-29T13:31:50:     Error: connect ECONNREFUSED ::1:6379
2026-07-29T13:31:50:         at createConnectionError (node:net:1746:14)
2026-07-29T13:31:50:         at afterConnectMultiple (node:net:1776:16) {
2026-07-29T13:31:50:       errno: -4078,
2026-07-29T13:31:50:       code: 'ECONNREFUSED',
2026-07-29T13:31:50:       syscall: 'connect',
2026-07-29T13:31:50:       address: '::1',
2026-07-29T13:31:50:       port: 6379
2026-07-29T13:31:50:     },
2026-07-29T13:31:50:     Error: connect ECONNREFUSED 127.0.0.1:6379
2026-07-29T13:31:50:         at createConnectionError (node:net:1746:14)
2026-07-29T13:31:50:         at afterConnectMultiple (node:net:1776:16) {
2026-07-29T13:31:50:       errno: -4078,
2026-07-29T13:31:50:       code: 'ECONNREFUSED',
2026-07-29T13:31:50:       syscall: 'connect',
2026-07-29T13:31:50:       address: '127.0.0.1',
2026-07-29T13:31:50:       port: 6379
2026-07-29T13:31:50:     }
2026-07-29T13:31:50:   ]
2026-07-29T13:31:50: }
2026-07-29T13:31:50: Error: Connection is closed.
2026-07-29T13:31:50:     at EventEmitter.connectionCloseHandler (E:\MADHURA_CRM\backend\node_modules\ioredis\built\Redis.js:220:28)
2026-07-29T13:31:50:     at Object.onceWrapper (node:events:631:12)
2026-07-29T13:31:50:     at EventEmitter.emit (node:events:521:24)
2026-07-29T13:31:50:     at process.processTicksAndRejections (node:internal/process/task_queues:85:11)
2026-07-29T13:31:50: MySQL connection failed: Access denied for user 'achme_user'@'localhost' (using password: YES)
2026-07-29T13:31:50: Database is not ready. Server not started.
2026-07-29T13:31:50: Check DB_HOST, DB_PORT, DB_USER, DB_PASS, and DB_NAME in backend/.env. Details: Access denied for user 'achme_user'@'localhost' (using password: YES)
2026-07-29T13:31:56: AggregateError [ECONNREFUSED]: 
2026-07-29T13:31:56:     at internalConnectMultiple (node:net:1193:18)
2026-07-29T13:31:56:     at afterConnectMultiple (node:net:1783:7) {
2026-07-29T13:31:56:   code: 'ECONNREFUSED',
2026-07-29T13:31:56:   [errors]: [
2026-07-29T13:31:56:     Error: connect ECONNREFUSED ::1:6379
2026-07-29T13:31:56:         at createConnectionError (node:net:1746:14)
2026-07-29T13:31:56:         at afterConnectMultiple (node:net:1776:16) {
2026-07-29T13:31:56:       errno: -4078,
2026-07-29T13:31:56:       code: 'ECONNREFUSED',
2026-07-29T13:31:56:       syscall: 'connect',
2026-07-29T13:31:56:       address: '::1',
2026-07-29T13:31:56:       port: 6379
2026-07-29T13:31:56:     },
2026-07-29T13:31:56:     Error: connect ECONNREFUSED 127.0.0.1:6379
2026-07-29T13:31:56:         at createConnectionError (node:net:1746:14)
2026-07-29T13:31:56:         at afterConnectMultiple (node:net:1776:16) {
2026-07-29T13:31:56:       errno: -4078,
2026-07-29T13:31:56:       code: 'ECONNREFUSED',
2026-07-29T13:31:56:       syscall: 'connect',
2026-07-29T13:31:56:       address: '127.0.0.1',
2026-07-29T13:31:56:       port: 6379
2026-07-29T13:31:56:     }
2026-07-29T13:31:56:   ]
2026-07-29T13:31:56: }
2026-07-29T13:31:56: Error: Connection is closed.
2026-07-29T13:31:56:     at EventEmitter.connectionCloseHandler (E:\MADHURA_CRM\backend\node_modules\ioredis\built\Redis.js:220:28)
2026-07-29T13:31:56:     at Object.onceWrapper (node:events:631:12)
2026-07-29T13:31:56:     at EventEmitter.emit (node:events:521:24)
2026-07-29T13:31:56:     at process.processTicksAndRejections (node:internal/process/task_queues:85:11)
2026-07-29T13:31:56: MySQL connection failed: Access denied for user 'achme_user'@'localhost' (using password: YES)
2026-07-29T13:31:56: Database is not ready. Server not started.
2026-07-29T13:31:56: Check DB_HOST, DB_PORT, DB_USER, DB_PASS, and DB_NAME in backend/.env. Details: Access denied for user 'achme_user'@'localhost' (using password: YES)
2026-07-29T13:32:03: AggregateError [ECONNREFUSED]: 
2026-07-29T13:32:03:     at internalConnectMultiple (node:net:1193:18)
2026-07-29T13:32:03:     at afterConnectMultiple (node:net:1783:7) {
2026-07-29T13:32:03:   code: 'ECONNREFUSED',
2026-07-29T13:32:03:   [errors]: [
2026-07-29T13:32:03:     Error: connect ECONNREFUSED ::1:6379
2026-07-29T13:32:03:         at createConnectionError (node:net:1746:14)
2026-07-29T13:32:03:         at afterConnectMultiple (node:net:1776:16) {
2026-07-29T13:32:03:       errno: -4078,
2026-07-29T13:32:03:       code: 'ECONNREFUSED',
2026-07-29T13:32:03:       syscall: 'connect',
2026-07-29T13:32:03:       address: '::1',
2026-07-29T13:32:03:       port: 6379
2026-07-29T13:32:03:     },
2026-07-29T13:32:03:     Error: connect ECONNREFUSED 127.0.0.1:6379
2026-07-29T13:32:03:         at createConnectionError (node:net:1746:14)
2026-07-29T13:32:03:         at afterConnectMultiple (node:net:1776:16) {
2026-07-29T13:32:03:       errno: -4078,
2026-07-29T13:32:03:       code: 'ECONNREFUSED',
2026-07-29T13:32:03:       syscall: 'connect',
2026-07-29T13:32:03:       address: '127.0.0.1',
2026-07-29T13:32:03:       port: 6379
2026-07-29T13:32:03:     }
2026-07-29T13:32:03:   ]
2026-07-29T13:32:03: }
2026-07-29T13:32:03: Error: Connection is closed.
2026-07-29T13:32:03:     at EventEmitter.connectionCloseHandler (E:\MADHURA_CRM\backend\node_modules\ioredis\built\Redis.js:220:28)
2026-07-29T13:32:03:     at Object.onceWrapper (node:events:631:12)
2026-07-29T13:32:03:     at EventEmitter.emit (node:events:521:24)
2026-07-29T13:32:03:     at process.processTicksAndRejections (node:internal/process/task_queues:85:11)
2026-07-29T13:32:03: MySQL connection failed: Access denied for user 'achme_user'@'localhost' (using password: YES)
2026-07-29T13:32:03: Database is not ready. Server not started.
2026-07-29T13:32:03: Check DB_HOST, DB_PORT, DB_USER, DB_PASS, and DB_NAME in backend/.env. Details: Access denied for user 'achme_user'@'localhost' (using password: YES)
2026-07-29T13:32:09: MySQL connection failed: Access denied for user 'achme_user'@'localhost' (using password: YES)
2026-07-29T13:32:09: Database is not ready. Server not started.
2026-07-29T13:32:09: Check DB_HOST, DB_PORT, DB_USER, DB_PASS, and DB_NAME in backend/.env. Details: Access denied for user 'achme_user'@'localhost' (using password: YES)
2026-07-29T13:32:15: MySQL connection failed: Access denied for user 'achme_user'@'localhost' (using password: YES)
2026-07-29T13:32:15: Database is not ready. Server not started.
2026-07-29T13:32:15: Check DB_HOST, DB_PORT, DB_USER, DB_PASS, and DB_NAME in backend/.env. Details: Access denied for user 'achme_user'@'localhost' (using password: YES)
2026-07-29T13:32:22: MySQL connection failed: Access denied for user 'achme_user'@'localhost' (using password: YES)
2026-07-29T13:32:22: Database is not ready. Server not started.
2026-07-29T13:32:22: Check DB_HOST, DB_PORT, DB_USER, DB_PASS, and DB_NAME in backend/.env. Details: Access denied for user 'achme_user'@'localhost' (using password: YES)
2026-07-29T13:32:28: AggregateError [ECONNREFUSED]: 
2026-07-29T13:32:28:     at internalConnectMultiple (node:net:1193:18)
2026-07-29T13:32:28:     at afterConnectMultiple (node:net:1783:7) {
2026-07-29T13:32:28:   code: 'ECONNREFUSED',
2026-07-29T13:32:28:   [errors]: [
2026-07-29T13:32:28:     Error: connect ECONNREFUSED ::1:6379
2026-07-29T13:32:28:         at createConnectionError (node:net:1746:14)
2026-07-29T13:32:28:         at afterConnectMultiple (node:net:1776:16) {
2026-07-29T13:32:28:       errno: -4078,
2026-07-29T13:32:28:       code: 'ECONNREFUSED',
2026-07-29T13:32:28:       syscall: 'connect',
2026-07-29T13:32:28:       address: '::1',
2026-07-29T13:32:28:       port: 6379
2026-07-29T13:32:28:     },
2026-07-29T13:32:28:     Error: connect ECONNREFUSED 127.0.0.1:6379
2026-07-29T13:32:28:         at createConnectionError (node:net:1746:14)
2026-07-29T13:32:28:         at afterConnectMultiple (node:net:1776:16) {
2026-07-29T13:32:28:       errno: -4078,
2026-07-29T13:32:28:       code: 'ECONNREFUSED',
2026-07-29T13:32:28:       syscall: 'connect',
2026-07-29T13:32:28:       address: '127.0.0.1',
2026-07-29T13:32:28:       port: 6379
2026-07-29T13:32:28:     }
2026-07-29T13:32:28:   ]
2026-07-29T13:32:28: }
2026-07-29T13:32:28: Error: Connection is closed.
2026-07-29T13:32:28:     at EventEmitter.connectionCloseHandler (E:\MADHURA_CRM\backend\node_modules\ioredis\built\Redis.js:220:28)
2026-07-29T13:32:28:     at Object.onceWrapper (node:events:631:12)
2026-07-29T13:32:28:     at EventEmitter.emit (node:events:521:24)
2026-07-29T13:32:28:     at process.processTicksAndRejections (node:internal/process/task_queues:85:11)
2026-07-29T13:32:28: MySQL connection failed: Access denied for user 'achme_user'@'localhost' (using password: YES)
2026-07-29T13:32:28: Database is not ready. Server not started.
2026-07-29T13:32:28: Check DB_HOST, DB_PORT, DB_USER, DB_PASS, and DB_NAME in backend/.env. Details: Access denied for user 'achme_user'@'localhost' (using password: YES)
2026-07-29T13:32:34: AggregateError [ECONNREFUSED]: 
2026-07-29T13:32:34:     at internalConnectMultiple (node:net:1193:18)
2026-07-29T13:32:34:     at afterConnectMultiple (node:net:1783:7) {
2026-07-29T13:32:34:   code: 'ECONNREFUSED',
2026-07-29T13:32:34:   [errors]: [
2026-07-29T13:32:34:     Error: connect ECONNREFUSED ::1:6379
2026-07-29T13:32:34:         at createConnectionError (node:net:1746:14)
2026-07-29T13:32:34:         at afterConnectMultiple (node:net:1776:16) {
2026-07-29T13:32:34:       errno: -4078,
2026-07-29T13:32:34:       code: 'ECONNREFUSED',
2026-07-29T13:32:34:       syscall: 'connect',
2026-07-29T13:32:34:       address: '::1',
2026-07-29T13:32:34:       port: 6379
2026-07-29T13:32:34:     },
2026-07-29T13:32:34:     Error: connect ECONNREFUSED 127.0.0.1:6379
2026-07-29T13:32:34:         at createConnectionError (node:net:1746:14)
2026-07-29T13:32:34:         at afterConnectMultiple (node:net:1776:16) {
2026-07-29T13:32:34:       errno: -4078,
2026-07-29T13:32:34:       code: 'ECONNREFUSED',
2026-07-29T13:32:34:       syscall: 'connect',
2026-07-29T13:32:34:       address: '127.0.0.1',
2026-07-29T13:32:34:       port: 6379
2026-07-29T13:32:34:     }
2026-07-29T13:32:34:   ]
2026-07-29T13:32:34: }
2026-07-29T13:32:34: Error: Connection is closed.
2026-07-29T13:32:34:     at EventEmitter.connectionCloseHandler (E:\MADHURA_CRM\backend\node_modules\ioredis\built\Redis.js:220:28)
2026-07-29T13:32:34:     at Object.onceWrapper (node:events:631:12)
2026-07-29T13:32:34:     at EventEmitter.emit (node:events:521:24)
2026-07-29T13:32:34:     at process.processTicksAndRejections (node:internal/process/task_queues:85:11)
2026-07-29T13:32:34: MySQL connection failed: Access denied for user 'achme_user'@'localhost' (using password: YES)
2026-07-29T13:32:34: Database is not ready. Server not started.
2026-07-29T13:32:34: Check DB_HOST, DB_PORT, DB_USER, DB_PASS, and DB_NAME in backend/.env. Details: Access denied for user 'achme_user'@'localhost' (using password: YES)
2026-07-29T13:32:41: MySQL connection failed: Access denied for user 'achme_user'@'localhost' (using password: YES)
2026-07-29T13:32:41: Database is not ready. Server not started.
2026-07-29T13:32:41: Check DB_HOST, DB_PORT, DB_USER, DB_PASS, and DB_NAME in backend/.env. Details: Access denied for user 'achme_user'@'localhost' (using password: YES)
2026-07-29T13:32:47: AggregateError [ECONNREFUSED]: 
2026-07-29T13:32:47:     at internalConnectMultiple (node:net:1193:18)
2026-07-29T13:32:47:     at afterConnectMultiple (node:net:1783:7) {
2026-07-29T13:32:47:   code: 'ECONNREFUSED',
2026-07-29T13:32:47:   [errors]: [
2026-07-29T13:32:47:     Error: connect ECONNREFUSED ::1:6379
2026-07-29T13:32:47:         at createConnectionError (node:net:1746:14)
2026-07-29T13:32:47:         at afterConnectMultiple (node:net:1776:16) {
2026-07-29T13:32:47:       errno: -4078,
2026-07-29T13:32:47:       code: 'ECONNREFUSED',
2026-07-29T13:32:47:       syscall: 'connect',
2026-07-29T13:32:47:       address: '::1',
2026-07-29T13:32:47:       port: 6379
2026-07-29T13:32:47:     },
2026-07-29T13:32:47:     Error: connect ECONNREFUSED 127.0.0.1:6379
2026-07-29T13:32:47:         at createConnectionError (node:net:1746:14)
2026-07-29T13:32:47:         at afterConnectMultiple (node:net:1776:16) {
2026-07-29T13:32:47:       errno: -4078,
2026-07-29T13:32:47:       code: 'ECONNREFUSED',
2026-07-29T13:32:47:       syscall: 'connect',
2026-07-29T13:32:47:       address: '127.0.0.1',
2026-07-29T13:32:47:       port: 6379
2026-07-29T13:32:47:     }
2026-07-29T13:32:47:   ]
2026-07-29T13:32:47: }
2026-07-29T13:32:47: Error: Connection is closed.
2026-07-29T13:32:47:     at EventEmitter.connectionCloseHandler (E:\MADHURA_CRM\backend\node_modules\ioredis\built\Redis.js:220:28)
2026-07-29T13:32:47:     at Object.onceWrapper (node:events:631:12)
2026-07-29T13:32:47:     at EventEmitter.emit (node:events:521:24)
2026-07-29T13:32:47:     at process.processTicksAndRejections (node:internal/process/task_queues:85:11)
2026-07-29T13:32:47: MySQL connection failed: Access denied for user 'achme_user'@'localhost' (using password: YES)
2026-07-29T13:32:47: Database is not ready. Server not started.
2026-07-29T13:32:47: Check DB_HOST, DB_PORT, DB_USER, DB_PASS, and DB_NAME in backend/.env. Details: Access denied for user 'achme_user'@'localhost' (using password: YES)
2026-07-29T13:32:53: MySQL connection failed: Access denied for user 'achme_user'@'localhost' (using password: YES)
2026-07-29T13:32:53: Database is not ready. Server not started.
2026-07-29T13:32:53: Check DB_HOST, DB_PORT, DB_USER, DB_PASS, and DB_NAME in backend/.env. Details: Access denied for user 'achme_user'@'localhost' (using password: YES)
2026-07-29T13:33:01: MySQL connection failed: Access denied for user 'achme_user'@'localhost' (using password: YES)
2026-07-29T13:33:01: Database is not ready. Server not started.
2026-07-29T13:33:01: Check DB_HOST, DB_PORT, DB_USER, DB_PASS, and DB_NAME in backend/.env. Details: Access denied for user 'achme_user'@'localhost' (using password: YES)
2026-07-29T13:33:08: MySQL connection failed: Access denied for user 'achme_user'@'localhost' (using password: YES)
2026-07-29T13:33:08: Database is not ready. Server not started.
2026-07-29T13:33:08: Check DB_HOST, DB_PORT, DB_USER, DB_PASS, and DB_NAME in backend/.env. Details: Access denied for user 'achme_user'@'localhost' (using password: YES)
2026-08-04T12:56:55: MySQL connection failed: Access denied for user 'achme_user'@'localhost' (using password: YES)
2026-08-04T12:56:55: Database is not ready. Server not started.
2026-08-04T12:56:55: Check DB_HOST, DB_PORT, DB_USER, DB_PASS, and DB_NAME in backend/.env. Details: Access denied for user 'achme_user'@'localhost' (using password: YES)
2026-08-04T12:57:02: MySQL connection failed: Access denied for user 'achme_user'@'localhost' (using password: YES)
2026-08-04T12:57:02: Database is not ready. Server not started.
2026-08-04T12:57:02: Check DB_HOST, DB_PORT, DB_USER, DB_PASS, and DB_NAME in backend/.env. Details: Access denied for user 'achme_user'@'localhost' (using password: YES)
2026-08-04T12:57:08: MySQL connection failed: Access denied for user 'achme_user'@'localhost' (using password: YES)
2026-08-04T12:57:08: Database is not ready. Server not started.
2026-08-04T12:57:08: Check DB_HOST, DB_PORT, DB_USER, DB_PASS, and DB_NAME in backend/.env. Details: Access denied for user 'achme_user'@'localhost' (using password: YES)
2026-08-04T12:57:14: MySQL connection failed: Access denied for user 'achme_user'@'localhost' (using password: YES)
2026-08-04T12:57:14: Database is not ready. Server not started.
2026-08-04T12:57:14: Check DB_HOST, DB_PORT, DB_USER, DB_PASS, and DB_NAME in backend/.env. Details: Access denied for user 'achme_user'@'localhost' (using password: YES)
2026-08-04T12:57:21: MySQL connection failed: Access denied for user 'achme_user'@'localhost' (using password: YES)
2026-08-04T12:57:21: Database is not ready. Server not started.
2026-08-04T12:57:21: Check DB_HOST, DB_PORT, DB_USER, DB_PASS, and DB_NAME in backend/.env. Details: Access denied for user 'achme_user'@'localhost' (using password: YES)
2026-08-04T12:57:27: MySQL connection failed: Access denied for user 'achme_user'@'localhost' (using password: YES)
2026-08-04T12:57:27: Database is not ready. Server not started.
2026-08-04T12:57:27: Check DB_HOST, DB_PORT, DB_USER, DB_PASS, and DB_NAME in backend/.env. Details: Access denied for user 'achme_user'@'localhost' (using password: YES)
2026-08-04T12:57:33: MySQL connection failed: Access denied for user 'achme_user'@'localhost' (using password: YES)
2026-08-04T12:57:33: Database is not ready. Server not started.
2026-08-04T12:57:33: Check DB_HOST, DB_PORT, DB_USER, DB_PASS, and DB_NAME in backend/.env. Details: Access denied for user 'achme_user'@'localhost' (using password: YES)
2026-08-04T12:57:40: MySQL connection failed: Access denied for user 'achme_user'@'localhost' (using password: YES)
2026-08-04T12:57:40: Database is not ready. Server not started.
2026-08-04T12:57:40: Check DB_HOST, DB_PORT, DB_USER, DB_PASS, and DB_NAME in backend/.env. Details: Access denied for user 'achme_user'@'localhost' (using password: YES)
2026-08-04T12:57:46: MySQL connection failed: Access denied for user 'achme_user'@'localhost' (using password: YES)
2026-08-04T12:57:46: Database is not ready. Server not started.
2026-08-04T12:57:46: Check DB_HOST, DB_PORT, DB_USER, DB_PASS, and DB_NAME in backend/.env. Details: Access denied for user 'achme_user'@'localhost' (using password: YES)
2026-08-04T12:57:52: MySQL connection failed: Access denied for user 'achme_user'@'localhost' (using password: YES)
2026-08-04T12:57:52: Database is not ready. Server not started.
2026-08-04T12:57:52: Check DB_HOST, DB_PORT, DB_USER, DB_PASS, and DB_NAME in backend/.env. Details: Access denied for user 'achme_user'@'localhost' (using password: YES)
2026-08-04T12:57:58: MySQL connection failed: Access denied for user 'achme_user'@'localhost' (using password: YES)
2026-08-04T12:57:58: Database is not ready. Server not started.
2026-08-04T12:57:58: Check DB_HOST, DB_PORT, DB_USER, DB_PASS, and DB_NAME in backend/.env. Details: Access denied for user 'achme_user'@'localhost' (using password: YES)
2026-08-04T12:58:04: MySQL connection failed: Access denied for user 'achme_user'@'localhost' (using password: YES)
2026-08-04T12:58:04: Database is not ready. Server not started.
2026-08-04T12:58:04: Check DB_HOST, DB_PORT, DB_USER, DB_PASS, and DB_NAME in backend/.env. Details: Access denied for user 'achme_user'@'localhost' (using password: YES)
2026-08-04T12:58:10: MySQL connection failed: Access denied for user 'achme_user'@'localhost' (using password: YES)
2026-08-04T12:58:10: Database is not ready. Server not started.
2026-08-04T12:58:10: Check DB_HOST, DB_PORT, DB_USER, DB_PASS, and DB_NAME in backend/.env. Details: Access denied for user 'achme_user'@'localhost' (using password: YES)
2026-08-04T12:58:17: MySQL connection failed: Access denied for user 'achme_user'@'localhost' (using password: YES)
2026-08-04T12:58:17: Database is not ready. Server not started.
2026-08-04T12:58:17: Check DB_HOST, DB_PORT, DB_USER, DB_PASS, and DB_NAME in backend/.env. Details: Access denied for user 'achme_user'@'localhost' (using password: YES)
2026-08-04T12:58:23: MySQL connection failed: Access denied for user 'achme_user'@'localhost' (using password: YES)
2026-08-04T12:58:23: Database is not ready. Server not started.
2026-08-04T12:58:23: Check DB_HOST, DB_PORT, DB_USER, DB_PASS, and DB_NAME in backend/.env. Details: Access denied for user 'achme_user'@'localhost' (using password: YES)
2026-08-04T12:58:29: MySQL connection failed: Access denied for user 'achme_user'@'localhost' (using password: YES)
2026-08-04T12:58:29: Database is not ready. Server not started.
2026-08-04T12:58:29: Check DB_HOST, DB_PORT, DB_USER, DB_PASS, and DB_NAME in backend/.env. Details: Access denied for user 'achme_user'@'localhost' (using password: YES)
2026-08-04T12:58:35: MySQL connection failed: Access denied for user 'achme_user'@'localhost' (using password: YES)
2026-08-04T12:58:35: Database is not ready. Server not started.
2026-08-04T12:58:35: Check DB_HOST, DB_PORT, DB_USER, DB_PASS, and DB_NAME in backend/.env. Details: Access denied for user 'achme_user'@'localhost' (using password: YES)
2026-08-04T12:58:41: MySQL connection failed: Access denied for user 'achme_user'@'localhost' (using password: YES)
2026-08-04T12:58:41: Database is not ready. Server not started.
2026-08-04T12:58:41: Check DB_HOST, DB_PORT, DB_USER, DB_PASS, and DB_NAME in backend/.env. Details: Access denied for user 'achme_user'@'localhost' (using password: YES)
2026-08-04T12:58:47: MySQL connection failed: Access denied for user 'achme_user'@'localhost' (using password: YES)
2026-08-04T12:58:47: Database is not ready. Server not started.
2026-08-04T12:58:47: Check DB_HOST, DB_PORT, DB_USER, DB_PASS, and DB_NAME in backend/.env. Details: Access denied for user 'achme_user'@'localhost' (using password: YES)
2026-08-04T12:58:58: MySQL connection failed: Access denied for user 'achme_user'@'localhost' (using password: YES)
2026-08-04T12:58:58: Database is not ready. Server not started.
2026-08-04T12:58:58: Check DB_HOST, DB_PORT, DB_USER, DB_PASS, and DB_NAME in backend/.env. Details: Access denied for user 'achme_user'@'localhost' (using password: YES)
2026-08-04T12:59:04: MySQL connection failed: Access denied for user 'achme_user'@'localhost' (using password: YES)
2026-08-04T12:59:04: Database is not ready. Server not started.
2026-08-04T12:59:04: Check DB_HOST, DB_PORT, DB_USER, DB_PASS, and DB_NAME in backend/.env. Details: Access denied for user 'achme_user'@'localhost' (using password: YES)
2026-08-04T12:59:10: MySQL connection failed: Access denied for user 'achme_user'@'localhost' (using password: YES)
2026-08-04T12:59:10: Database is not ready. Server not started.
2026-08-04T12:59:10: Check DB_HOST, DB_PORT, DB_USER, DB_PASS, and DB_NAME in backend/.env. Details: Access denied for user 'achme_user'@'localhost' (using password: YES)
2026-08-04T12:59:16: MySQL connection failed: Access denied for user 'achme_user'@'localhost' (using password: YES)
2026-08-04T12:59:16: Database is not ready. Server not started.
2026-08-04T12:59:16: Check DB_HOST, DB_PORT, DB_USER, DB_PASS, and DB_NAME in backend/.env. Details: Access denied for user 'achme_user'@'localhost' (using password: YES)
2026-08-04T12:59:23: MySQL connection failed: Access denied for user 'achme_user'@'localhost' (using password: YES)
2026-08-04T12:59:23: Database is not ready. Server not started.
2026-08-04T12:59:23: Check DB_HOST, DB_PORT, DB_USER, DB_PASS, and DB_NAME in backend/.env. Details: Access denied for user 'achme_user'@'localhost' (using password: YES)
2026-08-04T12:59:29: MySQL connection failed: Access denied for user 'achme_user'@'localhost' (using password: YES)
2026-08-04T12:59:29: Database is not ready. Server not started.
2026-08-04T12:59:29: Check DB_HOST, DB_PORT, DB_USER, DB_PASS, and DB_NAME in backend/.env. Details: Access denied for user 'achme_user'@'localhost' (using password: YES)
2026-08-04T12:59:36: MySQL connection failed: Access denied for user 'achme_user'@'localhost' (using password: YES)
2026-08-04T12:59:36: Database is not ready. Server not started.
2026-08-04T12:59:36: Check DB_HOST, DB_PORT, DB_USER, DB_PASS, and DB_NAME in backend/.env. Details: Access denied for user 'achme_user'@'localhost' (using password: YES)
2026-08-04T12:59:43: MySQL connection failed: Access denied for user 'achme_user'@'localhost' (using password: YES)
2026-08-04T12:59:43: Database is not ready. Server not started.
2026-08-04T12:59:43: Check DB_HOST, DB_PORT, DB_USER, DB_PASS, and DB_NAME in backend/.env. Details: Access denied for user 'achme_user'@'localhost' (using password: YES)
2026-08-04T13:00:04: MySQL connection failed: connect ETIMEDOUT
2026-08-04T13:00:04: Database is not ready. Server not started.
2026-08-04T13:00:04: Check DB_HOST, DB_PORT, DB_USER, DB_PASS, and DB_NAME in backend/.env. Details: connect ETIMEDOUT
2026-08-04T13:00:10: MySQL connection failed: Access denied for user 'achme_user'@'localhost' (using password: YES)
2026-08-04T13:00:10: Database is not ready. Server not started.
2026-08-04T13:00:10: Check DB_HOST, DB_PORT, DB_USER, DB_PASS, and DB_NAME in backend/.env. Details: Access denied for user 'achme_user'@'localhost' (using password: YES)
2026-08-04T13:00:20: MySQL connection failed: Access denied for user 'achme_user'@'localhost' (using password: YES)
2026-08-04T13:00:20: Database is not ready. Server not started.
2026-08-04T13:00:20: Check DB_HOST, DB_PORT, DB_USER, DB_PASS, and DB_NAME in backend/.env. Details: Access denied for user 'achme_user'@'localhost' (using password: YES)
2026-08-04T13:00:28: MySQL connection failed: Access denied for user 'achme_user'@'localhost' (using password: YES)
2026-08-04T13:00:28: Database is not ready. Server not started.
2026-08-04T13:00:28: Check DB_HOST, DB_PORT, DB_USER, DB_PASS, and DB_NAME in backend/.env. Details: Access denied for user 'achme_user'@'localhost' (using password: YES)
2026-08-04T13:00:35: MySQL connection failed: Access denied for user 'achme_user'@'localhost' (using password: YES)
2026-08-04T13:00:35: Database is not ready. Server not started.
2026-08-04T13:00:35: Check DB_HOST, DB_PORT, DB_USER, DB_PASS, and DB_NAME in backend/.env. Details: Access denied for user 'achme_user'@'localhost' (using password: YES)
2026-08-04T13:00:42: MySQL connection failed: Access denied for user 'achme_user'@'localhost' (using password: YES)
2026-08-04T13:00:42: Database is not ready. Server not started.
2026-08-04T13:00:42: Check DB_HOST, DB_PORT, DB_USER, DB_PASS, and DB_NAME in backend/.env. Details: Access denied for user 'achme_user'@'localhost' (using password: YES)
